# https://github.com/mikedh/trimesh
v 0.04121170 -0.00126831 0.00550000
v 0.04121170 -0.00126831 0.01450000
v 0.04115200 -0.00202643 0.01450000
v 0.04115200 -0.00202643 0.00550000
v 0.04093020 -0.00112593 0.00533351
v 0.04085170 -0.00212303 0.00533351
v 0.04025030 -0.00231653 0.00500000
v 0.04036640 -0.00084072 0.00500000
v 0.04085170 -0.00212303 0.01466650
v 0.04093020 -0.00112593 0.01466650
v 0.04036640 -0.00084072 0.01500000
v 0.04025030 -0.00231653 0.01500000
v 0.03951790 -0.00246038 0.01500000
v 0.03951790 -0.00246038 0.00500000
v 0.04010120 -0.00235314 0.00500000
v 0.03912980 -0.00249284 0.01500000
v 0.04010120 -0.00235314 0.01500000
v 0.03912980 -0.00249284 0.00500000
v 0.04022490 -0.00078124 0.01500000
v 0.04022490 -0.00078124 0.00500000
v 0.03966560 -0.00058407 0.00500000
v 0.03966560 -0.00058407 0.01500000
v 0.03928730 -0.00049131 0.00500000
v 0.03928730 -0.00049131 0.01500000
v 0.02234940 -0.00453788 0.00500000
v 0.02888760 -0.01664190 0.00500000
v 0.02863660 -0.01676990 0.00500000
v 0.02895800 -0.01661450 0.00500000
v 0.02892210 -0.01662630 0.00500000
v 0.02079060 -0.00497069 0.00500000
v 0.02335980 -0.01849240 0.00500000
v 0.02332220 -0.01849660 0.00500000
v 0.01917510 -0.00488310 0.00500000
v 0.01627270 -0.01973720 0.00500000
v 0.01483050 -0.01814440 0.00500000
v 0.02860370 -0.01678860 0.00500000
v 0.02282780 -0.00428429 0.00500000
v 0.02899500 -0.01660660 0.00500000
v 0.02304390 -0.01854070 0.00500000
v 0.02300690 -0.01854830 0.00500000
v 0.02343530 -0.01849610 0.00500000
v 0.02339760 -0.01849220 0.00500000
v 0.01970940 -0.00497069 0.00500000
v 0.01749310 -0.01854830 0.00500000
v 0.01745610 -0.01854070 0.00500000
v 0.01482120 -0.01810770 0.00500000
v 0.01767220 0.00428429 0.00500000
v 0.00908377 0.01506500 0.00500000
v 0.00911537 0.01508580 0.00500000
v 0.02438840 0.00280594 0.00500000
v 0.03531500 0.01116620 0.00500000
v 0.03533580 0.01113460 0.00500000
v 0.02849730 -0.01689480 0.00500000
v 0.02847850 -0.01692760 0.00500000
v 0.02857300 -0.01681070 0.00500000
v 0.02854480 -0.01683590 0.00500000
v 0.02297080 -0.01855980 0.00500000
v 0.02350830 -0.01851580 0.00500000
v 0.02347230 -0.01850400 0.00500000
v 0.01714020 -0.01849240 0.00500000
v 0.01710240 -0.01849220 0.00500000
v 0.01717780 -0.01849660 0.00500000
v 0.01768020 -0.01867020 0.00500000
v 0.01765510 -0.01864190 0.00500000
v 0.01483590 -0.01818180 0.00500000
v 0.00934330 0.01525140 0.00500000
v 0.00937286 0.01527510 0.00500000
v 0.00901482 0.01503410 0.00500000
v 0.00905012 0.01504770 0.00500000
v 0.01970940 0.00497069 0.00500000
v 0.01714020 0.01849240 0.00500000
v 0.01717780 0.01849660 0.00500000
v 0.03550140 0.01090670 0.00500000
v 0.03552510 0.01087710 0.00500000
v 0.02406080 0.00323693 0.00500000
v 0.03529770 0.01119990 0.00500000
v 0.02846340 -0.01696230 0.00500000
v 0.02845200 -0.01699840 0.00500000
v 0.02851950 -0.01686410 0.00500000
v 0.02279780 -0.01870100 0.00500000
v 0.02277930 -0.01873400 0.00500000
v 0.02287290 -0.01861640 0.00500000
v 0.02284490 -0.01864190 0.00500000
v 0.02354280 -0.01853130 0.00500000
v 0.02363370 -0.01859870 0.00500000
v 0.02360580 -0.01857300 0.00500000
v 0.01684140 -0.01862710 0.00500000
v 0.01681970 -0.01865810 0.00500000
v 0.01695720 -0.01853130 0.00500000
v 0.01692460 -0.01855050 0.00500000
v 0.01706470 -0.01849610 0.00500000
v 0.01759650 -0.01859410 0.00500000
v 0.01756380 -0.01857520 0.00500000
v 0.01770220 -0.01870100 0.00500000
v 0.01762710 -0.01861640 0.00500000
v 0.01480810 -0.01807220 0.00500000
v 0.01767220 -0.00428429 0.00500000
v 0.01125210 -0.01666210 0.00500000
v 0.01122190 -0.01668490 0.00500000
v 0.01722410 -0.00398047 0.00500000
v 0.00934330 -0.01525140 0.00500000
v 0.00911537 -0.01508580 0.00500000
v 0.00939973 -0.01530170 0.00500000
v 0.00937286 -0.01527510 0.00500000
v 0.01643920 -0.00323693 0.00500000
v 0.00518497 -0.01116620 0.00500000
v 0.00516416 -0.01113460 0.00500000
v 0.01643920 0.00323693 0.00500000
v 0.00499856 0.01090670 0.00500000
v 0.00516416 0.01113460 0.00500000
v 0.01611160 0.00280594 0.00500000
v 0.00497493 0.01087710 0.00500000
v 0.00478140 0.01076580 0.00500000
v 0.00481802 0.01077530 0.00500000
v 0.00459474 0.01077810 0.00500000
v 0.00463111 0.01076770 0.00500000
v 0.01815060 0.00453788 0.00500000
v 0.01203660 0.01696230 0.00500000
v 0.01204800 0.01699840 0.00500000
v 0.01161240 0.01664190 0.00500000
v 0.01186340 0.01676990 0.00500000
v 0.01154200 0.01661450 0.00500000
v 0.01157790 0.01662630 0.00500000
v 0.01745610 0.01854070 0.00500000
v 0.01749310 0.01854830 0.00500000
v 0.01706470 0.01849610 0.00500000
v 0.01710240 0.01849220 0.00500000
v 0.02282780 0.00428429 0.00500000
v 0.02914510 0.01661500 0.00500000
v 0.02918100 0.01662700 0.00500000
v 0.02234940 0.00453788 0.00500000
v 0.02860370 0.01678860 0.00500000
v 0.02863660 0.01676990 0.00500000
v 0.03561280 0.01080580 0.00500000
v 0.03564660 0.01078870 0.00500000
v 0.03103870 -0.01539660 0.00500000
v 0.03102530 -0.01543200 0.00500000
v 0.03138460 -0.01508580 0.00500000
v 0.03115670 -0.01525140 0.00500000
v 0.02327590 -0.00398047 0.00500000
v 0.03141620 -0.01506500 0.00500000
v 0.03155910 -0.01501850 0.00500000
v 0.03152170 -0.01502430 0.00500000
v 0.02844460 -0.01703550 0.00500000
v 0.02914510 -0.01661500 0.00500000
v 0.02910810 -0.01660680 0.00500000
v 0.02924790 -0.01666210 0.00500000
v 0.02921530 -0.01664280 0.00500000
v 0.02930580 -0.01671070 0.00500000
v 0.02927810 -0.01668490 0.00500000
v 0.02132490 -0.00488310 0.00500000
v 0.02621440 -0.01777820 0.00500000
v 0.02617790 -0.01778830 0.00500000
v 0.02276430 -0.01876880 0.00500000
v 0.02275320 -0.01880490 0.00500000
v 0.02281980 -0.01867020 0.00500000
v 0.02293620 -0.01857520 0.00500000
v 0.02357540 -0.01855050 0.00500000
v 0.02068250 -0.01889900 0.00500000
v 0.02065900 -0.01886930 0.00500000
v 0.02256650 -0.02000030 0.00500000
v 0.02070270 -0.01893100 0.00500000
v 0.01686630 -0.01859870 0.00500000
v 0.01680130 -0.01869120 0.00500000
v 0.01689420 -0.01857300 0.00500000
v 0.01702770 -0.01850400 0.00500000
v 0.01699170 -0.01851580 0.00500000
v 0.01752920 -0.01855980 0.00500000
v 0.01773570 -0.01876880 0.00500000
v 0.01772070 -0.01873400 0.00500000
v 0.01775400 -0.01884210 0.00500000
v 0.01774680 -0.01880490 0.00500000
v 0.01462550 -0.01788870 0.00500000
v 0.01459010 -0.01787530 0.00500000
v 0.01479120 -0.01803830 0.00500000
v 0.01477080 -0.01800640 0.00500000
v 0.01483720 -0.01821970 0.00500000
v 0.01128470 -0.01664280 0.00500000
v 0.01119420 -0.01671070 0.00500000
v 0.01142950 -0.01660270 0.00500000
v 0.01139190 -0.01660680 0.00500000
v 0.01815060 -0.00453788 0.00500000
v 0.01189630 -0.01678860 0.00500000
v 0.01186340 -0.01676990 0.00500000
v 0.01202150 -0.01692760 0.00500000
v 0.01200270 -0.01689480 0.00500000
v 0.01205820 -0.01711100 0.00500000
v 0.01205890 -0.01707320 0.00500000
v 0.00908377 -0.01506500 0.00500000
v 0.00944421 -0.01536280 0.00500000
v 0.00942361 -0.01533110 0.00500000
v 0.01611160 -0.00280594 0.00500000
v 0.00499856 -0.01090670 0.00500000
v 0.01525730 0.00027069 0.00500000
v 0.00149879 -0.00017867 0.00500000
v 0.00150053 -0.00014087 0.00500000
v 0.00523153 0.01130910 0.00500000
v 0.00523333 0.01134690 0.00500000
v 0.00521592 0.01123520 0.00500000
v 0.00522571 0.01127170 0.00500000
v 0.00518497 0.01116620 0.00500000
v 0.00474397 0.01076020 0.00500000
v 0.00485341 0.01078870 0.00500000
v 0.00466839 0.01076110 0.00500000
v 0.00470615 0.01075860 0.00500000
v 0.00890307 0.01501670 0.00500000
v 0.00894087 0.01501850 0.00500000
v 0.01205540 0.01703550 0.00500000
v 0.01205890 0.01707320 0.00500000
v 0.01202150 0.01692760 0.00500000
v 0.01189630 0.01678860 0.00500000
v 0.01119420 0.01671070 0.00500000
v 0.01122190 0.01668490 0.00500000
v 0.01399850 0.01784040 0.00500000
v 0.01403000 0.01781940 0.00500000
v 0.01187770 0.01815240 0.00500000
v 0.01396950 0.01786460 0.00500000
v 0.01917510 0.00488310 0.00500000
v 0.01480810 0.01807220 0.00500000
v 0.01482120 0.01810770 0.00500000
v 0.01474710 0.01797690 0.00500000
v 0.01477080 0.01800640 0.00500000
v 0.01752920 0.01855980 0.00500000
v 0.01699170 0.01851580 0.00500000
v 0.01702770 0.01850400 0.00500000
v 0.02921530 0.01664280 0.00500000
v 0.02924790 0.01666210 0.00500000
v 0.02888760 0.01664190 0.00500000
v 0.02845200 0.01699840 0.00500000
v 0.02846340 0.01696230 0.00500000
v 0.03112710 0.01527510 0.00500000
v 0.03115670 0.01525140 0.00500000
v 0.03332840 0.01374220 0.00500000
v 0.03331610 0.01370640 0.00500000
v 0.03571860 0.01076580 0.00500000
v 0.03575600 0.01076020 0.00500000
v 0.03568200 0.01077530 0.00500000
v 0.03555170 0.01085030 0.00500000
v 0.03558110 0.01082640 0.00500000
v 0.02406080 -0.00323693 0.00500000
v 0.03550140 -0.01090670 0.00500000
v 0.03533580 -0.01113460 0.00500000
v 0.02438840 -0.00280594 0.00500000
v 0.03552510 -0.01087710 0.00500000
v 0.03391950 -0.01305780 0.00500000
v 0.03388190 -0.01305340 0.00500000
v 0.03101580 -0.01546860 0.00500000
v 0.03101020 -0.01550600 0.00500000
v 0.03110030 -0.01530170 0.00500000
v 0.03107640 -0.01533110 0.00500000
v 0.03112710 -0.01527510 0.00500000
v 0.03148520 -0.01503410 0.00500000
v 0.03144990 -0.01504770 0.00500000
v 0.03167200 -0.01502520 0.00500000
v 0.03163470 -0.01501890 0.00500000
v 0.02918100 -0.01662700 0.00500000
v 0.02907050 -0.01660270 0.00500000
v 0.02640120 -0.01778810 0.00500000
v 0.02636470 -0.01777810 0.00500000
v 0.02647000 -0.01781940 0.00500000
v 0.02643640 -0.01780190 0.00500000
v 0.02575290 -0.01797690 0.00500000
v 0.02572920 -0.01800640 0.00500000
v 0.02587450 -0.01788870 0.00500000
v 0.02584070 -0.01790570 0.00500000
v 0.02590990 -0.01787530 0.00500000
v 0.02184650 -0.00473827 0.00500000
v 0.02625170 -0.01777220 0.00500000
v 0.02290350 -0.01859410 0.00500000
v 0.02369870 -0.01869120 0.00500000
v 0.02368030 -0.01865810 0.00500000
v 0.02053800 -0.01878030 0.00500000
v 0.02050260 -0.01876670 0.00500000
v 0.02060330 -0.01881830 0.00500000
v 0.02057160 -0.01879750 0.00500000
v 0.01793350 -0.02000030 0.00500000
v 0.01979730 -0.01893100 0.00500000
v 0.01978070 -0.01896500 0.00500000
v 0.01984100 -0.01886930 0.00500000
v 0.01981750 -0.01889900 0.00500000
v 0.01996200 -0.01878030 0.00500000
v 0.01992840 -0.01879750 0.00500000
v 0.02007130 -0.01875120 0.00500000
v 0.02003390 -0.01875700 0.00500000
v 0.01789690 -0.01985120 0.00500000
v 0.01778960 -0.01926790 0.00500000
v 0.01865350 -0.00473827 0.00500000
v 0.01432210 -0.01778830 0.00500000
v 0.01474710 -0.01797690 0.00500000
v 0.01472050 -0.01795010 0.00500000
v 0.01131900 -0.01662700 0.00500000
v 0.01135490 -0.01661500 0.00500000
v 0.01161240 -0.01664190 0.00500000
v 0.01198050 -0.01686410 0.00500000
v 0.01195520 -0.01683590 0.00500000
v 0.01205540 -0.01703550 0.00500000
v 0.01204800 -0.01699840 0.00500000
v 0.00901482 -0.01503410 0.00500000
v 0.00897826 -0.01502430 0.00500000
v 0.00905012 -0.01504770 0.00500000
v 0.00669364 -0.01305670 0.00500000
v 0.00665598 -0.01305300 0.00500000
v 0.00711723 -0.01338540 0.00500000
v 0.00709173 -0.01335750 0.00500000
v 0.00719222 -0.01366950 0.00500000
v 0.00719661 -0.01363190 0.00500000
v 0.00520057 -0.01149360 0.00500000
v 0.00521461 -0.01145850 0.00500000
v 0.00149879 0.00017867 0.00500000
v 0.00149303 0.00021607 0.00500000
v 0.00150053 0.00014087 0.00500000
v 0.01525730 -0.00027069 0.00500000
v 0.00149303 -0.00021607 0.00500000
v 0.00145246 -0.00032165 0.00500000
v 0.00146973 -0.00028797 0.00500000
v 0.00124942 -0.00048226 0.00500000
v 0.00128499 -0.00046934 0.00500000
v 0.01543230 0.00133764 0.00500000
v 0.00236133 0.00562452 0.00500000
v 0.00237466 0.00565993 0.00500000
v 0.01583240 0.00234204 0.00500000
v 0.00346144 0.00835368 0.00500000
v 0.00348015 0.00838657 0.00500000
v 0.00523109 0.01138470 0.00500000
v 0.00522483 0.01142200 0.00500000
v 0.00488718 0.01080580 0.00500000
v 0.00491892 0.01082640 0.00500000
v 0.00939973 0.01530170 0.00500000
v 0.00897826 0.01502430 0.00500000
v 0.01198050 0.01686410 0.00500000
v 0.01200270 0.01689480 0.00500000
v 0.01192700 0.01681070 0.00500000
v 0.01195520 0.01683590 0.00500000
v 0.01150500 0.01660660 0.00500000
v 0.01125210 0.01666210 0.00500000
v 0.01128470 0.01664280 0.00500000
v 0.01627270 0.01973720 0.00500000
v 0.01483050 0.01814440 0.00500000
v 0.01479120 0.01803830 0.00500000
v 0.01469110 0.01792630 0.00500000
v 0.01472050 0.01795010 0.00500000
v 0.01428560 0.01777820 0.00500000
v 0.01432210 0.01778830 0.00500000
v 0.01770220 0.01870100 0.00500000
v 0.01772070 0.01873400 0.00500000
v 0.01762710 0.01861640 0.00500000
v 0.01765510 0.01864190 0.00500000
v 0.01695720 0.01853130 0.00500000
v 0.01686630 0.01859870 0.00500000
v 0.01689420 0.01857300 0.00500000
v 0.01984100 0.01886930 0.00500000
v 0.01986750 0.01884230 0.00500000
v 0.01793350 0.02000030 0.00500000
v 0.01979730 0.01893100 0.00500000
v 0.02079060 0.00497069 0.00500000
v 0.02300690 0.01854830 0.00500000
v 0.02304390 0.01854070 0.00500000
v 0.02903260 0.01660260 0.00500000
v 0.02907050 0.01660270 0.00500000
v 0.02849730 0.01689480 0.00500000
v 0.02851950 0.01686410 0.00500000
v 0.02847850 0.01692760 0.00500000
v 0.02844110 0.01707320 0.00500000
v 0.02844460 0.01703550 0.00500000
v 0.02844640 0.01714860 0.00500000
v 0.02844180 0.01711100 0.00500000
v 0.02327590 0.00398047 0.00500000
v 0.03138460 0.01508580 0.00500000
v 0.03103870 0.01539660 0.00500000
v 0.03105580 0.01536280 0.00500000
v 0.03013170 0.01754220 0.00500000
v 0.03101110 0.01558160 0.00500000
v 0.03363540 0.01313280 0.00500000
v 0.03366600 0.01311040 0.00500000
v 0.03330780 0.01366950 0.00500000
v 0.03330340 0.01363190 0.00500000
v 0.03579380 0.01075860 0.00500000
v 0.03583160 0.01076110 0.00500000
v 0.02506770 0.00133764 0.00500000
v 0.03835770 0.00542876 0.00500000
v 0.03839440 0.00541947 0.00500000
v 0.02466760 -0.00234204 0.00500000
v 0.03703860 -0.00835368 0.00500000
v 0.03701990 -0.00838657 0.00500000
v 0.03531500 -0.01116620 0.00500000
v 0.02368850 -0.00362998 0.00500000
v 0.03330670 -0.01355640 0.00500000
v 0.03330300 -0.01359400 0.00500000
v 0.03363540 -0.01313280 0.00500000
v 0.03360750 -0.01315830 0.00500000
v 0.03380640 -0.01305670 0.00500000
v 0.03376930 -0.01306440 0.00500000
v 0.03384400 -0.01305300 0.00500000
v 0.03603040 -0.01250430 0.00500000
v 0.03395640 -0.01306610 0.00500000
v 0.03100860 -0.01554380 0.00500000
v 0.03101110 -0.01558160 0.00500000
v 0.03105580 -0.01536280 0.00500000
v 0.03159690 -0.01501670 0.00500000
v 0.02844110 -0.01707320 0.00500000
v 0.02844180 -0.01711100 0.00500000
v 0.02903260 -0.01660260 0.00500000
v 0.03001450 -0.01744310 0.00500000
v 0.02958490 -0.01703430 0.00500000
v 0.02632730 -0.01777210 0.00500000
v 0.02628950 -0.01777010 0.00500000
v 0.02650150 -0.01784040 0.00500000
v 0.02862230 -0.01815240 0.00500000
v 0.02653050 -0.01786460 0.00500000
v 0.02569190 -0.01807220 0.00500000
v 0.02567880 -0.01810770 0.00500000
v 0.02577950 -0.01795010 0.00500000
v 0.02570880 -0.01803830 0.00500000
v 0.02580890 -0.01792630 0.00500000
v 0.02365860 -0.01862710 0.00500000
v 0.02414640 -0.01960680 0.00500000
v 0.02386420 -0.01908520 0.00500000
v 0.02046610 -0.01875700 0.00500000
v 0.02042870 -0.01875120 0.00500000
v 0.02063250 -0.01884230 0.00500000
v 0.02071930 -0.01896500 0.00500000
v 0.01986750 -0.01884230 0.00500000
v 0.01989670 -0.01881830 0.00500000
v 0.01999740 -0.01876670 0.00500000
v 0.01678660 -0.01872610 0.00500000
v 0.01635360 -0.01960680 0.00500000
v 0.01469110 -0.01792630 0.00500000
v 0.01465930 -0.01790570 0.00500000
v 0.01482040 -0.01923870 0.00500000
v 0.01480570 -0.01864580 0.00500000
v 0.01187770 -0.01815240 0.00500000
v 0.01399850 -0.01784040 0.00500000
v 0.01396950 -0.01786460 0.00500000
v 0.01406360 -0.01780190 0.00500000
v 0.01403000 -0.01781940 0.00500000
v 0.01150500 -0.01660660 0.00500000
v 0.01146740 -0.01660260 0.00500000
v 0.01157790 -0.01662630 0.00500000
v 0.01154200 -0.01661450 0.00500000
v 0.01192700 -0.01681070 0.00500000
v 0.01203660 -0.01696230 0.00500000
v 0.01205360 -0.01714860 0.00500000
v 0.00894087 -0.01501850 0.00500000
v 0.00890307 -0.01501670 0.00500000
v 0.00661814 -0.01305340 0.00500000
v 0.00658055 -0.01305780 0.00500000
v 0.00673070 -0.01306440 0.00500000
v 0.00680129 -0.01309140 0.00500000
v 0.00676672 -0.01307600 0.00500000
v 0.00686455 -0.01313280 0.00500000
v 0.00683403 -0.01311040 0.00500000
v 0.00689251 -0.01315830 0.00500000
v 0.00718557 -0.01351930 0.00500000
v 0.00717397 -0.01348330 0.00500000
v 0.00718385 -0.01370640 0.00500000
v 0.00719696 -0.01359400 0.00500000
v 0.00715557 -0.01377640 0.00500000
v 0.00717159 -0.01374220 0.00500000
v 0.00488718 -0.01080580 0.00500000
v 0.00485341 -0.01078870 0.00500000
v 0.00497493 -0.01087710 0.00500000
v 0.00518285 -0.01152710 0.00500000
v 0.00522483 -0.01142200 0.00500000
v 0.00135099 0.00043252 0.00500000
v 0.00131898 0.00045270 0.00500000
v 0.00140768 0.00038253 0.00500000
v 0.00138068 0.00040904 0.00500000
v 0.00148330 0.00025265 0.00500000
v 0.00146973 0.00028797 0.00500000
v 0.00143170 -0.00035329 0.00500000
v 0.00148330 -0.00025265 0.00500000
v 0.00131898 -0.00045270 0.00500000
v 0.00135099 -0.00043252 0.00500000
v 0.01560510 0.00185069 0.00500000
v 0.00246172 0.00592788 0.00500000
v 0.00221168 0.00545879 0.00500000
v 0.00224356 0.00547918 0.00500000
v 0.00210564 0.00541947 0.00500000
v 0.00214232 0.00542876 0.00500000
v 0.00360805 0.00863759 0.00500000
v 0.00137795 0.00701588 0.00500000
v 0.00317682 0.00819115 0.00500000
v 0.00520229 0.01119990 0.00500000
v 0.00494829 0.01085030 0.00500000
v 0.01681150 0.00362998 0.00500000
v 0.00718385 0.01370640 0.00500000
v 0.00717159 0.01374220 0.00500000
v 0.00719696 0.01359400 0.00500000
v 0.00719661 0.01363190 0.00500000
v 0.00686455 0.01313280 0.00500000
v 0.00689251 0.01315830 0.00500000
v 0.01036830 0.01754220 0.00500000
v 0.00949136 0.01554380 0.00500000
v 0.00948886 0.01558160 0.00500000
v 0.00948424 0.01546860 0.00500000
v 0.00948981 0.01550600 0.00500000
v 0.00946130 0.01539660 0.00500000
v 0.00947470 0.01543200 0.00500000
v 0.00942361 0.01533110 0.00500000
v 0.00944421 0.01536280 0.00500000
v 0.01722410 0.00398047 0.00500000
v 0.00882797 0.01502520 0.00500000
v 0.00886529 0.01501890 0.00500000
v 0.01205820 0.01711100 0.00500000
v 0.01142950 0.01660270 0.00500000
v 0.01146740 0.01660260 0.00500000
v 0.01131900 0.01662700 0.00500000
v 0.01394310 0.01789180 0.00500000
v 0.01459010 0.01787530 0.00500000
v 0.01462550 0.01788870 0.00500000
v 0.01865350 0.00473827 0.00500000
v 0.01424830 0.01777220 0.00500000
v 0.01773570 0.01876880 0.00500000
v 0.01774680 0.01880490 0.00500000
v 0.01768020 0.01867020 0.00500000
v 0.01756380 0.01857520 0.00500000
v 0.01692460 0.01855050 0.00500000
v 0.01989670 0.01881830 0.00500000
v 0.01992840 0.01879750 0.00500000
v 0.01981750 0.01889900 0.00500000
v 0.02132490 0.00488310 0.00500000
v 0.02335980 0.01849240 0.00500000
v 0.02339760 0.01849220 0.00500000
v 0.02332220 0.01849660 0.00500000
v 0.02281980 0.01867020 0.00500000
v 0.02284490 0.01864190 0.00500000
v 0.02570880 0.01803830 0.00500000
v 0.02572920 0.01800640 0.00500000
v 0.02862230 0.01815240 0.00500000
v 0.02647000 0.01781940 0.00500000
v 0.02650150 0.01784040 0.00500000
v 0.02640120 0.01778810 0.00500000
v 0.02643640 0.01780190 0.00500000
v 0.02632730 0.01777210 0.00500000
v 0.02636470 0.01777810 0.00500000
v 0.02927810 0.01668490 0.00500000
v 0.02910810 0.01660680 0.00500000
v 0.02895800 0.01661450 0.00500000
v 0.02899500 0.01660660 0.00500000
v 0.02892210 0.01662630 0.00500000
v 0.02854480 0.01683590 0.00500000
v 0.03141620 0.01506500 0.00500000
v 0.03144990 0.01504770 0.00500000
v 0.03107640 0.01533110 0.00500000
v 0.03110030 0.01530170 0.00500000
v 0.03101020 0.01550600 0.00500000
v 0.03101580 0.01546860 0.00500000
v 0.03101770 0.01561890 0.00500000
v 0.03603040 0.01250430 0.00500000
v 0.03395640 0.01306610 0.00500000
v 0.03399220 0.01307840 0.00500000
v 0.03388190 0.01305340 0.00500000
v 0.03391950 0.01305780 0.00500000
v 0.03380640 0.01305670 0.00500000
v 0.03384400 0.01305300 0.00500000
v 0.03373330 0.01307600 0.00500000
v 0.03376930 0.01306440 0.00500000
v 0.03369870 0.01309140 0.00500000
v 0.03338280 0.01338540 0.00500000
v 0.03340830 0.01335750 0.00500000
v 0.03332600 0.01348330 0.00500000
v 0.03334140 0.01344870 0.00500000
v 0.03334440 0.01377640 0.00500000
v 0.03586890 0.01076770 0.00500000
v 0.03590530 0.01077810 0.00500000
v 0.03527520 0.01142200 0.00500000
v 0.03526890 0.01138470 0.00500000
v 0.03832220 0.00544192 0.00500000
v 0.03843180 0.00541414 0.00500000
v 0.03802820 0.00596437 0.00500000
v 0.03803830 0.00592788 0.00500000
v 0.03689190 -0.00863759 0.00500000
v 0.03687630 -0.00867207 0.00500000
v 0.02489490 -0.00185069 0.00500000
v 0.03706070 -0.00832297 0.00500000
v 0.03724840 -0.00820203 0.00500000
v 0.03721230 -0.00821340 0.00500000
v 0.03912210 -0.00701588 0.00500000
v 0.03732320 -0.00819115 0.00500000
v 0.03330780 -0.01366950 0.00500000
v 0.03331610 -0.01370640 0.00500000
v 0.03330340 -0.01363190 0.00500000
v 0.03340830 -0.01335750 0.00500000
v 0.03338280 -0.01338540 0.00500000
v 0.03366600 -0.01311040 0.00500000
v 0.03373330 -0.01307600 0.00500000
v 0.03369870 -0.01309140 0.00500000
v 0.03399220 -0.01307840 0.00500000
v 0.03013170 -0.01754220 0.00500000
v 0.03104240 -0.01569030 0.00500000
v 0.03118970 -0.01605090 0.00500000
v 0.03101770 -0.01561890 0.00500000
v 0.02655690 -0.01789180 0.00500000
v 0.02716560 -0.01875580 0.00500000
v 0.02680520 -0.01828480 0.00500000
v 0.02863360 -0.01830550 0.00500000
v 0.02422730 -0.01973720 0.00500000
v 0.02566560 -0.01825740 0.00500000
v 0.02569430 -0.01864580 0.00500000
v 0.02566950 -0.01814440 0.00500000
v 0.02566410 -0.01818180 0.00500000
v 0.02274280 -0.01887980 0.00500000
v 0.02260310 -0.01985120 0.00500000
v 0.02039090 -0.01874950 0.00500000
v 0.02073230 -0.01900060 0.00500000
v 0.02103120 -0.01997490 0.00500000
v 0.02083410 -0.01941560 0.00500000
v 0.01975870 -0.01903730 0.00500000
v 0.01966590 -0.01941560 0.00500000
v 0.01976770 -0.01900060 0.00500000
v 0.01775720 -0.01887980 0.00500000
v 0.01428560 -0.01777820 0.00500000
v 0.01483330 -0.01939160 0.00500000
v 0.01409880 -0.01778810 0.00500000
v 0.01424830 -0.01777220 0.00500000
v 0.00886529 -0.01501890 0.00500000
v 0.00948424 -0.01546860 0.00500000
v 0.00947470 -0.01543200 0.00500000
v 0.00446964 -0.01250430 0.00500000
v 0.00654364 -0.01306610 0.00500000
v 0.00650784 -0.01307840 0.00500000
v 0.00715859 -0.01344870 0.00500000
v 0.00713960 -0.01341600 0.00500000
v 0.00719327 -0.01355640 0.00500000
v 0.00466839 -0.01076110 0.00500000
v 0.00463111 -0.01076770 0.00500000
v 0.00491892 -0.01082640 0.00500000
v 0.00481802 -0.01077530 0.00500000
v 0.00494829 -0.01085030 0.00500000
v 0.00523109 -0.01138470 0.00500000
v 0.00516167 -0.01155840 0.00500000
v 0.00137795 -0.00701588 0.00500000
v 0.00317682 -0.00819115 0.00500000
v 0.00313898 -0.00819175 0.00500000
v 0.01560510 -0.00185069 0.00500000
v 0.00362366 -0.00867207 0.00500000
v 0.00360805 -0.00863759 0.00500000
v 0.00247175 -0.00596437 0.00500000
v 0.00246172 -0.00592788 0.00500000
v 0.00160812 -0.00259489 0.00500000
v 0.00157982 -0.00256977 0.00500000
v 0.00170933 -0.00279393 0.00500000
v 0.01531590 -0.00080891 0.00500000
v 0.00128499 0.00046934 0.00500000
v 0.00145246 0.00032165 0.00500000
v 0.00138068 -0.00040904 0.00500000
v 0.00140768 -0.00038253 0.00500000
v 0.00238542 0.00628055 0.00500000
v 0.00235824 0.00630688 0.00500000
v 0.00243061 0.00621997 0.00500000
v 0.00240963 0.00625147 0.00500000
v 0.00247188 0.00611466 0.00500000
v 0.00246191 0.00615117 0.00500000
v 0.00247175 0.00596437 0.00500000
v 0.00247783 0.00600172 0.00500000
v 0.00229991 0.00552954 0.00500000
v 0.00232374 0.00555895 0.00500000
v 0.00227309 0.00550285 0.00500000
v 0.00206817 0.00541414 0.00500000
v 0.00217780 0.00544192 0.00500000
v 0.00362366 0.00867207 0.00500000
v 0.00343932 0.00832297 0.00500000
v 0.00328771 0.00821340 0.00500000
v 0.00332238 0.00822855 0.00500000
v 0.00321450 0.00819459 0.00500000
v 0.00325161 0.00820203 0.00500000
v 0.00313898 0.00819175 0.00500000
v 0.00363077 0.01110890 0.00500000
v 0.00280691 0.00976451 0.00500000
v 0.00270782 0.00988175 0.00500000
v 0.00363504 0.00889507 0.00500000
v 0.00362301 0.00893095 0.00500000
v 0.00364730 0.00882049 0.00500000
v 0.00521461 0.01145850 0.00500000
v 0.00520057 0.01149360 0.00500000
v 0.00719222 0.01366950 0.00500000
v 0.00715557 0.01377640 0.00500000
v 0.00719327 0.01355640 0.00500000
v 0.00715859 0.01344870 0.00500000
v 0.00717397 0.01348330 0.00500000
v 0.00709173 0.01335750 0.00500000
v 0.00680129 0.01309140 0.00500000
v 0.00683403 0.01311040 0.00500000
v 0.00673070 0.01306440 0.00500000
v 0.00676672 0.01307600 0.00500000
v 0.00661814 0.01305340 0.00500000
v 0.00665598 0.01305300 0.00500000
v 0.00446964 0.01250430 0.00500000
v 0.00654364 0.01306610 0.00500000
v 0.00787701 0.01570080 0.00500000
v 0.00667804 0.01467680 0.00500000
v 0.00662002 0.01481890 0.00500000
v 0.00693410 0.01414190 0.00500000
v 0.00836527 0.01536420 0.00500000
v 0.01135490 0.01661500 0.00500000
v 0.01139190 0.01660680 0.00500000
v 0.01048550 0.01744310 0.00500000
v 0.01091510 0.01703430 0.00500000
v 0.01421050 0.01777010 0.00500000
v 0.01413530 0.01777810 0.00500000
v 0.01417270 0.01777210 0.00500000
v 0.01406360 0.01780190 0.00500000
v 0.01409880 0.01778810 0.00500000
v 0.01391980 0.01792160 0.00500000
v 0.01333440 0.01875580 0.00500000
v 0.01369480 0.01828480 0.00500000
v 0.01186640 0.01830550 0.00500000
v 0.01483440 0.01825740 0.00500000
v 0.01480570 0.01864580 0.00500000
v 0.01465930 0.01790570 0.00500000
v 0.01759650 0.01859410 0.00500000
v 0.01680130 0.01869120 0.00500000
v 0.01681970 0.01865810 0.00500000
v 0.02365860 0.01862710 0.00500000
v 0.02368030 0.01865810 0.00500000
v 0.02354280 0.01853130 0.00500000
v 0.02357540 0.01855050 0.00500000
v 0.02343530 0.01849610 0.00500000
v 0.02290350 0.01859410 0.00500000
v 0.02293620 0.01857520 0.00500000
v 0.02279780 0.01870100 0.00500000
v 0.02287290 0.01861640 0.00500000
v 0.02569190 0.01807220 0.00500000
v 0.02575290 0.01797690 0.00500000
v 0.02422730 0.01973720 0.00500000
v 0.02566950 0.01814440 0.00500000
v 0.02184650 0.00473827 0.00500000
v 0.02625170 0.01777220 0.00500000
v 0.02857300 0.01681070 0.00500000
v 0.03159690 0.01501670 0.00500000
v 0.03163470 0.01501890 0.00500000
v 0.03148520 0.01503410 0.00500000
v 0.03152170 0.01502430 0.00500000
v 0.03102530 0.01543200 0.00500000
v 0.03102810 0.01565530 0.00500000
v 0.03382200 0.01467680 0.00500000
v 0.03262300 0.01570080 0.00500000
v 0.03275430 0.01578040 0.00500000
v 0.03213470 0.01536420 0.00500000
v 0.03356590 0.01414190 0.00500000
v 0.03360750 0.01315830 0.00500000
v 0.03331440 0.01351930 0.00500000
v 0.03336040 0.01341600 0.00500000
v 0.03330300 0.01359400 0.00500000
v 0.03330670 0.01355640 0.00500000
v 0.03527430 0.01127170 0.00500000
v 0.03528410 0.01123520 0.00500000
v 0.03526670 0.01134690 0.00500000
v 0.03526850 0.01130910 0.00500000
v 0.03529940 0.01149360 0.00500000
v 0.03528540 0.01145850 0.00500000
v 0.03912210 0.00701588 0.00500000
v 0.03728550 0.00819459 0.00500000
v 0.03732320 0.00819115 0.00500000
v 0.02489490 0.00185069 0.00500000
v 0.03687630 0.00867207 0.00500000
v 0.03689190 0.00863759 0.00500000
v 0.03828830 0.00545879 0.00500000
v 0.03820010 0.00552954 0.00500000
v 0.03822690 0.00550285 0.00500000
v 0.03812530 0.00565993 0.00500000
v 0.02524270 -0.00027069 0.00500000
v 0.03911930 -0.00040904 0.00500000
v 0.03914900 -0.00043252 0.00500000
v 0.02524270 0.00027069 0.00500000
v 0.03918100 0.00045270 0.00500000
v 0.03914900 0.00043252 0.00500000
v 0.03728550 -0.00819459 0.00500000
v 0.03717760 -0.00822855 0.00500000
v 0.03736100 -0.00819175 0.00500000
v 0.03528410 -0.01123520 0.00500000
v 0.03527430 -0.01127170 0.00500000
v 0.03529770 -0.01119990 0.00500000
v 0.03590530 -0.01077810 0.00500000
v 0.03586890 -0.01076770 0.00500000
v 0.03332840 -0.01374220 0.00500000
v 0.03332600 -0.01348330 0.00500000
v 0.03331440 -0.01351930 0.00500000
v 0.03336040 -0.01341600 0.00500000
v 0.03334140 -0.01344870 0.00500000
v 0.03402640 -0.01309440 0.00500000
v 0.03135890 -0.01661920 0.00500000
v 0.02844640 -0.01714860 0.00500000
v 0.02845500 -0.01718540 0.00500000
v 0.02933050 -0.01673930 0.00500000
v 0.02658020 -0.01792160 0.00500000
v 0.02726590 -0.01887210 0.00500000
v 0.02567960 -0.01923870 0.00500000
v 0.02274600 -0.01884210 0.00500000
v 0.02371340 -0.01872610 0.00500000
v 0.02025000 -0.00500000 0.00500000
v 0.02010910 -0.01874950 0.00500000
v 0.02109070 -0.02011640 0.00500000
v 0.01946880 -0.01997490 0.00500000
v 0.01663580 -0.01908520 0.00500000
v 0.01483440 -0.01825740 0.00500000
v 0.01333440 -0.01875580 0.00500000
v 0.01323410 -0.01887210 0.00500000
v 0.01389990 -0.01795380 0.00500000
v 0.01369480 -0.01828480 0.00500000
v 0.01394310 -0.01789180 0.00500000
v 0.01417270 -0.01777210 0.00500000
v 0.01413530 -0.01777810 0.00500000
v 0.01421050 -0.01777010 0.00500000
v 0.01116950 -0.01673930 0.00500000
v 0.01048550 -0.01744310 0.00500000
v 0.01195590 -0.01756460 0.00500000
v 0.00946130 -0.01539660 0.00500000
v 0.00949136 -0.01554380 0.00500000
v 0.00948981 -0.01550600 0.00500000
v 0.01036830 -0.01754220 0.00500000
v 0.00948886 -0.01558160 0.00500000
v 0.00667804 -0.01467680 0.00500000
v 0.00787701 -0.01570080 0.00500000
v 0.00774571 -0.01578040 0.00500000
v 0.00836527 -0.01536420 0.00500000
v 0.00693410 -0.01414190 0.00500000
v 0.00882797 -0.01502520 0.00500000
v 0.00713598 -0.01380880 0.00500000
v 0.01681150 -0.00362998 0.00500000
v 0.00470615 -0.01075860 0.00500000
v 0.00459474 -0.01077810 0.00500000
v 0.00478140 -0.01076580 0.00500000
v 0.00522571 -0.01127170 0.00500000
v 0.00521592 -0.01123520 0.00500000
v 0.00523333 -0.01134690 0.00500000
v 0.00523153 -0.01130910 0.00500000
v 0.00362301 -0.00893095 0.00500000
v 0.00363504 -0.00889507 0.00500000
v 0.00321450 -0.00819459 0.00500000
v 0.00328771 -0.00821340 0.00500000
v 0.00325161 -0.00820203 0.00500000
v 0.00335525 -0.00824731 0.00500000
v 0.00332238 -0.00822855 0.00500000
v 0.00341405 -0.00829479 0.00500000
v 0.00338592 -0.00826948 0.00500000
v 0.00346144 -0.00835368 0.00500000
v 0.00343932 -0.00832297 0.00500000
v 0.00348015 -0.00838657 0.00500000
v 0.00364345 -0.00874501 0.00500000
v 0.00363551 -0.00870801 0.00500000
v 0.01543230 -0.00133764 0.00500000
v 0.00224356 -0.00547918 0.00500000
v 0.00221168 -0.00545879 0.00500000
v 0.00234429 -0.00559073 0.00500000
v 0.00232374 -0.00555895 0.00500000
v 0.00237466 -0.00565993 0.00500000
v 0.00243061 -0.00621997 0.00500000
v 0.00244810 -0.00618641 0.00500000
v 0.00235824 -0.00630688 0.00500000
v 0.00238542 -0.00628055 0.00500000
v 0.00154900 -0.00254781 0.00500000
v 0.00151601 -0.00252926 0.00500000
v 0.00163358 -0.00262289 0.00500000
v 0.00167483 -0.00268622 0.00500000
v 0.00165590 -0.00265345 0.00500000
v 0.00170170 -0.00275687 0.00500000
v 0.00169015 -0.00272083 0.00500000
v 0.00175340 -0.00307219 0.00500000
v 0.00124942 0.00048226 0.00500000
v 0.00143170 0.00035329 0.00500000
v 0.00027510 -0.00078124 0.00500000
v 0.00083441 -0.00058407 0.00500000
v 0.01531590 0.00080891 0.00500000
v 0.00169015 0.00272083 0.00500000
v 0.00170170 0.00275687 0.00500000
v 0.00165590 0.00265345 0.00500000
v 0.00167483 0.00268622 0.00500000
v 0.00013359 0.00084072 0.00500000
v 0.00148123 0.00251434 0.00500000
v 0.00171865 0.00329277 0.00500000
v 0.00169950 0.00332541 0.00500000
v 0.00175340 0.00307219 0.00500000
v 0.00232840 0.00633016 0.00500000
v 0.00244810 0.00618641 0.00500000
v 0.00247988 0.00603951 0.00500000
v 0.00247789 0.00607730 0.00500000
v 0.00234429 0.00559073 0.00500000
v 0.00203035 0.00541285 0.00500000
v 0.00363551 0.00870801 0.00500000
v 0.00364345 0.00874501 0.00500000
v 0.00338592 0.00826948 0.00500000
v 0.00341405 0.00829479 0.00500000
v 0.00335525 0.00824731 0.00500000
v 0.00419914 0.01093970 0.00500000
v 0.00351067 0.00908052 0.00500000
v 0.00321574 0.00933491 0.00500000
v 0.00360722 0.00896535 0.00500000
v 0.00358786 0.00899786 0.00500000
v 0.00364316 0.00885811 0.00500000
v 0.00513726 0.01158730 0.00500000
v 0.00454917 0.01237300 0.00500000
v 0.00518285 0.01152710 0.00500000
v 0.00516167 0.01155840 0.00500000
v 0.00718557 0.01351930 0.00500000
v 0.00711723 0.01338540 0.00500000
v 0.00713960 0.01341600 0.00500000
v 0.00669364 0.01305670 0.00500000
v 0.00658055 0.01305780 0.00500000
v 0.00647355 0.01309440 0.00500000
v 0.00650784 0.01307840 0.00500000
v 0.00713598 0.01380880 0.00500000
v 0.00879153 0.01503540 0.00500000
v 0.00774571 0.01578040 0.00500000
v 0.00866266 0.01511270 0.00500000
v 0.00945762 0.01569030 0.00500000
v 0.00931033 0.01605090 0.00500000
v 0.00948235 0.01561890 0.00500000
v 0.01323410 0.01887210 0.00500000
v 0.01482040 0.01923870 0.00500000
v 0.01483590 0.01818180 0.00500000
v 0.01684140 0.01862710 0.00500000
v 0.01635360 0.01960680 0.00500000
v 0.01663580 0.01908520 0.00500000
v 0.01999740 0.01876670 0.00500000
v 0.02003390 0.01875700 0.00500000
v 0.01996200 0.01878030 0.00500000
v 0.01978070 0.01896500 0.00500000
v 0.02068250 0.01889900 0.00500000
v 0.02070270 0.01893100 0.00500000
v 0.02060330 0.01881830 0.00500000
v 0.02063250 0.01884230 0.00500000
v 0.02363370 0.01859870 0.00500000
v 0.02369870 0.01869120 0.00500000
v 0.02360580 0.01857300 0.00500000
v 0.02347230 0.01850400 0.00500000
v 0.02350830 0.01851580 0.00500000
v 0.02297080 0.01855980 0.00500000
v 0.02276430 0.01876880 0.00500000
v 0.02277930 0.01873400 0.00500000
v 0.02274600 0.01884210 0.00500000
v 0.02275320 0.01880490 0.00500000
v 0.02587450 0.01788870 0.00500000
v 0.02590990 0.01787530 0.00500000
v 0.02577950 0.01795010 0.00500000
v 0.02580890 0.01792630 0.00500000
v 0.02567880 0.01810770 0.00500000
v 0.02716560 0.01875580 0.00500000
v 0.02726590 0.01887210 0.00500000
v 0.02660010 0.01795380 0.00500000
v 0.02680520 0.01828480 0.00500000
v 0.02653050 0.01786460 0.00500000
v 0.02628950 0.01777010 0.00500000
v 0.02933050 0.01673930 0.00500000
v 0.03001450 0.01744310 0.00500000
v 0.02854410 0.01756460 0.00500000
v 0.03155910 0.01501850 0.00500000
v 0.03167200 0.01502520 0.00500000
v 0.03100860 0.01554380 0.00500000
v 0.03135890 0.01661920 0.00500000
v 0.03118970 0.01605090 0.00500000
v 0.03388000 0.01481890 0.00500000
v 0.03336400 0.01380880 0.00500000
v 0.03183730 0.01511270 0.00500000
v 0.03170850 0.01503540 0.00500000
v 0.03174360 0.01504940 0.00500000
v 0.02368850 0.00362998 0.00500000
v 0.03402640 0.01309440 0.00500000
v 0.03531710 0.01152710 0.00500000
v 0.03595080 0.01237300 0.00500000
v 0.03561420 0.01188470 0.00500000
v 0.03724840 0.00820203 0.00500000
v 0.03717760 0.00822855 0.00500000
v 0.03721230 0.00821340 0.00500000
v 0.03701990 0.00838657 0.00500000
v 0.03703860 0.00835368 0.00500000
v 0.03685660 0.00874501 0.00500000
v 0.03686450 0.00870801 0.00500000
v 0.02466760 0.00234204 0.00500000
v 0.03685270 0.00882049 0.00500000
v 0.03685260 0.00878265 0.00500000
v 0.03846970 0.00541285 0.00500000
v 0.03825640 0.00547918 0.00500000
v 0.03815570 0.00559073 0.00500000
v 0.03817630 0.00555895 0.00500000
v 0.03813870 0.00562452 0.00500000
v 0.03918100 -0.00045270 0.00500000
v 0.03921500 -0.00046934 0.00500000
v 0.03921500 0.00046934 0.00500000
v 0.03911930 0.00040904 0.00500000
v 0.02506770 -0.00133764 0.00500000
v 0.03813870 -0.00562452 0.00500000
v 0.03812530 -0.00565993 0.00500000
v 0.03711410 -0.00826948 0.00500000
v 0.03708590 -0.00829479 0.00500000
v 0.03714480 -0.00824731 0.00500000
v 0.03526850 -0.01130910 0.00500000
v 0.03526670 -0.01134690 0.00500000
v 0.03564660 -0.01078870 0.00500000
v 0.03561280 -0.01080580 0.00500000
v 0.03571860 -0.01076580 0.00500000
v 0.03568200 -0.01077530 0.00500000
v 0.03583160 -0.01076110 0.00500000
v 0.03579380 -0.01075860 0.00500000
v 0.03492680 -0.01357200 0.00500000
v 0.03439190 -0.01331590 0.00500000
v 0.03262300 -0.01570080 0.00500000
v 0.03382200 -0.01467680 0.00500000
v 0.03388000 -0.01481890 0.00500000
v 0.03356590 -0.01414190 0.00500000
v 0.03213470 -0.01536420 0.00500000
v 0.03102810 -0.01565530 0.00500000
v 0.02854410 -0.01756460 0.00500000
v 0.02660010 -0.01795380 0.00500000
v 0.02566280 -0.01821970 0.00500000
v 0.02271040 -0.01926790 0.00500000
v 0.02074130 -0.01903730 0.00500000
v 0.01204500 -0.01718540 0.00500000
v 0.00948235 -0.01561890 0.00500000
v 0.00914109 -0.01661920 0.00500000
v 0.00931033 -0.01605090 0.00500000
v 0.00662002 -0.01481890 0.00500000
v 0.00866266 -0.01511270 0.00500000
v 0.00879153 -0.01503540 0.00500000
v 0.00875638 -0.01504940 0.00500000
v 0.00644117 -0.01311400 0.00500000
v 0.00610810 -0.01331590 0.00500000
v 0.00474397 -0.01076020 0.00500000
v 0.00520229 -0.01119990 0.00500000
v 0.00454917 -0.01237300 0.00500000
v 0.00488576 -0.01188470 0.00500000
v 0.01583240 -0.00234204 0.00500000
v 0.00364316 -0.00885811 0.00500000
v 0.00419914 -0.01093970 0.00500000
v 0.00360722 -0.00896535 0.00500000
v 0.00280691 -0.00976451 0.00500000
v 0.00363077 -0.01110890 0.00500000
v 0.00348132 -0.01114400 0.00500000
v 0.00214232 -0.00542876 0.00500000
v 0.00210564 -0.00541947 0.00500000
v 0.00217780 -0.00544192 0.00500000
v 0.00229991 -0.00552954 0.00500000
v 0.00227309 -0.00550285 0.00500000
v 0.00246191 -0.00615117 0.00500000
v 0.00247188 -0.00611466 0.00500000
v 0.00240963 -0.00625147 0.00500000
v 0.00085836 -0.00541674 0.00500000
v 0.00162287 -0.00340859 0.00500000
v 0.00013359 -0.00084072 0.00500000
v 0.00137020 -0.00249284 0.00500000
v 0.00098207 -0.00246038 0.00500000
v 0.00148123 -0.00251434 0.00500000
v 0.00144506 -0.00250322 0.00500000
v 0.00121267 0.00049131 0.00500000
v 0.00027510 0.00078124 0.00500000
v 0.00170933 0.00279393 0.00500000
v 0.00163358 0.00262289 0.00500000
v 0.00157982 0.00256977 0.00500000
v 0.00160812 0.00259489 0.00500000
v 0.00151601 0.00252926 0.00500000
v 0.00167698 0.00335582 0.00500000
v 0.00165133 0.00338365 0.00500000
v 0.00173421 0.00325827 0.00500000
v 0.00175387 0.00318529 0.00500000
v 0.00174599 0.00322231 0.00500000
v 0.00175760 0.00310981 0.00500000
v 0.00101133 0.00542958 0.00500000
v 0.00160418 0.00544426 0.00500000
v 0.00310142 0.00819639 0.00500000
v 0.00209756 0.00837232 0.00500000
v 0.00268541 0.00829408 0.00500000
v 0.00348132 0.01114400 0.00500000
v 0.00356513 0.00902812 0.00500000
v 0.00455970 0.01079240 0.00500000
v 0.00557319 0.01357200 0.00500000
v 0.00610810 0.01331590 0.00500000
v 0.00875638 0.01504940 0.00500000
v 0.00869158 0.01508830 0.00500000
v 0.00872294 0.01506710 0.00500000
v 0.00914109 0.01661920 0.00500000
v 0.01205360 0.01714860 0.00500000
v 0.01204500 0.01718540 0.00500000
v 0.01116950 0.01673930 0.00500000
v 0.01389990 0.01795380 0.00500000
v 0.01483720 0.01821970 0.00500000
v 0.01775720 0.01887980 0.00500000
v 0.01789690 0.01985120 0.00500000
v 0.02007130 0.01875120 0.00500000
v 0.02010910 0.01874950 0.00500000
v 0.01976770 0.01900060 0.00500000
v 0.01946880 0.01997490 0.00500000
v 0.01966590 0.01941560 0.00500000
v 0.02256650 0.02000030 0.00500000
v 0.02057160 0.01879750 0.00500000
v 0.02065900 0.01886930 0.00500000
v 0.02260310 0.01985120 0.00500000
v 0.02271040 0.01926790 0.00500000
v 0.02617790 0.01778830 0.00500000
v 0.02584070 0.01790570 0.00500000
v 0.02655690 0.01789180 0.00500000
v 0.02930580 0.01671070 0.00500000
v 0.02845500 0.01718540 0.00500000
v 0.03139400 0.01676870 0.00500000
v 0.03177710 0.01506710 0.00500000
v 0.03405880 0.01311400 0.00500000
v 0.03439190 0.01331590 0.00500000
v 0.03533830 0.01155840 0.00500000
v 0.03687700 0.00893095 0.00500000
v 0.03686500 0.00889507 0.00500000
v 0.03630090 0.01093970 0.00500000
v 0.03689280 0.00896535 0.00500000
v 0.03769310 0.00976451 0.00500000
v 0.03686920 0.01110890 0.00500000
v 0.03701870 0.01114400 0.00500000
v 0.03711410 0.00826948 0.00500000
v 0.03714480 0.00824731 0.00500000
v 0.03706070 0.00832297 0.00500000
v 0.03811460 0.00628055 0.00500000
v 0.03809040 0.00625147 0.00500000
v 0.03817160 0.00633016 0.00500000
v 0.03814180 0.00630688 0.00500000
v 0.03964160 0.00541674 0.00500000
v 0.03887710 0.00340859 0.00500000
v 0.04036640 0.00084072 0.00500000
v 0.03898400 0.00252926 0.00500000
v 0.03901880 0.00251434 0.00500000
v 0.03892020 0.00256977 0.00500000
v 0.03895100 0.00254781 0.00500000
v 0.03909230 -0.00038253 0.00500000
v 0.03903030 -0.00028797 0.00500000
v 0.03904750 -0.00032165 0.00500000
v 0.03899950 0.00014087 0.00500000
v 0.03899950 -0.00014087 0.00500000
v 0.03900700 0.00021607 0.00500000
v 0.03900120 0.00017867 0.00500000
v 0.03906830 0.00035329 0.00500000
v 0.03904750 0.00032165 0.00500000
v 0.03909230 0.00038253 0.00500000
v 0.03925060 0.00048226 0.00500000
v 0.03802810 -0.00611466 0.00500000
v 0.03803810 -0.00615117 0.00500000
v 0.03803830 -0.00592788 0.00500000
v 0.03839440 -0.00541947 0.00500000
v 0.03835770 -0.00542876 0.00500000
v 0.03846970 -0.00541285 0.00500000
v 0.03843180 -0.00541414 0.00500000
v 0.03686920 -0.01110890 0.00500000
v 0.03769310 -0.00976451 0.00500000
v 0.03779220 -0.00988175 0.00500000
v 0.03630090 -0.01093970 0.00500000
v 0.03687700 -0.00893095 0.00500000
v 0.03528540 -0.01145850 0.00500000
v 0.03529940 -0.01149360 0.00500000
v 0.03526890 -0.01138470 0.00500000
v 0.03527520 -0.01142200 0.00500000
v 0.03558110 -0.01082640 0.00500000
v 0.03555170 -0.01085030 0.00500000
v 0.03575600 -0.01076020 0.00500000
v 0.03506890 -0.01363000 0.00500000
v 0.03336400 -0.01380880 0.00500000
v 0.03170850 -0.01503540 0.00500000
v 0.03177710 -0.01506710 0.00500000
v 0.03174360 -0.01504940 0.00500000
v 0.03275430 -0.01578040 0.00500000
v 0.03183730 -0.01511270 0.00500000
v 0.01391980 -0.01792160 0.00500000
v 0.01091510 -0.01703430 0.00500000
v 0.00947189 -0.01565530 0.00500000
v 0.00910602 -0.01676870 0.00500000
v 0.00557319 -0.01357200 0.00500000
v 0.00364730 -0.00882049 0.00500000
v 0.00358786 -0.00899786 0.00500000
v 0.00321574 -0.00933491 0.00500000
v 0.00306457 -0.00820501 0.00500000
v 0.00268541 -0.00829408 0.00500000
v 0.00310142 -0.00819639 0.00500000
v 0.00364739 -0.00878265 0.00500000
v 0.00206817 -0.00541414 0.00500000
v 0.00236133 -0.00562452 0.00500000
v 0.00247789 -0.00607730 0.00500000
v 0.00247988 -0.00603951 0.00500000
v 0.00232840 -0.00633016 0.00500000
v 0.00171865 -0.00329277 0.00500000
v 0.00173421 -0.00325827 0.00500000
v 0.00159190 -0.00343034 0.00500000
v 0.00039881 -0.00235314 0.00500000
v 0.00121267 -0.00049131 0.00500000
v 0.00154900 0.00254781 0.00500000
v 0.00140791 0.00249602 0.00500000
v 0.00144506 0.00250322 0.00500000
v 0.00039881 0.00235314 0.00500000
v 0.00098207 0.00246038 0.00500000
v 0.00085836 0.00541674 0.00500000
v 0.00152391 0.00346335 0.00500000
v 0.00116481 0.00361415 0.00500000
v 0.00162287 0.00340859 0.00500000
v 0.00159190 0.00343034 0.00500000
v 0.00175776 0.00314765 0.00500000
v 0.00229625 0.00635012 0.00500000
v 0.00149416 0.00691559 0.00500000
v 0.00364739 0.00878265 0.00500000
v 0.00194447 0.00838358 0.00500000
v 0.00353930 0.00905578 0.00500000
v 0.00488576 0.01188470 0.00500000
v 0.00543107 0.01363000 0.00500000
v 0.00947189 0.01565530 0.00500000
v 0.01195590 0.01756460 0.00500000
v 0.01775400 0.01884210 0.00500000
v 0.01678660 0.01872610 0.00500000
v 0.02025000 0.00500000 0.00500000
v 0.02039090 0.01874950 0.00500000
v 0.01940930 0.02011640 0.00500000
v 0.02071930 0.01896500 0.00500000
v 0.02371340 0.01872610 0.00500000
v 0.02414640 0.01960680 0.00500000
v 0.02566280 0.01821970 0.00500000
v 0.02566410 0.01818180 0.00500000
v 0.02567960 0.01923870 0.00500000
v 0.02569430 0.01864580 0.00500000
v 0.02658020 0.01792160 0.00500000
v 0.02958490 0.01703430 0.00500000
v 0.03104240 0.01569030 0.00500000
v 0.03180840 0.01508830 0.00500000
v 0.03492680 0.01357200 0.00500000
v 0.03536270 0.01158730 0.00500000
v 0.03685680 0.00885811 0.00500000
v 0.03691210 0.00899786 0.00500000
v 0.03696070 0.00905578 0.00500000
v 0.03693490 0.00902812 0.00500000
v 0.03779220 0.00988175 0.00500000
v 0.03728430 0.00933491 0.00500000
v 0.03743540 0.00820501 0.00500000
v 0.03781460 0.00829408 0.00500000
v 0.03736100 0.00819175 0.00500000
v 0.03708590 0.00829479 0.00500000
v 0.03802220 0.00600172 0.00500000
v 0.03806940 0.00621997 0.00500000
v 0.03805190 0.00618641 0.00500000
v 0.03890810 0.00343034 0.00500000
v 0.03905490 0.00250322 0.00500000
v 0.03886640 0.00262289 0.00500000
v 0.03889190 0.00259489 0.00500000
v 0.03882520 0.00268622 0.00500000
v 0.03884410 0.00265345 0.00500000
v 0.03925060 -0.00048226 0.00500000
v 0.03906830 -0.00035329 0.00500000
v 0.03900120 -0.00017867 0.00500000
v 0.03900700 -0.00021607 0.00500000
v 0.03901670 0.00025265 0.00500000
v 0.03903030 0.00028797 0.00500000
v 0.03901880 -0.00251434 0.00500000
v 0.03964160 -0.00541674 0.00500000
v 0.03884870 -0.00338365 0.00500000
v 0.03887710 -0.00340859 0.00500000
v 0.03880050 -0.00332541 0.00500000
v 0.03882300 -0.00335582 0.00500000
v 0.03809040 -0.00625147 0.00500000
v 0.03811460 -0.00628055 0.00500000
v 0.03805190 -0.00618641 0.00500000
v 0.03806940 -0.00621997 0.00500000
v 0.03802220 -0.00600172 0.00500000
v 0.03802010 -0.00603951 0.00500000
v 0.03822690 -0.00550285 0.00500000
v 0.03820010 -0.00552954 0.00500000
v 0.03832220 -0.00544192 0.00500000
v 0.03828830 -0.00545879 0.00500000
v 0.03686450 -0.00870801 0.00500000
v 0.03685660 -0.00874501 0.00500000
v 0.03840240 -0.00837232 0.00500000
v 0.03781460 -0.00829408 0.00500000
v 0.03698930 -0.00908052 0.00500000
v 0.03728430 -0.00933491 0.00500000
v 0.03691210 -0.00899786 0.00500000
v 0.03693490 -0.00902812 0.00500000
v 0.03689280 -0.00896535 0.00500000
v 0.03685680 -0.00885811 0.00500000
v 0.03686500 -0.00889507 0.00500000
v 0.03685270 -0.00882049 0.00500000
v 0.03531710 -0.01152710 0.00500000
v 0.03533830 -0.01155840 0.00500000
v 0.03405880 -0.01311400 0.00500000
v 0.02566670 -0.01939160 0.00500000
v 0.00945762 -0.01569030 0.00500000
v 0.00869158 -0.01508830 0.00500000
v 0.00872294 -0.01506710 0.00500000
v 0.00647355 -0.01309440 0.00500000
v 0.00513726 -0.01158730 0.00500000
v 0.00353930 -0.00905578 0.00500000
v 0.00356513 -0.00902812 0.00500000
v 0.00270782 -0.00988175 0.00500000
v 0.00209756 -0.00837232 0.00500000
v 0.00247783 -0.00600172 0.00500000
v 0.00149416 -0.00691559 0.00500000
v 0.00196516 -0.00655524 0.00500000
v 0.00175776 -0.00314765 0.00500000
v 0.00175760 -0.00310981 0.00500000
v 0.00174599 -0.00322231 0.00500000
v 0.00175387 -0.00318529 0.00500000
v 0.00155879 -0.00344867 0.00500000
v 0.00140791 -0.00249602 0.00500000
v 0.00083441 0.00058407 0.00500000
v 0.00024973 0.00231653 0.00500000
v 0.00064324 0.00389639 0.00500000
v 0.00199260 0.00541560 0.00500000
v 0.00306457 0.00820501 0.00500000
v 0.00644117 0.01311400 0.00500000
v 0.01483330 0.01939160 0.00500000
v 0.01778960 0.01926790 0.00500000
v 0.01975870 0.01903730 0.00500000
v 0.02074130 0.01903730 0.00500000
v 0.02083410 0.01941560 0.00500000
v 0.02050260 0.01876670 0.00500000
v 0.02053800 0.01878030 0.00500000
v 0.02042870 0.01875120 0.00500000
v 0.02046610 0.01875700 0.00500000
v 0.02274280 0.01887980 0.00500000
v 0.02621440 0.01777820 0.00500000
v 0.02566670 0.01939160 0.00500000
v 0.03594030 0.01079240 0.00500000
v 0.03698930 0.00908052 0.00500000
v 0.03840240 0.00837232 0.00500000
v 0.03739860 0.00819639 0.00500000
v 0.03802210 0.00607730 0.00500000
v 0.03802010 0.00603951 0.00500000
v 0.03803810 0.00615117 0.00500000
v 0.03802810 0.00611466 0.00500000
v 0.03900580 0.00691559 0.00500000
v 0.03853480 0.00655524 0.00500000
v 0.03874220 0.00314765 0.00500000
v 0.03874240 0.00310981 0.00500000
v 0.03878130 0.00329277 0.00500000
v 0.03876580 0.00325827 0.00500000
v 0.03884870 0.00338365 0.00500000
v 0.03882300 0.00335582 0.00500000
v 0.03894120 0.00344867 0.00500000
v 0.03909210 0.00249602 0.00500000
v 0.03901670 -0.00025265 0.00500000
v 0.04022490 0.00078124 0.00500000
v 0.03966560 0.00058407 0.00500000
v 0.03898400 -0.00252926 0.00500000
v 0.03909210 -0.00249602 0.00500000
v 0.03905490 -0.00250322 0.00500000
v 0.03874610 -0.00318529 0.00500000
v 0.03875400 -0.00322231 0.00500000
v 0.03814180 -0.00630688 0.00500000
v 0.03817160 -0.00633016 0.00500000
v 0.03802210 -0.00607730 0.00500000
v 0.03802820 -0.00596437 0.00500000
v 0.03825640 -0.00547918 0.00500000
v 0.03817630 -0.00555895 0.00500000
v 0.03685260 -0.00878265 0.00500000
v 0.03739860 -0.00819639 0.00500000
v 0.03855550 -0.00838358 0.00500000
v 0.03701870 -0.01114400 0.00500000
v 0.03536270 -0.01158730 0.00500000
v 0.03595080 -0.01237300 0.00500000
v 0.03180840 -0.01508830 0.00500000
v 0.01940930 -0.02011640 0.00500000
v 0.00455970 -0.01079240 0.00500000
v 0.00351067 -0.00908052 0.00500000
v 0.00199260 -0.00541560 0.00500000
v 0.00101133 -0.00542958 0.00500000
v 0.00167698 -0.00335582 0.00500000
v 0.00169950 -0.00332541 0.00500000
v 0.00165133 -0.00338365 0.00500000
v 0.00064324 -0.00389639 0.00500000
v 0.00116481 -0.00361415 0.00500000
v 0.00137020 0.00249284 0.00500000
v 0.00155879 0.00344867 0.00500000
v 0.00196516 0.00655524 0.00500000
v 0.00910602 0.01676870 0.00500000
v 0.02103120 0.01997490 0.00500000
v 0.02386420 0.01908520 0.00500000
v 0.02566560 0.01825740 0.00500000
v 0.03850740 0.00541560 0.00500000
v 0.03948870 0.00542958 0.00500000
v 0.02518410 0.00080891 0.00500000
v 0.03874660 0.00307219 0.00500000
v 0.03875400 0.00322231 0.00500000
v 0.03874610 0.00318529 0.00500000
v 0.03880050 0.00332541 0.00500000
v 0.03985680 0.00389639 0.00500000
v 0.03933520 0.00361415 0.00500000
v 0.03912980 0.00249284 0.00500000
v 0.03951790 0.00246038 0.00500000
v 0.03879830 0.00275687 0.00500000
v 0.03880980 0.00272083 0.00500000
v 0.03879070 0.00279393 0.00500000
v 0.03879830 -0.00275687 0.00500000
v 0.03879070 -0.00279393 0.00500000
v 0.03884410 -0.00265345 0.00500000
v 0.03882520 -0.00268622 0.00500000
v 0.03895100 -0.00254781 0.00500000
v 0.03892020 -0.00256977 0.00500000
v 0.03890810 -0.00343034 0.00500000
v 0.03878130 -0.00329277 0.00500000
v 0.03876580 -0.00325827 0.00500000
v 0.03874240 -0.00310981 0.00500000
v 0.03874220 -0.00314765 0.00500000
v 0.03815570 -0.00559073 0.00500000
v 0.03948870 -0.00542958 0.00500000
v 0.03889580 -0.00544426 0.00500000
v 0.03743540 -0.00820501 0.00500000
v 0.03696070 -0.00905578 0.00500000
v 0.03594030 -0.01079240 0.00500000
v 0.03334440 -0.01377640 0.00500000
v 0.00543107 -0.01363000 0.00500000
v 0.00203035 -0.00541285 0.00500000
v 0.00229625 -0.00635012 0.00500000
v 0.00051277 -0.00397727 0.00500000
v 0.02073230 0.01900060 0.00500000
v 0.03820380 0.00635012 0.00500000
v 0.03998720 0.00397727 0.00500000
v 0.04010120 0.00235314 0.00500000
v 0.03928730 0.00049131 0.00500000
v 0.02518410 -0.00080891 0.00500000
v 0.03874660 -0.00307219 0.00500000
v 0.03880980 -0.00272083 0.00500000
v 0.03889190 -0.00259489 0.00500000
v 0.03886640 -0.00262289 0.00500000
v 0.03897610 -0.00346335 0.00500000
v 0.03933520 -0.00361415 0.00500000
v 0.03894120 -0.00344867 0.00500000
v 0.03820380 -0.00635012 0.00500000
v 0.03900580 -0.00691559 0.00500000
v 0.03561420 -0.01188470 0.00500000
v 0.01186640 -0.01830550 0.00500000
v 0.00194447 -0.00838358 0.00500000
v 0.00160418 -0.00544426 0.00500000
v 0.00152391 -0.00346335 0.00500000
v 0.03506890 0.01363000 0.00500000
v 0.03855550 0.00838358 0.00500000
v 0.03889580 0.00544426 0.00500000
v 0.03897610 0.00346335 0.00500000
v 0.03985680 -0.00389639 0.00500000
v 0.03850740 -0.00541560 0.00500000
v 0.03139400 -0.01676870 0.00500000
v 0.00051277 0.00397727 0.00500000
v 0.03853480 -0.00655524 0.00500000
v 0.02863360 0.01830550 0.00500000
v 0.00024973 -0.00231653 0.00500000
v 0.04025030 0.00231653 0.00500000
v 0.03998720 -0.00397727 0.00500000
v 0.02109070 0.02011640 0.00500000
v 0.04049950 -0.00434717 0.00533351
v 0.04075520 -0.00453182 0.00550000
v 0.04057770 -0.00527128 0.00550000
v 0.04026600 -0.00531971 0.00533351
v 0.04075520 -0.00453182 0.01450000
v 0.04057770 -0.00527128 0.01450000
v 0.03889580 -0.00544426 0.01500000
v 0.03850740 -0.00541560 0.01500000
v 0.04026600 -0.00531971 0.01466650
v 0.03964160 -0.00541674 0.01500000
v 0.03948870 -0.00542958 0.01500000
v 0.03985680 -0.00389639 0.01500000
v 0.03933520 -0.00361415 0.01500000
v 0.03998720 -0.00397727 0.01500000
v 0.04049950 -0.00434717 0.01466650
v 0.03897610 -0.00346335 0.01500000
v 0.03957010 -0.00746136 0.00533351
v 0.03979380 -0.00768374 0.00550000
v 0.03950280 -0.00838633 0.00550000
v 0.03918740 -0.00838541 0.00533351
v 0.03979380 -0.00768374 0.01450000
v 0.03950280 -0.00838633 0.01450000
v 0.03781460 -0.00829408 0.01500000
v 0.03743540 -0.00820501 0.01500000
v 0.03918740 -0.00838541 0.01466650
v 0.03855550 -0.00838358 0.01500000
v 0.03840240 -0.00837232 0.01500000
v 0.03853480 -0.00655524 0.01500000
v 0.03912210 -0.00701588 0.01500000
v 0.03957010 -0.00746136 0.01466650
v 0.03900580 -0.00691559 0.01500000
v 0.03820380 -0.00635012 0.01500000
v 0.03816500 -0.01039180 0.00533351
v 0.03835120 -0.01064650 0.00550000
v 0.03795380 -0.01129490 0.00550000
v 0.03764250 -0.01124460 0.00533351
v 0.03835120 -0.01064650 0.01450000
v 0.03795380 -0.01129490 0.01450000
v 0.03630090 -0.01093970 0.01500000
v 0.03594030 -0.01079240 0.01500000
v 0.03764250 -0.01124460 0.01466650
v 0.03701870 -0.01114400 0.01500000
v 0.03686920 -0.01110890 0.01500000
v 0.03728430 -0.00933491 0.01500000
v 0.03779220 -0.00988175 0.01500000
v 0.03816500 -0.01039180 0.01466650
v 0.03769310 -0.00976451 0.01500000
v 0.03698930 -0.00908052 0.01500000
v 0.02863540 -0.01893740 0.00533351
v 0.02863630 -0.01925280 0.00550000
v 0.02793370 -0.01954380 0.00550000
v 0.02771140 -0.01932010 0.00533351
v 0.02863630 -0.01925280 0.01450000
v 0.02793370 -0.01954380 0.01450000
v 0.02680520 -0.01828480 0.01500000
v 0.02660010 -0.01795380 0.01500000
v 0.02771140 -0.01932010 0.01466650
v 0.02726590 -0.01887210 0.01500000
v 0.02716560 -0.01875580 0.01500000
v 0.02854410 -0.01756460 0.01500000
v 0.02863360 -0.01830550 0.01500000
v 0.02863540 -0.01893740 0.01466650
v 0.02862230 -0.01815240 0.01500000
v 0.02845500 -0.01718540 0.01500000
v 0.03149460 -0.01739250 0.00533351
v 0.03154490 -0.01770380 0.00550000
v 0.03089650 -0.01810120 0.00550000
v 0.03064180 -0.01791500 0.00533351
v 0.03154490 -0.01770380 0.01450000
v 0.03089650 -0.01810120 0.01450000
v 0.03135890 -0.01661920 0.01500000
v 0.03118970 -0.01605090 0.01500000
v 0.03139400 -0.01676870 0.01500000
v 0.03149460 -0.01739250 0.01466650
v 0.03104240 -0.01569030 0.01500000
v 0.02958490 -0.01703430 0.01500000
v 0.02933050 -0.01673930 0.01500000
v 0.03064180 -0.01791500 0.01466650
v 0.03013170 -0.01754220 0.01500000
v 0.03001450 -0.01744310 0.01500000
v 0.03631880 -0.01306640 0.00533351
v 0.03646290 -0.01334700 0.00550000
v 0.03596900 -0.01392530 0.00550000
v 0.03566930 -0.01382700 0.00533351
v 0.03646290 -0.01334700 0.01450000
v 0.03596900 -0.01392530 0.01450000
v 0.03439190 -0.01331590 0.01500000
v 0.03405880 -0.01311400 0.01500000
v 0.03566930 -0.01382700 0.01466650
v 0.03506890 -0.01363000 0.01500000
v 0.03492680 -0.01357200 0.01500000
v 0.03595080 -0.01237300 0.01500000
v 0.03561420 -0.01188470 0.01500000
v 0.03603040 -0.01250430 0.01500000
v 0.03631880 -0.01306640 0.01466650
v 0.03536270 -0.01158730 0.01500000
v 0.03407700 -0.01541930 0.00533351
v 0.03417530 -0.01571900 0.00550000
v 0.03359700 -0.01621290 0.00550000
v 0.03331640 -0.01606880 0.00533351
v 0.03417530 -0.01571900 0.01450000
v 0.03359700 -0.01621290 0.01450000
v 0.03382200 -0.01467680 0.01500000
v 0.03356590 -0.01414190 0.01500000
v 0.03388000 -0.01481890 0.01500000
v 0.03407700 -0.01541930 0.01466650
v 0.03336400 -0.01380880 0.01500000
v 0.03262300 -0.01570080 0.01500000
v 0.03213470 -0.01536420 0.01500000
v 0.03183730 -0.01511270 0.01500000
v 0.03331640 -0.01606880 0.01466650
v 0.03275430 -0.01578040 0.01500000
v 0.02771140 0.01932010 0.00533351
v 0.02793370 0.01954380 0.00550000
v 0.02863630 0.01925280 0.00550000
v 0.02863540 0.01893740 0.00533351
v 0.02793370 0.01954380 0.01450000
v 0.02863630 0.01925280 0.01450000
v 0.02854410 0.01756460 0.01500000
v 0.02845500 0.01718540 0.01500000
v 0.02863540 0.01893740 0.01466650
v 0.02863360 0.01830550 0.01500000
v 0.02862230 0.01815240 0.01500000
v 0.02716560 0.01875580 0.01500000
v 0.02680520 0.01828480 0.01500000
v 0.02726590 0.01887210 0.01500000
v 0.02771140 0.01932010 0.01466650
v 0.02660010 0.01795380 0.01500000
v 0.03064180 0.01791500 0.00533351
v 0.03089650 0.01810120 0.00550000
v 0.03154490 0.01770380 0.00550000
v 0.03149460 0.01739250 0.00533351
v 0.03089650 0.01810120 0.01450000
v 0.03154490 0.01770380 0.01450000
v 0.03118970 0.01605090 0.01500000
v 0.03104240 0.01569030 0.01500000
v 0.03149460 0.01739250 0.01466650
v 0.03139400 0.01676870 0.01500000
v 0.03135890 0.01661920 0.01500000
v 0.03001450 0.01744310 0.01500000
v 0.02958490 0.01703430 0.01500000
v 0.03013170 0.01754220 0.01500000
v 0.03064180 0.01791500 0.01466650
v 0.02933050 0.01673930 0.01500000
v 0.03566930 0.01382700 0.00533351
v 0.03596900 0.01392530 0.00550000
v 0.03646290 0.01334700 0.00550000
v 0.03631880 0.01306640 0.00533351
v 0.03596900 0.01392530 0.01450000
v 0.03646290 0.01334700 0.01450000
v 0.03561420 0.01188470 0.01500000
v 0.03536270 0.01158730 0.01500000
v 0.03631880 0.01306640 0.01466650
v 0.03603040 0.01250430 0.01500000
v 0.03595080 0.01237300 0.01500000
v 0.03492680 0.01357200 0.01500000
v 0.03439190 0.01331590 0.01500000
v 0.03506890 0.01363000 0.01500000
v 0.03566930 0.01382700 0.01466650
v 0.03405880 0.01311400 0.01500000
v 0.03407700 0.01541930 0.00533351
v 0.03331640 0.01606880 0.00533351
v 0.03359700 0.01621290 0.00550000
v 0.03417530 0.01571900 0.00550000
v 0.03359700 0.01621290 0.01450000
v 0.03417530 0.01571900 0.01450000
v 0.03262300 0.01570080 0.01500000
v 0.03213470 0.01536420 0.01500000
v 0.03275430 0.01578040 0.01500000
v 0.03331640 0.01606880 0.01466650
v 0.03183730 0.01511270 0.01500000
v 0.03356590 0.01414190 0.01500000
v 0.03336400 0.01380880 0.01500000
v 0.03407700 0.01541930 0.01466650
v 0.03388000 0.01481890 0.01500000
v 0.03382200 0.01467680 0.01500000
v 0.03764250 0.01124460 0.00533351
v 0.03795380 0.01129490 0.00550000
v 0.03835120 0.01064650 0.00550000
v 0.03816500 0.01039180 0.00533351
v 0.03795380 0.01129490 0.01450000
v 0.03835120 0.01064650 0.01450000
v 0.03728430 0.00933491 0.01500000
v 0.03698930 0.00908052 0.01500000
v 0.03816500 0.01039180 0.01466650
v 0.03779220 0.00988175 0.01500000
v 0.03769310 0.00976451 0.01500000
v 0.03686920 0.01110890 0.01500000
v 0.03630090 0.01093970 0.01500000
v 0.03701870 0.01114400 0.01500000
v 0.03764250 0.01124460 0.01466650
v 0.03594030 0.01079240 0.01500000
v 0.03918740 0.00838541 0.00533351
v 0.03950280 0.00838633 0.00550000
v 0.03979380 0.00768374 0.00550000
v 0.03957010 0.00746136 0.00533351
v 0.03950280 0.00838633 0.01450000
v 0.03979380 0.00768374 0.01450000
v 0.03900580 0.00691559 0.01500000
v 0.03853480 0.00655524 0.01500000
v 0.03820380 0.00635012 0.01500000
v 0.03957010 0.00746136 0.01466650
v 0.03912210 0.00701588 0.01500000
v 0.03840240 0.00837232 0.01500000
v 0.03781460 0.00829408 0.01500000
v 0.03855550 0.00838358 0.01500000
v 0.03918740 0.00838541 0.01466650
v 0.03743540 0.00820501 0.01500000
v 0.04026600 0.00531971 0.00533351
v 0.04057770 0.00527128 0.00550000
v 0.04075520 0.00453182 0.00550000
v 0.04049950 0.00434717 0.00533351
v 0.04057770 0.00527128 0.01450000
v 0.04075520 0.00453182 0.01450000
v 0.03933520 0.00361415 0.01500000
v 0.03897610 0.00346335 0.01500000
v 0.04049950 0.00434717 0.01466650
v 0.03998720 0.00397727 0.01500000
v 0.03985680 0.00389639 0.01500000
v 0.03948870 0.00542958 0.01500000
v 0.03889580 0.00544426 0.01500000
v 0.03964160 0.00541674 0.01500000
v 0.04026600 0.00531971 0.01466650
v 0.03850740 0.00541560 0.01500000
v 0.04085170 0.00212303 0.00533351
v 0.04115200 0.00202643 0.00550000
v 0.04121170 0.00126831 0.00550000
v 0.04093020 0.00112593 0.00533351
v 0.04115200 0.00202643 0.01450000
v 0.04121170 0.00126831 0.01450000
v 0.04010120 0.00235314 0.01500000
v 0.03951790 0.00246038 0.01500000
v 0.04025030 0.00231653 0.01500000
v 0.04085170 0.00212303 0.01466650
v 0.03912980 0.00249284 0.01500000
v 0.04022490 0.00078124 0.01500000
v 0.03966560 0.00058407 0.01500000
v 0.03928730 0.00049131 0.01500000
v 0.04093020 0.00112593 0.01466650
v 0.04036640 0.00084072 0.01500000
v 0.02556970 0.02001600 0.00533351
v 0.02459720 0.02024950 0.00533351
v 0.02478180 0.02050520 0.00550000
v 0.02552130 0.02032770 0.00550000
v 0.02478180 0.02050520 0.01450000
v 0.02552130 0.02032770 0.01450000
v 0.02386420 0.01908520 0.01500000
v 0.02422730 0.01973720 0.01500000
v 0.02459720 0.02024950 0.01466650
v 0.02414640 0.01960680 0.01500000
v 0.02371340 0.01872610 0.01500000
v 0.02569430 0.01864580 0.01500000
v 0.02566560 0.01825740 0.01500000
v 0.02556970 0.02001600 0.01466650
v 0.02566670 0.01939160 0.01500000
v 0.02567960 0.01923870 0.01500000
v 0.02137590 0.02068020 0.00533351
v 0.02151830 0.02096170 0.00550000
v 0.02227640 0.02090200 0.00550000
v 0.02237300 0.02060170 0.00533351
v 0.02151830 0.02096170 0.01450000
v 0.02227640 0.02090200 0.01450000
v 0.02083410 0.01941560 0.01500000
v 0.02109070 0.02011640 0.01500000
v 0.02137590 0.02068020 0.01466650
v 0.02103120 0.01997490 0.01500000
v 0.02074130 0.01903730 0.01500000
v 0.02271040 0.01926790 0.01500000
v 0.02274280 0.01887980 0.01500000
v 0.02237300 0.02060170 0.01466650
v 0.02256650 0.02000030 0.01500000
v 0.02260310 0.01985120 0.01500000
v 0.01812700 0.02060170 0.00533351
v 0.01822360 0.02090200 0.00550000
v 0.01898170 0.02096170 0.00550000
v 0.01912410 0.02068020 0.00533351
v 0.01822360 0.02090200 0.01450000
v 0.01898170 0.02096170 0.01450000
v 0.01789690 0.01985120 0.01500000
v 0.01778960 0.01926790 0.01500000
v 0.01793350 0.02000030 0.01500000
v 0.01812700 0.02060170 0.01466650
v 0.01775720 0.01887980 0.01500000
v 0.01946880 0.01997490 0.01500000
v 0.01966590 0.01941560 0.01500000
v 0.01975870 0.01903730 0.01500000
v 0.01912410 0.02068020 0.01466650
v 0.01940930 0.02011640 0.01500000
v 0.01493030 0.02001600 0.00533351
v 0.01497870 0.02032770 0.00550000
v 0.01571820 0.02050520 0.00550000
v 0.01590280 0.02024950 0.00533351
v 0.01497870 0.02032770 0.01450000
v 0.01571820 0.02050520 0.01450000
v 0.01480570 0.01864580 0.01500000
v 0.01483330 0.01939160 0.01500000
v 0.01493030 0.02001600 0.01466650
v 0.01482040 0.01923870 0.01500000
v 0.01483440 0.01825740 0.01500000
v 0.01663580 0.01908520 0.01500000
v 0.01678660 0.01872610 0.01500000
v 0.01590280 0.02024950 0.01466650
v 0.01627270 0.01973720 0.01500000
v 0.01635360 0.01960680 0.01500000
v 0.00642303 0.01541930 0.00533351
v 0.00632469 0.01571900 0.00550000
v 0.00690296 0.01621290 0.00550000
v 0.00718357 0.01606880 0.00533351
v 0.00632469 0.01571900 0.01450000
v 0.00690296 0.01621290 0.01450000
v 0.00836527 0.01536420 0.01500000
v 0.00866266 0.01511270 0.01500000
v 0.00718357 0.01606880 0.01466650
v 0.00774571 0.01578040 0.01500000
v 0.00787701 0.01570080 0.01500000
v 0.00667804 0.01467680 0.01500000
v 0.00693410 0.01414190 0.01500000
v 0.00662002 0.01481890 0.01500000
v 0.00642303 0.01541930 0.01466650
v 0.00713598 0.01380880 0.01500000
v 0.00418116 0.01306640 0.00533351
v 0.00403715 0.01334700 0.00550000
v 0.00453104 0.01392530 0.00550000
v 0.00483072 0.01382700 0.00533351
v 0.00403715 0.01334700 0.01450000
v 0.00453104 0.01392530 0.01450000
v 0.00454917 0.01237300 0.01500000
v 0.00488576 0.01188470 0.01500000
v 0.00446964 0.01250430 0.01500000
v 0.00418116 0.01306640 0.01466650
v 0.00513726 0.01158730 0.01500000
v 0.00610810 0.01331590 0.01500000
v 0.00644117 0.01311400 0.01500000
v 0.00483072 0.01382700 0.01466650
v 0.00543107 0.01363000 0.01500000
v 0.00557319 0.01357200 0.01500000
v 0.00900537 0.01739250 0.00533351
v 0.00895513 0.01770380 0.00550000
v 0.00960353 0.01810120 0.00550000
v 0.00985817 0.01791500 0.00533351
v 0.00895513 0.01770380 0.01450000
v 0.00960353 0.01810120 0.01450000
v 0.01091510 0.01703430 0.01500000
v 0.01116950 0.01673930 0.01500000
v 0.00985817 0.01791500 0.01466650
v 0.01036830 0.01754220 0.01500000
v 0.01048550 0.01744310 0.01500000
v 0.00931033 0.01605090 0.01500000
v 0.00910602 0.01676870 0.01500000
v 0.00900537 0.01739250 0.01466650
v 0.00914109 0.01661920 0.01500000
v 0.00945762 0.01569030 0.01500000
v 0.01278860 0.01932010 0.00533351
v 0.01186460 0.01893740 0.00533351
v 0.01186370 0.01925280 0.00550000
v 0.01256630 0.01954380 0.00550000
v 0.01186370 0.01925280 0.01450000
v 0.01256630 0.01954380 0.01450000
v 0.01195590 0.01756460 0.01500000
v 0.01186640 0.01830550 0.01500000
v 0.01186460 0.01893740 0.01466650
v 0.01187770 0.01815240 0.01500000
v 0.01204500 0.01718540 0.01500000
v 0.01369480 0.01828480 0.01500000
v 0.01389990 0.01795380 0.01500000
v 0.01278860 0.01932010 0.01466650
v 0.01323410 0.01887210 0.01500000
v 0.01333440 0.01875580 0.01500000
v 0.02459720 -0.02024950 0.00533351
v 0.02556970 -0.02001600 0.00533351
v 0.02552130 -0.02032770 0.00550000
v 0.02478180 -0.02050520 0.00550000
v 0.02552130 -0.02032770 0.01450000
v 0.02478180 -0.02050520 0.01450000
v 0.02386420 -0.01908520 0.01500000
v 0.02371340 -0.01872610 0.01500000
v 0.02422730 -0.01973720 0.01500000
v 0.02459720 -0.02024950 0.01466650
v 0.02414640 -0.01960680 0.01500000
v 0.02567960 -0.01923870 0.01500000
v 0.02569430 -0.01864580 0.01500000
v 0.02566670 -0.01939160 0.01500000
v 0.02556970 -0.02001600 0.01466650
v 0.02566560 -0.01825740 0.01500000
v 0.02237300 -0.02060170 0.00533351
v 0.02227640 -0.02090200 0.00550000
v 0.02151830 -0.02096170 0.00550000
v 0.02137590 -0.02068020 0.00533351
v 0.02227640 -0.02090200 0.01450000
v 0.02151830 -0.02096170 0.01450000
v 0.02083410 -0.01941560 0.01500000
v 0.02074130 -0.01903730 0.01500000
v 0.02137590 -0.02068020 0.01466650
v 0.02109070 -0.02011640 0.01500000
v 0.02103120 -0.01997490 0.01500000
v 0.02260310 -0.01985120 0.01500000
v 0.02271040 -0.01926790 0.01500000
v 0.02256650 -0.02000030 0.01500000
v 0.02237300 -0.02060170 0.01466650
v 0.02274280 -0.01887980 0.01500000
v 0.01912410 -0.02068020 0.00533351
v 0.01898170 -0.02096170 0.00550000
v 0.01822360 -0.02090200 0.00550000
v 0.01812700 -0.02060170 0.00533351
v 0.01898170 -0.02096170 0.01450000
v 0.01822360 -0.02090200 0.01450000
v 0.01789690 -0.01985120 0.01500000
v 0.01778960 -0.01926790 0.01500000
v 0.01775720 -0.01887980 0.01500000
v 0.01812700 -0.02060170 0.01466650
v 0.01793350 -0.02000030 0.01500000
v 0.01946880 -0.01997490 0.01500000
v 0.01966590 -0.01941560 0.01500000
v 0.01940930 -0.02011640 0.01500000
v 0.01912410 -0.02068020 0.01466650
v 0.01975870 -0.01903730 0.01500000
v 0.01493030 -0.02001600 0.00533351
v 0.01590280 -0.02024950 0.00533351
v 0.01571820 -0.02050520 0.00550000
v 0.01497870 -0.02032770 0.00550000
v 0.01571820 -0.02050520 0.01450000
v 0.01497870 -0.02032770 0.01450000
v 0.01480570 -0.01864580 0.01500000
v 0.01483440 -0.01825740 0.01500000
v 0.01493030 -0.02001600 0.01466650
v 0.01483330 -0.01939160 0.01500000
v 0.01482040 -0.01923870 0.01500000
v 0.01635360 -0.01960680 0.01500000
v 0.01663580 -0.01908520 0.01500000
v 0.01627270 -0.01973720 0.01500000
v 0.01590280 -0.02024950 0.01466650
v 0.01678660 -0.01872610 0.01500000
v 0.01278860 -0.01932010 0.00533351
v 0.01256630 -0.01954380 0.00550000
v 0.01186370 -0.01925280 0.00550000
v 0.01186460 -0.01893740 0.00533351
v 0.01256630 -0.01954380 0.01450000
v 0.01186370 -0.01925280 0.01450000
v 0.01195590 -0.01756460 0.01500000
v 0.01204500 -0.01718540 0.01500000
v 0.01186460 -0.01893740 0.01466650
v 0.01186640 -0.01830550 0.01500000
v 0.01187770 -0.01815240 0.01500000
v 0.01333440 -0.01875580 0.01500000
v 0.01369480 -0.01828480 0.01500000
v 0.01323410 -0.01887210 0.01500000
v 0.01278860 -0.01932010 0.01466650
v 0.01389990 -0.01795380 0.01500000
v 0.00985817 -0.01791500 0.00533351
v 0.00960353 -0.01810120 0.00550000
v 0.00895513 -0.01770380 0.00550000
v 0.00900537 -0.01739250 0.00533351
v 0.00960353 -0.01810120 0.01450000
v 0.00895513 -0.01770380 0.01450000
v 0.00931033 -0.01605090 0.01500000
v 0.00945762 -0.01569030 0.01500000
v 0.00900537 -0.01739250 0.01466650
v 0.00910602 -0.01676870 0.01500000
v 0.00914109 -0.01661920 0.01500000
v 0.01048550 -0.01744310 0.01500000
v 0.01091510 -0.01703430 0.01500000
v 0.01036830 -0.01754220 0.01500000
v 0.00985817 -0.01791500 0.01466650
v 0.01116950 -0.01673930 0.01500000
v 0.00483072 -0.01382700 0.00533351
v 0.00453104 -0.01392530 0.00550000
v 0.00403715 -0.01334700 0.00550000
v 0.00418116 -0.01306640 0.00533351
v 0.00453104 -0.01392530 0.01450000
v 0.00403715 -0.01334700 0.01450000
v 0.00488576 -0.01188470 0.01500000
v 0.00513726 -0.01158730 0.01500000
v 0.00418116 -0.01306640 0.01466650
v 0.00446964 -0.01250430 0.01500000
v 0.00454917 -0.01237300 0.01500000
v 0.00557319 -0.01357200 0.01500000
v 0.00610810 -0.01331590 0.01500000
v 0.00543107 -0.01363000 0.01500000
v 0.00483072 -0.01382700 0.01466650
v 0.00644117 -0.01311400 0.01500000
v 0.00642303 -0.01541930 0.00533351
v 0.00718357 -0.01606880 0.00533351
v 0.00690296 -0.01621290 0.00550000
v 0.00632469 -0.01571900 0.00550000
v 0.00690296 -0.01621290 0.01450000
v 0.00632469 -0.01571900 0.01450000
v 0.00787701 -0.01570080 0.01500000
v 0.00836527 -0.01536420 0.01500000
v 0.00774571 -0.01578040 0.01500000
v 0.00718357 -0.01606880 0.01466650
v 0.00866266 -0.01511270 0.01500000
v 0.00693410 -0.01414190 0.01500000
v 0.00713598 -0.01380880 0.01500000
v 0.00642303 -0.01541930 0.01466650
v 0.00662002 -0.01481890 0.01500000
v 0.00667804 -0.01467680 0.01500000
v 0.00285755 -0.01124460 0.00533351
v 0.00254616 -0.01129490 0.00550000
v 0.00214882 -0.01064650 0.00550000
v 0.00233495 -0.01039180 0.00533351
v 0.00254616 -0.01129490 0.01450000
v 0.00214882 -0.01064650 0.01450000
v 0.00321574 -0.00933491 0.01500000
v 0.00351067 -0.00908052 0.01500000
v 0.00233495 -0.01039180 0.01466650
v 0.00270782 -0.00988175 0.01500000
v 0.00280691 -0.00976451 0.01500000
v 0.00363077 -0.01110890 0.01500000
v 0.00419914 -0.01093970 0.01500000
v 0.00348132 -0.01114400 0.01500000
v 0.00285755 -0.01124460 0.01466650
v 0.00455970 -0.01079240 0.01500000
v 0.00092988 -0.00746136 0.00533351
v 0.00131263 -0.00838541 0.00533351
v 0.00099722 -0.00838633 0.00550000
v 0.00070620 -0.00768374 0.00550000
v 0.00099722 -0.00838633 0.01450000
v 0.00070620 -0.00768374 0.01450000
v 0.00196516 -0.00655524 0.01500000
v 0.00229625 -0.00635012 0.01500000
v 0.00137795 -0.00701588 0.01500000
v 0.00092988 -0.00746136 0.01466650
v 0.00149416 -0.00691559 0.01500000
v 0.00209756 -0.00837232 0.01500000
v 0.00268541 -0.00829408 0.01500000
v 0.00194447 -0.00838358 0.01500000
v 0.00131263 -0.00838541 0.01466650
v 0.00306457 -0.00820501 0.01500000
v 0.00023401 -0.00531971 0.00533351
v -0.00007766 -0.00527128 0.00550000
v -0.00025519 -0.00453182 0.00550000
v 0.00000052 -0.00434717 0.00533351
v -0.00007766 -0.00527128 0.01450000
v -0.00025519 -0.00453182 0.01450000
v 0.00116481 -0.00361415 0.01500000
v 0.00152391 -0.00346335 0.01500000
v 0.00000052 -0.00434717 0.01466650
v 0.00051277 -0.00397727 0.01500000
v 0.00064324 -0.00389639 0.01500000
v 0.00160418 -0.00544426 0.01500000
v 0.00085836 -0.00541674 0.01500000
v 0.00023401 -0.00531971 0.01466650
v 0.00101133 -0.00542958 0.01500000
v 0.00199260 -0.00541560 0.01500000
v -0.00035174 -0.00212303 0.00533351
v -0.00065200 -0.00202643 0.00550000
v -0.00071167 -0.00126831 0.00550000
v -0.00043022 -0.00112593 0.00533351
v -0.00065200 -0.00202643 0.01450000
v -0.00071167 -0.00126831 0.01450000
v 0.00027510 -0.00078124 0.01500000
v 0.00083441 -0.00058407 0.01500000
v 0.00121267 -0.00049131 0.01500000
v -0.00043022 -0.00112593 0.01466650
v 0.00013359 -0.00084072 0.01500000
v 0.00098207 -0.00246038 0.01500000
v 0.00024973 -0.00231653 0.01500000
v -0.00035174 -0.00212303 0.01466650
v 0.00039881 -0.00235314 0.01500000
v 0.00137020 -0.00249284 0.01500000
v -0.00043022 0.00112593 0.00533351
v -0.00071167 0.00126831 0.00550000
v -0.00065200 0.00202643 0.00550000
v -0.00035174 0.00212303 0.00533351
v -0.00071167 0.00126831 0.01450000
v -0.00065200 0.00202643 0.01450000
v 0.00098207 0.00246038 0.01500000
v 0.00137020 0.00249284 0.01500000
v -0.00035174 0.00212303 0.01466650
v 0.00024973 0.00231653 0.01500000
v 0.00039881 0.00235314 0.01500000
v 0.00027510 0.00078124 0.01500000
v 0.00083441 0.00058407 0.01500000
v 0.00013359 0.00084072 0.01500000
v -0.00043022 0.00112593 0.01466650
v 0.00121267 0.00049131 0.01500000
v 0.00000052 0.00434717 0.00533351
v -0.00025519 0.00453182 0.00550000
v -0.00007766 0.00527128 0.00550000
v 0.00023401 0.00531971 0.00533351
v -0.00025519 0.00453182 0.01450000
v -0.00007766 0.00527128 0.01450000
v 0.00160418 0.00544426 0.01500000
v 0.00199260 0.00541560 0.01500000
v 0.00023401 0.00531971 0.01466650
v 0.00085836 0.00541674 0.01500000
v 0.00101133 0.00542958 0.01500000
v 0.00116481 0.00361415 0.01500000
v 0.00051277 0.00397727 0.01500000
v 0.00000052 0.00434717 0.01466650
v 0.00064324 0.00389639 0.01500000
v 0.00152391 0.00346335 0.01500000
v 0.00092988 0.00746136 0.00533351
v 0.00070620 0.00768374 0.00550000
v 0.00099722 0.00838633 0.00550000
v 0.00131263 0.00838541 0.00533351
v 0.00070620 0.00768374 0.01450000
v 0.00099722 0.00838633 0.01450000
v 0.00268541 0.00829408 0.01500000
v 0.00306457 0.00820501 0.01500000
v 0.00131263 0.00838541 0.01466650
v 0.00194447 0.00838358 0.01500000
v 0.00209756 0.00837232 0.01500000
v 0.00149416 0.00691559 0.01500000
v 0.00196516 0.00655524 0.01500000
v 0.00137795 0.00701588 0.01500000
v 0.00092988 0.00746136 0.01466650
v 0.00229625 0.00635012 0.01500000
v 0.00233495 0.01039180 0.00533351
v 0.00214882 0.01064650 0.00550000
v 0.00254616 0.01129490 0.00550000
v 0.00285755 0.01124460 0.00533351
v 0.00214882 0.01064650 0.01450000
v 0.00254616 0.01129490 0.01450000
v 0.00321574 0.00933491 0.01500000
v 0.00270782 0.00988175 0.01500000
v 0.00233495 0.01039180 0.01466650
v 0.00280691 0.00976451 0.01500000
v 0.00351067 0.00908052 0.01500000
v 0.00363077 0.01110890 0.01500000
v 0.00419914 0.01093970 0.01500000
v 0.00455970 0.01079240 0.01500000
v 0.00285755 0.01124460 0.01466650
v 0.00348132 0.01114400 0.01500000
v 0.00310142 0.00819639 0.01500000
v 0.00313898 0.00819175 0.01500000
v 0.00317682 0.00819115 0.01500000
v 0.00321450 0.00819459 0.01500000
v 0.00325161 0.00820203 0.01500000
v 0.00328771 0.00821340 0.01500000
v 0.00332238 0.00822855 0.01500000
v 0.00335525 0.00824731 0.01500000
v 0.00338592 0.00826948 0.01500000
v 0.00341405 0.00829479 0.01500000
v 0.00343932 0.00832297 0.01500000
v 0.00346144 0.00835368 0.01500000
v 0.00348015 0.00838657 0.01500000
v 0.00360805 0.00863759 0.01500000
v 0.00362366 0.00867207 0.01500000
v 0.00363551 0.00870801 0.01500000
v 0.00364345 0.00874501 0.01500000
v 0.00364739 0.00878265 0.01500000
v 0.00364730 0.00882049 0.01500000
v 0.00364316 0.00885811 0.01500000
v 0.00363504 0.00889507 0.01500000
v 0.00362301 0.00893095 0.01500000
v 0.00360722 0.00896535 0.01500000
v 0.00358786 0.00899786 0.01500000
v 0.00356513 0.00902812 0.01500000
v 0.00353930 0.00905578 0.01500000
v 0.00203035 0.00541285 0.01500000
v 0.00206817 0.00541414 0.01500000
v 0.00210564 0.00541947 0.01500000
v 0.00214232 0.00542876 0.01500000
v 0.00217780 0.00544192 0.01500000
v 0.00221168 0.00545879 0.01500000
v 0.00224356 0.00547918 0.01500000
v 0.00227309 0.00550285 0.01500000
v 0.00229991 0.00552954 0.01500000
v 0.00232374 0.00555895 0.01500000
v 0.00234429 0.00559073 0.01500000
v 0.00236133 0.00562452 0.01500000
v 0.00237466 0.00565993 0.01500000
v 0.00246172 0.00592788 0.01500000
v 0.00247175 0.00596437 0.01500000
v 0.00247783 0.00600172 0.01500000
v 0.00247988 0.00603951 0.01500000
v 0.00247789 0.00607730 0.01500000
v 0.00247188 0.00611466 0.01500000
v 0.00246191 0.00615117 0.01500000
v 0.00244810 0.00618641 0.01500000
v 0.00243061 0.00621997 0.01500000
v 0.00240963 0.00625147 0.01500000
v 0.00238542 0.00628055 0.01500000
v 0.00235824 0.00630688 0.01500000
v 0.00232840 0.00633016 0.01500000
v 0.00140791 0.00249602 0.01500000
v 0.00144506 0.00250322 0.01500000
v 0.00148123 0.00251434 0.01500000
v 0.00151601 0.00252926 0.01500000
v 0.00154900 0.00254781 0.01500000
v 0.00157982 0.00256977 0.01500000
v 0.00160812 0.00259489 0.01500000
v 0.00163358 0.00262289 0.01500000
v 0.00165590 0.00265345 0.01500000
v 0.00167483 0.00268622 0.01500000
v 0.00169015 0.00272083 0.01500000
v 0.00170170 0.00275687 0.01500000
v 0.00170933 0.00279393 0.01500000
v 0.00175340 0.00307219 0.01500000
v 0.00175760 0.00310981 0.01500000
v 0.00175776 0.00314765 0.01500000
v 0.00175387 0.00318529 0.01500000
v 0.00174599 0.00322231 0.01500000
v 0.00173421 0.00325827 0.01500000
v 0.00171865 0.00329277 0.01500000
v 0.00169950 0.00332541 0.01500000
v 0.00167698 0.00335582 0.01500000
v 0.00165133 0.00338365 0.01500000
v 0.00162287 0.00340859 0.01500000
v 0.00159190 0.00343034 0.01500000
v 0.00155879 0.00344867 0.01500000
v 0.00124942 -0.00048226 0.01500000
v 0.00128499 -0.00046934 0.01500000
v 0.00131898 -0.00045270 0.01500000
v 0.00135099 -0.00043252 0.01500000
v 0.00138068 -0.00040904 0.01500000
v 0.00140768 -0.00038253 0.01500000
v 0.00143170 -0.00035329 0.01500000
v 0.00145246 -0.00032165 0.01500000
v 0.00146973 -0.00028797 0.01500000
v 0.00148330 -0.00025265 0.01500000
v 0.00149303 -0.00021607 0.01500000
v 0.00149879 -0.00017867 0.01500000
v 0.00150053 -0.00014087 0.01500000
v 0.00150053 0.00014087 0.01500000
v 0.00149879 0.00017867 0.01500000
v 0.00149303 0.00021607 0.01500000
v 0.00148330 0.00025265 0.01500000
v 0.00146973 0.00028797 0.01500000
v 0.00145246 0.00032165 0.01500000
v 0.00143170 0.00035329 0.01500000
v 0.00140768 0.00038253 0.01500000
v 0.00138068 0.00040904 0.01500000
v 0.00135099 0.00043252 0.01500000
v 0.00131898 0.00045270 0.01500000
v 0.00128499 0.00046934 0.01500000
v 0.00124942 0.00048226 0.01500000
v 0.00155879 -0.00344867 0.01500000
v 0.00159190 -0.00343034 0.01500000
v 0.00162287 -0.00340859 0.01500000
v 0.00165133 -0.00338365 0.01500000
v 0.00167698 -0.00335582 0.01500000
v 0.00169950 -0.00332541 0.01500000
v 0.00171865 -0.00329277 0.01500000
v 0.00173421 -0.00325827 0.01500000
v 0.00174599 -0.00322231 0.01500000
v 0.00175387 -0.00318529 0.01500000
v 0.00175776 -0.00314765 0.01500000
v 0.00175760 -0.00310981 0.01500000
v 0.00175340 -0.00307219 0.01500000
v 0.00170933 -0.00279393 0.01500000
v 0.00170170 -0.00275687 0.01500000
v 0.00169015 -0.00272083 0.01500000
v 0.00167483 -0.00268622 0.01500000
v 0.00165590 -0.00265345 0.01500000
v 0.00163358 -0.00262289 0.01500000
v 0.00160812 -0.00259489 0.01500000
v 0.00157982 -0.00256977 0.01500000
v 0.00154900 -0.00254781 0.01500000
v 0.00151601 -0.00252926 0.01500000
v 0.00148123 -0.00251434 0.01500000
v 0.00144506 -0.00250322 0.01500000
v 0.00140791 -0.00249602 0.01500000
v 0.00232840 -0.00633016 0.01500000
v 0.00235824 -0.00630688 0.01500000
v 0.00238542 -0.00628055 0.01500000
v 0.00240963 -0.00625147 0.01500000
v 0.00243061 -0.00621997 0.01500000
v 0.00244810 -0.00618641 0.01500000
v 0.00246191 -0.00615117 0.01500000
v 0.00247188 -0.00611466 0.01500000
v 0.00247789 -0.00607730 0.01500000
v 0.00247988 -0.00603951 0.01500000
v 0.00247783 -0.00600172 0.01500000
v 0.00247175 -0.00596437 0.01500000
v 0.00246172 -0.00592788 0.01500000
v 0.00237466 -0.00565993 0.01500000
v 0.00236133 -0.00562452 0.01500000
v 0.00234429 -0.00559073 0.01500000
v 0.00232374 -0.00555895 0.01500000
v 0.00229991 -0.00552954 0.01500000
v 0.00227309 -0.00550285 0.01500000
v 0.00224356 -0.00547918 0.01500000
v 0.00221168 -0.00545879 0.01500000
v 0.00217780 -0.00544192 0.01500000
v 0.00214232 -0.00542876 0.01500000
v 0.00210564 -0.00541947 0.01500000
v 0.00206817 -0.00541414 0.01500000
v 0.00203035 -0.00541285 0.01500000
v 0.00353930 -0.00905578 0.01500000
v 0.00356513 -0.00902812 0.01500000
v 0.00358786 -0.00899786 0.01500000
v 0.00360722 -0.00896535 0.01500000
v 0.00362301 -0.00893095 0.01500000
v 0.00363504 -0.00889507 0.01500000
v 0.00364316 -0.00885811 0.01500000
v 0.00364730 -0.00882049 0.01500000
v 0.00364739 -0.00878265 0.01500000
v 0.00364345 -0.00874501 0.01500000
v 0.00363551 -0.00870801 0.01500000
v 0.00362366 -0.00867207 0.01500000
v 0.00360805 -0.00863759 0.01500000
v 0.00348015 -0.00838657 0.01500000
v 0.00346144 -0.00835368 0.01500000
v 0.00343932 -0.00832297 0.01500000
v 0.00341405 -0.00829479 0.01500000
v 0.00338592 -0.00826948 0.01500000
v 0.00335525 -0.00824731 0.01500000
v 0.00332238 -0.00822855 0.01500000
v 0.00328771 -0.00821340 0.01500000
v 0.00325161 -0.00820203 0.01500000
v 0.00321450 -0.00819459 0.01500000
v 0.00317682 -0.00819115 0.01500000
v 0.00313898 -0.00819175 0.01500000
v 0.00310142 -0.00819639 0.01500000
v 0.00516167 -0.01155840 0.01500000
v 0.00518285 -0.01152710 0.01500000
v 0.00520057 -0.01149360 0.01500000
v 0.00521461 -0.01145850 0.01500000
v 0.00522483 -0.01142200 0.01500000
v 0.00523109 -0.01138470 0.01500000
v 0.00523333 -0.01134690 0.01500000
v 0.00523153 -0.01130910 0.01500000
v 0.00522571 -0.01127170 0.01500000
v 0.00521592 -0.01123520 0.01500000
v 0.00520229 -0.01119990 0.01500000
v 0.00518497 -0.01116620 0.01500000
v 0.00516416 -0.01113460 0.01500000
v 0.00499856 -0.01090670 0.01500000
v 0.00497493 -0.01087710 0.01500000
v 0.00494829 -0.01085030 0.01500000
v 0.00491892 -0.01082640 0.01500000
v 0.00488718 -0.01080580 0.01500000
v 0.00485341 -0.01078870 0.01500000
v 0.00481802 -0.01077530 0.01500000
v 0.00478140 -0.01076580 0.01500000
v 0.00474397 -0.01076020 0.01500000
v 0.00470615 -0.01075860 0.01500000
v 0.00466839 -0.01076110 0.01500000
v 0.00463111 -0.01076770 0.01500000
v 0.00459474 -0.01077810 0.01500000
v 0.00947189 -0.01565530 0.01500000
v 0.00948235 -0.01561890 0.01500000
v 0.00948886 -0.01558160 0.01500000
v 0.00949136 -0.01554380 0.01500000
v 0.00948981 -0.01550600 0.01500000
v 0.00948424 -0.01546860 0.01500000
v 0.00947470 -0.01543200 0.01500000
v 0.00946130 -0.01539660 0.01500000
v 0.00944421 -0.01536280 0.01500000
v 0.00942361 -0.01533110 0.01500000
v 0.00939973 -0.01530170 0.01500000
v 0.00937286 -0.01527510 0.01500000
v 0.00934330 -0.01525140 0.01500000
v 0.00911537 -0.01508580 0.01500000
v 0.00908377 -0.01506500 0.01500000
v 0.00905012 -0.01504770 0.01500000
v 0.00901482 -0.01503410 0.01500000
v 0.00897826 -0.01502430 0.01500000
v 0.00894087 -0.01501850 0.01500000
v 0.00890307 -0.01501670 0.01500000
v 0.00886529 -0.01501890 0.01500000
v 0.00882797 -0.01502520 0.01500000
v 0.00879153 -0.01503540 0.01500000
v 0.00875638 -0.01504940 0.01500000
v 0.00872294 -0.01506710 0.01500000
v 0.00869158 -0.01508830 0.01500000
v 0.00715557 -0.01377640 0.01500000
v 0.00717159 -0.01374220 0.01500000
v 0.00718385 -0.01370640 0.01500000
v 0.00719222 -0.01366950 0.01500000
v 0.00719661 -0.01363190 0.01500000
v 0.00719696 -0.01359400 0.01500000
v 0.00719327 -0.01355640 0.01500000
v 0.00718557 -0.01351930 0.01500000
v 0.00717397 -0.01348330 0.01500000
v 0.00715859 -0.01344870 0.01500000
v 0.00713960 -0.01341600 0.01500000
v 0.00711723 -0.01338540 0.01500000
v 0.00709173 -0.01335750 0.01500000
v 0.00689251 -0.01315830 0.01500000
v 0.00686455 -0.01313280 0.01500000
v 0.00683403 -0.01311040 0.01500000
v 0.00680129 -0.01309140 0.01500000
v 0.00676672 -0.01307600 0.01500000
v 0.00673070 -0.01306440 0.01500000
v 0.00669364 -0.01305670 0.01500000
v 0.00665598 -0.01305300 0.01500000
v 0.00661814 -0.01305340 0.01500000
v 0.00658055 -0.01305780 0.01500000
v 0.00654364 -0.01306610 0.01500000
v 0.00650784 -0.01307840 0.01500000
v 0.00647355 -0.01309440 0.01500000
v 0.01205360 -0.01714860 0.01500000
v 0.01205820 -0.01711100 0.01500000
v 0.01205890 -0.01707320 0.01500000
v 0.01205540 -0.01703550 0.01500000
v 0.01204800 -0.01699840 0.01500000
v 0.01203660 -0.01696230 0.01500000
v 0.01202150 -0.01692760 0.01500000
v 0.01200270 -0.01689480 0.01500000
v 0.01198050 -0.01686410 0.01500000
v 0.01195520 -0.01683590 0.01500000
v 0.01192700 -0.01681070 0.01500000
v 0.01189630 -0.01678860 0.01500000
v 0.01186340 -0.01676990 0.01500000
v 0.01161240 -0.01664190 0.01500000
v 0.01157790 -0.01662630 0.01500000
v 0.01154200 -0.01661450 0.01500000
v 0.01150500 -0.01660660 0.01500000
v 0.01146740 -0.01660260 0.01500000
v 0.01142950 -0.01660270 0.01500000
v 0.01139190 -0.01660680 0.01500000
v 0.01135490 -0.01661500 0.01500000
v 0.01131900 -0.01662700 0.01500000
v 0.01128470 -0.01664280 0.01500000
v 0.01125210 -0.01666210 0.01500000
v 0.01122190 -0.01668490 0.01500000
v 0.01119420 -0.01671070 0.01500000
v 0.01483720 -0.01821970 0.01500000
v 0.01483590 -0.01818180 0.01500000
v 0.01483050 -0.01814440 0.01500000
v 0.01482120 -0.01810770 0.01500000
v 0.01480810 -0.01807220 0.01500000
v 0.01479120 -0.01803830 0.01500000
v 0.01477080 -0.01800640 0.01500000
v 0.01474710 -0.01797690 0.01500000
v 0.01472050 -0.01795010 0.01500000
v 0.01469110 -0.01792630 0.01500000
v 0.01465930 -0.01790570 0.01500000
v 0.01462550 -0.01788870 0.01500000
v 0.01459010 -0.01787530 0.01500000
v 0.01432210 -0.01778830 0.01500000
v 0.01428560 -0.01777820 0.01500000
v 0.01424830 -0.01777220 0.01500000
v 0.01421050 -0.01777010 0.01500000
v 0.01417270 -0.01777210 0.01500000
v 0.01413530 -0.01777810 0.01500000
v 0.01409880 -0.01778810 0.01500000
v 0.01406360 -0.01780190 0.01500000
v 0.01403000 -0.01781940 0.01500000
v 0.01399850 -0.01784040 0.01500000
v 0.01396950 -0.01786460 0.01500000
v 0.01394310 -0.01789180 0.01500000
v 0.01391980 -0.01792160 0.01500000
v 0.01775400 -0.01884210 0.01500000
v 0.01774680 -0.01880490 0.01500000
v 0.01773570 -0.01876880 0.01500000
v 0.01772070 -0.01873400 0.01500000
v 0.01770220 -0.01870100 0.01500000
v 0.01768020 -0.01867020 0.01500000
v 0.01765510 -0.01864190 0.01500000
v 0.01762710 -0.01861640 0.01500000
v 0.01759650 -0.01859410 0.01500000
v 0.01756380 -0.01857520 0.01500000
v 0.01752920 -0.01855980 0.01500000
v 0.01749310 -0.01854830 0.01500000
v 0.01745610 -0.01854070 0.01500000
v 0.01717780 -0.01849660 0.01500000
v 0.01714020 -0.01849240 0.01500000
v 0.01710240 -0.01849220 0.01500000
v 0.01706470 -0.01849610 0.01500000
v 0.01702770 -0.01850400 0.01500000
v 0.01699170 -0.01851580 0.01500000
v 0.01695720 -0.01853130 0.01500000
v 0.01692460 -0.01855050 0.01500000
v 0.01689420 -0.01857300 0.01500000
v 0.01686630 -0.01859870 0.01500000
v 0.01684140 -0.01862710 0.01500000
v 0.01681970 -0.01865810 0.01500000
v 0.01680130 -0.01869120 0.01500000
v 0.02073230 -0.01900060 0.01500000
v 0.02071930 -0.01896500 0.01500000
v 0.02070270 -0.01893100 0.01500000
v 0.02068250 -0.01889900 0.01500000
v 0.02065900 -0.01886930 0.01500000
v 0.02063250 -0.01884230 0.01500000
v 0.02060330 -0.01881830 0.01500000
v 0.02057160 -0.01879750 0.01500000
v 0.02053800 -0.01878030 0.01500000
v 0.02050260 -0.01876670 0.01500000
v 0.02046610 -0.01875700 0.01500000
v 0.02042870 -0.01875120 0.01500000
v 0.02039090 -0.01874950 0.01500000
v 0.02010910 -0.01874950 0.01500000
v 0.02007130 -0.01875120 0.01500000
v 0.02003390 -0.01875700 0.01500000
v 0.01999740 -0.01876670 0.01500000
v 0.01996200 -0.01878030 0.01500000
v 0.01992840 -0.01879750 0.01500000
v 0.01989670 -0.01881830 0.01500000
v 0.01986750 -0.01884230 0.01500000
v 0.01984100 -0.01886930 0.01500000
v 0.01981750 -0.01889900 0.01500000
v 0.01979730 -0.01893100 0.01500000
v 0.01978070 -0.01896500 0.01500000
v 0.01976770 -0.01900060 0.01500000
v 0.02369870 -0.01869120 0.01500000
v 0.02368030 -0.01865810 0.01500000
v 0.02365860 -0.01862710 0.01500000
v 0.02363370 -0.01859870 0.01500000
v 0.02360580 -0.01857300 0.01500000
v 0.02357540 -0.01855050 0.01500000
v 0.02354280 -0.01853130 0.01500000
v 0.02350830 -0.01851580 0.01500000
v 0.02347230 -0.01850400 0.01500000
v 0.02343530 -0.01849610 0.01500000
v 0.02339760 -0.01849220 0.01500000
v 0.02335980 -0.01849240 0.01500000
v 0.02332220 -0.01849660 0.01500000
v 0.02304390 -0.01854070 0.01500000
v 0.02300690 -0.01854830 0.01500000
v 0.02297080 -0.01855980 0.01500000
v 0.02293620 -0.01857520 0.01500000
v 0.02290350 -0.01859410 0.01500000
v 0.02287290 -0.01861640 0.01500000
v 0.02284490 -0.01864190 0.01500000
v 0.02281980 -0.01867020 0.01500000
v 0.02279780 -0.01870100 0.01500000
v 0.02277930 -0.01873400 0.01500000
v 0.02276430 -0.01876880 0.01500000
v 0.02275320 -0.01880490 0.01500000
v 0.02274600 -0.01884210 0.01500000
v 0.02658020 -0.01792160 0.01500000
v 0.02655690 -0.01789180 0.01500000
v 0.02653050 -0.01786460 0.01500000
v 0.02650150 -0.01784040 0.01500000
v 0.02647000 -0.01781940 0.01500000
v 0.02643640 -0.01780190 0.01500000
v 0.02640120 -0.01778810 0.01500000
v 0.02636470 -0.01777810 0.01500000
v 0.02632730 -0.01777210 0.01500000
v 0.02628950 -0.01777010 0.01500000
v 0.02625170 -0.01777220 0.01500000
v 0.02621440 -0.01777820 0.01500000
v 0.02617790 -0.01778830 0.01500000
v 0.02590990 -0.01787530 0.01500000
v 0.02587450 -0.01788870 0.01500000
v 0.02584070 -0.01790570 0.01500000
v 0.02580890 -0.01792630 0.01500000
v 0.02577950 -0.01795010 0.01500000
v 0.02575290 -0.01797690 0.01500000
v 0.02572920 -0.01800640 0.01500000
v 0.02570880 -0.01803830 0.01500000
v 0.02569190 -0.01807220 0.01500000
v 0.02567880 -0.01810770 0.01500000
v 0.02566950 -0.01814440 0.01500000
v 0.02566410 -0.01818180 0.01500000
v 0.02566280 -0.01821970 0.01500000
v 0.01119420 0.01671070 0.01500000
v 0.01122190 0.01668490 0.01500000
v 0.01125210 0.01666210 0.01500000
v 0.01128470 0.01664280 0.01500000
v 0.01131900 0.01662700 0.01500000
v 0.01135490 0.01661500 0.01500000
v 0.01139190 0.01660680 0.01500000
v 0.01142950 0.01660270 0.01500000
v 0.01146740 0.01660260 0.01500000
v 0.01150500 0.01660660 0.01500000
v 0.01154200 0.01661450 0.01500000
v 0.01157790 0.01662630 0.01500000
v 0.01161240 0.01664190 0.01500000
v 0.01186340 0.01676990 0.01500000
v 0.01189630 0.01678860 0.01500000
v 0.01192700 0.01681070 0.01500000
v 0.01195520 0.01683590 0.01500000
v 0.01198050 0.01686410 0.01500000
v 0.01200270 0.01689480 0.01500000
v 0.01202150 0.01692760 0.01500000
v 0.01203660 0.01696230 0.01500000
v 0.01204800 0.01699840 0.01500000
v 0.01205540 0.01703550 0.01500000
v 0.01205890 0.01707320 0.01500000
v 0.01205820 0.01711100 0.01500000
v 0.01205360 0.01714860 0.01500000
v 0.00869158 0.01508830 0.01500000
v 0.00872294 0.01506710 0.01500000
v 0.00875638 0.01504940 0.01500000
v 0.00879153 0.01503540 0.01500000
v 0.00882797 0.01502520 0.01500000
v 0.00886529 0.01501890 0.01500000
v 0.00890307 0.01501670 0.01500000
v 0.00894087 0.01501850 0.01500000
v 0.00897826 0.01502430 0.01500000
v 0.00901482 0.01503410 0.01500000
v 0.00905012 0.01504770 0.01500000
v 0.00908377 0.01506500 0.01500000
v 0.00911537 0.01508580 0.01500000
v 0.00934330 0.01525140 0.01500000
v 0.00937286 0.01527510 0.01500000
v 0.00939973 0.01530170 0.01500000
v 0.00942361 0.01533110 0.01500000
v 0.00944421 0.01536280 0.01500000
v 0.00946130 0.01539660 0.01500000
v 0.00947470 0.01543200 0.01500000
v 0.00948424 0.01546860 0.01500000
v 0.00948981 0.01550600 0.01500000
v 0.00949136 0.01554380 0.01500000
v 0.00948886 0.01558160 0.01500000
v 0.00948235 0.01561890 0.01500000
v 0.00947189 0.01565530 0.01500000
v 0.00459474 0.01077810 0.01500000
v 0.00463111 0.01076770 0.01500000
v 0.00466839 0.01076110 0.01500000
v 0.00470615 0.01075860 0.01500000
v 0.00474397 0.01076020 0.01500000
v 0.00478140 0.01076580 0.01500000
v 0.00481802 0.01077530 0.01500000
v 0.00485341 0.01078870 0.01500000
v 0.00488718 0.01080580 0.01500000
v 0.00491892 0.01082640 0.01500000
v 0.00494829 0.01085030 0.01500000
v 0.00497493 0.01087710 0.01500000
v 0.00499856 0.01090670 0.01500000
v 0.00516416 0.01113460 0.01500000
v 0.00518497 0.01116620 0.01500000
v 0.00520229 0.01119990 0.01500000
v 0.00521592 0.01123520 0.01500000
v 0.00522571 0.01127170 0.01500000
v 0.00523153 0.01130910 0.01500000
v 0.00523333 0.01134690 0.01500000
v 0.00523109 0.01138470 0.01500000
v 0.00522483 0.01142200 0.01500000
v 0.00521461 0.01145850 0.01500000
v 0.00520057 0.01149360 0.01500000
v 0.00518285 0.01152710 0.01500000
v 0.00516167 0.01155840 0.01500000
v 0.00647355 0.01309440 0.01500000
v 0.00650784 0.01307840 0.01500000
v 0.00654364 0.01306610 0.01500000
v 0.00658055 0.01305780 0.01500000
v 0.00661814 0.01305340 0.01500000
v 0.00665598 0.01305300 0.01500000
v 0.00669364 0.01305670 0.01500000
v 0.00673070 0.01306440 0.01500000
v 0.00676672 0.01307600 0.01500000
v 0.00680129 0.01309140 0.01500000
v 0.00683403 0.01311040 0.01500000
v 0.00686455 0.01313280 0.01500000
v 0.00689251 0.01315830 0.01500000
v 0.00709173 0.01335750 0.01500000
v 0.00711723 0.01338540 0.01500000
v 0.00713960 0.01341600 0.01500000
v 0.00715859 0.01344870 0.01500000
v 0.00717397 0.01348330 0.01500000
v 0.00718557 0.01351930 0.01500000
v 0.00719327 0.01355640 0.01500000
v 0.00719696 0.01359400 0.01500000
v 0.00719661 0.01363190 0.01500000
v 0.00719222 0.01366950 0.01500000
v 0.00718385 0.01370640 0.01500000
v 0.00717159 0.01374220 0.01500000
v 0.00715557 0.01377640 0.01500000
v 0.01391980 0.01792160 0.01500000
v 0.01394310 0.01789180 0.01500000
v 0.01396950 0.01786460 0.01500000
v 0.01399850 0.01784040 0.01500000
v 0.01403000 0.01781940 0.01500000
v 0.01406360 0.01780190 0.01500000
v 0.01409880 0.01778810 0.01500000
v 0.01413530 0.01777810 0.01500000
v 0.01417270 0.01777210 0.01500000
v 0.01421050 0.01777010 0.01500000
v 0.01424830 0.01777220 0.01500000
v 0.01428560 0.01777820 0.01500000
v 0.01432210 0.01778830 0.01500000
v 0.01459010 0.01787530 0.01500000
v 0.01462550 0.01788870 0.01500000
v 0.01465930 0.01790570 0.01500000
v 0.01469110 0.01792630 0.01500000
v 0.01472050 0.01795010 0.01500000
v 0.01474710 0.01797690 0.01500000
v 0.01477080 0.01800640 0.01500000
v 0.01479120 0.01803830 0.01500000
v 0.01480810 0.01807220 0.01500000
v 0.01482120 0.01810770 0.01500000
v 0.01483050 0.01814440 0.01500000
v 0.01483590 0.01818180 0.01500000
v 0.01483720 0.01821970 0.01500000
v 0.01680130 0.01869120 0.01500000
v 0.01681970 0.01865810 0.01500000
v 0.01684140 0.01862710 0.01500000
v 0.01686630 0.01859870 0.01500000
v 0.01689420 0.01857300 0.01500000
v 0.01692460 0.01855050 0.01500000
v 0.01695720 0.01853130 0.01500000
v 0.01699170 0.01851580 0.01500000
v 0.01702770 0.01850400 0.01500000
v 0.01706470 0.01849610 0.01500000
v 0.01710240 0.01849220 0.01500000
v 0.01714020 0.01849240 0.01500000
v 0.01717780 0.01849660 0.01500000
v 0.01745610 0.01854070 0.01500000
v 0.01749310 0.01854830 0.01500000
v 0.01752920 0.01855980 0.01500000
v 0.01756380 0.01857520 0.01500000
v 0.01759650 0.01859410 0.01500000
v 0.01762710 0.01861640 0.01500000
v 0.01765510 0.01864190 0.01500000
v 0.01768020 0.01867020 0.01500000
v 0.01770220 0.01870100 0.01500000
v 0.01772070 0.01873400 0.01500000
v 0.01773570 0.01876880 0.01500000
v 0.01774680 0.01880490 0.01500000
v 0.01775400 0.01884210 0.01500000
v 0.01976770 0.01900060 0.01500000
v 0.01978070 0.01896500 0.01500000
v 0.01979730 0.01893100 0.01500000
v 0.01981750 0.01889900 0.01500000
v 0.01984100 0.01886930 0.01500000
v 0.01986750 0.01884230 0.01500000
v 0.01989670 0.01881830 0.01500000
v 0.01992840 0.01879750 0.01500000
v 0.01996200 0.01878030 0.01500000
v 0.01999740 0.01876670 0.01500000
v 0.02003390 0.01875700 0.01500000
v 0.02007130 0.01875120 0.01500000
v 0.02010910 0.01874950 0.01500000
v 0.02039090 0.01874950 0.01500000
v 0.02042870 0.01875120 0.01500000
v 0.02046610 0.01875700 0.01500000
v 0.02050260 0.01876670 0.01500000
v 0.02053800 0.01878030 0.01500000
v 0.02057160 0.01879750 0.01500000
v 0.02060330 0.01881830 0.01500000
v 0.02063250 0.01884230 0.01500000
v 0.02065900 0.01886930 0.01500000
v 0.02068250 0.01889900 0.01500000
v 0.02070270 0.01893100 0.01500000
v 0.02071930 0.01896500 0.01500000
v 0.02073230 0.01900060 0.01500000
v 0.02274600 0.01884210 0.01500000
v 0.02275320 0.01880490 0.01500000
v 0.02276430 0.01876880 0.01500000
v 0.02277930 0.01873400 0.01500000
v 0.02279780 0.01870100 0.01500000
v 0.02281980 0.01867020 0.01500000
v 0.02284490 0.01864190 0.01500000
v 0.02287290 0.01861640 0.01500000
v 0.02290350 0.01859410 0.01500000
v 0.02293620 0.01857520 0.01500000
v 0.02297080 0.01855980 0.01500000
v 0.02300690 0.01854830 0.01500000
v 0.02304390 0.01854070 0.01500000
v 0.02332220 0.01849660 0.01500000
v 0.02335980 0.01849240 0.01500000
v 0.02339760 0.01849220 0.01500000
v 0.02343530 0.01849610 0.01500000
v 0.02347230 0.01850400 0.01500000
v 0.02350830 0.01851580 0.01500000
v 0.02354280 0.01853130 0.01500000
v 0.02357540 0.01855050 0.01500000
v 0.02360580 0.01857300 0.01500000
v 0.02363370 0.01859870 0.01500000
v 0.02365860 0.01862710 0.01500000
v 0.02368030 0.01865810 0.01500000
v 0.02369870 0.01869120 0.01500000
v 0.03894120 0.00344867 0.01500000
v 0.03890810 0.00343034 0.01500000
v 0.03887710 0.00340859 0.01500000
v 0.03884870 0.00338365 0.01500000
v 0.03882300 0.00335582 0.01500000
v 0.03880050 0.00332541 0.01500000
v 0.03878130 0.00329277 0.01500000
v 0.03876580 0.00325827 0.01500000
v 0.03875400 0.00322231 0.01500000
v 0.03874610 0.00318529 0.01500000
v 0.03874220 0.00314765 0.01500000
v 0.03874240 0.00310981 0.01500000
v 0.03874660 0.00307219 0.01500000
v 0.03879070 0.00279393 0.01500000
v 0.03879830 0.00275687 0.01500000
v 0.03880980 0.00272083 0.01500000
v 0.03882520 0.00268622 0.01500000
v 0.03884410 0.00265345 0.01500000
v 0.03886640 0.00262289 0.01500000
v 0.03889190 0.00259489 0.01500000
v 0.03892020 0.00256977 0.01500000
v 0.03895100 0.00254781 0.01500000
v 0.03898400 0.00252926 0.01500000
v 0.03901880 0.00251434 0.01500000
v 0.03905490 0.00250322 0.01500000
v 0.03909210 0.00249602 0.01500000
v 0.03817160 0.00633016 0.01500000
v 0.03814180 0.00630688 0.01500000
v 0.03811460 0.00628055 0.01500000
v 0.03809040 0.00625147 0.01500000
v 0.03806940 0.00621997 0.01500000
v 0.03805190 0.00618641 0.01500000
v 0.03803810 0.00615117 0.01500000
v 0.03802810 0.00611466 0.01500000
v 0.03802210 0.00607730 0.01500000
v 0.03802010 0.00603951 0.01500000
v 0.03802220 0.00600172 0.01500000
v 0.03802820 0.00596437 0.01500000
v 0.03803830 0.00592788 0.01500000
v 0.03812530 0.00565993 0.01500000
v 0.03813870 0.00562452 0.01500000
v 0.03815570 0.00559073 0.01500000
v 0.03817630 0.00555895 0.01500000
v 0.03820010 0.00552954 0.01500000
v 0.03822690 0.00550285 0.01500000
v 0.03825640 0.00547918 0.01500000
v 0.03828830 0.00545879 0.01500000
v 0.03832220 0.00544192 0.01500000
v 0.03835770 0.00542876 0.01500000
v 0.03839440 0.00541947 0.01500000
v 0.03843180 0.00541414 0.01500000
v 0.03846970 0.00541285 0.01500000
v 0.03696070 0.00905578 0.01500000
v 0.03693490 0.00902812 0.01500000
v 0.03691210 0.00899786 0.01500000
v 0.03689280 0.00896535 0.01500000
v 0.03687700 0.00893095 0.01500000
v 0.03686500 0.00889507 0.01500000
v 0.03685680 0.00885811 0.01500000
v 0.03685270 0.00882049 0.01500000
v 0.03685260 0.00878265 0.01500000
v 0.03685660 0.00874501 0.01500000
v 0.03686450 0.00870801 0.01500000
v 0.03687630 0.00867207 0.01500000
v 0.03689190 0.00863759 0.01500000
v 0.03701990 0.00838657 0.01500000
v 0.03703860 0.00835368 0.01500000
v 0.03706070 0.00832297 0.01500000
v 0.03708590 0.00829479 0.01500000
v 0.03711410 0.00826948 0.01500000
v 0.03714480 0.00824731 0.01500000
v 0.03717760 0.00822855 0.01500000
v 0.03721230 0.00821340 0.01500000
v 0.03724840 0.00820203 0.01500000
v 0.03728550 0.00819459 0.01500000
v 0.03732320 0.00819115 0.01500000
v 0.03736100 0.00819175 0.01500000
v 0.03739860 0.00819639 0.01500000
v 0.03533830 0.01155840 0.01500000
v 0.03531710 0.01152710 0.01500000
v 0.03529940 0.01149360 0.01500000
v 0.03528540 0.01145850 0.01500000
v 0.03527520 0.01142200 0.01500000
v 0.03526890 0.01138470 0.01500000
v 0.03526670 0.01134690 0.01500000
v 0.03526850 0.01130910 0.01500000
v 0.03527430 0.01127170 0.01500000
v 0.03528410 0.01123520 0.01500000
v 0.03529770 0.01119990 0.01500000
v 0.03531500 0.01116620 0.01500000
v 0.03533580 0.01113460 0.01500000
v 0.03550140 0.01090670 0.01500000
v 0.03552510 0.01087710 0.01500000
v 0.03555170 0.01085030 0.01500000
v 0.03558110 0.01082640 0.01500000
v 0.03561280 0.01080580 0.01500000
v 0.03564660 0.01078870 0.01500000
v 0.03568200 0.01077530 0.01500000
v 0.03571860 0.01076580 0.01500000
v 0.03575600 0.01076020 0.01500000
v 0.03579380 0.01075860 0.01500000
v 0.03583160 0.01076110 0.01500000
v 0.03586890 0.01076770 0.01500000
v 0.03590530 0.01077810 0.01500000
v 0.03102810 0.01565530 0.01500000
v 0.03101770 0.01561890 0.01500000
v 0.03101110 0.01558160 0.01500000
v 0.03100860 0.01554380 0.01500000
v 0.03101020 0.01550600 0.01500000
v 0.03101580 0.01546860 0.01500000
v 0.03102530 0.01543200 0.01500000
v 0.03103870 0.01539660 0.01500000
v 0.03105580 0.01536280 0.01500000
v 0.03107640 0.01533110 0.01500000
v 0.03110030 0.01530170 0.01500000
v 0.03112710 0.01527510 0.01500000
v 0.03115670 0.01525140 0.01500000
v 0.03138460 0.01508580 0.01500000
v 0.03141620 0.01506500 0.01500000
v 0.03144990 0.01504770 0.01500000
v 0.03148520 0.01503410 0.01500000
v 0.03152170 0.01502430 0.01500000
v 0.03155910 0.01501850 0.01500000
v 0.03159690 0.01501670 0.01500000
v 0.03163470 0.01501890 0.01500000
v 0.03167200 0.01502520 0.01500000
v 0.03170850 0.01503540 0.01500000
v 0.03174360 0.01504940 0.01500000
v 0.03177710 0.01506710 0.01500000
v 0.03180840 0.01508830 0.01500000
v 0.03334440 0.01377640 0.01500000
v 0.03332840 0.01374220 0.01500000
v 0.03331610 0.01370640 0.01500000
v 0.03330780 0.01366950 0.01500000
v 0.03330340 0.01363190 0.01500000
v 0.03330300 0.01359400 0.01500000
v 0.03330670 0.01355640 0.01500000
v 0.03331440 0.01351930 0.01500000
v 0.03332600 0.01348330 0.01500000
v 0.03334140 0.01344870 0.01500000
v 0.03336040 0.01341600 0.01500000
v 0.03338280 0.01338540 0.01500000
v 0.03340830 0.01335750 0.01500000
v 0.03360750 0.01315830 0.01500000
v 0.03363540 0.01313280 0.01500000
v 0.03366600 0.01311040 0.01500000
v 0.03369870 0.01309140 0.01500000
v 0.03373330 0.01307600 0.01500000
v 0.03376930 0.01306440 0.01500000
v 0.03380640 0.01305670 0.01500000
v 0.03384400 0.01305300 0.01500000
v 0.03388190 0.01305340 0.01500000
v 0.03391950 0.01305780 0.01500000
v 0.03395640 0.01306610 0.01500000
v 0.03399220 0.01307840 0.01500000
v 0.03402640 0.01309440 0.01500000
v 0.02844640 0.01714860 0.01500000
v 0.02844180 0.01711100 0.01500000
v 0.02844110 0.01707320 0.01500000
v 0.02844460 0.01703550 0.01500000
v 0.02845200 0.01699840 0.01500000
v 0.02846340 0.01696230 0.01500000
v 0.02847850 0.01692760 0.01500000
v 0.02849730 0.01689480 0.01500000
v 0.02851950 0.01686410 0.01500000
v 0.02854480 0.01683590 0.01500000
v 0.02857300 0.01681070 0.01500000
v 0.02860370 0.01678860 0.01500000
v 0.02863660 0.01676990 0.01500000
v 0.02888760 0.01664190 0.01500000
v 0.02892210 0.01662630 0.01500000
v 0.02895800 0.01661450 0.01500000
v 0.02899500 0.01660660 0.01500000
v 0.02903260 0.01660260 0.01500000
v 0.02907050 0.01660270 0.01500000
v 0.02910810 0.01660680 0.01500000
v 0.02914510 0.01661500 0.01500000
v 0.02918100 0.01662700 0.01500000
v 0.02921530 0.01664280 0.01500000
v 0.02924790 0.01666210 0.01500000
v 0.02927810 0.01668490 0.01500000
v 0.02930580 0.01671070 0.01500000
v 0.02566280 0.01821970 0.01500000
v 0.02566410 0.01818180 0.01500000
v 0.02566950 0.01814440 0.01500000
v 0.02567880 0.01810770 0.01500000
v 0.02569190 0.01807220 0.01500000
v 0.02570880 0.01803830 0.01500000
v 0.02572920 0.01800640 0.01500000
v 0.02575290 0.01797690 0.01500000
v 0.02577950 0.01795010 0.01500000
v 0.02580890 0.01792630 0.01500000
v 0.02584070 0.01790570 0.01500000
v 0.02587450 0.01788870 0.01500000
v 0.02590990 0.01787530 0.01500000
v 0.02617790 0.01778830 0.01500000
v 0.02621440 0.01777820 0.01500000
v 0.02625170 0.01777220 0.01500000
v 0.02628950 0.01777010 0.01500000
v 0.02632730 0.01777210 0.01500000
v 0.02636470 0.01777810 0.01500000
v 0.02640120 0.01778810 0.01500000
v 0.02643640 0.01780190 0.01500000
v 0.02647000 0.01781940 0.01500000
v 0.02650150 0.01784040 0.01500000
v 0.02653050 0.01786460 0.01500000
v 0.02655690 0.01789180 0.01500000
v 0.02658020 0.01792160 0.01500000
v 0.03402640 -0.01309440 0.01500000
v 0.03399220 -0.01307840 0.01500000
v 0.03395640 -0.01306610 0.01500000
v 0.03391950 -0.01305780 0.01500000
v 0.03388190 -0.01305340 0.01500000
v 0.03384400 -0.01305300 0.01500000
v 0.03380640 -0.01305670 0.01500000
v 0.03376930 -0.01306440 0.01500000
v 0.03373330 -0.01307600 0.01500000
v 0.03369870 -0.01309140 0.01500000
v 0.03366600 -0.01311040 0.01500000
v 0.03363540 -0.01313280 0.01500000
v 0.03360750 -0.01315830 0.01500000
v 0.03340830 -0.01335750 0.01500000
v 0.03338280 -0.01338540 0.01500000
v 0.03336040 -0.01341600 0.01500000
v 0.03334140 -0.01344870 0.01500000
v 0.03332600 -0.01348330 0.01500000
v 0.03331440 -0.01351930 0.01500000
v 0.03330670 -0.01355640 0.01500000
v 0.03330300 -0.01359400 0.01500000
v 0.03330340 -0.01363190 0.01500000
v 0.03330780 -0.01366950 0.01500000
v 0.03331610 -0.01370640 0.01500000
v 0.03332840 -0.01374220 0.01500000
v 0.03334440 -0.01377640 0.01500000
v 0.03590530 -0.01077810 0.01500000
v 0.03586890 -0.01076770 0.01500000
v 0.03583160 -0.01076110 0.01500000
v 0.03579380 -0.01075860 0.01500000
v 0.03575600 -0.01076020 0.01500000
v 0.03571860 -0.01076580 0.01500000
v 0.03568200 -0.01077530 0.01500000
v 0.03564660 -0.01078870 0.01500000
v 0.03561280 -0.01080580 0.01500000
v 0.03558110 -0.01082640 0.01500000
v 0.03555170 -0.01085030 0.01500000
v 0.03552510 -0.01087710 0.01500000
v 0.03550140 -0.01090670 0.01500000
v 0.03533580 -0.01113460 0.01500000
v 0.03531500 -0.01116620 0.01500000
v 0.03529770 -0.01119990 0.01500000
v 0.03528410 -0.01123520 0.01500000
v 0.03527430 -0.01127170 0.01500000
v 0.03526850 -0.01130910 0.01500000
v 0.03526670 -0.01134690 0.01500000
v 0.03526890 -0.01138470 0.01500000
v 0.03527520 -0.01142200 0.01500000
v 0.03528540 -0.01145850 0.01500000
v 0.03529940 -0.01149360 0.01500000
v 0.03531710 -0.01152710 0.01500000
v 0.03533830 -0.01155840 0.01500000
v 0.03180840 -0.01508830 0.01500000
v 0.03177710 -0.01506710 0.01500000
v 0.03174360 -0.01504940 0.01500000
v 0.03170850 -0.01503540 0.01500000
v 0.03167200 -0.01502520 0.01500000
v 0.03163470 -0.01501890 0.01500000
v 0.03159690 -0.01501670 0.01500000
v 0.03155910 -0.01501850 0.01500000
v 0.03152170 -0.01502430 0.01500000
v 0.03148520 -0.01503410 0.01500000
v 0.03144990 -0.01504770 0.01500000
v 0.03141620 -0.01506500 0.01500000
v 0.03138460 -0.01508580 0.01500000
v 0.03115670 -0.01525140 0.01500000
v 0.03112710 -0.01527510 0.01500000
v 0.03110030 -0.01530170 0.01500000
v 0.03107640 -0.01533110 0.01500000
v 0.03105580 -0.01536280 0.01500000
v 0.03103870 -0.01539660 0.01500000
v 0.03102530 -0.01543200 0.01500000
v 0.03101580 -0.01546860 0.01500000
v 0.03101020 -0.01550600 0.01500000
v 0.03100860 -0.01554380 0.01500000
v 0.03101110 -0.01558160 0.01500000
v 0.03101770 -0.01561890 0.01500000
v 0.03102810 -0.01565530 0.01500000
v 0.02930580 -0.01671070 0.01500000
v 0.02927810 -0.01668490 0.01500000
v 0.02924790 -0.01666210 0.01500000
v 0.02921530 -0.01664280 0.01500000
v 0.02918100 -0.01662700 0.01500000
v 0.02914510 -0.01661500 0.01500000
v 0.02910810 -0.01660680 0.01500000
v 0.02907050 -0.01660270 0.01500000
v 0.02903260 -0.01660260 0.01500000
v 0.02899500 -0.01660660 0.01500000
v 0.02895800 -0.01661450 0.01500000
v 0.02892210 -0.01662630 0.01500000
v 0.02888760 -0.01664190 0.01500000
v 0.02863660 -0.01676990 0.01500000
v 0.02860370 -0.01678860 0.01500000
v 0.02857300 -0.01681070 0.01500000
v 0.02854480 -0.01683590 0.01500000
v 0.02851950 -0.01686410 0.01500000
v 0.02849730 -0.01689480 0.01500000
v 0.02847850 -0.01692760 0.01500000
v 0.02846340 -0.01696230 0.01500000
v 0.02845200 -0.01699840 0.01500000
v 0.02844460 -0.01703550 0.01500000
v 0.02844110 -0.01707320 0.01500000
v 0.02844180 -0.01711100 0.01500000
v 0.02844640 -0.01714860 0.01500000
v 0.03739860 -0.00819639 0.01500000
v 0.03736100 -0.00819175 0.01500000
v 0.03732320 -0.00819115 0.01500000
v 0.03728550 -0.00819459 0.01500000
v 0.03724840 -0.00820203 0.01500000
v 0.03721230 -0.00821340 0.01500000
v 0.03717760 -0.00822855 0.01500000
v 0.03714480 -0.00824731 0.01500000
v 0.03711410 -0.00826948 0.01500000
v 0.03708590 -0.00829479 0.01500000
v 0.03706070 -0.00832297 0.01500000
v 0.03703860 -0.00835368 0.01500000
v 0.03701990 -0.00838657 0.01500000
v 0.03689190 -0.00863759 0.01500000
v 0.03687630 -0.00867207 0.01500000
v 0.03686450 -0.00870801 0.01500000
v 0.03685660 -0.00874501 0.01500000
v 0.03685260 -0.00878265 0.01500000
v 0.03685270 -0.00882049 0.01500000
v 0.03685680 -0.00885811 0.01500000
v 0.03686500 -0.00889507 0.01500000
v 0.03687700 -0.00893095 0.01500000
v 0.03689280 -0.00896535 0.01500000
v 0.03691210 -0.00899786 0.01500000
v 0.03693490 -0.00902812 0.01500000
v 0.03696070 -0.00905578 0.01500000
v 0.03846970 -0.00541285 0.01500000
v 0.03843180 -0.00541414 0.01500000
v 0.03839440 -0.00541947 0.01500000
v 0.03835770 -0.00542876 0.01500000
v 0.03832220 -0.00544192 0.01500000
v 0.03828830 -0.00545879 0.01500000
v 0.03825640 -0.00547918 0.01500000
v 0.03822690 -0.00550285 0.01500000
v 0.03820010 -0.00552954 0.01500000
v 0.03817630 -0.00555895 0.01500000
v 0.03815570 -0.00559073 0.01500000
v 0.03813870 -0.00562452 0.01500000
v 0.03812530 -0.00565993 0.01500000
v 0.03803830 -0.00592788 0.01500000
v 0.03802820 -0.00596437 0.01500000
v 0.03802220 -0.00600172 0.01500000
v 0.03802010 -0.00603951 0.01500000
v 0.03802210 -0.00607730 0.01500000
v 0.03802810 -0.00611466 0.01500000
v 0.03803810 -0.00615117 0.01500000
v 0.03805190 -0.00618641 0.01500000
v 0.03806940 -0.00621997 0.01500000
v 0.03809040 -0.00625147 0.01500000
v 0.03811460 -0.00628055 0.01500000
v 0.03814180 -0.00630688 0.01500000
v 0.03817160 -0.00633016 0.01500000
v 0.03909210 -0.00249602 0.01500000
v 0.03905490 -0.00250322 0.01500000
v 0.03901880 -0.00251434 0.01500000
v 0.03898400 -0.00252926 0.01500000
v 0.03895100 -0.00254781 0.01500000
v 0.03892020 -0.00256977 0.01500000
v 0.03889190 -0.00259489 0.01500000
v 0.03886640 -0.00262289 0.01500000
v 0.03884410 -0.00265345 0.01500000
v 0.03882520 -0.00268622 0.01500000
v 0.03880980 -0.00272083 0.01500000
v 0.03879830 -0.00275687 0.01500000
v 0.03879070 -0.00279393 0.01500000
v 0.03874660 -0.00307219 0.01500000
v 0.03874240 -0.00310981 0.01500000
v 0.03874220 -0.00314765 0.01500000
v 0.03874610 -0.00318529 0.01500000
v 0.03875400 -0.00322231 0.01500000
v 0.03876580 -0.00325827 0.01500000
v 0.03878130 -0.00329277 0.01500000
v 0.03880050 -0.00332541 0.01500000
v 0.03882300 -0.00335582 0.01500000
v 0.03884870 -0.00338365 0.01500000
v 0.03887710 -0.00340859 0.01500000
v 0.03890810 -0.00343034 0.01500000
v 0.03894120 -0.00344867 0.01500000
v 0.03925060 0.00048226 0.01500000
v 0.03921500 0.00046934 0.01500000
v 0.03918100 0.00045270 0.01500000
v 0.03914900 0.00043252 0.01500000
v 0.03911930 0.00040904 0.01500000
v 0.03909230 0.00038253 0.01500000
v 0.03906830 0.00035329 0.01500000
v 0.03904750 0.00032165 0.01500000
v 0.03903030 0.00028797 0.01500000
v 0.03901670 0.00025265 0.01500000
v 0.03900700 0.00021607 0.01500000
v 0.03900120 0.00017867 0.01500000
v 0.03899950 0.00014087 0.01500000
v 0.03899950 -0.00014087 0.01500000
v 0.03900120 -0.00017867 0.01500000
v 0.03900700 -0.00021607 0.01500000
v 0.03901670 -0.00025265 0.01500000
v 0.03903030 -0.00028797 0.01500000
v 0.03904750 -0.00032165 0.01500000
v 0.03906830 -0.00035329 0.01500000
v 0.03909230 -0.00038253 0.01500000
v 0.03911930 -0.00040904 0.01500000
v 0.03914900 -0.00043252 0.01500000
v 0.03918100 -0.00045270 0.01500000
v 0.03921500 -0.00046934 0.01500000
v 0.03925060 -0.00048226 0.01500000
v 0.01251670 0.01285290 0.01500000
v 0.01395170 0.01361360 0.01500000
v 0.00993451 0.01088990 0.01500000
v 0.02932760 0.01194140 0.01500000
v 0.02187180 0.01491210 0.01500000
v 0.02347460 0.01464930 0.01500000
v 0.01862820 -0.01491210 0.01500000
v 0.01702540 -0.01464930 0.01500000
v 0.02798330 -0.01285290 0.01500000
v 0.02654830 -0.01361360 0.01500000
v 0.00527200 -0.00081208 0.01500000
v 0.00527200 0.00081208 0.01500000
v 0.00881757 -0.00971079 0.01500000
v 0.00783467 -0.00841781 0.01500000
v 0.01117240 -0.01194140 0.01500000
v 0.02187180 -0.01491210 0.01500000
v 0.03056550 0.01088990 0.01500000
v 0.03168240 0.00971079 0.01500000
v 0.01862820 0.01491210 0.01500000
v 0.01117240 0.01194140 0.01500000
v 0.00881757 0.00971079 0.01500000
v 0.00783467 0.00841781 0.01500000
v 0.00699732 0.00702613 0.01500000
v 0.00579675 0.00401293 0.01500000
v 0.00631535 0.00555207 0.01500000
v 0.00579675 -0.00401293 0.01500000
v 0.02347460 -0.01464930 0.01500000
v 0.01702540 0.01464930 0.01500000
v 0.01546050 0.01421480 0.01500000
v 0.00993451 -0.01088990 0.01500000
v 0.02932760 -0.01194140 0.01500000
v 0.03522800 0.00081208 0.01500000
v 0.03522800 -0.00081208 0.01500000
v 0.03266530 0.00841781 0.01500000
v 0.02798330 0.01285290 0.01500000
v 0.02654830 0.01361360 0.01500000
v 0.00631535 -0.00555207 0.01500000
v 0.00699732 -0.00702613 0.01500000
v 0.01395170 -0.01361360 0.01500000
v 0.01251670 -0.01285290 0.01500000
v 0.03266530 -0.00841781 0.01500000
v 0.03168240 -0.00971079 0.01500000
v 0.00544760 0.00242673 0.01500000
v 0.03056550 -0.01088990 0.01500000
v 0.03470320 0.00401293 0.01500000
v 0.02503950 -0.01421480 0.01500000
v 0.03350270 -0.00702613 0.01500000
v 0.03418470 0.00555207 0.01500000
v 0.00544760 -0.00242673 0.01500000
v 0.03470320 -0.00401293 0.01500000
v 0.03418470 -0.00555207 0.01500000
v 0.02503950 0.01421480 0.01500000
v 0.02025000 -0.01500000 0.01500000
v 0.03350270 0.00702613 0.01500000
v 0.02025000 0.01500000 0.01500000
v 0.01546050 -0.01421480 0.01500000
v 0.03505240 -0.00242673 0.01500000
v 0.03505240 0.00242673 0.01500000
v 0.01970940 -0.00497069 0.03000000
v 0.02025000 -0.00500000 0.03000000
v 0.01917510 -0.00488310 0.03000000
v 0.01865350 -0.00473827 0.03000000
v 0.01815060 -0.00453788 0.03000000
v 0.01767220 -0.00428429 0.03000000
v 0.01722410 -0.00398047 0.03000000
v 0.01681150 -0.00362998 0.03000000
v 0.01643920 -0.00323693 0.03000000
v 0.01611160 -0.00280594 0.03000000
v 0.01583240 -0.00234204 0.03000000
v 0.01560510 -0.00185069 0.03000000
v 0.01543230 -0.00133764 0.03000000
v 0.01531590 -0.00080891 0.03000000
v 0.01525730 -0.00027069 0.03000000
v 0.01525730 0.00027069 0.03000000
v 0.01531590 0.00080891 0.03000000
v 0.01543230 0.00133764 0.03000000
v 0.01560510 0.00185069 0.03000000
v 0.01583240 0.00234204 0.03000000
v 0.01611160 0.00280594 0.03000000
v 0.01643920 0.00323693 0.03000000
v 0.01681150 0.00362998 0.03000000
v 0.01722410 0.00398047 0.03000000
v 0.01767220 0.00428429 0.03000000
v 0.01815060 0.00453788 0.03000000
v 0.01865350 0.00473827 0.03000000
v 0.01917510 0.00488310 0.03000000
v 0.01970940 0.00497069 0.03000000
v 0.02025000 0.00500000 0.03000000
v 0.02079060 0.00497069 0.03000000
v 0.02132490 0.00488310 0.03000000
v 0.02184650 0.00473827 0.03000000
v 0.02234940 0.00453788 0.03000000
v 0.02282780 0.00428429 0.03000000
v 0.02327590 0.00398047 0.03000000
v 0.02368850 0.00362998 0.03000000
v 0.02406080 0.00323693 0.03000000
v 0.02438840 0.00280594 0.03000000
v 0.02466760 0.00234204 0.03000000
v 0.02489490 0.00185069 0.03000000
v 0.02506770 0.00133764 0.03000000
v 0.02518410 0.00080891 0.03000000
v 0.02524270 0.00027069 0.03000000
v 0.02524270 -0.00027069 0.03000000
v 0.02518410 -0.00080891 0.03000000
v 0.02506770 -0.00133764 0.03000000
v 0.02489490 -0.00185069 0.03000000
v 0.02466760 -0.00234204 0.03000000
v 0.02438840 -0.00280594 0.03000000
v 0.02406080 -0.00323693 0.03000000
v 0.02368850 -0.00362998 0.03000000
v 0.02327590 -0.00398047 0.03000000
v 0.02282780 -0.00428429 0.03000000
v 0.02234940 -0.00453788 0.03000000
v 0.02184650 -0.00473827 0.03000000
v 0.02132490 -0.00488310 0.03000000
v 0.02079060 -0.00497069 0.03000000
v 0.01546050 0.01421480 0.03000000
v 0.01395170 0.01361360 0.03000000
v 0.01251670 0.01285290 0.03000000
v 0.01117240 0.01194140 0.03000000
v 0.00993451 0.01088990 0.03000000
v 0.03168240 0.00971079 0.03000000
v 0.03056550 0.01088990 0.03000000
v 0.02932760 0.01194140 0.03000000
v 0.02798330 0.01285290 0.03000000
v 0.02347460 0.01464930 0.03000000
v 0.02187180 0.01491210 0.03000000
v 0.00783467 0.00841781 0.03000000
v 0.00699732 0.00702613 0.03000000
v 0.02654830 0.01361360 0.03000000
v 0.02503950 0.01421480 0.03000000
v 0.02025000 0.01500000 0.03000000
v 0.01862820 0.01491210 0.03000000
v 0.01702540 0.01464930 0.03000000
v 0.00881757 0.00971079 0.03000000
v 0.00631535 0.00555207 0.03000000
v 0.03350270 0.00702613 0.03000000
v 0.03266530 0.00841781 0.03000000
v 0.00527200 0.00081208 0.03000000
v 0.00527200 -0.00081208 0.03000000
v 0.00881757 -0.00971079 0.03000000
v 0.00993451 -0.01088990 0.03000000
v 0.02187180 -0.01491210 0.03000000
v 0.02347460 -0.01464930 0.03000000
v 0.02503950 -0.01421480 0.03000000
v 0.02654830 -0.01361360 0.03000000
v 0.02798330 -0.01285290 0.03000000
v 0.02932760 -0.01194140 0.03000000
v 0.03056550 -0.01088990 0.03000000
v 0.03168240 -0.00971079 0.03000000
v 0.00579675 0.00401293 0.03000000
v 0.00544760 0.00242673 0.03000000
v 0.00544760 -0.00242673 0.03000000
v 0.00699732 -0.00702613 0.03000000
v 0.00783467 -0.00841781 0.03000000
v 0.01117240 -0.01194140 0.03000000
v 0.01395170 -0.01361360 0.03000000
v 0.01546050 -0.01421480 0.03000000
v 0.03350270 -0.00702613 0.03000000
v 0.03418470 -0.00555207 0.03000000
v 0.01251670 -0.01285290 0.03000000
v 0.01702540 -0.01464930 0.03000000
v 0.01862820 -0.01491210 0.03000000
v 0.03266530 -0.00841781 0.03000000
v 0.00579675 -0.00401293 0.03000000
v 0.00631535 -0.00555207 0.03000000
v 0.02025000 -0.01500000 0.03000000
v 0.03470320 -0.00401293 0.03000000
v 0.03505240 -0.00242673 0.03000000
v 0.03522800 -0.00081208 0.03000000
v 0.03522800 0.00081208 0.03000000
v 0.03505240 0.00242673 0.03000000
v 0.03470320 0.00401293 0.03000000
v 0.03418470 0.00555207 0.03000000
f 1 2 3
f 3 4 1
f 5 1 4
f 4 6 5
f 7 8 5
f 6 7 5
f 9 3 2
f 2 10 9
f 11 12 9
f 10 11 9
f 13 14 15
f 14 13 16
f 7 6 9
f 9 12 7
f 17 15 7
f 6 4 3
f 3 9 6
f 12 17 7
f 16 18 14
f 15 17 13
f 19 20 21
f 22 21 23
f 11 10 5
f 5 8 11
f 20 19 11
f 10 2 1
f 1 5 10
f 8 20 11
f 23 24 22
f 21 22 19
f 25 26 27
f 25 28 29
f 30 31 32
f 33 34 35
f 29 26 25
f 27 36 25
f 37 38 28
f 32 39 30
f 39 40 30
f 30 41 42
f 43 44 45
f 35 46 33
f 47 48 49
f 50 51 52
f 25 53 54
f 25 55 56
f 28 25 37
f 30 40 57
f 42 31 30
f 30 58 59
f 33 60 61
f 45 33 43
f 45 62 33
f 43 63 64
f 34 65 35
f 49 66 47
f 66 67 47
f 47 68 69
f 70 71 72
f 52 73 50
f 73 74 50
f 75 76 51
f 54 77 25
f 77 78 25
f 56 79 25
f 30 80 81
f 30 82 83
f 30 84 58
f 59 41 30
f 30 85 86
f 33 87 88
f 33 89 90
f 61 91 33
f 43 92 93
f 43 94 63
f 64 95 43
f 46 96 33
f 97 98 99
f 100 101 102
f 100 103 104
f 105 106 107
f 108 109 110
f 111 112 109
f 111 113 114
f 111 115 116
f 69 48 47
f 117 118 119
f 117 120 121
f 117 122 123
f 72 124 70
f 124 125 70
f 70 126 127
f 128 129 130
f 131 132 133
f 50 134 135
f 51 50 75
f 37 136 137
f 37 138 139
f 140 141 138
f 140 142 143
f 78 144 25
f 36 55 25
f 37 145 146
f 37 147 148
f 37 149 150
f 151 152 153
f 81 154 30
f 154 155 30
f 83 156 30
f 156 80 30
f 57 157 30
f 86 158 30
f 158 84 30
f 30 159 160
f 30 161 162
f 33 163 87
f 88 164 33
f 90 165 33
f 165 163 33
f 33 166 167
f 62 60 33
f 93 168 43
f 168 44 43
f 95 92 43
f 43 169 170
f 43 171 172
f 33 173 174
f 33 175 176
f 34 177 65
f 97 178 98
f 99 179 97
f 97 180 181
f 182 183 184
f 182 185 186
f 182 187 188
f 104 101 100
f 102 189 100
f 100 190 191
f 107 192 105
f 107 193 192
f 194 195 196
f 108 197 198
f 108 199 200
f 109 108 111
f 110 201 108
f 111 202 113
f 114 203 111
f 116 204 111
f 204 205 111
f 47 206 207
f 117 208 209
f 117 210 118
f 119 208 117
f 123 120 117
f 121 211 117
f 47 212 213
f 117 214 215
f 117 216 217
f 218 219 220
f 218 221 222
f 70 125 223
f 127 71 70
f 70 224 225
f 130 226 128
f 226 227 128
f 133 128 131
f 133 228 128
f 131 229 230
f 128 231 232
f 75 233 234
f 50 235 236
f 135 237 50
f 237 235 50
f 50 238 239
f 240 241 242
f 243 244 241
f 240 245 246
f 137 247 37
f 247 248 37
f 37 249 250
f 138 37 140
f 139 251 37
f 143 252 140
f 252 253 140
f 140 254 255
f 79 53 25
f 37 256 145
f 146 257 37
f 150 147 37
f 148 256 37
f 25 258 259
f 25 260 261
f 151 262 263
f 151 264 265
f 153 266 151
f 266 264 151
f 267 268 152
f 30 157 269
f 151 270 271
f 30 272 273
f 30 274 275
f 162 159 30
f 276 277 278
f 276 279 280
f 43 281 282
f 43 283 284
f 91 166 33
f 172 169 43
f 170 94 43
f 43 285 286
f 174 287 33
f 174 288 287
f 33 289 290
f 96 175 33
f 97 291 178
f 181 292 97
f 292 291 97
f 184 97 182
f 184 293 97
f 186 294 182
f 294 295 182
f 188 296 182
f 296 297 182
f 100 298 299
f 100 189 300
f 191 103 100
f 105 301 302
f 105 303 304
f 105 305 306
f 105 307 308
f 194 309 310
f 196 311 194
f 311 309 194
f 312 313 195
f 312 314 315
f 312 316 317
f 318 319 320
f 321 322 323
f 108 324 325
f 200 197 108
f 198 324 108
f 111 326 327
f 203 326 111
f 205 202 111
f 67 328 47
f 207 329 47
f 329 68 47
f 117 330 331
f 117 332 333
f 47 334 122
f 213 335 47
f 335 336 47
f 217 214 117
f 220 337 218
f 220 338 337
f 222 339 218
f 339 219 218
f 218 340 341
f 218 342 343
f 70 344 345
f 70 346 347
f 70 348 224
f 225 126 70
f 70 349 350
f 70 351 352
f 70 353 354
f 355 356 357
f 128 358 359
f 131 360 361
f 230 362 131
f 362 360 131
f 131 363 364
f 131 365 366
f 232 367 128
f 232 368 367
f 128 369 370
f 128 371 372
f 75 373 374
f 234 375 75
f 375 376 75
f 50 377 378
f 74 238 50
f 379 380 381
f 382 383 384
f 241 240 243
f 242 385 240
f 386 387 388
f 386 389 390
f 240 391 392
f 246 393 240
f 393 391 240
f 240 394 395
f 37 396 397
f 248 396 37
f 250 398 37
f 253 141 140
f 255 399 140
f 399 142 140
f 25 400 401
f 37 257 402
f 37 403 404
f 259 405 25
f 405 406 25
f 25 407 260
f 261 258 25
f 25 408 409
f 151 410 411
f 151 412 262
f 263 413 151
f 265 414 151
f 414 412 151
f 152 151 267
f 271 30 151
f 271 415 30
f 151 416 417
f 273 418 30
f 418 419 30
f 30 420 274
f 275 272 30
f 161 421 162
f 280 277 276
f 43 422 279
f 282 423 43
f 423 422 43
f 284 424 43
f 424 281 43
f 33 425 426
f 167 89 33
f 43 276 285
f 33 427 428
f 176 289 33
f 34 429 430
f 431 432 433
f 431 434 435
f 97 436 437
f 97 438 439
f 295 440 182
f 182 297 441
f 182 442 187
f 299 443 100
f 443 444 100
f 105 445 446
f 105 447 301
f 302 445 105
f 105 448 449
f 105 450 451
f 304 452 105
f 105 453 454
f 105 455 305
f 306 456 105
f 105 457 458
f 192 459 460
f 193 461 192
f 105 462 307
f 308 463 105
f 194 464 465
f 194 466 467
f 310 468 194
f 468 469 194
f 195 194 312
f 312 470 314
f 315 471 312
f 317 472 312
f 472 473 312
f 320 474 318
f 320 475 474
f 318 476 477
f 318 478 479
f 323 480 321
f 474 481 482
f 201 483 108
f 327 484 111
f 484 112 111
f 485 486 487
f 485 488 489
f 108 490 491
f 492 493 494
f 492 495 496
f 47 497 498
f 47 499 500
f 328 499 47
f 501 502 503
f 209 504 117
f 333 330 117
f 122 117 47
f 211 332 117
f 47 505 506
f 336 507 47
f 216 508 217
f 341 221 218
f 343 509 218
f 509 510 218
f 511 512 342
f 345 513 70
f 513 514 70
f 347 515 70
f 515 344 70
f 223 516 70
f 350 517 70
f 517 348 70
f 352 518 70
f 518 519 70
f 354 520 70
f 521 522 523
f 357 521 355
f 357 524 521
f 355 525 526
f 521 527 528
f 529 530 531
f 529 532 533
f 131 534 535
f 227 536 128
f 359 537 128
f 537 129 128
f 128 538 539
f 228 540 128
f 361 541 131
f 366 363 131
f 364 229 131
f 367 542 543
f 370 544 128
f 544 545 128
f 128 546 547
f 371 548 372
f 549 550 551
f 549 552 553
f 75 554 555
f 75 556 557
f 374 558 75
f 75 559 560
f 75 561 562
f 75 563 233
f 378 564 50
f 564 565 50
f 239 134 50
f 75 566 567
f 379 568 380
f 381 569 379
f 379 570 571
f 384 572 382
f 572 573 382
f 574 575 383
f 574 576 577
f 574 578 579
f 386 580 581
f 388 582 386
f 582 580 386
f 390 583 386
f 583 584 386
f 240 585 389
f 240 586 587
f 392 586 240
f 394 588 395
f 589 590 591
f 589 397 592
f 251 249 37
f 144 400 25
f 37 589 403
f 25 406 268
f 408 593 409
f 408 594 595
f 594 408 596
f 597 598 599
f 597 600 601
f 411 597 151
f 411 600 597
f 413 410 151
f 30 602 603
f 269 82 30
f 415 85 30
f 151 597 416
f 30 419 604
f 161 605 421
f 161 606 607
f 276 608 609
f 279 276 43
f 278 610 276
f 33 164 425
f 286 611 43
f 288 612 287
f 290 427 33
f 34 613 429
f 435 432 431
f 182 614 434
f 182 287 615
f 437 180 97
f 293 438 97
f 441 185 182
f 100 444 616
f 300 298 100
f 100 617 618
f 619 620 621
f 446 619 105
f 446 620 619
f 449 447 105
f 452 450 105
f 454 622 105
f 622 623 105
f 105 456 624
f 458 455 105
f 192 625 626
f 192 627 459
f 460 628 192
f 461 629 192
f 105 463 630
f 105 631 462
f 632 633 634
f 635 636 637
f 635 638 639
f 312 640 641
f 642 312 643
f 467 464 194
f 465 644 194
f 194 469 645
f 312 646 647
f 473 646 312
f 474 648 649
f 474 650 651
f 474 652 653
f 474 654 655
f 318 656 657
f 477 658 318
f 658 656 318
f 318 659 478
f 479 660 318
f 480 661 321
f 474 662 322
f 474 663 664
f 474 665 666
f 481 667 482
f 668 669 670
f 111 671 672
f 111 321 673
f 108 674 675
f 483 199 108
f 485 676 486
f 487 677 485
f 485 678 488
f 489 676 485
f 485 679 680
f 491 485 108
f 491 681 485
f 108 682 683
f 108 684 685
f 108 686 687
f 108 688 689
f 502 501 485
f 690 691 692
f 693 691 694
f 496 493 492
f 498 492 47
f 498 495 492
f 503 47 501
f 503 206 47
f 331 210 117
f 506 334 47
f 47 695 696
f 507 695 47
f 47 697 698
f 117 699 512
f 117 700 701
f 117 702 703
f 216 704 508
f 216 705 706
f 705 216 707
f 337 708 709
f 218 510 710
f 342 218 511
f 70 516 711
f 218 712 713
f 520 351 70
f 521 714 715
f 521 716 717
f 523 718 521
f 355 719 720
f 355 721 525
f 526 722 355
f 521 723 527
f 528 724 521
f 521 725 726
f 533 530 529
f 535 529 131
f 535 532 529
f 131 727 728
f 540 538 128
f 131 541 729
f 367 730 731
f 367 732 733
f 368 542 367
f 547 734 128
f 734 369 128
f 371 735 548
f 736 737 738
f 739 737 740
f 553 550 549
f 555 549 75
f 555 552 549
f 558 556 75
f 560 741 75
f 75 742 561
f 562 743 75
f 75 744 745
f 376 744 75
f 236 377 50
f 75 746 747
f 567 748 75
f 748 749 75
f 75 750 751
f 752 753 754
f 755 756 757
f 379 758 568
f 379 759 760
f 571 761 379
f 762 763 764
f 765 766 767
f 383 382 574
f 574 768 576
f 577 769 574
f 578 770 579
f 240 771 772
f 385 773 240
f 243 774 775
f 581 776 386
f 386 777 778
f 386 779 780
f 389 386 240
f 394 781 588
f 591 782 589
f 397 589 37
f 25 783 784
f 402 38 37
f 404 785 37
f 408 786 593
f 596 787 594
f 599 788 597
f 30 789 602
f 155 789 30
f 417 790 151
f 604 791 30
f 604 792 791
f 160 420 30
f 161 793 606
f 609 794 276
f 43 791 792
f 426 34 33
f 425 795 426
f 611 171 43
f 428 173 33
f 430 796 34
f 431 797 798
f 431 799 800
f 434 431 182
f 433 801 431
f 182 802 803
f 615 804 182
f 97 805 806
f 439 436 97
f 182 431 807
f 618 808 100
f 808 190 100
f 97 809 810
f 97 811 812
f 813 814 815
f 816 814 817
f 818 819 820
f 451 448 105
f 192 821 625
f 626 822 192
f 192 628 823
f 629 627 192
f 105 824 825
f 105 826 827
f 630 826 105
f 192 828 829
f 632 830 633
f 632 831 832
f 635 833 834
f 635 835 836
f 635 837 838
f 637 839 635
f 839 837 635
f 635 840 841
f 842 843 844
f 842 845 846
f 639 842 635
f 639 847 842
f 635 848 849
f 635 850 851
f 312 852 853
f 312 854 640
f 641 852 312
f 312 855 856
f 312 857 858
f 643 859 642
f 644 860 194
f 645 861 194
f 861 466 194
f 471 313 312
f 647 470 312
f 312 862 863
f 864 865 866
f 864 867 868
f 194 869 870
f 318 871 872
f 318 864 873
f 651 648 474
f 649 874 474
f 653 875 474
f 875 650 474
f 474 876 877
f 475 654 474
f 657 878 318
f 318 879 659
f 321 880 881
f 322 321 474
f 661 880 321
f 474 882 883
f 664 884 474
f 884 882 474
f 482 665 474
f 885 886 887
f 668 887 669
f 885 888 889
f 672 885 111
f 672 888 885
f 673 890 111
f 108 891 892
f 675 893 108
f 893 894 108
f 680 895 485
f 895 678 485
f 485 896 897
f 685 682 108
f 687 898 108
f 898 684 108
f 689 899 108
f 688 900 901
f 902 903 502
f 692 904 690
f 905 902 693
f 492 906 907
f 494 908 492
f 500 497 47
f 47 492 697
f 701 699 117
f 215 702 117
f 707 909 705
f 709 910 337
f 338 911 337
f 713 70 218
f 713 912 70
f 218 913 914
f 70 915 916
f 70 519 917
f 353 918 354
f 355 919 920
f 355 921 922
f 521 923 714
f 715 924 521
f 717 925 521
f 925 923 521
f 521 926 927
f 524 522 521
f 720 928 355
f 928 356 355
f 722 719 355
f 355 929 930
f 355 931 932
f 521 933 934
f 521 935 936
f 724 935 521
f 726 937 521
f 529 938 939
f 529 940 941
f 531 942 529
f 728 943 131
f 128 944 945
f 539 358 128
f 131 529 946
f 367 947 730
f 731 948 367
f 543 732 367
f 545 231 128
f 372 949 128
f 371 950 951
f 738 952 736
f 953 954 739
f 953 955 956
f 948 953 957
f 551 958 549
f 741 373 75
f 745 742 75
f 747 76 75
f 749 746 75
f 75 959 750
f 751 566 75
f 75 960 961
f 752 962 753
f 752 963 964
f 757 965 755
f 965 966 755
f 755 967 968
f 969 970 971
f 569 972 379
f 760 973 379
f 973 758 379
f 379 974 975
f 761 976 379
f 764 977 762
f 977 978 762
f 765 979 766
f 767 980 765
f 981 982 983
f 574 984 985
f 574 769 986
f 579 768 574
f 240 987 988
f 773 771 240
f 243 989 990
f 243 991 992
f 775 993 243
f 993 994 243
f 780 777 386
f 395 245 240
f 394 995 996
f 254 140 386
f 997 998 999
f 1000 998 1001
f 589 1002 590
f 398 136 37
f 784 408 25
f 784 1003 408
f 785 149 37
f 409 407 25
f 595 1004 408
f 597 1005 598
f 603 161 30
f 602 1006 603
f 790 270 151
f 607 1007 161
f 276 610 608
f 792 283 43
f 796 177 34
f 800 797 431
f 804 802 182
f 97 179 805
f 440 183 182
f 807 1008 182
f 616 818 100
f 810 100 97
f 810 617 100
f 811 1009 812
f 811 1010 1011
f 815 1012 813
f 819 1013 816
f 819 1014 1015
f 820 100 818
f 619 1016 1017
f 624 453 105
f 192 1018 821
f 825 1019 105
f 105 1020 1021
f 829 1022 192
f 829 1023 1022
f 1024 1025 828
f 1026 1027 1028
f 832 830 632
f 834 632 635
f 834 831 632
f 838 835 635
f 841 636 635
f 842 1029 1030
f 844 1031 842
f 1031 1029 842
f 846 1032 842
f 1032 1033 842
f 849 1034 635
f 1034 1035 635
f 851 1036 635
f 1036 848 635
f 842 1037 1038
f 1039 1040 1041
f 1039 1042 1043
f 853 1039 312
f 853 1042 1039
f 856 854 312
f 642 857 312
f 194 1044 1045
f 312 1039 862
f 866 1046 864
f 1046 873 864
f 864 1047 867
f 868 865 864
f 194 1048 1049
f 870 1050 194
f 318 1051 1052
f 318 1053 871
f 872 1051 318
f 318 1054 1055
f 873 1056 318
f 655 876 474
f 660 476 318
f 318 1057 1058
f 481 1059 667
f 481 1060 1061
f 670 1062 668
f 889 1063 885
f 890 671 111
f 108 894 891
f 325 674 108
f 111 885 1064
f 681 896 485
f 683 490 108
f 901 689 688
f 688 1065 1066
f 902 1067 903
f 902 1068 1069
f 694 905 693
f 907 1070 492
f 117 1071 1072
f 696 505 47
f 698 1073 47
f 703 700 117
f 706 1074 216
f 337 1075 708
f 710 340 218
f 70 1076 1077
f 711 346 70
f 912 349 70
f 218 337 913
f 70 1078 1079
f 917 915 70
f 916 1078 70
f 353 1080 918
f 353 1081 1082
f 920 1083 355
f 355 1084 921
f 922 1085 355
f 718 926 521
f 932 929 355
f 930 721 355
f 355 1086 1087
f 934 727 521
f 934 1088 727
f 936 1089 521
f 937 723 521
f 941 938 529
f 529 942 1090
f 943 534 131
f 128 1091 944
f 729 132 131
f 946 1092 131
f 733 947 367
f 949 546 128
f 371 1093 950
f 740 953 739
f 956 1094 953
f 957 367 948
f 549 1095 1096
f 557 554 75
f 75 1097 959
f 75 549 960
f 50 1098 1099
f 1100 1101 1098
f 1102 1103 1104
f 964 962 752
f 755 1105 1106
f 755 966 1107
f 968 756 755
f 971 755 969
f 971 967 755
f 976 974 379
f 755 1108 1109
f 755 1110 1111
f 379 1112 1113
f 1114 1115 1116
f 765 1117 1118
f 762 1119 763
f 762 1120 1121
f 762 1122 1123
f 762 1124 1125
f 765 1126 1127
f 765 980 1128
f 765 1129 979
f 574 1130 1131
f 983 574 981
f 983 1132 574
f 981 1133 1134
f 981 1135 1136
f 985 575 574
f 1137 1138 1139
f 1140 243 1141
f 240 1142 1143
f 240 1144 1145
f 772 987 240
f 990 1146 243
f 1146 1147 243
f 243 1148 991
f 992 989 243
f 994 1148 243
f 778 387 386
f 587 585 240
f 394 1149 995
f 1150 1151 254
f 1150 1152 1153
f 999 1154 997
f 1155 1150 1000
f 592 1002 589
f 401 783 25
f 1004 786 408
f 601 1005 597
f 1007 605 161
f 612 615 287
f 431 1156 799
f 803 614 182
f 806 811 97
f 805 1157 806
f 1008 442 182
f 811 1158 1009
f 811 1159 1010
f 817 819 816
f 818 1014 819
f 1017 1160 619
f 623 303 105
f 820 819 457
f 823 1018 192
f 827 824 105
f 105 619 1020
f 1023 1161 1022
f 1024 1162 1025
f 1024 1026 1163
f 1026 1024 1027
f 632 1164 1165
f 634 1166 632
f 1022 1161 1167
f 1030 1168 842
f 847 1169 842
f 635 1170 1171
f 1035 1170 635
f 635 1172 850
f 842 1173 1174
f 1037 1175 1038
f 1041 1176 1039
f 858 855 312
f 194 860 1044
f 863 1177 312
f 1049 864 194
f 1049 1047 864
f 1050 1178 194
f 869 1179 1180
f 869 1181 1182
f 1183 1184 1185
f 1183 1186 1187
f 1052 1183 318
f 1052 1186 1183
f 1055 1053 318
f 1056 1188 318
f 474 1189 1190
f 877 652 474
f 318 1183 1057
f 881 1191 321
f 666 663 474
f 481 1192 1060
f 885 1193 886
f 892 688 108
f 891 1194 892
f 1064 115 111
f 897 679 485
f 899 686 108
f 688 1195 1065
f 1069 1067 902
f 690 694 691
f 492 1196 906
f 1072 216 117
f 1072 1197 216
f 1073 212 47
f 1074 704 216
f 911 1075 337
f 70 1198 1076
f 514 1198 70
f 914 1199 218
f 1079 1200 70
f 1079 1201 1200
f 353 1202 1081
f 920 1203 1083
f 1085 919 355
f 521 1204 1205
f 927 716 521
f 355 1083 1086
f 725 1206 1207
f 725 1208 1209
f 529 1210 940
f 945 371 128
f 944 1211 945
f 1092 365 131
f 951 1212 371
f 953 1213 954
f 948 955 953
f 1096 1214 549
f 743 559 75
f 957 953 563
f 961 1215 75
f 1099 969 50
f 1099 1216 969
f 1100 1217 1101
f 1100 1218 1219
f 1104 1220 1102
f 1100 1103 1221
f 752 1222 1223
f 754 1224 752
f 1106 752 755
f 1106 963 752
f 1107 1225 755
f 1225 1105 755
f 975 759 379
f 755 1226 570
f 755 1227 1228
f 1111 1108 755
f 1109 1227 755
f 1112 1229 1113
f 1116 1230 1114
f 1118 1114 765
f 1118 1115 1114
f 765 1231 1232
f 765 1233 1234
f 978 1235 762
f 1121 1236 762
f 1236 1119 762
f 762 1237 1238
f 1125 1122 762
f 1123 1237 762
f 765 1239 1124
f 1127 1240 765
f 1240 1239 765
f 762 8 1241
f 1242 1243 1244
f 1242 1245 1246
f 574 1247 1248
f 1131 1249 574
f 1249 1250 574
f 574 1251 1252
f 981 1253 1254
f 981 1255 1256
f 1136 1133 981
f 1134 1255 981
f 382 1257 1258
f 986 984 574
f 578 1259 1260
f 1140 1261 1262
f 1137 1262 1138
f 1140 1263 1264
f 1141 1265 1140
f 243 1266 1267
f 243 382 1268
f 1143 1269 240
f 1269 1270 240
f 988 1144 240
f 1147 244 243
f 584 779 386
f 996 1271 394
f 1153 1151 1150
f 1001 1155 1000
f 788 1272 597
f 801 1156 431
f 812 809 97
f 1011 1273 811
f 819 1274 1013
f 1015 1275 819
f 619 1276 1016
f 457 105 820
f 621 1276 619
f 1019 106 105
f 1021 1277 105
f 828 192 1024
f 1024 1278 1279
f 1028 1280 1026
f 1165 1281 632
f 836 833 635
f 1167 635 1022
f 1167 840 635
f 1169 845 842
f 1171 1282 635
f 635 1283 1284
f 842 1285 1286
f 1174 1287 842
f 1287 1288 842
f 1037 1289 1175
f 1039 1290 1040
f 1045 869 194
f 1044 1291 1045
f 1177 316 312
f 1180 870 869
f 869 1292 1181
f 1185 1293 1183
f 1188 1054 318
f 474 874 1189
f 878 319 318
f 1058 1294 318
f 883 662 474
f 1061 1295 481
f 1063 1193 885
f 1066 1296 688
f 905 1068 902
f 908 1196 492
f 504 1071 117
f 910 1297 337
f 1077 353 70
f 1076 1298 1077
f 1199 712 218
f 1082 1299 353
f 1083 1300 1301
f 355 1302 1303
f 355 1304 1305
f 355 1200 1201
f 521 924 1204
f 1087 1306 355
f 1088 1307 727
f 1207 726 725
f 725 1308 1208
f 1090 1210 529
f 536 1091 128
f 1212 735 371
f 1094 1213 953
f 549 958 1095
f 563 75 957
f 50 565 1309
f 1215 1097 75
f 1216 970 969
f 1219 1217 1100
f 1221 1310 1100
f 1223 1311 752
f 1224 1312 752
f 570 379 755
f 755 1313 1314
f 755 1315 1316
f 1228 1315 755
f 755 1317 1318
f 379 1319 1320
f 379 1321 1322
f 379 1323 1324
f 1112 1325 1229
f 1230 1326 1114
f 1234 1231 765
f 1232 1117 765
f 1238 1327 762
f 1124 762 765
f 1128 1126 765
f 765 1328 1329
f 1241 1330 762
f 8 1331 1332
f 1246 1243 1242
f 981 1333 1334
f 1248 1335 574
f 1335 1336 574
f 1250 1247 574
f 1252 1337 574
f 1337 1130 574
f 1132 1338 574
f 981 1339 1253
f 1254 1340 981
f 1256 1339 981
f 1258 1341 382
f 1341 1268 382
f 578 1342 770
f 578 1343 1259
f 1139 1344 1137
f 1265 1263 1140
f 1268 1266 243
f 240 1345 1346
f 1145 1142 240
f 1271 781 394
f 1150 1347 1152
f 997 1001 998
f 268 267 25
f 794 1348 276
f 1273 1158 811
f 1275 1274 819
f 192 822 1349
f 1277 631 105
f 1279 1162 1024
f 1163 1350 1024
f 632 1166 1164
f 842 1351 1352
f 1033 843 842
f 635 632 1283
f 1286 643 842
f 1286 859 643
f 1288 1285 842
f 842 1353 1354
f 1038 1355 842
f 1037 1356 1357
f 1043 1290 1039
f 1178 1048 194
f 1182 1358 869
f 1183 1359 1184
f 1190 481 474
f 1189 1360 1190
f 1294 879 318
f 1295 1059 481
f 1296 900 688
f 1070 1361 492
f 512 511 117
f 1299 1080 353
f 1301 1362 1083
f 1303 1084 355
f 1201 1304 355
f 1205 725 521
f 1204 1363 1205
f 1306 931 355
f 1089 933 521
f 1209 1364 725
f 736 740 737
f 1098 50 1100
f 1102 1221 1103
f 752 1312 1222
f 379 1365 1366
f 1314 1226 755
f 755 752 1317
f 1320 1367 379
f 1320 1368 1367
f 379 1369 1370
f 379 1371 1321
f 1322 1369 379
f 1113 1323 379
f 1112 1372 1373
f 1114 1374 1375
f 765 1376 1377
f 1378 765 1367
f 762 23 20
f 1327 1120 762
f 765 1114 1328
f 762 1379 1380
f 762 1381 1382
f 762 1383 1384
f 1332 1241 8
f 1244 1385 1242
f 981 1386 1245
f 1334 1387 981
f 1387 1386 981
f 981 1388 1389
f 1338 1251 574
f 981 1340 1390
f 981 1391 1392
f 573 1257 382
f 1260 1393 578
f 1140 1394 1261
f 1267 1141 243
f 240 1270 1345
f 243 1140 1395
f 776 1396 386
f 1155 1347 1150
f 1160 1397 619
f 1350 1278 1024
f 842 1398 1351
f 1282 638 635
f 1284 1399 635
f 1355 1353 842
f 1037 1400 1356
f 1358 1179 869
f 1187 1359 1183
f 887 668 885
f 1083 1401 1300
f 1305 1302 355
f 1364 1206 725
f 1309 1100 50
f 1310 1218 1100
f 379 972 1365
f 1316 1313 755
f 1318 1402 755
f 1370 1319 379
f 1324 1371 379
f 1112 1403 1372
f 1375 1404 1114
f 1377 1233 765
f 1367 1368 1378
f 762 1235 23
f 1329 1405 765
f 1380 1406 762
f 1380 1407 1406
f 1382 1408 762
f 762 1409 1410
f 1330 1383 762
f 8 15 14
f 1242 1411 1412
f 1245 1242 981
f 1385 1413 1242
f 1389 1333 981
f 574 1414 1415
f 981 1242 1391
f 1393 1342 578
f 1264 1394 1140
f 1346 394 240
f 1345 1416 1346
f 1395 774 243
f 386 1150 254
f 798 1417 431
f 1349 1024 192
f 1281 1418 632
f 1352 1037 842
f 1351 1419 1352
f 1399 1172 635
f 1354 1173 842
f 1357 1420 1037
f 677 902 485
f 1203 1401 1083
f 1307 728 727
f 1214 1421 549
f 1311 1422 752
f 1366 1112 379
f 1365 1423 1366
f 1402 1110 755
f 1373 1424 1112
f 1114 1326 1374
f 1378 1376 765
f 20 8 762
f 23 21 20
f 1405 1129 765
f 1408 1379 762
f 1384 1409 762
f 8 7 15
f 1412 1425 1242
f 981 1406 1407
f 574 1336 1414
f 1390 982 981
f 1392 1426 981
f 1262 1137 1140
f 782 1427 589
f 1168 1398 842
f 1420 1289 1037
f 1293 1428 1183
f 485 902 502
f 1424 1325 1112
f 1410 1381 762
f 14 18 8
f 1242 1413 1411
f 1407 1388 981
f 1415 578 574
f 1414 1429 1415
f 1426 1135 981
f 813 817 814
f 1191 673 321
f 939 1430 529
f 18 1331 8
f 1396 1150 386
f 1176 1431 1039
f 1404 1432 1114
f 1425 1433 1242
f 1362 1434 1083
f 1435 1436 1437
f 1437 1438 1435
f 1242 1433 1435
f 1438 1242 1435
f 1436 1439 1440
f 1440 1437 1436
f 1441 1392 1391
f 1392 1441 1442
f 1242 1438 1443
f 1443 1444 1242
f 1445 1391 1242
f 1438 1437 1440
f 1440 1443 1438
f 1444 1445 1242
f 1442 1426 1392
f 1391 1445 1441
f 1446 1425 1412
f 1447 1412 1411
f 1448 1449 1435
f 1435 1433 1448
f 1425 1446 1448
f 1449 1439 1436
f 1436 1435 1449
f 1433 1425 1448
f 1411 1450 1447
f 1412 1447 1446
f 1443 1440 1439
f 1439 1449 1443
f 1448 1444 1443
f 1449 1448 1443
f 1451 1452 1453
f 1453 1454 1451
f 1343 578 1451
f 1454 1343 1451
f 1452 1455 1456
f 1456 1453 1452
f 1457 1260 1259
f 1260 1457 1458
f 1343 1454 1459
f 1459 1460 1343
f 1461 1259 1343
f 1454 1453 1456
f 1456 1459 1454
f 1460 1461 1343
f 1458 1393 1260
f 1259 1461 1457
f 1415 1429 1462
f 1462 1429 1414
f 1463 1464 1451
f 1451 578 1463
f 1415 1465 1463
f 1464 1455 1452
f 1452 1451 1464
f 578 1415 1463
f 1414 1466 1462
f 1462 1465 1415
f 1459 1456 1455
f 1455 1464 1459
f 1463 1460 1459
f 1464 1463 1459
f 1467 1468 1469
f 1469 1470 1467
f 1344 1139 1467
f 1470 1344 1467
f 1468 1471 1472
f 1472 1469 1468
f 1473 1140 1137
f 1140 1473 1474
f 1344 1470 1475
f 1475 1476 1344
f 1477 1137 1344
f 1470 1469 1472
f 1472 1475 1470
f 1476 1477 1344
f 1474 1395 1140
f 1137 1477 1473
f 1138 1262 1478
f 1478 1262 1261
f 1479 1480 1467
f 1467 1139 1479
f 1138 1481 1479
f 1480 1471 1468
f 1468 1467 1480
f 1139 1138 1479
f 1261 1482 1478
f 1478 1481 1138
f 1475 1472 1471
f 1471 1480 1475
f 1479 1476 1475
f 1480 1479 1475
f 1483 1484 1485
f 1485 1486 1483
f 787 596 1483
f 1486 787 1483
f 1484 1487 1488
f 1488 1485 1484
f 1489 595 594
f 595 1489 1490
f 787 1486 1491
f 1491 1492 787
f 1493 594 787
f 1486 1485 1488
f 1488 1491 1486
f 1492 1493 787
f 1490 1004 595
f 594 1493 1489
f 408 1003 1494
f 1494 1003 784
f 1495 1496 1483
f 1483 596 1495
f 408 1497 1495
f 1496 1487 1484
f 1484 1483 1496
f 596 408 1495
f 784 1498 1494
f 1494 1497 408
f 1491 1488 1487
f 1487 1496 1491
f 1495 1492 1491
f 1496 1495 1491
f 1499 1500 1501
f 1501 1502 1499
f 589 1427 1499
f 1502 589 1499
f 1500 1503 1504
f 1504 1501 1500
f 1505 782 591
f 1506 591 590
f 1507 1508 1499
f 1499 1427 1507
f 782 1505 1507
f 1508 1503 1500
f 1500 1499 1508
f 1427 782 1507
f 590 1509 1506
f 591 1506 1505
f 1510 404 403
f 404 1510 1511
f 589 1502 1512
f 1512 1513 589
f 1514 403 589
f 1502 1501 1504
f 1504 1512 1502
f 1513 1514 589
f 1511 785 404
f 403 1514 1510
f 1512 1504 1503
f 1503 1508 1512
f 1507 1513 1512
f 1508 1507 1512
f 1515 1516 1517
f 1517 1518 1515
f 1149 394 1515
f 1518 1149 1515
f 1516 1519 1520
f 1520 1517 1516
f 1521 996 995
f 996 1521 1522
f 1149 1518 1523
f 1523 1524 1149
f 1525 995 1149
f 1518 1517 1520
f 1520 1523 1518
f 1524 1525 1149
f 1522 1271 996
f 995 1525 1521
f 1526 1346 1416
f 1527 1416 1345
f 1528 1529 1515
f 1515 394 1528
f 1346 1526 1528
f 1529 1519 1516
f 1516 1515 1529
f 394 1346 1528
f 1345 1530 1527
f 1416 1527 1526
f 1523 1520 1519
f 1519 1529 1523
f 1528 1524 1523
f 1529 1528 1523
f 1531 1532 1533
f 1533 1534 1531
f 1154 999 1531
f 1534 1154 1531
f 1532 1535 1536
f 1536 1533 1532
f 1537 998 1000
f 1538 1000 1150
f 1539 1540 1531
f 1531 999 1539
f 998 1537 1539
f 1540 1535 1532
f 1532 1531 1540
f 999 998 1539
f 1150 1541 1538
f 1000 1538 1537
f 1001 997 1542
f 1001 1543 1544
f 1154 1534 1545
f 1545 1546 1154
f 1542 997 1154
f 1534 1533 1536
f 1536 1545 1534
f 1546 1542 1154
f 1544 1155 1001
f 1542 1543 1001
f 1545 1536 1535
f 1535 1540 1545
f 1539 1546 1545
f 1540 1539 1545
f 1547 1548 1549
f 1549 1550 1547
f 1430 939 1547
f 1550 1430 1547
f 1548 1551 1552
f 1552 1549 1548
f 1553 946 529
f 946 1553 1554
f 1430 1550 1555
f 1555 1556 1430
f 1557 529 1430
f 1550 1549 1552
f 1552 1555 1550
f 1556 1557 1430
f 1554 1092 946
f 529 1557 1553
f 1558 938 941
f 1559 941 940
f 1560 1561 1547
f 1547 939 1560
f 938 1558 1560
f 1561 1551 1548
f 1548 1547 1561
f 939 938 1560
f 940 1562 1559
f 941 1559 1558
f 1555 1552 1551
f 1551 1561 1555
f 1560 1556 1555
f 1561 1560 1555
f 1563 1564 1565
f 1565 1566 1563
f 1093 371 1563
f 1566 1093 1563
f 1564 1567 1568
f 1568 1565 1564
f 1569 951 950
f 951 1569 1570
f 1093 1566 1571
f 1571 1572 1093
f 1573 950 1093
f 1566 1565 1568
f 1568 1571 1566
f 1572 1573 1093
f 1570 1212 951
f 950 1573 1569
f 1574 945 1211
f 1575 1211 944
f 1576 1577 1563
f 1563 371 1576
f 945 1574 1576
f 1577 1567 1564
f 1564 1563 1577
f 371 945 1576
f 944 1578 1575
f 1211 1575 1574
f 1571 1568 1567
f 1567 1577 1571
f 1576 1572 1571
f 1577 1576 1571
f 1579 1580 1581
f 1581 1582 1579
f 549 1421 1579
f 1582 549 1579
f 1580 1583 1584
f 1584 1581 1580
f 1585 961 960
f 961 1585 1586
f 549 1582 1587
f 1587 1588 549
f 1589 960 549
f 1582 1581 1584
f 1584 1587 1582
f 1588 1589 549
f 1586 1215 961
f 960 1589 1585
f 1590 1214 1096
f 1591 1096 1095
f 1592 1593 1579
f 1579 1421 1592
f 1214 1590 1592
f 1593 1583 1580
f 1580 1579 1593
f 1421 1214 1592
f 1095 1594 1591
f 1096 1591 1590
f 1587 1584 1583
f 1583 1593 1587
f 1592 1588 1587
f 1593 1592 1587
f 1595 1596 1597
f 1595 738 1596
f 1597 1598 1595
f 1595 952 738
f 1597 1599 1600
f 1600 1598 1597
f 1601 737 739
f 1602 739 954
f 1603 1604 1596
f 1596 738 1603
f 737 1601 1603
f 1604 1599 1597
f 1597 1596 1604
f 738 737 1603
f 954 1605 1602
f 739 1602 1601
f 1606 740 736
f 740 1606 1607
f 952 1595 1608
f 1608 1609 952
f 1610 736 952
f 1595 1598 1600
f 1600 1608 1595
f 1609 1610 952
f 1607 953 740
f 736 1610 1606
f 1604 1608 1600
f 1604 1609 1608
f 1600 1599 1604
f 1604 1603 1609
f 1611 1612 1613
f 1613 1614 1611
f 1220 1104 1611
f 1614 1220 1611
f 1612 1615 1616
f 1616 1613 1612
f 1617 1221 1102
f 1221 1617 1618
f 1220 1614 1619
f 1619 1620 1220
f 1621 1102 1220
f 1614 1613 1616
f 1616 1619 1614
f 1620 1621 1220
f 1618 1310 1221
f 1102 1621 1617
f 1622 1103 1100
f 1623 1100 1309
f 1624 1625 1611
f 1611 1104 1624
f 1103 1622 1624
f 1625 1615 1612
f 1612 1611 1625
f 1104 1103 1624
f 1309 1626 1623
f 1100 1623 1622
f 1619 1616 1615
f 1615 1625 1619
f 1624 1620 1619
f 1625 1624 1619
f 1627 1628 1629
f 1629 1630 1627
f 752 1422 1627
f 1630 752 1627
f 1628 1631 1632
f 1632 1629 1628
f 1318 1317 1633
f 1318 1634 1635
f 752 1630 1636
f 1636 1637 752
f 1633 1317 752
f 1630 1629 1632
f 1632 1636 1630
f 1637 1633 752
f 1635 1402 1318
f 1633 1634 1318
f 1638 1311 1223
f 1639 1223 1222
f 1640 1641 1627
f 1627 1422 1640
f 1311 1638 1640
f 1641 1631 1628
f 1628 1627 1641
f 1422 1311 1640
f 1222 1642 1639
f 1223 1639 1638
f 1636 1632 1631
f 1631 1641 1636
f 1640 1637 1636
f 1641 1640 1636
f 1643 1644 1645
f 1645 1646 1643
f 1403 1112 1643
f 1646 1403 1643
f 1644 1647 1648
f 1648 1645 1644
f 1649 1373 1372
f 1373 1649 1650
f 1403 1646 1651
f 1651 1652 1403
f 1653 1372 1403
f 1646 1645 1648
f 1648 1651 1646
f 1652 1653 1403
f 1650 1424 1373
f 1372 1653 1649
f 1654 1366 1423
f 1655 1423 1365
f 1656 1657 1643
f 1643 1112 1656
f 1366 1654 1656
f 1657 1647 1644
f 1644 1643 1657
f 1112 1366 1656
f 1365 1658 1655
f 1423 1655 1654
f 1651 1648 1647
f 1647 1657 1651
f 1656 1652 1651
f 1657 1656 1651
f 1659 1660 1661
f 1661 1662 1659
f 1114 1432 1659
f 1662 1114 1659
f 1660 1663 1664
f 1664 1661 1660
f 1665 1404 1375
f 1666 1375 1374
f 1667 1668 1659
f 1659 1432 1667
f 1404 1665 1667
f 1668 1663 1660
f 1660 1659 1668
f 1432 1404 1667
f 1374 1669 1666
f 1375 1666 1665
f 1329 1328 1670
f 1329 1671 1672
f 1114 1662 1673
f 1673 1674 1114
f 1670 1328 1114
f 1662 1661 1664
f 1664 1673 1662
f 1674 1670 1114
f 1672 1405 1329
f 1670 1671 1329
f 1673 1664 1663
f 1663 1668 1673
f 1667 1674 1673
f 1668 1667 1673
f 1675 1676 1677
f 1675 725 1676
f 1677 1678 1675
f 1675 1308 725
f 1677 1679 1680
f 1680 1678 1677
f 1205 1363 1681
f 1681 1363 1204
f 1682 1683 1676
f 1676 725 1682
f 1205 1684 1682
f 1683 1679 1677
f 1677 1676 1683
f 725 1205 1682
f 1204 1685 1681
f 1681 1684 1205
f 1686 1209 1208
f 1209 1686 1687
f 1308 1675 1688
f 1688 1689 1308
f 1690 1208 1308
f 1675 1678 1680
f 1680 1688 1675
f 1689 1690 1308
f 1687 1364 1209
f 1208 1690 1686
f 1688 1680 1679
f 1679 1683 1688
f 1682 1689 1688
f 1683 1682 1688
f 1691 1692 1693
f 1693 1694 1691
f 1083 1434 1691
f 1694 1083 1691
f 1692 1695 1696
f 1696 1693 1692
f 1362 1301 1697
f 1697 1301 1300
f 1698 1699 1691
f 1691 1434 1698
f 1362 1700 1698
f 1699 1695 1692
f 1692 1691 1699
f 1434 1362 1698
f 1300 1701 1697
f 1697 1700 1362
f 1702 1087 1086
f 1087 1702 1703
f 1083 1694 1704
f 1704 1705 1083
f 1706 1086 1083
f 1694 1693 1696
f 1696 1704 1694
f 1705 1706 1083
f 1703 1306 1087
f 1086 1706 1702
f 1704 1696 1695
f 1695 1699 1704
f 1698 1705 1704
f 1699 1698 1704
f 1707 1708 1709
f 1710 353 1707
f 1709 1710 1707
f 1710 1202 353
f 1708 1711 1712
f 1712 1709 1708
f 1713 1077 1298
f 1714 1298 1076
f 1715 1716 1707
f 1707 353 1715
f 1077 1713 1715
f 1716 1711 1708
f 1708 1707 1716
f 353 1077 1715
f 1076 1717 1714
f 1298 1714 1713
f 1082 1081 1718
f 1082 1719 1720
f 1202 1710 1721
f 1721 1722 1202
f 1718 1081 1202
f 1710 1709 1712
f 1712 1721 1710
f 1722 1718 1202
f 1720 1299 1082
f 1718 1719 1082
f 1716 1721 1712
f 1716 1722 1721
f 1712 1711 1716
f 1716 1715 1722
f 1723 1724 1725
f 1725 1726 1723
f 337 1297 1723
f 1726 337 1723
f 1724 1727 1728
f 1728 1725 1724
f 910 709 1729
f 1729 709 708
f 1730 1731 1723
f 1723 1297 1730
f 910 1732 1730
f 1731 1727 1724
f 1724 1723 1731
f 1297 910 1730
f 708 1733 1729
f 1729 1732 910
f 1734 914 913
f 914 1734 1735
f 337 1726 1736
f 1736 1737 337
f 1738 913 337
f 1726 1725 1728
f 1728 1736 1726
f 1737 1738 337
f 1735 1199 914
f 913 1738 1734
f 1731 1736 1728
f 1731 1737 1736
f 1728 1727 1731
f 1731 1730 1737
f 1739 1740 1741
f 1741 1742 1739
f 904 692 1739
f 1742 904 1739
f 1740 1743 1744
f 1744 1741 1740
f 1745 694 690
f 694 1745 1746
f 904 1742 1747
f 1747 1748 904
f 1749 690 904
f 1742 1741 1744
f 1744 1747 1742
f 1748 1749 904
f 1746 905 694
f 690 1749 1745
f 1750 691 693
f 1751 693 902
f 1752 1753 1739
f 1739 692 1752
f 691 1750 1752
f 1753 1743 1740
f 1740 1739 1753
f 692 691 1752
f 902 1754 1751
f 693 1751 1750
f 1747 1744 1743
f 1743 1753 1747
f 1752 1748 1747
f 1753 1752 1747
f 1755 1756 1757
f 1757 1758 1755
f 1195 688 1755
f 1758 1195 1755
f 1756 1759 1760
f 1760 1757 1756
f 1761 892 1194
f 1762 1194 891
f 1763 1764 1755
f 1755 688 1763
f 892 1761 1763
f 1764 1759 1756
f 1756 1755 1764
f 688 892 1763
f 891 1765 1762
f 1194 1762 1761
f 1766 1066 1065
f 1066 1766 1767
f 1195 1758 1768
f 1768 1769 1195
f 1770 1065 1195
f 1758 1757 1760
f 1760 1768 1758
f 1769 1770 1195
f 1767 1296 1066
f 1065 1770 1766
f 1764 1768 1760
f 1764 1769 1768
f 1760 1759 1764
f 1764 1763 1769
f 1771 1772 1773
f 1773 1774 1771
f 492 1361 1771
f 1774 492 1771
f 1772 1775 1776
f 1776 1773 1772
f 1777 698 697
f 698 1777 1778
f 492 1774 1779
f 1779 1780 492
f 1781 697 492
f 1774 1773 1776
f 1776 1779 1774
f 1780 1781 492
f 1778 1073 698
f 697 1781 1777
f 1070 907 1782
f 1782 907 906
f 1783 1784 1771
f 1771 1361 1783
f 1070 1785 1783
f 1784 1775 1772
f 1772 1771 1784
f 1361 1070 1783
f 906 1786 1782
f 1782 1785 1070
f 1779 1776 1775
f 1775 1784 1779
f 1783 1780 1779
f 1784 1783 1779
f 1787 1788 1789
f 1789 1790 1787
f 909 707 1788
f 1787 909 1788
f 1789 1791 1792
f 1792 1790 1789
f 216 1197 1793
f 1793 1197 1072
f 1794 1795 1788
f 1788 707 1794
f 216 1796 1794
f 1795 1791 1789
f 1789 1788 1795
f 707 216 1794
f 1072 1797 1793
f 1793 1796 216
f 1798 706 705
f 706 1798 1799
f 909 1787 1800
f 1800 1801 909
f 1802 705 909
f 1787 1790 1792
f 1792 1800 1787
f 1801 1802 909
f 1799 1074 706
f 705 1802 1798
f 1795 1800 1792
f 1795 1801 1800
f 1792 1791 1795
f 1795 1794 1801
f 1803 1804 1805
f 1803 1272 1804
f 1805 1806 1803
f 1803 597 1272
f 1805 1807 1808
f 1808 1806 1805
f 1809 417 416
f 417 1809 1810
f 1811 597 1803
f 1811 416 597
f 1803 1812 1811
f 1812 1803 1806
f 1806 1808 1812
f 1811 1813 416
f 1810 790 417
f 416 1813 1809
f 1814 788 599
f 1815 599 598
f 1816 1817 1804
f 1804 1272 1816
f 788 1814 1816
f 1817 1807 1805
f 1805 1804 1817
f 1272 788 1816
f 598 1818 1815
f 599 1815 1814
f 1812 1808 1807
f 1807 1817 1812
f 1816 1811 1812
f 1817 1816 1812
f 1819 1820 1821
f 1821 1822 1819
f 793 161 1819
f 1822 793 1819
f 1820 1823 1824
f 1824 1821 1820
f 1825 607 606
f 607 1825 1826
f 793 1822 1827
f 1827 1828 793
f 1829 606 793
f 1822 1821 1824
f 1824 1827 1822
f 1828 1829 793
f 1826 1007 607
f 606 1829 1825
f 1830 603 1006
f 1831 1006 602
f 1832 1833 1819
f 1819 161 1832
f 603 1830 1832
f 1833 1823 1820
f 1820 1819 1833
f 161 603 1832
f 602 1834 1831
f 1006 1831 1830
f 1827 1824 1823
f 1823 1833 1827
f 1832 1828 1827
f 1833 1832 1827
f 1835 1836 1837
f 1838 1348 1835
f 1837 1838 1835
f 1838 276 1348
f 1836 1839 1840
f 1840 1837 1836
f 286 285 1841
f 286 1842 1843
f 276 1838 1844
f 1844 1845 276
f 1841 285 276
f 1838 1837 1840
f 1840 1844 1838
f 1845 1841 276
f 1843 611 286
f 1841 1842 286
f 1846 794 609
f 1847 609 608
f 1848 1849 1835
f 1835 1348 1848
f 794 1846 1848
f 1849 1839 1836
f 1836 1835 1849
f 1348 794 1848
f 608 1850 1847
f 609 1847 1846
f 1844 1840 1839
f 1839 1849 1844
f 1848 1845 1844
f 1849 1848 1844
f 1851 1852 1853
f 1851 34 1852
f 1853 1854 1851
f 1851 613 34
f 1853 1855 1856
f 1856 1854 1853
f 1857 430 429
f 430 1857 1858
f 613 1851 1859
f 1859 1860 613
f 1861 429 613
f 1851 1854 1856
f 1856 1859 1851
f 1860 1861 613
f 1858 796 430
f 429 1861 1857
f 1862 426 795
f 1863 795 425
f 1864 1865 1852
f 1852 34 1864
f 426 1862 1864
f 1865 1855 1853
f 1853 1852 1865
f 34 426 1864
f 425 1866 1863
f 795 1863 1862
f 1859 1856 1855
f 1855 1865 1859
f 1864 1860 1859
f 1865 1864 1859
f 1867 1868 1869
f 1870 798 1867
f 1869 1870 1867
f 1870 1417 798
f 1868 1871 1872
f 1872 1869 1868
f 1873 807 431
f 807 1873 1874
f 1417 1870 1875
f 1875 1876 1417
f 1877 431 1417
f 1870 1869 1872
f 1872 1875 1870
f 1876 1877 1417
f 1874 1008 807
f 431 1877 1873
f 1878 797 800
f 1879 800 799
f 1880 1881 1867
f 1867 798 1880
f 797 1878 1880
f 1881 1871 1868
f 1868 1867 1881
f 798 797 1880
f 799 1882 1879
f 800 1879 1878
f 1875 1872 1871
f 1871 1881 1875
f 1880 1876 1875
f 1881 1880 1875
f 1883 1884 1885
f 1885 1886 1883
f 1159 811 1883
f 1886 1159 1883
f 1884 1887 1888
f 1888 1885 1884
f 1889 1011 1010
f 1011 1889 1890
f 1159 1886 1891
f 1891 1892 1159
f 1893 1010 1159
f 1886 1885 1888
f 1888 1891 1886
f 1892 1893 1159
f 1890 1273 1011
f 1010 1893 1889
f 1894 806 1157
f 1895 1157 805
f 1896 1897 1883
f 1883 811 1896
f 806 1894 1896
f 1897 1887 1884
f 1884 1883 1897
f 811 806 1896
f 805 1898 1895
f 1157 1895 1894
f 1891 1888 1887
f 1887 1897 1891
f 1896 1892 1891
f 1897 1896 1891
f 1899 1900 1901
f 1901 1902 1899
f 619 1397 1899
f 1902 619 1899
f 1900 1903 1904
f 1904 1901 1900
f 1905 1021 1020
f 1021 1905 1906
f 619 1902 1907
f 1907 1908 619
f 1909 1020 619
f 1902 1901 1904
f 1904 1907 1902
f 1908 1909 619
f 1906 1277 1021
f 1020 1909 1905
f 1910 1160 1017
f 1911 1017 1016
f 1912 1913 1899
f 1899 1397 1912
f 1160 1910 1912
f 1913 1903 1900
f 1900 1899 1913
f 1397 1160 1912
f 1016 1914 1911
f 1017 1911 1910
f 1907 1904 1903
f 1903 1913 1907
f 1912 1908 1907
f 1913 1912 1907
f 1915 1916 1917
f 1917 1918 1915
f 1012 815 1916
f 1915 1012 1916
f 1917 1919 1920
f 1920 1918 1917
f 1921 814 816
f 1922 816 1013
f 1923 1924 1916
f 1916 815 1923
f 814 1921 1923
f 1924 1919 1917
f 1917 1916 1924
f 815 814 1923
f 1013 1925 1922
f 816 1922 1921
f 1926 817 813
f 817 1926 1927
f 1012 1915 1928
f 1928 1929 1012
f 1930 813 1012
f 1915 1918 1920
f 1920 1928 1915
f 1929 1930 1012
f 1927 819 817
f 813 1930 1926
f 1924 1928 1920
f 1924 1929 1928
f 1920 1919 1924
f 1924 1923 1929
f 1931 1932 1933
f 1933 1934 1931
f 1280 1028 1931
f 1934 1280 1931
f 1932 1935 1936
f 1936 1933 1932
f 1937 1163 1026
f 1163 1937 1938
f 1280 1934 1939
f 1939 1940 1280
f 1941 1026 1280
f 1934 1933 1936
f 1936 1939 1934
f 1940 1941 1280
f 1938 1350 1163
f 1026 1941 1937
f 1942 1027 1024
f 1943 1024 1349
f 1944 1945 1931
f 1931 1028 1944
f 1027 1942 1944
f 1945 1935 1932
f 1932 1931 1945
f 1028 1027 1944
f 1349 1946 1943
f 1024 1943 1942
f 1939 1936 1935
f 1935 1945 1939
f 1944 1940 1939
f 1945 1944 1939
f 1947 1948 1949
f 1949 1950 1947
f 632 1418 1948
f 1947 632 1948
f 1949 1951 1952
f 1952 1950 1949
f 1953 1284 1283
f 1284 1953 1954
f 1955 632 1947
f 1955 1283 632
f 1947 1956 1955
f 1956 1947 1950
f 1950 1952 1956
f 1955 1957 1283
f 1954 1399 1284
f 1283 1957 1953
f 1958 1281 1165
f 1959 1165 1164
f 1960 1961 1948
f 1948 1418 1960
f 1281 1958 1960
f 1961 1951 1949
f 1949 1948 1961
f 1418 1281 1960
f 1164 1962 1959
f 1165 1959 1958
f 1956 1952 1951
f 1951 1961 1956
f 1960 1955 1956
f 1961 1960 1956
f 1963 1964 1965
f 1965 1966 1963
f 1400 1037 1963
f 1966 1400 1963
f 1964 1967 1968
f 1968 1965 1964
f 1969 1357 1356
f 1357 1969 1970
f 1400 1966 1971
f 1971 1972 1400
f 1973 1356 1400
f 1966 1965 1968
f 1968 1971 1966
f 1972 1973 1400
f 1970 1420 1357
f 1356 1973 1969
f 1352 1419 1974
f 1974 1419 1351
f 1975 1976 1963
f 1963 1037 1975
f 1352 1977 1975
f 1976 1967 1964
f 1964 1963 1976
f 1037 1352 1975
f 1351 1978 1974
f 1974 1977 1352
f 1971 1968 1967
f 1967 1976 1971
f 1975 1972 1971
f 1976 1975 1971
f 1979 1980 1981
f 1981 1982 1979
f 1039 1431 1979
f 1982 1039 1979
f 1980 1983 1984
f 1984 1981 1980
f 863 862 1985
f 863 1986 1987
f 1039 1982 1988
f 1988 1989 1039
f 1985 862 1039
f 1982 1981 1984
f 1984 1988 1982
f 1989 1985 1039
f 1987 1177 863
f 1985 1986 863
f 1176 1041 1990
f 1990 1041 1040
f 1991 1992 1979
f 1979 1431 1991
f 1176 1993 1991
f 1992 1983 1980
f 1980 1979 1992
f 1431 1176 1991
f 1040 1994 1990
f 1990 1993 1176
f 1992 1988 1984
f 1992 1989 1988
f 1984 1983 1992
f 1992 1991 1989
f 1995 1996 1997
f 1997 1998 1995
f 1292 869 1995
f 1998 1292 1995
f 1996 1999 2000
f 2000 1997 1996
f 2001 1182 1181
f 1182 2001 2002
f 1292 1998 2003
f 2003 2004 1292
f 2005 1181 1292
f 1998 1997 2000
f 2000 2003 1998
f 2004 2005 1292
f 2002 1358 1182
f 1181 2005 2001
f 2006 1045 1291
f 2007 1291 1044
f 2008 2009 1995
f 1995 869 2008
f 1045 2006 2008
f 2009 1999 1996
f 1996 1995 2009
f 869 1045 2008
f 1044 2010 2007
f 1291 2007 2006
f 2003 2000 1999
f 1999 2009 2003
f 2008 2004 2003
f 2009 2008 2003
f 2011 2012 2013
f 2013 2014 2011
f 1183 1428 2011
f 2014 1183 2011
f 2012 2015 2016
f 2016 2013 2012
f 2017 1058 1057
f 1058 2017 2018
f 1183 2014 2019
f 2019 2020 1183
f 2021 1057 1183
f 2014 2013 2016
f 2016 2019 2014
f 2020 2021 1183
f 2018 1294 1058
f 1057 2021 2017
f 1293 1185 2022
f 2022 1185 1184
f 2023 2024 2011
f 2011 1428 2023
f 1293 2025 2023
f 2024 2015 2012
f 2012 2011 2024
f 1428 1293 2023
f 1184 2026 2022
f 2022 2025 1293
f 2019 2016 2015
f 2015 2024 2019
f 2023 2020 2019
f 2024 2023 2019
f 2027 2028 2029
f 2029 2030 2027
f 1192 481 2027
f 2030 1192 2027
f 2028 2031 2032
f 2032 2029 2028
f 2033 1061 1060
f 1061 2033 2034
f 1192 2030 2035
f 2035 2036 1192
f 2037 1060 1192
f 2030 2029 2032
f 2032 2035 2030
f 2036 2037 1192
f 2034 1295 1061
f 1060 2037 2033
f 2038 1190 1360
f 2039 1360 1189
f 2040 2041 2027
f 2027 481 2040
f 1190 2038 2040
f 2041 2031 2028
f 2028 2027 2041
f 481 1190 2040
f 1189 2042 2039
f 1360 2039 2038
f 2035 2032 2031
f 2031 2041 2035
f 2040 2036 2035
f 2041 2040 2035
f 2043 2044 2045
f 2045 2046 2043
f 1062 670 2043
f 2046 1062 2043
f 2044 2047 2048
f 2048 2045 2044
f 669 887 2049
f 2049 887 886
f 2050 2051 2043
f 2043 670 2050
f 669 2052 2050
f 2051 2047 2044
f 2044 2043 2051
f 670 669 2050
f 886 2053 2049
f 2049 2052 669
f 885 668 2054
f 885 2055 2056
f 1062 2046 2057
f 2057 2058 1062
f 2054 668 1062
f 2046 2045 2048
f 2048 2057 2046
f 2058 2054 1062
f 2056 1064 885
f 2054 2055 885
f 2057 2048 2047
f 2047 2051 2057
f 2050 2058 2057
f 2051 2050 2057
f 1059 1295 2034
f 667 1059 2059
f 482 667 2060
f 665 482 2061
f 666 665 2062
f 663 666 2063
f 664 663 2064
f 884 664 2065
f 882 884 2066
f 883 882 2067
f 662 883 2068
f 322 662 2069
f 323 322 2070
f 2070 2071 323
f 2069 2070 322
f 2068 2069 662
f 2067 2068 883
f 2066 2067 882
f 2065 2066 884
f 2064 2065 664
f 2063 2064 663
f 2062 2063 666
f 2061 2062 665
f 2060 2061 482
f 2059 2060 667
f 2034 2059 1059
f 661 480 2072
f 880 661 2073
f 881 880 2074
f 1191 881 2075
f 673 1191 2076
f 890 673 2077
f 671 890 2078
f 672 671 2079
f 888 672 2080
f 889 888 2081
f 1063 889 2082
f 1193 1063 2083
f 886 1193 2084
f 2084 2053 886
f 2083 2084 1193
f 2082 2083 1063
f 2081 2082 889
f 2080 2081 888
f 2079 2080 672
f 2078 2079 671
f 2077 2078 890
f 2076 2077 673
f 2075 2076 1191
f 2074 2075 881
f 2073 2074 880
f 2072 2073 661
f 323 2071 2072
f 2072 480 323
f 879 1294 2018
f 659 879 2085
f 478 659 2086
f 479 478 2087
f 660 479 2088
f 476 660 2089
f 477 476 2090
f 658 477 2091
f 656 658 2092
f 657 656 2093
f 878 657 2094
f 319 878 2095
f 320 319 2096
f 2096 2097 320
f 2095 2096 319
f 2094 2095 878
f 2093 2094 657
f 2092 2093 656
f 2091 2092 658
f 2090 2091 477
f 2089 2090 476
f 2088 2089 660
f 2087 2088 479
f 2086 2087 478
f 2085 2086 659
f 2018 2085 879
f 654 475 2098
f 655 654 2099
f 876 655 2100
f 877 876 2101
f 652 877 2102
f 653 652 2103
f 875 653 2104
f 650 875 2105
f 651 650 2106
f 648 651 2107
f 649 648 2108
f 874 649 2109
f 1189 874 2110
f 2110 2042 1189
f 2109 2110 874
f 2108 2109 649
f 2107 2108 648
f 2106 2107 651
f 2105 2106 650
f 2104 2105 875
f 2103 2104 653
f 2102 2103 652
f 2101 2102 877
f 2100 2101 876
f 2099 2100 655
f 2098 2099 654
f 320 2097 2098
f 2098 475 320
f 1179 1358 2002
f 1180 1179 2111
f 870 1180 2112
f 1050 870 2113
f 1178 1050 2114
f 1048 1178 2115
f 1049 1048 2116
f 1047 1049 2117
f 867 1047 2118
f 868 867 2119
f 865 868 2120
f 866 865 2121
f 1046 866 2122
f 2122 2123 1046
f 2121 2122 866
f 2120 2121 865
f 2119 2120 868
f 2118 2119 867
f 2117 2118 1047
f 2116 2117 1049
f 2115 2116 1048
f 2114 2115 1178
f 2113 2114 1050
f 2112 2113 870
f 2111 2112 1180
f 2002 2111 1179
f 1056 873 2124
f 1188 1056 2125
f 1054 1188 2126
f 1055 1054 2127
f 1053 1055 2128
f 871 1053 2129
f 872 871 2130
f 1051 872 2131
f 1052 1051 2132
f 1186 1052 2133
f 1187 1186 2134
f 1359 1187 2135
f 1184 1359 2136
f 2136 2026 1184
f 2135 2136 1359
f 2134 2135 1187
f 2133 2134 1186
f 2132 2133 1052
f 2131 2132 1051
f 2130 2131 872
f 2129 2130 871
f 2128 2129 1053
f 2127 2128 1055
f 2126 2127 1054
f 2125 2126 1188
f 2124 2125 1056
f 1046 2123 2124
f 2124 873 1046
f 316 1177 1987
f 317 316 2137
f 472 317 2138
f 473 472 2139
f 646 473 2140
f 647 646 2141
f 470 647 2142
f 314 470 2143
f 315 314 2144
f 471 315 2145
f 313 471 2146
f 195 313 2147
f 196 195 2148
f 2148 2149 196
f 2147 2148 195
f 2146 2147 313
f 2145 2146 471
f 2144 2145 315
f 2143 2144 314
f 2142 2143 470
f 2141 2142 647
f 2140 2141 646
f 2139 2140 473
f 2138 2139 472
f 2137 2138 317
f 1987 2137 316
f 309 311 2150
f 310 309 2151
f 468 310 2152
f 469 468 2153
f 645 469 2154
f 861 645 2155
f 466 861 2156
f 467 466 2157
f 464 467 2158
f 465 464 2159
f 644 465 2160
f 860 644 2161
f 1044 860 2162
f 2162 2010 1044
f 2161 2162 860
f 2160 2161 644
f 2159 2160 465
f 2158 2159 464
f 2157 2158 467
f 2156 2157 466
f 2155 2156 861
f 2154 2155 645
f 2153 2154 469
f 2152 2153 468
f 2151 2152 310
f 2150 2151 309
f 196 2149 2150
f 2150 311 196
f 1289 1420 1970
f 1175 1289 2163
f 1038 1175 2164
f 1355 1038 2165
f 1353 1355 2166
f 1354 1353 2167
f 1173 1354 2168
f 1174 1173 2169
f 1287 1174 2170
f 1288 1287 2171
f 1285 1288 2172
f 1286 1285 2173
f 859 1286 2174
f 2174 2175 859
f 2173 2174 1286
f 2172 2173 1285
f 2171 2172 1288
f 2170 2171 1287
f 2169 2170 1174
f 2168 2169 1173
f 2167 2168 1354
f 2166 2167 1353
f 2165 2166 1355
f 2164 2165 1038
f 2163 2164 1175
f 1970 2163 1289
f 857 642 2176
f 858 857 2177
f 855 858 2178
f 856 855 2179
f 854 856 2180
f 640 854 2181
f 641 640 2182
f 852 641 2183
f 853 852 2184
f 1042 853 2185
f 1043 1042 2186
f 1290 1043 2187
f 1040 1290 2188
f 2188 1994 1040
f 2187 2188 1290
f 2186 2187 1043
f 2185 2186 1042
f 2184 2185 853
f 2183 2184 852
f 2182 2183 641
f 2181 2182 640
f 2180 2181 854
f 2179 2180 856
f 2178 2179 855
f 2177 2178 858
f 2176 2177 857
f 859 2175 2176
f 2176 642 859
f 1172 1399 1954
f 850 1172 2189
f 851 850 2190
f 1036 851 2191
f 848 1036 2192
f 849 848 2193
f 1034 849 2194
f 1035 1034 2195
f 1170 1035 2196
f 1171 1170 2197
f 1282 1171 2198
f 638 1282 2199
f 639 638 2200
f 2200 2201 639
f 2199 2200 638
f 2198 2199 1282
f 2197 2198 1171
f 2196 2197 1170
f 2195 2196 1035
f 2194 2195 1034
f 2193 2194 849
f 2192 2193 848
f 2191 2192 1036
f 2190 2191 851
f 2189 2190 850
f 1954 2189 1172
f 1169 847 2202
f 845 1169 2203
f 846 845 2204
f 1032 846 2205
f 1033 1032 2206
f 843 1033 2207
f 844 843 2208
f 1031 844 2209
f 1029 1031 2210
f 1030 1029 2211
f 1168 1030 2212
f 1398 1168 2213
f 1351 1398 2214
f 2214 1978 1351
f 2213 2214 1398
f 2212 2213 1168
f 2211 2212 1030
f 2210 2211 1029
f 2209 2210 1031
f 2208 2209 844
f 2207 2208 843
f 2206 2207 1033
f 2205 2206 1032
f 2204 2205 846
f 2203 2204 845
f 2202 2203 1169
f 639 2201 2202
f 2202 847 639
f 1278 1350 1938
f 1279 1278 2215
f 1162 1279 2216
f 1025 1162 2217
f 828 1025 2218
f 829 828 2219
f 1023 829 2220
f 1161 1023 2221
f 1167 1161 2222
f 840 1167 2223
f 841 840 2224
f 636 841 2225
f 637 636 2226
f 2226 2227 637
f 2225 2226 636
f 2224 2225 841
f 2223 2224 840
f 2222 2223 1167
f 2221 2222 1161
f 2220 2221 1023
f 2219 2220 829
f 2218 2219 828
f 2217 2218 1025
f 2216 2217 1162
f 2215 2216 1279
f 1938 2215 1278
f 837 839 2228
f 838 837 2229
f 835 838 2230
f 836 835 2231
f 833 836 2232
f 834 833 2233
f 831 834 2234
f 832 831 2235
f 830 832 2236
f 633 830 2237
f 634 633 2238
f 1166 634 2239
f 1164 1166 2240
f 2240 1962 1164
f 2239 2240 1166
f 2238 2239 634
f 2237 2238 633
f 2236 2237 830
f 2235 2236 832
f 2234 2235 831
f 2233 2234 834
f 2232 2233 833
f 2231 2232 836
f 2230 2231 835
f 2229 2230 838
f 2228 2229 837
f 637 2227 2228
f 2228 839 637
f 631 1277 1906
f 462 631 2241
f 307 462 2242
f 308 307 2243
f 463 308 2244
f 630 463 2245
f 826 630 2246
f 827 826 2247
f 824 827 2248
f 825 824 2249
f 1019 825 2250
f 106 1019 2251
f 107 106 2252
f 2252 2253 107
f 2251 2252 106
f 2250 2251 1019
f 2249 2250 825
f 2248 2249 824
f 2247 2248 827
f 2246 2247 826
f 2245 2246 630
f 2244 2245 463
f 2243 2244 308
f 2242 2243 307
f 2241 2242 462
f 1906 2241 631
f 461 193 2254
f 629 461 2255
f 627 629 2256
f 459 627 2257
f 460 459 2258
f 628 460 2259
f 823 628 2260
f 1018 823 2261
f 821 1018 2262
f 625 821 2263
f 626 625 2264
f 822 626 2265
f 1349 822 2266
f 2266 1946 1349
f 2265 2266 822
f 2264 2265 626
f 2263 2264 625
f 2262 2263 821
f 2261 2262 1018
f 2260 2261 823
f 2259 2260 628
f 2258 2259 460
f 2257 2258 459
f 2256 2257 627
f 2255 2256 629
f 2254 2255 461
f 107 2253 2254
f 2254 193 107
f 1158 1273 1890
f 1009 1158 2267
f 812 1009 2268
f 809 812 2269
f 810 809 2270
f 617 810 2271
f 618 617 2272
f 808 618 2273
f 190 808 2274
f 191 190 2275
f 103 191 2276
f 104 103 2277
f 101 104 2278
f 2278 2279 101
f 2277 2278 104
f 2276 2277 103
f 2275 2276 191
f 2274 2275 190
f 2273 2274 808
f 2272 2273 618
f 2271 2272 617
f 2270 2271 810
f 2269 2270 809
f 2268 2269 812
f 2267 2268 1009
f 1890 2267 1158
f 189 102 2280
f 300 189 2281
f 298 300 2282
f 299 298 2283
f 443 299 2284
f 444 443 2285
f 616 444 2286
f 818 616 2287
f 1014 818 2288
f 1015 1014 2289
f 1275 1015 2290
f 1274 1275 2291
f 1013 1274 2292
f 2292 1925 1013
f 2291 2292 1274
f 2290 2291 1275
f 2289 2290 1015
f 2288 2289 1014
f 2287 2288 818
f 2286 2287 616
f 2285 2286 444
f 2284 2285 443
f 2283 2284 299
f 2282 2283 298
f 2281 2282 300
f 2280 2281 189
f 101 2279 2280
f 2280 102 101
f 457 819 1927
f 458 457 2293
f 455 458 2294
f 305 455 2295
f 306 305 2296
f 456 306 2297
f 624 456 2298
f 453 624 2299
f 454 453 2300
f 622 454 2301
f 623 622 2302
f 303 623 2303
f 304 303 2304
f 2304 2305 304
f 2303 2304 303
f 2302 2303 623
f 2301 2302 622
f 2300 2301 454
f 2299 2300 453
f 2298 2299 624
f 2297 2298 456
f 2296 2297 306
f 2295 2296 305
f 2294 2295 455
f 2293 2294 458
f 1927 2293 457
f 450 452 2306
f 451 450 2307
f 448 451 2308
f 449 448 2309
f 447 449 2310
f 301 447 2311
f 302 301 2312
f 445 302 2313
f 446 445 2314
f 620 446 2315
f 621 620 2316
f 1276 621 2317
f 1016 1276 2318
f 2318 1914 1016
f 2317 2318 1276
f 2316 2317 621
f 2315 2316 620
f 2314 2315 446
f 2313 2314 445
f 2312 2313 302
f 2311 2312 301
f 2310 2311 447
f 2309 2310 449
f 2308 2309 448
f 2307 2308 451
f 2306 2307 450
f 304 2305 2306
f 2306 452 304
f 442 1008 1874
f 187 442 2319
f 188 187 2320
f 296 188 2321
f 297 296 2322
f 441 297 2323
f 185 441 2324
f 186 185 2325
f 294 186 2326
f 295 294 2327
f 440 295 2328
f 183 440 2329
f 184 183 2330
f 2330 2331 184
f 2329 2330 183
f 2328 2329 440
f 2327 2328 295
f 2326 2327 294
f 2325 2326 186
f 2324 2325 185
f 2323 2324 441
f 2322 2323 297
f 2321 2322 296
f 2320 2321 188
f 2319 2320 187
f 1874 2319 442
f 438 293 2332
f 439 438 2333
f 436 439 2334
f 437 436 2335
f 180 437 2336
f 181 180 2337
f 292 181 2338
f 291 292 2339
f 178 291 2340
f 98 178 2341
f 99 98 2342
f 179 99 2343
f 805 179 2344
f 2344 1898 805
f 2343 2344 179
f 2342 2343 99
f 2341 2342 98
f 2340 2341 178
f 2339 2340 291
f 2338 2339 292
f 2337 2338 181
f 2336 2337 180
f 2335 2336 437
f 2334 2335 436
f 2333 2334 439
f 2332 2333 438
f 184 2331 2332
f 2332 293 184
f 177 796 1858
f 65 177 2345
f 35 65 2346
f 46 35 2347
f 96 46 2348
f 175 96 2349
f 176 175 2350
f 289 176 2351
f 290 289 2352
f 427 290 2353
f 428 427 2354
f 173 428 2355
f 174 173 2356
f 2356 2357 174
f 2355 2356 173
f 2354 2355 428
f 2353 2354 427
f 2352 2353 290
f 2351 2352 289
f 2350 2351 176
f 2349 2350 175
f 2348 2349 96
f 2347 2348 46
f 2346 2347 35
f 2345 2346 65
f 1858 2345 177
f 612 288 2358
f 615 612 2359
f 804 615 2360
f 802 804 2361
f 803 802 2362
f 614 803 2363
f 434 614 2364
f 435 434 2365
f 432 435 2366
f 433 432 2367
f 801 433 2368
f 1156 801 2369
f 799 1156 2370
f 2370 1882 799
f 2369 2370 1156
f 2368 2369 801
f 2367 2368 433
f 2366 2367 432
f 2365 2366 435
f 2364 2365 434
f 2363 2364 614
f 2362 2363 803
f 2361 2362 802
f 2360 2361 804
f 2359 2360 615
f 2358 2359 612
f 174 2357 2358
f 2358 288 174
f 171 611 1843
f 172 171 2371
f 169 172 2372
f 170 169 2373
f 94 170 2374
f 63 94 2375
f 64 63 2376
f 95 64 2377
f 92 95 2378
f 93 92 2379
f 168 93 2380
f 44 168 2381
f 45 44 2382
f 2382 2383 45
f 2381 2382 44
f 2380 2381 168
f 2379 2380 93
f 2378 2379 92
f 2377 2378 95
f 2376 2377 64
f 2375 2376 63
f 2374 2375 94
f 2373 2374 170
f 2372 2373 169
f 2371 2372 172
f 1843 2371 171
f 60 62 2384
f 61 60 2385
f 91 61 2386
f 166 91 2387
f 167 166 2388
f 89 167 2389
f 90 89 2390
f 165 90 2391
f 163 165 2392
f 87 163 2393
f 88 87 2394
f 164 88 2395
f 425 164 2396
f 2396 1866 425
f 2395 2396 164
f 2394 2395 88
f 2393 2394 87
f 2392 2393 163
f 2391 2392 165
f 2390 2391 90
f 2389 2390 89
f 2388 2389 167
f 2387 2388 166
f 2386 2387 91
f 2385 2386 61
f 2384 2385 60
f 45 2383 2384
f 2384 62 45
f 605 1007 1826
f 421 605 2397
f 162 421 2398
f 159 162 2399
f 160 159 2400
f 420 160 2401
f 274 420 2402
f 275 274 2403
f 272 275 2404
f 273 272 2405
f 418 273 2406
f 419 418 2407
f 604 419 2408
f 2408 2409 604
f 2407 2408 419
f 2406 2407 418
f 2405 2406 273
f 2404 2405 272
f 2403 2404 275
f 2402 2403 274
f 2401 2402 420
f 2400 2401 160
f 2399 2400 159
f 2398 2399 162
f 2397 2398 421
f 1826 2397 605
f 283 792 2410
f 284 283 2411
f 424 284 2412
f 281 424 2413
f 282 281 2414
f 423 282 2415
f 422 423 2416
f 279 422 2417
f 280 279 2418
f 277 280 2419
f 278 277 2420
f 610 278 2421
f 608 610 2422
f 2422 1850 608
f 2421 2422 610
f 2420 2421 278
f 2419 2420 277
f 2418 2419 280
f 2417 2418 279
f 2416 2417 422
f 2415 2416 423
f 2414 2415 282
f 2413 2414 281
f 2412 2413 424
f 2411 2412 284
f 2410 2411 283
f 604 2409 2410
f 2410 792 604
f 270 790 1810
f 271 270 2423
f 415 271 2424
f 85 415 2425
f 86 85 2426
f 158 86 2427
f 84 158 2428
f 58 84 2429
f 59 58 2430
f 41 59 2431
f 42 41 2432
f 31 42 2433
f 32 31 2434
f 2434 2435 32
f 2433 2434 31
f 2432 2433 42
f 2431 2432 41
f 2430 2431 59
f 2429 2430 58
f 2428 2429 84
f 2427 2428 158
f 2426 2427 86
f 2425 2426 85
f 2424 2425 415
f 2423 2424 271
f 1810 2423 270
f 40 39 2436
f 57 40 2437
f 157 57 2438
f 269 157 2439
f 82 269 2440
f 83 82 2441
f 156 83 2442
f 80 156 2443
f 81 80 2444
f 154 81 2445
f 155 154 2446
f 789 155 2447
f 602 789 2448
f 2448 1834 602
f 2447 2448 789
f 2446 2447 155
f 2445 2446 154
f 2444 2445 81
f 2443 2444 80
f 2442 2443 156
f 2441 2442 83
f 2440 2441 82
f 2439 2440 269
f 2438 2439 157
f 2437 2438 57
f 2436 2437 40
f 32 2435 2436
f 2436 39 32
f 786 1004 1490
f 593 786 2449
f 409 593 2450
f 407 409 2451
f 260 407 2452
f 261 260 2453
f 258 261 2454
f 259 258 2455
f 405 259 2456
f 406 405 2457
f 268 406 2458
f 152 268 2459
f 153 152 2460
f 2460 2461 153
f 2459 2460 152
f 2458 2459 268
f 2457 2458 406
f 2456 2457 405
f 2455 2456 259
f 2454 2455 258
f 2453 2454 261
f 2452 2453 260
f 2451 2452 407
f 2450 2451 409
f 2449 2450 593
f 1490 2449 786
f 264 266 2462
f 265 264 2463
f 414 265 2464
f 412 414 2465
f 262 412 2466
f 263 262 2467
f 413 263 2468
f 410 413 2469
f 411 410 2470
f 600 411 2471
f 601 600 2472
f 1005 601 2473
f 598 1005 2474
f 2474 1818 598
f 2473 2474 1005
f 2472 2473 601
f 2471 2472 600
f 2470 2471 411
f 2469 2470 410
f 2468 2469 413
f 2467 2468 263
f 2466 2467 262
f 2465 2466 412
f 2464 2465 414
f 2463 2464 265
f 2462 2463 264
f 153 2461 2462
f 2462 266 153
f 212 1073 1778
f 213 212 2475
f 335 213 2476
f 336 335 2477
f 507 336 2478
f 695 507 2479
f 696 695 2480
f 505 696 2481
f 506 505 2482
f 334 506 2483
f 122 334 2484
f 123 122 2485
f 120 123 2486
f 2486 2487 120
f 2485 2486 123
f 2484 2485 122
f 2483 2484 334
f 2482 2483 506
f 2481 2482 505
f 2480 2481 696
f 2479 2480 695
f 2478 2479 507
f 2477 2478 336
f 2476 2477 335
f 2475 2476 213
f 1778 2475 212
f 211 121 2488
f 332 211 2489
f 333 332 2490
f 330 333 2491
f 331 330 2492
f 210 331 2493
f 118 210 2494
f 119 118 2495
f 208 119 2496
f 209 208 2497
f 504 209 2498
f 1071 504 2499
f 1072 1071 2500
f 2500 1797 1072
f 2499 2500 1071
f 2498 2499 504
f 2497 2498 209
f 2496 2497 208
f 2495 2496 119
f 2494 2495 118
f 2493 2494 210
f 2492 2493 331
f 2491 2492 330
f 2490 2491 333
f 2489 2490 332
f 2488 2489 211
f 120 2487 2488
f 2488 121 120
f 1068 905 1746
f 1069 1068 2501
f 1067 1069 2502
f 903 1067 2503
f 502 903 2504
f 503 502 2505
f 206 503 2506
f 207 206 2507
f 329 207 2508
f 68 329 2509
f 69 68 2510
f 48 69 2511
f 49 48 2512
f 2512 2513 49
f 2511 2512 48
f 2510 2511 69
f 2509 2510 68
f 2508 2509 329
f 2507 2508 207
f 2506 2507 206
f 2505 2506 503
f 2504 2505 502
f 2503 2504 903
f 2502 2503 1067
f 2501 2502 1069
f 1746 2501 1068
f 67 66 2514
f 328 67 2515
f 499 328 2516
f 500 499 2517
f 497 500 2518
f 498 497 2519
f 495 498 2520
f 496 495 2521
f 493 496 2522
f 494 493 2523
f 908 494 2524
f 1196 908 2525
f 906 1196 2526
f 2526 1786 906
f 2525 2526 1196
f 2524 2525 908
f 2523 2524 494
f 2522 2523 493
f 2521 2522 496
f 2520 2521 495
f 2519 2520 498
f 2518 2519 497
f 2517 2518 500
f 2516 2517 499
f 2515 2516 328
f 2514 2515 67
f 49 2513 2514
f 2514 66 49
f 115 1064 2056
f 116 115 2527
f 204 116 2528
f 205 204 2529
f 202 205 2530
f 113 202 2531
f 114 113 2532
f 203 114 2533
f 326 203 2534
f 327 326 2535
f 484 327 2536
f 112 484 2537
f 109 112 2538
f 2538 2539 109
f 2537 2538 112
f 2536 2537 484
f 2535 2536 327
f 2534 2535 326
f 2533 2534 203
f 2532 2533 114
f 2531 2532 113
f 2530 2531 202
f 2529 2530 205
f 2528 2529 204
f 2527 2528 116
f 2056 2527 115
f 201 110 2540
f 483 201 2541
f 199 483 2542
f 200 199 2543
f 197 200 2544
f 198 197 2545
f 324 198 2546
f 325 324 2547
f 674 325 2548
f 675 674 2549
f 893 675 2550
f 894 893 2551
f 891 894 2552
f 2552 1765 891
f 2551 2552 894
f 2550 2551 893
f 2549 2550 675
f 2548 2549 674
f 2547 2548 325
f 2546 2547 324
f 2545 2546 198
f 2544 2545 197
f 2543 2544 200
f 2542 2543 199
f 2541 2542 483
f 2540 2541 201
f 109 2539 2540
f 2540 110 109
f 900 1296 1767
f 901 900 2553
f 689 901 2554
f 899 689 2555
f 686 899 2556
f 687 686 2557
f 898 687 2558
f 684 898 2559
f 685 684 2560
f 682 685 2561
f 683 682 2562
f 490 683 2563
f 491 490 2564
f 2564 2565 491
f 2563 2564 490
f 2562 2563 683
f 2561 2562 682
f 2560 2561 685
f 2559 2560 684
f 2558 2559 898
f 2557 2558 687
f 2556 2557 686
f 2555 2556 899
f 2554 2555 689
f 2553 2554 901
f 1767 2553 900
f 896 681 2566
f 897 896 2567
f 679 897 2568
f 680 679 2569
f 895 680 2570
f 678 895 2571
f 488 678 2572
f 489 488 2573
f 676 489 2574
f 486 676 2575
f 487 486 2576
f 677 487 2577
f 902 677 2578
f 2578 1754 902
f 2577 2578 677
f 2576 2577 487
f 2575 2576 486
f 2574 2575 676
f 2573 2574 489
f 2572 2573 488
f 2571 2572 678
f 2570 2571 895
f 2569 2570 680
f 2568 2569 679
f 2567 2568 897
f 2566 2567 896
f 491 2565 2566
f 2566 681 491
f 704 1074 1799
f 508 704 2579
f 217 508 2580
f 214 217 2581
f 215 214 2582
f 702 215 2583
f 703 702 2584
f 700 703 2585
f 701 700 2586
f 699 701 2587
f 512 699 2588
f 342 512 2589
f 343 342 2590
f 2590 2591 343
f 2589 2590 342
f 2588 2589 512
f 2587 2588 699
f 2586 2587 701
f 2585 2586 700
f 2584 2585 703
f 2583 2584 702
f 2582 2583 215
f 2581 2582 214
f 2580 2581 217
f 2579 2580 508
f 1799 2579 704
f 510 509 2592
f 710 510 2593
f 340 710 2594
f 341 340 2595
f 221 341 2596
f 222 221 2597
f 339 222 2598
f 219 339 2599
f 220 219 2600
f 338 220 2601
f 911 338 2602
f 1075 911 2603
f 708 1075 2604
f 2604 1733 708
f 2603 2604 1075
f 2602 2603 911
f 2601 2602 338
f 2600 2601 220
f 2599 2600 219
f 2598 2599 339
f 2597 2598 222
f 2596 2597 221
f 2595 2596 341
f 2594 2595 340
f 2593 2594 710
f 2592 2593 510
f 343 2591 2592
f 2592 509 343
f 712 1199 1735
f 713 712 2605
f 912 713 2606
f 349 912 2607
f 350 349 2608
f 517 350 2609
f 348 517 2610
f 224 348 2611
f 225 224 2612
f 126 225 2613
f 127 126 2614
f 71 127 2615
f 72 71 2616
f 2616 2617 72
f 2615 2616 71
f 2614 2615 127
f 2613 2614 126
f 2612 2613 225
f 2611 2612 224
f 2610 2611 348
f 2609 2610 517
f 2608 2609 350
f 2607 2608 349
f 2606 2607 912
f 2605 2606 713
f 1735 2605 712
f 125 124 2618
f 223 125 2619
f 516 223 2620
f 711 516 2621
f 346 711 2622
f 347 346 2623
f 515 347 2624
f 344 515 2625
f 345 344 2626
f 513 345 2627
f 514 513 2628
f 1198 514 2629
f 1076 1198 2630
f 2630 1717 1076
f 2629 2630 1198
f 2628 2629 514
f 2627 2628 513
f 2626 2627 345
f 2625 2626 344
f 2624 2625 515
f 2623 2624 347
f 2622 2623 346
f 2621 2622 711
f 2620 2621 516
f 2619 2620 223
f 2618 2619 125
f 72 2617 2618
f 2618 124 72
f 1080 1299 1720
f 918 1080 2631
f 354 918 2632
f 520 354 2633
f 351 520 2634
f 352 351 2635
f 518 352 2636
f 519 518 2637
f 917 519 2638
f 915 917 2639
f 916 915 2640
f 1078 916 2641
f 1079 1078 2642
f 2642 2643 1079
f 2641 2642 1078
f 2640 2641 916
f 2639 2640 915
f 2638 2639 917
f 2637 2638 519
f 2636 2637 518
f 2635 2636 352
f 2634 2635 351
f 2633 2634 520
f 2632 2633 354
f 2631 2632 918
f 1720 2631 1080
f 1304 1201 2644
f 1305 1304 2645
f 1302 1305 2646
f 1303 1302 2647
f 1084 1303 2648
f 921 1084 2649
f 922 921 2650
f 1085 922 2651
f 919 1085 2652
f 920 919 2653
f 1203 920 2654
f 1401 1203 2655
f 1300 1401 2656
f 2656 1701 1300
f 2655 2656 1401
f 2654 2655 1203
f 2653 2654 920
f 2652 2653 919
f 2651 2652 1085
f 2650 2651 922
f 2649 2650 921
f 2648 2649 1084
f 2647 2648 1303
f 2646 2647 1302
f 2645 2646 1305
f 2644 2645 1304
f 1079 2643 2644
f 2644 1201 1079
f 931 1306 1703
f 932 931 2657
f 929 932 2658
f 930 929 2659
f 721 930 2660
f 525 721 2661
f 526 525 2662
f 722 526 2663
f 719 722 2664
f 720 719 2665
f 928 720 2666
f 356 928 2667
f 357 356 2668
f 2668 2669 357
f 2667 2668 356
f 2666 2667 928
f 2665 2666 720
f 2664 2665 719
f 2663 2664 722
f 2662 2663 526
f 2661 2662 525
f 2660 2661 721
f 2659 2660 930
f 2658 2659 929
f 2657 2658 932
f 1703 2657 931
f 522 524 2670
f 523 522 2671
f 718 523 2672
f 926 718 2673
f 927 926 2674
f 716 927 2675
f 717 716 2676
f 925 717 2677
f 923 925 2678
f 714 923 2679
f 715 714 2680
f 924 715 2681
f 1204 924 2682
f 2682 1685 1204
f 2681 2682 924
f 2680 2681 715
f 2679 2680 714
f 2678 2679 923
f 2677 2678 925
f 2676 2677 717
f 2675 2676 716
f 2674 2675 927
f 2673 2674 926
f 2672 2673 718
f 2671 2672 523
f 2670 2671 522
f 357 2669 2670
f 2670 524 357
f 1325 1424 1650
f 1229 1325 2683
f 1113 1229 2684
f 1323 1113 2685
f 1324 1323 2686
f 1371 1324 2687
f 1321 1371 2688
f 1322 1321 2689
f 1369 1322 2690
f 1370 1369 2691
f 1319 1370 2692
f 1320 1319 2693
f 1368 1320 2694
f 2694 2695 1368
f 2693 2694 1320
f 2692 2693 1319
f 2691 2692 1370
f 2690 2691 1369
f 2689 2690 1322
f 2688 2689 1321
f 2687 2688 1371
f 2686 2687 1324
f 2685 2686 1323
f 2684 2685 1113
f 2683 2684 1229
f 1650 2683 1325
f 1376 1378 2696
f 1377 1376 2697
f 1233 1377 2698
f 1234 1233 2699
f 1231 1234 2700
f 1232 1231 2701
f 1117 1232 2702
f 1118 1117 2703
f 1115 1118 2704
f 1116 1115 2705
f 1230 1116 2706
f 1326 1230 2707
f 1374 1326 2708
f 2708 1669 1374
f 2707 2708 1326
f 2706 2707 1230
f 2705 2706 1116
f 2704 2705 1115
f 2703 2704 1118
f 2702 2703 1117
f 2701 2702 1232
f 2700 2701 1231
f 2699 2700 1234
f 2698 2699 1233
f 2697 2698 1377
f 2696 2697 1376
f 1368 2695 2696
f 2696 1378 1368
f 1110 1402 1635
f 1111 1110 2709
f 1108 1111 2710
f 1109 1108 2711
f 1227 1109 2712
f 1228 1227 2713
f 1315 1228 2714
f 1316 1315 2715
f 1313 1316 2716
f 1314 1313 2717
f 1226 1314 2718
f 570 1226 2719
f 571 570 2720
f 2720 2721 571
f 2719 2720 570
f 2718 2719 1226
f 2717 2718 1314
f 2716 2717 1313
f 2715 2716 1316
f 2714 2715 1315
f 2713 2714 1228
f 2712 2713 1227
f 2711 2712 1109
f 2710 2711 1108
f 2709 2710 1111
f 1635 2709 1110
f 976 761 2722
f 974 976 2723
f 975 974 2724
f 759 975 2725
f 760 759 2726
f 973 760 2727
f 758 973 2728
f 568 758 2729
f 380 568 2730
f 381 380 2731
f 569 381 2732
f 972 569 2733
f 1365 972 2734
f 2734 1658 1365
f 2733 2734 972
f 2732 2733 569
f 2731 2732 381
f 2730 2731 380
f 2729 2730 568
f 2728 2729 758
f 2727 2728 973
f 2726 2727 760
f 2725 2726 759
f 2724 2725 975
f 2723 2724 974
f 2722 2723 976
f 571 2721 2722
f 2722 761 571
f 1218 1310 1618
f 1219 1218 2735
f 1217 1219 2736
f 1101 1217 2737
f 1098 1101 2738
f 1099 1098 2739
f 1216 1099 2740
f 970 1216 2741
f 971 970 2742
f 967 971 2743
f 968 967 2744
f 756 968 2745
f 757 756 2746
f 2746 2747 757
f 2745 2746 756
f 2744 2745 968
f 2743 2744 967
f 2742 2743 971
f 2741 2742 970
f 2740 2741 1216
f 2739 2740 1099
f 2738 2739 1098
f 2737 2738 1101
f 2736 2737 1217
f 2735 2736 1219
f 1618 2735 1218
f 966 965 2748
f 1107 966 2749
f 1225 1107 2750
f 1105 1225 2751
f 1106 1105 2752
f 963 1106 2753
f 964 963 2754
f 962 964 2755
f 753 962 2756
f 754 753 2757
f 1224 754 2758
f 1312 1224 2759
f 1222 1312 2760
f 2760 1642 1222
f 2759 2760 1312
f 2758 2759 1224
f 2757 2758 754
f 2756 2757 753
f 2755 2756 962
f 2754 2755 964
f 2753 2754 963
f 2752 2753 1106
f 2751 2752 1105
f 2750 2751 1225
f 2749 2750 1107
f 2748 2749 966
f 757 2747 2748
f 2748 965 757
f 1097 1215 1586
f 959 1097 2761
f 750 959 2762
f 751 750 2763
f 566 751 2764
f 567 566 2765
f 748 567 2766
f 749 748 2767
f 746 749 2768
f 747 746 2769
f 76 747 2770
f 51 76 2771
f 52 51 2772
f 2772 2773 52
f 2771 2772 51
f 2770 2771 76
f 2769 2770 747
f 2768 2769 746
f 2767 2768 749
f 2766 2767 748
f 2765 2766 567
f 2764 2765 566
f 2763 2764 751
f 2762 2763 750
f 2761 2762 959
f 1586 2761 1097
f 74 73 2774
f 238 74 2775
f 239 238 2776
f 134 239 2777
f 135 134 2778
f 237 135 2779
f 235 237 2780
f 236 235 2781
f 377 236 2782
f 378 377 2783
f 564 378 2784
f 565 564 2785
f 1309 565 2786
f 2786 1626 1309
f 2785 2786 565
f 2784 2785 564
f 2783 2784 378
f 2782 2783 377
f 2781 2782 236
f 2780 2781 235
f 2779 2780 237
f 2778 2779 135
f 2777 2778 134
f 2776 2777 239
f 2775 2776 238
f 2774 2775 74
f 52 2773 2774
f 2774 73 52
f 735 1212 1570
f 548 735 2787
f 372 548 2788
f 949 372 2789
f 546 949 2790
f 547 546 2791
f 734 547 2792
f 369 734 2793
f 370 369 2794
f 544 370 2795
f 545 544 2796
f 231 545 2797
f 232 231 2798
f 2798 2799 232
f 2797 2798 231
f 2796 2797 545
f 2795 2796 544
f 2794 2795 370
f 2793 2794 369
f 2792 2793 734
f 2791 2792 547
f 2790 2791 546
f 2789 2790 949
f 2788 2789 372
f 2787 2788 548
f 1570 2787 735
f 542 368 2800
f 543 542 2801
f 732 543 2802
f 733 732 2803
f 947 733 2804
f 730 947 2805
f 731 730 2806
f 948 731 2807
f 955 948 2808
f 956 955 2809
f 1094 956 2810
f 1213 1094 2811
f 954 1213 2812
f 2812 1605 954
f 2811 2812 1213
f 2810 2811 1094
f 2809 2810 956
f 2808 2809 955
f 2807 2808 948
f 2806 2807 731
f 2805 2806 730
f 2804 2805 947
f 2803 2804 733
f 2802 2803 732
f 2801 2802 543
f 2800 2801 542
f 232 2799 2800
f 2800 368 232
f 563 953 1607
f 233 563 2813
f 234 233 2814
f 375 234 2815
f 376 375 2816
f 744 376 2817
f 745 744 2818
f 742 745 2819
f 561 742 2820
f 562 561 2821
f 743 562 2822
f 559 743 2823
f 560 559 2824
f 2824 2825 560
f 2823 2824 559
f 2822 2823 743
f 2821 2822 562
f 2820 2821 561
f 2819 2820 742
f 2818 2819 745
f 2817 2818 744
f 2816 2817 376
f 2815 2816 375
f 2814 2815 234
f 2813 2814 233
f 1607 2813 563
f 373 741 2826
f 374 373 2827
f 558 374 2828
f 556 558 2829
f 557 556 2830
f 554 557 2831
f 555 554 2832
f 552 555 2833
f 553 552 2834
f 550 553 2835
f 551 550 2836
f 958 551 2837
f 1095 958 2838
f 2838 1594 1095
f 2837 2838 958
f 2836 2837 551
f 2835 2836 550
f 2834 2835 553
f 2833 2834 552
f 2832 2833 555
f 2831 2832 554
f 2830 2831 557
f 2829 2830 556
f 2828 2829 558
f 2827 2828 374
f 2826 2827 373
f 560 2825 2826
f 2826 741 560
f 365 1092 1554
f 366 365 2839
f 363 366 2840
f 364 363 2841
f 229 364 2842
f 230 229 2843
f 362 230 2844
f 360 362 2845
f 361 360 2846
f 541 361 2847
f 729 541 2848
f 132 729 2849
f 133 132 2850
f 2850 2851 133
f 2849 2850 132
f 2848 2849 729
f 2847 2848 541
f 2846 2847 361
f 2845 2846 360
f 2844 2845 362
f 2843 2844 230
f 2842 2843 229
f 2841 2842 364
f 2840 2841 363
f 2839 2840 366
f 1554 2839 365
f 540 228 2852
f 538 540 2853
f 539 538 2854
f 358 539 2855
f 359 358 2856
f 537 359 2857
f 129 537 2858
f 130 129 2859
f 226 130 2860
f 227 226 2861
f 536 227 2862
f 1091 536 2863
f 944 1091 2864
f 2864 1578 944
f 2863 2864 1091
f 2862 2863 536
f 2861 2862 227
f 2860 2861 226
f 2859 2860 130
f 2858 2859 129
f 2857 2858 537
f 2856 2857 359
f 2855 2856 358
f 2854 2855 539
f 2853 2854 538
f 2852 2853 540
f 133 2851 2852
f 2852 228 133
f 1206 1364 1687
f 1207 1206 2865
f 726 1207 2866
f 937 726 2867
f 723 937 2868
f 527 723 2869
f 528 527 2870
f 724 528 2871
f 935 724 2872
f 936 935 2873
f 1089 936 2874
f 933 1089 2875
f 934 933 2876
f 2876 2877 934
f 2875 2876 933
f 2874 2875 1089
f 2873 2874 936
f 2872 2873 935
f 2871 2872 724
f 2870 2871 528
f 2869 2870 527
f 2868 2869 723
f 2867 2868 937
f 2866 2867 726
f 2865 2866 1207
f 1687 2865 1206
f 1307 1088 2878
f 728 1307 2879
f 943 728 2880
f 534 943 2881
f 535 534 2882
f 532 535 2883
f 533 532 2884
f 530 533 2885
f 531 530 2886
f 942 531 2887
f 1090 942 2888
f 1210 1090 2889
f 940 1210 2890
f 2890 1562 940
f 2889 2890 1210
f 2888 2889 1090
f 2887 2888 942
f 2886 2887 531
f 2885 2886 530
f 2884 2885 533
f 2883 2884 532
f 2882 2883 535
f 2881 2882 534
f 2880 2881 943
f 2879 2880 728
f 2878 2879 1307
f 934 2877 2878
f 2878 1088 934
f 781 1271 1522
f 588 781 2891
f 395 588 2892
f 245 395 2893
f 246 245 2894
f 393 246 2895
f 391 393 2896
f 392 391 2897
f 586 392 2898
f 587 586 2899
f 585 587 2900
f 389 585 2901
f 390 389 2902
f 2902 2903 390
f 2901 2902 389
f 2900 2901 585
f 2899 2900 587
f 2898 2899 586
f 2897 2898 392
f 2896 2897 391
f 2895 2896 393
f 2894 2895 246
f 2893 2894 245
f 2892 2893 395
f 2891 2892 588
f 1522 2891 781
f 584 583 2904
f 779 584 2905
f 780 779 2906
f 777 780 2907
f 778 777 2908
f 387 778 2909
f 388 387 2910
f 582 388 2911
f 580 582 2912
f 581 580 2913
f 776 581 2914
f 1396 776 2915
f 1150 1396 2916
f 2916 1541 1150
f 2915 2916 1396
f 2914 2915 776
f 2913 2914 581
f 2912 2913 580
f 2911 2912 582
f 2910 2911 388
f 2909 2910 387
f 2908 2909 778
f 2907 2908 777
f 2906 2907 780
f 2905 2906 779
f 2904 2905 584
f 390 2903 2904
f 2904 583 390
f 774 1395 1474
f 775 774 2917
f 993 775 2918
f 994 993 2919
f 1148 994 2920
f 991 1148 2921
f 992 991 2922
f 989 992 2923
f 990 989 2924
f 1146 990 2925
f 1147 1146 2926
f 244 1147 2927
f 241 244 2928
f 2928 2929 241
f 2927 2928 244
f 2926 2927 1147
f 2925 2926 1146
f 2924 2925 990
f 2923 2924 989
f 2922 2923 992
f 2921 2922 991
f 2920 2921 1148
f 2919 2920 994
f 2918 2919 993
f 2917 2918 775
f 1474 2917 774
f 385 242 2930
f 773 385 2931
f 771 773 2932
f 772 771 2933
f 987 772 2934
f 988 987 2935
f 1144 988 2936
f 1145 1144 2937
f 1142 1145 2938
f 1143 1142 2939
f 1269 1143 2940
f 1270 1269 2941
f 1345 1270 2942
f 2942 1530 1345
f 2941 2942 1270
f 2940 2941 1269
f 2939 2940 1143
f 2938 2939 1142
f 2937 2938 1145
f 2936 2937 1144
f 2935 2936 988
f 2934 2935 987
f 2933 2934 772
f 2932 2933 771
f 2931 2932 773
f 2930 2931 385
f 241 2929 2930
f 2930 242 241
f 1347 1155 1544
f 1152 1347 2943
f 1153 1152 2944
f 1151 1153 2945
f 254 1151 2946
f 255 254 2947
f 399 255 2948
f 142 399 2949
f 143 142 2950
f 252 143 2951
f 253 252 2952
f 141 253 2953
f 138 141 2954
f 2954 2955 138
f 2953 2954 141
f 2952 2953 253
f 2951 2952 252
f 2950 2951 143
f 2949 2950 142
f 2948 2949 399
f 2947 2948 255
f 2946 2947 254
f 2945 2946 1151
f 2944 2945 1153
f 2943 2944 1152
f 1544 2943 1347
f 251 139 2956
f 249 251 2957
f 250 249 2958
f 398 250 2959
f 136 398 2960
f 137 136 2961
f 247 137 2962
f 248 247 2963
f 396 248 2964
f 397 396 2965
f 592 397 2966
f 1002 592 2967
f 590 1002 2968
f 2968 1509 590
f 2967 2968 1002
f 2966 2967 592
f 2965 2966 397
f 2964 2965 396
f 2963 2964 248
f 2962 2963 247
f 2961 2962 137
f 2960 2961 136
f 2959 2960 398
f 2958 2959 250
f 2957 2958 249
f 2956 2957 251
f 138 2955 2956
f 2956 139 138
f 149 785 1511
f 150 149 2969
f 147 150 2970
f 148 147 2971
f 256 148 2972
f 145 256 2973
f 146 145 2974
f 257 146 2975
f 402 257 2976
f 38 402 2977
f 28 38 2978
f 29 28 2979
f 26 29 2980
f 2980 2981 26
f 2979 2980 29
f 2978 2979 28
f 2977 2978 38
f 2976 2977 402
f 2975 2976 257
f 2974 2975 146
f 2973 2974 145
f 2972 2973 256
f 2971 2972 148
f 2970 2971 147
f 2969 2970 150
f 1511 2969 149
f 36 27 2982
f 55 36 2983
f 56 55 2984
f 79 56 2985
f 53 79 2986
f 54 53 2987
f 77 54 2988
f 78 77 2989
f 144 78 2990
f 400 144 2991
f 401 400 2992
f 783 401 2993
f 784 783 2994
f 2994 1498 784
f 2993 2994 783
f 2992 2993 401
f 2991 2992 400
f 2990 2991 144
f 2989 2990 78
f 2988 2989 77
f 2987 2988 54
f 2986 2987 53
f 2985 2986 79
f 2984 2985 56
f 2983 2984 55
f 2982 2983 36
f 26 2981 2982
f 2982 27 26
f 1342 1393 1458
f 770 1342 2995
f 579 770 2996
f 768 579 2997
f 576 768 2998
f 577 576 2999
f 769 577 3000
f 986 769 3001
f 984 986 3002
f 985 984 3003
f 575 985 3004
f 383 575 3005
f 384 383 3006
f 3006 3007 384
f 3005 3006 383
f 3004 3005 575
f 3003 3004 985
f 3002 3003 984
f 3001 3002 986
f 3000 3001 769
f 2999 3000 577
f 2998 2999 576
f 2997 2998 768
f 2996 2997 579
f 2995 2996 770
f 1458 2995 1342
f 573 572 3008
f 1257 573 3009
f 1258 1257 3010
f 1341 1258 3011
f 1268 1341 3012
f 1266 1268 3013
f 1267 1266 3014
f 1141 1267 3015
f 1265 1141 3016
f 1263 1265 3017
f 1264 1263 3018
f 1394 1264 3019
f 1261 1394 3020
f 3020 1482 1261
f 3019 3020 1394
f 3018 3019 1264
f 3017 3018 1263
f 3016 3017 1265
f 3015 3016 1141
f 3014 3015 1267
f 3013 3014 1266
f 3012 3013 1268
f 3011 3012 1341
f 3010 3011 1258
f 3009 3010 1257
f 3008 3009 573
f 384 3007 3008
f 3008 572 384
f 1135 1426 1442
f 1136 1135 3021
f 1133 1136 3022
f 1134 1133 3023
f 1255 1134 3024
f 1256 1255 3025
f 1339 1256 3026
f 1253 1339 3027
f 1254 1253 3028
f 1340 1254 3029
f 1390 1340 3030
f 982 1390 3031
f 983 982 3032
f 3032 3033 983
f 3031 3032 982
f 3030 3031 1390
f 3029 3030 1340
f 3028 3029 1254
f 3027 3028 1253
f 3026 3027 1339
f 3025 3026 1256
f 3024 3025 1255
f 3023 3024 1134
f 3022 3023 1133
f 3021 3022 1136
f 1442 3021 1135
f 1338 1132 3034
f 1251 1338 3035
f 1252 1251 3036
f 1337 1252 3037
f 1130 1337 3038
f 1131 1130 3039
f 1249 1131 3040
f 1250 1249 3041
f 1247 1250 3042
f 1248 1247 3043
f 1335 1248 3044
f 1336 1335 3045
f 1414 1336 3046
f 3046 1466 1414
f 3045 3046 1336
f 3044 3045 1335
f 3043 3044 1248
f 3042 3043 1247
f 3041 3042 1250
f 3040 3041 1249
f 3039 3040 1131
f 3038 3039 1130
f 3037 3038 1337
f 3036 3037 1252
f 3035 3036 1251
f 3034 3035 1338
f 983 3033 3034
f 3034 1132 983
f 1331 18 16
f 1332 1331 3047
f 1241 1332 3048
f 1330 1241 3049
f 1383 1330 3050
f 1384 1383 3051
f 1409 1384 3052
f 1410 1409 3053
f 1381 1410 3054
f 1382 1381 3055
f 1408 1382 3056
f 1379 1408 3057
f 1380 1379 3058
f 3058 3059 1380
f 3057 3058 1379
f 3056 3057 1408
f 3055 3056 1382
f 3054 3055 1381
f 3053 3054 1410
f 3052 3053 1409
f 3051 3052 1384
f 3050 3051 1383
f 3049 3050 1330
f 3048 3049 1241
f 3047 3048 1332
f 16 3047 1331
f 1388 1407 3060
f 1389 1388 3061
f 1333 1389 3062
f 1334 1333 3063
f 1387 1334 3064
f 1386 1387 3065
f 1245 1386 3066
f 1246 1245 3067
f 1243 1246 3068
f 1244 1243 3069
f 1385 1244 3070
f 1413 1385 3071
f 1411 1413 3072
f 3072 1450 1411
f 3071 3072 1413
f 3070 3071 1385
f 3069 3070 1244
f 3068 3069 1243
f 3067 3068 1246
f 3066 3067 1245
f 3065 3066 1386
f 3064 3065 1387
f 3063 3064 1334
f 3062 3063 1333
f 3061 3062 1389
f 3060 3061 1388
f 1380 3059 3060
f 3060 1407 1380
f 1129 1405 1672
f 979 1129 3073
f 766 979 3074
f 767 766 3075
f 980 767 3076
f 1128 980 3077
f 1126 1128 3078
f 1127 1126 3079
f 1240 1127 3080
f 1239 1240 3081
f 1124 1239 3082
f 1125 1124 3083
f 1122 1125 3084
f 3084 3085 1122
f 3083 3084 1125
f 3082 3083 1124
f 3081 3082 1239
f 3080 3081 1240
f 3079 3080 1127
f 3078 3079 1126
f 3077 3078 1128
f 3076 3077 980
f 3075 3076 767
f 3074 3075 766
f 3073 3074 979
f 1672 3073 1129
f 1237 1123 3086
f 1238 1237 3087
f 1327 1238 3088
f 1120 1327 3089
f 1121 1120 3090
f 1236 1121 3091
f 1119 1236 3092
f 763 1119 3093
f 764 763 3094
f 977 764 3095
f 978 977 3096
f 1235 978 3097
f 23 1235 3098
f 3098 24 23
f 3097 3098 1235
f 3096 3097 978
f 3095 3096 977
f 3094 3095 764
f 3093 3094 763
f 3092 3093 1119
f 3091 3092 1236
f 3090 3091 1121
f 3089 3090 1120
f 3088 3089 1327
f 3087 3088 1238
f 3086 3087 1237
f 1122 3085 3086
f 3086 1123 1122
f 3099 3100 2487
f 3101 2565 2564
f 3101 2567 2566
f 3100 2488 2487
f 2566 2565 3101
f 3102 2799 2798
f 3103 3104 2670
f 3100 2489 2488
f 3100 2497 2496
f 3101 2568 2567
f 3105 3106 2384
f 3107 3108 2981
f 3102 2800 2799
f 2670 2669 3103
f 3100 2490 2489
f 2496 2495 3100
f 3101 2569 2568
f 3109 3110 2150
f 3111 3112 2253
f 3112 2255 2254
f 3113 2279 2278
f 2384 2383 3105
f 3114 2436 2435
f 3108 2982 2981
f 3115 3116 2827
f 3102 2801 2800
f 3104 2671 2670
f 3117 2618 2617
f 3100 2584 2583
f 3099 2477 2476
f 2487 2486 3099
f 3100 2492 2491
f 3100 2494 2493
f 3100 2498 2497
f 3100 2500 2499
f 3118 2514 2513
f 3118 3099 2515
f 3119 2562 2561
f 2564 3119 3101
f 3120 2535 2534
f 3120 2540 2539
f 3119 2541 2540
f 3119 2546 2545
f 3121 2071 2070
f 3122 2089 2088
f 3122 2095 2094
f 3122 3123 2098
f 2150 2149 3109
f 3124 2202 2201
f 2254 2253 3112
f 3113 2280 2279
f 3106 2385 2384
f 2435 3125 3114
f 3108 2983 2982
f 3108 2986 2985
f 3115 2816 2815
f 2827 2826 3115
f 3116 1588 2837
f 3102 2802 2801
f 3104 2672 2671
f 2617 3126 3117
f 3127 2592 2591
f 3126 2599 2598
f 3100 2581 2580
f 2583 2582 3100
f 3099 2478 2477
f 3099 2480 2479
f 3099 2484 2483
f 2486 2485 3099
f 2493 2492 3100
f 2499 2498 3100
f 2495 2494 3100
f 2515 2514 3118
f 3099 1780 2525
f 3119 2555 2554
f 2561 2560 3119
f 2564 2563 3119
f 3101 2575 2574
f 3101 2577 2576
f 3120 2529 2528
f 3120 2532 2531
f 2534 2533 3120
f 2540 3120 3119
f 3119 2547 2546
f 3121 2072 2071
f 2088 2087 3122
f 3122 2092 2091
f 2094 2093 3122
f 3123 2099 2098
f 3110 2151 2150
f 3124 2203 2202
f 3112 2256 2255
f 3128 2306 2305
f 3128 3111 2307
f 3113 2281 2280
f 3106 2386 2385
f 3114 2437 2436
f 3108 2984 2983
f 3108 2987 2986
f 3108 2989 2988
f 3108 2991 2990
f 3129 2956 2955
f 3129 3107 2957
f 3130 3131 3086
f 3116 3132 2773
f 3115 2817 2816
f 3115 2820 2819
f 3115 2823 2822
f 2826 2825 3115
f 3116 2829 2828
f 3116 2836 2835
f 1588 2838 2837
f 3133 2797 2796
f 2798 3133 3102
f 3134 2852 2851
f 3133 2853 2852
f 2669 2668 3103
f 3117 2619 2618
f 3127 2593 2592
f 3126 2594 2593
f 3126 2597 2596
f 3126 2600 2599
f 3126 2602 2601
f 3126 1737 2603
f 2582 2581 3100
f 2479 2478 3099
f 3099 2482 2481
f 2485 2484 3099
f 3099 2516 2515
f 3099 2523 2522
f 2525 2524 3099
f 2554 1763 3119
f 3119 2557 2556
f 3119 2559 2558
f 2563 2562 3119
f 3101 2573 2572
f 2576 2575 3101
f 2574 2573 3101
f 3120 2530 2529
f 2533 2532 3120
f 3120 2538 2537
f 3119 2542 2541
f 2545 2544 3119
f 3119 2549 2548
f 3123 2061 2060
f 3121 2073 2072
f 3122 2090 2089
f 2093 2092 3122
f 2098 2097 3122
f 3123 2101 2100
f 3123 2108 2107
f 3109 2146 2145
f 3110 2152 2151
f 2201 3135 3124
f 3124 2207 2206
f 3136 2228 2227
f 3136 3135 2229
f 3111 2245 2244
f 2253 2252 3111
f 3112 2260 2259
f 2307 2306 3128
f 3113 2282 2281
f 3137 2332 2331
f 3138 2333 2332
f 2383 2382 3105
f 3114 2438 2437
f 3107 2973 2972
f 2985 2984 3108
f 2990 2989 3108
f 2957 2956 3129
f 3139 2930 2929
f 3140 2931 2930
f 3086 3085 3130
f 3132 2774 2773
f 2815 2814 3115
f 2819 2818 3115
f 2822 2821 3115
f 2825 2824 3115
f 3116 2830 2829
f 3116 2832 2831
f 3116 2834 2833
f 2837 2836 3116
f 2796 2795 3133
f 3102 2803 2802
f 3102 2805 2804
f 2852 3134 3133
f 3133 2861 2860
f 3104 2673 2672
f 3117 2620 2619
f 2593 3127 3126
f 2598 2597 3126
f 2603 2602 3126
f 1796 1802 1801
f 1796 1799 1798
f 2580 1796 3100
f 3100 2586 2585
f 3100 2588 2587
f 3100 3127 2589
f 3099 1778 1781
f 2481 2480 3099
f 2491 2490 3100
f 3100 1796 1793
f 3118 2512 2511
f 3099 2517 2516
f 3099 2519 2518
f 3099 2521 2520
f 2524 2523 3099
f 1750 1749 1748
f 1745 1749 1751
f 2556 2555 3119
f 2560 2559 3119
f 3101 2571 2570
f 2531 2530 3120
f 2537 2536 3120
f 3119 2543 2542
f 2548 2547 3119
f 3123 2062 2061
f 3123 2064 2063
f 3123 2066 2065
f 3121 2074 2073
f 2087 2086 3122
f 3122 2096 2095
f 2100 2099 3123
f 3123 2103 2102
f 2107 2106 3123
f 3123 2110 2109
f 3141 3122 2126
f 3122 2130 2129
f 3122 2132 2131
f 3110 2121 2120
f 3110 3141 2122
f 3109 2139 2138
f 3109 2142 2141
f 2145 2144 3109
f 2149 2148 3109
f 3110 2154 2153
f 3110 2158 2157
f 3110 2162 2161
f 2201 2200 3135
f 2206 2205 3124
f 2229 2228 3136
f 2244 2243 3111
f 3111 2247 2246
f 3112 2257 2256
f 2259 2258 3112
f 3111 2308 2307
f 3138 2277 2276
f 3113 2283 2282
f 2332 3137 3138
f 3106 2387 2386
f 3125 2434 2433
f 3114 2439 2438
f 3107 2974 2973
f 3107 2976 2975
f 2988 2987 3108
f 3129 2951 2950
f 3129 2954 2953
f 3107 2958 2957
f 3140 2899 2898
f 3142 2903 2902
f 2930 3139 3140
f 3131 3087 3086
f 3143 2722 2721
f 3132 2775 2774
f 2818 2817 3115
f 2824 2823 3115
f 2831 2830 3116
f 2835 2834 3116
f 1588 1590 1591
f 1607 2810 2809
f 1601 1610 1609
f 1606 1610 1602
f 3133 2789 2788
f 2795 2794 3133
f 2804 2803 3102
f 3134 2848 2847
f 3133 2854 2853
f 3133 2856 2855
f 3133 2858 2857
f 3133 2862 2861
f 3133 2864 2863
f 3104 2674 2673
f 3126 2616 2615
f 3117 2621 2620
f 3126 2595 2594
f 2601 2600 3126
f 1737 1732 1729
f 1798 1802 1796
f 2585 2584 3100
f 2589 2588 3100
f 3099 2475 1778
f 2483 2482 3099
f 1793 1797 3100
f 3118 2509 2508
f 2511 2510 3118
f 2518 2517 3099
f 2522 2521 3099
f 1748 1752 1750
f 1754 1746 1745
f 1754 3101 2504
f 3101 3118 2505
f 1763 1767 1766
f 2558 2557 3119
f 2572 2571 3101
f 2536 2535 3120
f 2544 2543 3119
f 3119 2552 2551
f 3119 1761 1762
f 3120 2078 2077
f 3120 2055 2082
f 2052 2054 2058
f 2063 2062 3123
f 3123 2067 2066
f 3123 2069 2068
f 2070 3123 3121
f 3121 2076 2075
f 2091 2090 3122
f 2102 2101 3123
f 3123 2105 2104
f 2109 2108 3123
f 3123 2038 2039
f 2126 2125 3141
f 2131 2130 3122
f 2020 2136 2135
f 2122 2121 3110
f 3141 2124 2123
f 3109 2140 2139
f 3109 2143 2142
f 3109 2147 2146
f 2153 2152 3110
f 3110 2159 2158
f 2161 2160 3110
f 2160 2159 3110
f 3135 2192 2191
f 3124 2204 2203
f 3124 2208 2207
f 3124 2210 2209
f 3124 2212 2211
f 3135 2230 2229
f 3135 1955 2239
f 2246 2245 3111
f 2258 2257 3112
f 3112 2262 2261
f 3128 2302 2301
f 2305 2304 3128
f 3111 2314 2313
f 2276 2275 3138
f 2278 3138 3113
f 3113 2285 2284
f 3137 2325 2324
f 3138 2334 2333
f 3138 2344 2343
f 3106 2347 2346
f 3106 2349 2348
f 3106 2388 2387
f 3125 2432 2431
f 2435 2434 3125
f 3144 2462 2461
f 3107 2971 2970
f 2975 2974 3107
f 3107 2980 2979
f 3108 2992 2991
f 3129 2952 2951
f 2955 2954 3129
f 3107 2960 2959
f 3107 2963 2962
f 3107 2965 2964
f 3140 2893 2892
f 3140 2896 2895
f 2898 2897 3140
f 3142 2904 2903
f 3140 2932 2931
f 3145 3007 3006
f 3130 3077 3076
f 3131 3088 3087
f 2721 3146 3143
f 3143 2734 2733
f 3132 2776 2775
f 3132 2780 2779
f 2821 2820 3115
f 2833 2832 3116
f 1588 1592 1590
f 1607 2811 2810
f 1609 1603 1601
f 1605 1607 1606
f 3133 2790 2789
f 3133 2793 2792
f 2798 2797 3133
f 3102 2808 2807
f 3134 2841 2840
f 3134 2843 2842
f 3134 2845 2844
f 2847 2846 3134
f 3134 2850 2849
f 2855 2854 3133
f 3133 2859 2858
f 2863 2862 3133
f 2860 2859 3133
f 3103 2661 2660
f 3103 2665 2664
f 2668 2667 3103
f 3104 2682 2681
f 3126 2614 2613
f 2617 2616 3126
f 2591 2590 3127
f 1737 2604 2603
f 1737 1730 1732
f 1796 2579 1799
f 2587 2586 3100
f 1781 1780 3099
f 1778 1777 1781
f 1797 2500 3100
f 3118 2507 2506
f 2510 2509 3118
f 2520 2519 3099
f 1780 1785 1782
f 1751 1754 1745
f 1754 2503 2502
f 2505 2504 3101
f 1766 1770 1763
f 2570 2569 3101
f 3101 1754 2578
f 2539 2538 3120
f 2551 2550 3119
f 2550 2549 3119
f 3119 1763 1761
f 3120 2079 2078
f 3120 2081 2080
f 2055 2083 2082
f 2058 2050 2052
f 2055 2054 2049
f 2040 2034 2033
f 2060 2040 3123
f 2068 2067 3123
f 2075 2074 3121
f 3122 2018 2021
f 2097 2096 3122
f 2106 2105 3123
f 3123 2040 2038
f 3122 2127 2126
f 2129 2128 3122
f 3122 2134 2133
f 2135 3122 2020
f 2020 2025 2022
f 2008 3110 2112
f 3110 2115 2114
f 2123 2122 3141
f 2141 2140 3109
f 2148 2147 3109
f 3110 2156 2155
f 3110 2006 2007
f 3147 2177 2176
f 3109 2178 2177
f 3109 2184 2183
f 1975 3124 2164
f 3124 2166 2165
f 3135 2193 2192
f 3135 2195 2194
f 3135 2197 2196
f 3135 2199 2198
f 2205 2204 3124
f 2211 2210 3124
f 3124 2214 2213
f 3135 2231 2230
f 1955 2240 2239
f 2243 2242 3111
f 3111 2249 2248
f 3111 2251 2250
f 2261 2260 3112
f 3112 2266 2265
f 3128 2298 2297
f 3128 2303 2302
f 3111 2309 2308
f 3111 2311 2310
f 2313 2312 3111
f 3111 1908 2317
f 2278 2277 3138
f 3113 2286 2285
f 3137 2322 2321
f 2324 2323 3137
f 3137 2327 2326
f 3137 2329 2328
f 3138 2335 2334
f 3138 2341 2340
f 2343 2342 3138
f 3137 1877 2369
f 2348 2347 3106
f 3105 2375 2374
f 3105 2379 2378
f 2382 2381 3105
f 3106 2396 2395
f 3125 2430 2429
f 2433 2432 3125
f 3114 2446 2445
f 3144 2463 2462
f 3125 2464 2463
f 3108 2455 2454
f 3108 2457 2456
f 2972 2971 3107
f 3107 2978 2977
f 2981 2980 3107
f 3108 2994 2993
f 2953 2952 3129
f 3107 2961 2960
f 2964 2963 3107
f 3107 1513 2967
f 3140 2894 2893
f 2897 2896 3140
f 3140 2901 2900
f 3142 2905 2904
f 3142 2915 2914
f 3139 2919 2918
f 3139 2922 2921
f 3139 2924 2923
f 3140 2933 2932
f 3140 2935 2934
f 3145 3008 3007
f 3148 3149 3034
f 3076 3075 3130
f 3131 3089 3088
f 3143 2723 2722
f 2733 2732 3143
f 2773 2772 3116
f 3132 2778 2777
f 3132 2781 2780
f 3132 2783 2782
f 2828 2827 3116
f 1591 1594 1588
f 3115 2809 2808
f 1607 2812 2811
f 1602 1605 1606
f 1576 1570 1569
f 2788 1576 3133
f 2794 2793 3133
f 2807 2806 3102
f 2842 2841 3134
f 2846 2845 3134
f 2851 2850 3134
f 3133 1574 1575
f 3134 2886 2885
f 3134 2888 2887
f 3104 2872 2871
f 3150 2878 2877
f 3103 2662 2661
f 2664 2663 3103
f 2667 2666 3103
f 3104 2676 2675
f 2681 2680 3104
f 3103 2653 2652
f 3126 2612 2611
f 2615 2614 3126
f 3117 2628 2627
f 2596 2595 3126
f 1729 1733 1737
f 2580 2579 1796
f 2476 2475 3099
f 2508 2507 3118
f 1780 2526 2525
f 1780 1783 1785
f 1754 2501 1746
f 2504 2503 1754
f 1763 2553 1767
f 2578 2577 3101
f 2554 2553 1763
f 1762 1765 3119
f 2080 2079 3120
f 2055 2084 2083
f 2049 2053 2055
f 2033 2037 2040
f 2065 2064 3123
f 3121 2077 2076
f 3122 2085 2018
f 2104 2103 3123
f 2039 2042 3123
f 2128 2127 3122
f 2135 2134 3122
f 2020 2023 2025
f 2008 2002 2001
f 3110 2113 2112
f 3110 2116 2115
f 3110 2118 2117
f 2120 2119 3110
f 3109 1987 1985
f 2144 2143 3109
f 2157 2156 3110
f 3110 2008 2006
f 2177 3147 3109
f 3109 2181 2180
f 2183 2182 3109
f 1989 2188 2187
f 2165 2164 3124
f 3124 2171 2170
f 3124 2173 2172
f 3147 2174 2173
f 2191 2190 3135
f 2196 2195 3135
f 2200 2199 3135
f 2213 2212 3124
f 2209 2208 3124
f 3124 1977 1974
f 2227 2226 3136
f 3135 2233 2232
f 3135 2237 2236
f 2239 2238 3135
f 1942 1941 1940
f 3112 2218 2217
f 3112 2221 2220
f 3112 3136 2222
f 2248 2247 3111
f 2252 2251 3111
f 2265 2264 3112
f 3128 2295 2294
f 2297 2296 3128
f 2304 2303 3128
f 2312 2311 3111
f 3111 2316 2315
f 1908 2318 2317
f 2284 2283 3113
f 3113 2288 2287
f 2323 2322 3137
f 2328 2327 3137
f 2331 2330 3137
f 3138 2339 2338
f 2342 2341 3138
f 3137 2367 2366
f 2369 2368 3137
f 3106 2350 2349
f 3105 2376 2375
f 2378 2377 3105
f 2381 2380 3105
f 3106 2390 2389
f 2395 2394 3106
f 3114 3151 2408
f 3125 2428 2427
f 2431 2430 3125
f 3114 2443 2442
f 2445 2444 3114
f 2463 3144 3125
f 3125 2470 2469
f 3108 2451 2450
f 2454 2453 3108
f 3108 2458 2457
f 3107 1511 1514
f 2977 2976 3107
f 2993 2992 3108
f 3108 1497 1494
f 3129 2949 2948
f 2959 2958 3107
f 3107 2966 2965
f 1513 2968 2967
f 1513 1505 1506
f 2892 1528 3140
f 2900 2899 3140
f 3142 2906 2905
f 3142 2908 2907
f 3142 2910 2909
f 3142 2912 2911
f 2914 2913 3142
f 3139 2920 2919
f 2923 2922 3139
f 3139 2926 2925
f 3139 2928 2927
f 2934 2933 3140
f 3140 2937 2936
f 3149 2997 2996
f 3149 3001 3000
f 3145 3009 3008
f 3148 3025 3024
f 3148 3027 3026
f 3149 3035 3034
f 11 3131 3048
f 3075 3074 3130
f 3130 3079 3078
f 3130 3081 3080
f 3085 3084 3130
f 3131 3096 3095
f 3131 3098 3097
f 1656 3143 2684
f 3143 2686 2685
f 3143 2724 2723
f 3143 2730 2729
f 2732 2731 3143
f 3146 1637 2759
f 2777 2776 3132
f 2782 2781 3132
f 3132 2786 2785
f 1594 2838 1588
f 2809 3115 1607
f 1601 1602 1610
f 1569 1573 1576
f 3133 2791 2790
f 2806 2805 3102
f 2844 2843 3134
f 2857 2856 3133
f 3133 1576 1574
f 3134 2881 2880
f 3134 2884 2883
f 2887 2886 3134
f 3104 2873 2872
f 3104 2875 2874
f 3104 3150 2876
f 3150 2879 2878
f 2663 2662 3103
f 2675 2674 3104
f 3104 2678 2677
f 2680 2679 3104
f 2652 2651 3103
f 3103 2655 2654
f 1705 2656 2655
f 3117 2637 2636
f 3126 2610 2609
f 2613 2612 3126
f 3117 2625 2624
f 2627 2626 3117
f 1733 2604 1737
f 2513 2512 3118
f 1782 1786 1780
f 2502 2501 1754
f 3120 2527 2056
f 1765 2552 3119
f 2082 2081 3120
f 2052 2049 2054
f 2040 2059 2034
f 2070 2069 3123
f 2021 2020 3122
f 2018 2017 2021
f 2042 2110 3123
f 2133 2132 3122
f 2022 2026 2020
f 2001 2005 2008
f 2114 2113 3110
f 2119 2118 3110
f 3109 2137 1987
f 2155 2154 3110
f 2007 2010 3110
f 3109 2179 2178
f 2182 2181 3109
f 3109 2186 2185
f 2187 3109 1989
f 1989 1993 1990
f 1975 1970 1969
f 3124 2167 2166
f 3124 2169 2168
f 2172 2171 3124
f 3147 2175 2174
f 3135 1954 1957
f 2194 2193 3135
f 3124 1975 1977
f 2232 2231 3135
f 3135 2235 2234
f 2238 2237 3135
f 1940 1944 1942
f 1943 1938 1937
f 3112 2219 2218
f 2222 2221 3112
f 3111 1906 1909
f 2250 2249 3111
f 2264 2263 3112
f 2296 2295 3128
f 3128 2300 2299
f 2310 2309 3111
f 2317 2316 3111
f 1908 1910 1911
f 1927 2290 2289
f 1921 1930 1929
f 1926 1930 1922
f 3138 2269 2268
f 3138 2274 2273
f 2287 2286 3113
f 2321 2320 3137
f 2330 2329 3137
f 3138 2337 2336
f 2340 2339 3138
f 3138 1894 1895
f 3137 2361 2360
f 2368 2367 3137
f 2346 1864 3106
f 3106 2352 2351
f 2377 2376 3105
f 2389 2388 3106
f 3106 2392 2391
f 2394 2393 3106
f 3151 2411 2410
f 3105 2412 2411
f 1845 2422 2421
f 3114 2402 2401
f 3114 2405 2404
f 2408 2407 3114
f 2429 2428 3125
f 3114 2441 2440
f 2444 2443 3114
f 3114 2448 2447
f 2461 2460 3144
f 3125 2466 2465
f 2469 2468 3125
f 3125 2472 2471
f 3125 1811 2473
f 1497 1493 1492
f 1497 1490 1489
f 3108 2452 2451
f 2456 2455 3108
f 3108 3144 2459
f 3107 2969 1511
f 2979 2978 3107
f 1494 1498 3108
f 2950 2949 3129
f 2967 2966 3107
f 1513 1507 1505
f 1537 1542 1546
f 1543 1542 1538
f 1541 3142 2946
f 2895 2894 3140
f 2902 3140 3142
f 2909 2908 3142
f 2913 2912 3142
f 2921 2920 3139
f 2927 2926 3139
f 2936 2935 3140
f 3140 2939 2938
f 3149 2998 2997
f 3000 2999 3149
f 3145 3010 3009
f 3148 3023 3022
f 3026 3025 3148
f 3148 3030 3029
f 3034 3033 3148
f 3149 3039 3038
f 3149 3041 3040
f 3149 3043 3042
f 3149 3046 3045
f 3131 3049 3048
f 3131 3051 3050
f 3078 3077 3130
f 3130 3082 3081
f 3131 3090 3089
f 3131 3094 3093
f 3097 3096 3131
f 3130 2702 2701
f 3130 2707 2706
f 1674 2708 2707
f 2685 2684 3143
f 3143 2688 2687
f 3143 2691 2690
f 3146 2713 2712
f 3146 2715 2714
f 2721 2720 3146
f 3143 2726 2725
f 3143 2728 2727
f 2731 2730 3143
f 3152 2748 2747
f 3152 3146 2749
f 2759 2758 3146
f 2779 2778 3132
f 2785 2784 3132
f 2784 2783 3132
f 2814 2813 3115
f 1605 2812 1607
f 1576 2787 1570
f 2792 2791 3133
f 3134 2839 1554
f 2849 2848 3134
f 1575 1578 3133
f 3134 2882 2881
f 2885 2884 3134
f 3134 1557 2889
f 1557 1558 1559
f 1558 1557 1556
f 3104 2869 2868
f 2871 2870 3104
f 2876 2875 3104
f 3150 2880 2879
f 2666 2665 3103
f 2679 2678 3104
f 3104 1684 1681
f 3103 2646 2645
f 2651 2650 3103
f 2655 3103 1705
f 3117 2635 2634
f 3117 2638 2637
f 3117 2641 2640
f 3117 3153 2642
f 2611 2610 3126
f 3117 2623 2622
f 2626 2625 3117
f 3117 2630 2629
f 1801 1794 1796
f 1786 2526 1780
f 1770 1769 1763
f 2528 2527 3120
f 2053 2084 2055
f 2060 2059 2040
f 2086 2085 3122
f 2026 2136 2020
f 2008 2111 2002
f 2117 2116 3110
f 1985 1989 3109
f 1987 1986 1985
f 2010 2162 3110
f 2180 2179 3109
f 2187 2186 3109
f 1989 1991 1993
f 1969 1973 1975
f 2168 2167 3124
f 2173 3124 3147
f 3135 2189 1954
f 2198 2197 3135
f 1974 1978 3124
f 2226 2225 3136
f 2236 2235 3135
f 1955 1958 1959
f 1937 1941 1943
f 1943 2217 2216
f 2220 2219 3112
f 3111 2241 1906
f 2263 2262 3112
f 3112 1943 1946
f 2299 2298 3128
f 2315 2314 3111
f 1908 1912 1910
f 3128 2289 2288
f 1927 2291 2290
f 1929 1923 1921
f 1925 1927 1926
f 1896 1890 1889
f 3138 2270 2269
f 3138 2272 2271
f 2275 2274 3138
f 2326 2325 3137
f 2338 2337 3138
f 3138 1896 1894
f 3137 2362 2361
f 3137 2364 2363
f 2366 2365 3137
f 1877 1878 1879
f 1878 1877 1876
f 2351 2350 3106
f 3106 2354 2353
f 3106 3154 2356
f 3154 2358 2357
f 2380 2379 3105
f 2393 2392 3106
f 3106 1862 1863
f 2411 3151 3105
f 3105 2414 2413
f 3105 2416 2415
f 3105 2420 2419
f 2421 3105 1845
f 2401 2400 3114
f 2404 2403 3114
f 2407 2406 3114
f 3125 2425 2424
f 2440 2439 3114
f 2447 2446 3114
f 2442 2441 3114
f 3114 1830 1831
f 2465 2464 3125
f 2468 2467 3125
f 2473 2472 3125
f 1811 1814 1815
f 1489 1493 1497
f 2450 1497 3108
f 2459 2458 3108
f 1514 1513 3107
f 1511 1510 1514
f 1498 2994 3108
f 2962 2961 3107
f 1506 1509 1513
f 1546 1539 1537
f 1541 1544 1543
f 2946 2945 1541
f 3142 3129 2947
f 1528 1522 1521
f 2902 2901 3140
f 2911 2910 3142
f 2925 2924 3139
f 2938 2937 3140
f 3140 2942 2941
f 3140 1526 1527
f 3139 1473 3018
f 1481 1477 1476
f 2999 2998 3149
f 3149 3003 3002
f 3149 3005 3004
f 3006 3149 3145
f 3024 3023 3148
f 3029 3028 3148
f 3149 3036 3035
f 3038 3037 3149
f 3042 3041 3149
f 3045 3044 3149
f 3044 3043 3149
f 3148 3066 3065
f 3148 3069 3068
f 3148 3071 3070
f 3050 3049 3131
f 3131 3053 3052
f 3131 3057 3056
f 3131 3155 3058
f 3080 3079 3130
f 3084 3083 3130
f 3131 3092 3091
f 3095 3094 3131
f 3131 19 22
f 3156 2697 2696
f 3130 2698 2697
f 3130 2703 2702
f 3130 2705 2704
f 2707 3130 1674
f 2687 2686 3143
f 2690 2689 3143
f 3143 2693 2692
f 3156 2694 2693
f 3146 2711 2710
f 2714 2713 3146
f 2725 2724 3143
f 2729 2728 3143
f 2749 2748 3152
f 3146 2756 2755
f 2758 2757 3146
f 3116 2765 2764
f 3116 2767 2766
f 3116 2769 2768
f 3116 2771 2770
f 2808 3102 3115
f 2788 2787 1576
f 1554 1557 3134
f 1554 1553 1557
f 1578 2864 3133
f 2883 2882 3134
f 1557 2890 2889
f 1556 1560 1558
f 1682 1687 1686
f 3104 2867 2866
f 2870 2869 3104
f 2877 2876 3150
f 3103 1703 1706
f 3103 2659 2658
f 2677 2676 3104
f 3104 1682 1684
f 2645 3153 3103
f 3103 2649 2648
f 2654 2653 3103
f 1705 1700 1697
f 2636 2635 3117
f 2642 2641 3117
f 3126 2607 2606
f 2622 2621 3117
f 2629 2628 3117
f 2624 2623 3117
f 3117 1713 1714
f 2506 2505 3118
f 2056 2055 3120
f 2037 2036 2040
f 2125 2124 3141
f 2112 2111 2008
f 2138 2137 3109
f 2185 2184 3109
f 1990 1994 1989
f 1975 2163 1970
f 2170 2169 3124
f 1957 1955 3135
f 1954 1953 1957
f 1978 2214 3124
f 3136 2224 2223
f 2234 2233 3135
f 1955 1960 1958
f 1943 2215 1938
f 2217 1943 3112
f 1909 1908 3111
f 1906 1905 1909
f 1946 2266 3112
f 2301 2300 3128
f 1911 1914 1908
f 2289 3128 1927
f 1922 1925 1926
f 1889 1893 1896
f 2268 1896 3138
f 2273 2272 3138
f 3137 2319 1874
f 2336 2335 3138
f 1895 1898 3138
f 2363 2362 3137
f 1877 2370 2369
f 1876 1880 1878
f 1864 1858 1857
f 2353 2352 3106
f 2356 2355 3106
f 3154 2359 2358
f 3105 1843 1841
f 3105 2373 2372
f 2391 2390 3106
f 3106 1864 1862
f 2413 2412 3105
f 3105 2417 2416
f 2421 2420 3105
f 1845 1846 1847
f 1832 1826 1825
f 1832 3114 2398
f 2400 2399 3114
f 2406 2405 3114
f 3125 1810 1813
f 3125 2426 2425
f 3114 1832 1830
f 2467 2466 3125
f 1811 2474 2473
f 1811 1816 1814
f 1497 2449 1490
f 2453 2452 3108
f 2970 2969 3107
f 1509 2968 1513
f 1538 1541 1543
f 2947 2946 3142
f 1521 1525 1528
f 2907 2906 3142
f 3142 1541 2916
f 2929 2928 3139
f 2941 2940 3140
f 2940 2939 3140
f 3140 1528 1526
f 3139 3014 3013
f 3139 3016 3015
f 3018 3017 3139
f 1473 3020 3019
f 1476 1479 1481
f 1473 1477 1478
f 3002 3001 3149
f 3006 3005 3149
f 3028 3027 3148
f 3148 3032 3031
f 3037 3036 3149
f 3149 1465 1462
f 3155 3148 3062
f 3065 3064 3148
f 3070 3069 3148
f 1444 3072 3071
f 11 16 13
f 3052 3051 3131
f 3131 3055 3054
f 3058 3057 3131
f 3155 3060 3059
f 3130 1672 1670
f 3083 3082 3130
f 3093 3092 3131
f 3131 11 19
f 2697 3156 3130
f 2701 2700 3130
f 2706 2705 3130
f 1674 1665 1666
f 1656 1650 1649
f 2689 2688 3143
f 2693 3143 3156
f 2712 2711 3146
f 3146 2717 2716
f 3146 2719 2718
f 2727 2726 3143
f 3143 1654 1655
f 3152 2744 2743
f 3152 2746 2745
f 3146 2750 2749
f 3146 2752 2751
f 2757 2756 3146
f 1622 1621 1620
f 3132 2738 2737
f 2764 2763 3116
f 2768 2767 3116
f 2772 2771 3116
f 1573 1572 1576
f 2840 2839 3134
f 2889 2888 3134
f 1559 1562 1557
f 1686 1690 1682
f 2866 1682 3104
f 2874 2873 3104
f 3103 2657 1703
f 2660 2659 3103
f 1681 1685 3104
f 3103 2647 2646
f 2650 2649 3103
f 1705 1698 1700
f 1715 1720 1719
f 1715 3117 2632
f 2634 2633 3117
f 2640 2639 3117
f 3153 2644 2643
f 3126 1735 1738
f 3126 2608 2607
f 3117 1715 1713
f 1750 1751 1749
f 1994 2188 1989
f 2164 2163 1975
f 2190 2189 3135
f 2225 2224 3136
f 1959 1962 1955
f 2216 2215 1943
f 2242 2241 3111
f 1914 2318 1908
f 1927 2292 2291
f 1921 1922 1930
f 1896 2267 1890
f 2271 2270 3138
f 1874 1877 3137
f 1874 1873 1877
f 1898 2344 3138
f 2365 2364 3137
f 1879 1882 1877
f 1857 1861 1864
f 2355 2354 3106
f 3154 2360 2359
f 3105 2371 1843
f 2374 2373 3105
f 1863 1866 3106
f 2415 2414 3105
f 2419 2418 3105
f 1845 1848 1846
f 1825 1829 1832
f 2399 2398 3114
f 3151 2409 2408
f 3125 2423 1810
f 2427 2426 3125
f 1831 1834 3114
f 2471 2470 3125
f 1815 1818 1811
f 2450 2449 1497
f 2948 2947 3129
f 1541 2943 1544
f 2945 2944 1541
f 1528 2891 1522
f 2916 2915 3142
f 2892 2891 1528
f 1527 1530 3140
f 3015 3014 3139
f 3019 3018 1473
f 1478 1482 1473
f 1463 1458 1457
f 3004 3003 3149
f 3145 3013 3012
f 3148 1442 1445
f 3031 3030 3148
f 3040 3039 3149
f 3149 1463 1465
f 3062 3061 3155
f 3064 3063 3148
f 3071 3148 1444
f 1444 1446 1447
f 13 17 11
f 3054 3053 3131
f 3059 3058 3155
f 3130 3073 1672
f 3091 3090 3131
f 22 24 3131
f 3130 2699 2698
f 2704 2703 3130
f 1674 1667 1665
f 1649 1653 1656
f 2692 2691 3143
f 3146 1635 1633
f 2716 2715 3146
f 2720 2719 3146
f 3143 1656 1654
f 2745 2744 3152
f 2751 2750 3146
f 3146 2754 2753
f 1637 2760 2759
f 1637 1638 1639
f 1620 1624 1622
f 1623 1618 1617
f 1623 2737 2736
f 3132 2739 2738
f 3132 2741 2740
f 3132 3152 2742
f 3116 1586 1589
f 2763 2762 3116
f 2770 2769 3116
f 1562 2890 1557
f 1682 2865 1687
f 2868 2867 3104
f 1706 1705 3103
f 1703 1702 1706
f 1685 2682 3104
f 2648 2647 3103
f 1697 1701 1705
f 1719 1718 1715
f 2633 2632 3117
f 2643 2642 3153
f 3126 2605 1735
f 2609 2608 3126
f 1714 1717 3117
f 2077 3121 3120
f 2176 2175 3147
f 1962 2240 1955
f 2294 2293 3128
f 1925 2292 1927
f 2268 2267 1896
f 2320 2319 3137
f 1882 2370 1877
f 1864 2345 1858
f 2357 2356 3154
f 1841 1845 3105
f 1843 1842 1841
f 1866 2396 3106
f 2418 2417 3105
f 1847 1850 1845
f 1832 2397 1826
f 2403 2402 3114
f 1813 1811 3125
f 1810 1809 1813
f 1834 2448 3114
f 1818 2474 1811
f 2944 2943 1541
f 3139 2917 1474
f 1530 2942 3140
f 3017 3016 3139
f 1481 1478 1477
f 1457 1461 1463
f 2996 1463 3149
f 3012 3011 3145
f 3148 3021 1442
f 3033 3032 3148
f 1462 1466 3149
f 3063 3062 3148
f 3068 3067 3148
f 1444 1448 1446
f 11 3047 16
f 3056 3055 3131
f 1670 1674 3130
f 1672 1671 1670
f 24 3098 3131
f 2700 2699 3130
f 1666 1669 1674
f 1656 2683 1650
f 3156 2695 2694
f 3146 2709 1635
f 2718 2717 3146
f 1655 1658 3143
f 2747 2746 3152
f 2755 2754 3146
f 1637 1640 1638
f 1617 1621 1623
f 2737 1623 3132
f 2742 2741 3132
f 3116 2761 1586
f 2766 2765 3116
f 3132 1623 1626
f 2880 3150 3134
f 2866 2865 1682
f 2658 2657 3103
f 1701 2656 1705
f 1715 2631 1720
f 2639 2638 3117
f 1738 1737 3126
f 1735 1734 1738
f 1717 2630 3117
f 2005 2004 2008
f 2223 2222 3136
f 2293 1927 3128
f 1893 1892 1896
f 2360 3154 3137
f 2346 2345 1864
f 2372 2371 3105
f 1850 2422 1845
f 2398 2397 1832
f 2424 2423 3125
f 1492 1495 1497
f 1525 1524 1528
f 2918 2917 3139
f 1482 3020 1473
f 1463 2995 1458
f 3011 3010 3145
f 1445 1444 3148
f 1442 1441 1445
f 1466 3046 3149
f 3067 3066 3148
f 1447 1450 1444
f 3048 3047 11
f 3074 3073 3130
f 1669 2708 1674
f 2684 2683 1656
f 1633 1637 3146
f 1635 1634 1633
f 1658 2734 3143
f 2753 2752 3146
f 1639 1642 1637
f 1623 2735 1618
f 2740 2739 3132
f 1589 1588 3116
f 1586 1585 1589
f 1626 2786 3132
f 1690 1689 1682
f 2645 2644 3153
f 2632 2631 1715
f 2606 2605 3126
f 1973 1972 1975
f 2288 3113 3128
f 1861 1860 1864
f 2410 2409 3151
f 1537 1538 1542
f 3013 3145 3139
f 2996 2995 1463
f 3022 3021 3148
f 1450 3072 1444
f 1653 1652 1656
f 2710 2709 3146
f 1642 2760 1637
f 2736 2735 1623
f 2762 2761 3116
f 1942 1943 1941
f 2460 2459 3144
f 1461 1460 1463
f 3061 3060 3155
f 2696 2695 3156
f 2743 2742 3152
f 1718 1722 1715
f 1474 1473 3139
f 17 12 11
f 1622 1623 1621
f 2590 2589 3127
f 2813 1607 3115
f 1829 1828 1832
f 3157 3158 791
f 3159 3157 43
f 3160 3159 33
f 3161 3160 287
f 3162 3161 182
f 3163 3162 97
f 3164 3163 100
f 3165 3164 820
f 3166 3165 105
f 3167 3166 192
f 3168 3167 1022
f 3169 3168 635
f 3170 3169 842
f 3171 3170 643
f 3172 3171 312
f 3173 3172 194
f 3174 3173 864
f 3175 3174 318
f 3176 3175 474
f 3177 3176 321
f 3178 3177 111
f 3179 3178 108
f 3180 3179 485
f 3181 3180 501
f 3182 3181 47
f 3183 3182 117
f 3184 3183 511
f 3185 3184 218
f 3186 3185 70
f 3187 3186 1200
f 3188 3187 355
f 3189 3188 521
f 3190 3189 727
f 3191 3190 131
f 3192 3191 128
f 3193 3192 367
f 3194 3193 957
f 3195 3194 75
f 3196 3195 50
f 3197 3196 969
f 3198 3197 755
f 3199 3198 379
f 3200 3199 1367
f 3201 3200 765
f 3202 3201 762
f 3203 3202 1406
f 3204 3203 981
f 3205 3204 574
f 3206 3205 382
f 3207 3206 243
f 3208 3207 240
f 3209 3208 386
f 3210 3209 140
f 3211 3210 37
f 3212 3211 25
f 3213 3212 267
f 3214 3213 151
f 3158 3214 30
f 30 791 3158
f 151 30 3214
f 267 151 3213
f 25 267 3212
f 37 25 3211
f 140 37 3210
f 386 140 3209
f 240 386 3208
f 243 240 3207
f 382 243 3206
f 574 382 3205
f 981 574 3204
f 1406 981 3203
f 762 1406 3202
f 765 762 3201
f 1367 765 3200
f 379 1367 3199
f 755 379 3198
f 969 755 3197
f 50 969 3196
f 75 50 3195
f 957 75 3194
f 367 957 3193
f 128 367 3192
f 131 128 3191
f 727 131 3190
f 521 727 3189
f 355 521 3188
f 1200 355 3187
f 70 1200 3186
f 218 70 3185
f 511 218 3184
f 117 511 3183
f 47 117 3182
f 501 47 3181
f 485 501 3180
f 108 485 3179
f 111 108 3178
f 321 111 3177
f 474 321 3176
f 318 474 3175
f 864 318 3174
f 194 864 3173
f 312 194 3172
f 643 312 3171
f 842 643 3170
f 635 842 3169
f 1022 635 3168
f 192 1022 3167
f 105 192 3166
f 820 105 3165
f 100 820 3164
f 97 100 3163
f 182 97 3162
f 287 182 3161
f 33 287 3160
f 43 33 3159
f 791 43 3157
f 3215 3183 3184
f 3215 3216 3182
f 3182 3183 3215
f 3216 3217 3181
f 3218 3180 3181
f 3218 3219 3179
f 3220 3194 3195
f 3220 3221 3193
f 3221 3222 3192
f 3222 3223 3191
f 3224 3188 3189
f 3225 3187 3188
f 3181 3182 3216
f 3179 3180 3218
f 3226 3177 3178
f 3226 3227 3176
f 3193 3194 3220
f 3191 3192 3222
f 3228 3190 3191
f 3228 3229 3189
f 3188 3224 3225
f 3225 3230 3186
f 3231 3185 3186
f 3231 3232 3184
f 3181 3217 3218
f 3233 3178 3179
f 3176 3177 3226
f 3227 3234 3175
f 3235 3196 3197
f 3235 3236 3195
f 3192 3193 3221
f 3189 3190 3228
f 3186 3187 3225
f 3184 3185 3231
f 3179 3219 3233
f 3175 3176 3227
f 3237 3172 3173
f 3237 3238 3171
f 3239 3165 3166
f 3240 3164 3165
f 3241 3214 3158
f 3241 3242 3213
f 3243 3212 3213
f 3243 3244 3211
f 3245 3210 3211
f 3245 3246 3209
f 3246 3247 3208
f 3247 3248 3207
f 3195 3196 3235
f 3191 3223 3228
f 3186 3230 3231
f 3178 3233 3226
f 3249 3174 3175
f 3249 3250 3173
f 3171 3172 3237
f 3238 3251 3170
f 3252 3167 3168
f 3252 3253 3166
f 3165 3239 3240
f 3254 3163 3164
f 3255 3161 3162
f 3255 3256 3160
f 3213 3214 3241
f 3211 3212 3243
f 3209 3210 3245
f 3207 3208 3247
f 3257 3205 3206
f 3257 3258 3204
f 3195 3236 3220
f 3184 3232 3215
f 3173 3174 3249
f 3170 3171 3238
f 3166 3167 3252
f 3164 3240 3254
f 3259 3162 3163
f 3160 3161 3255
f 3260 3159 3160
f 3260 3261 3157
f 3213 3242 3243
f 3208 3209 3246
f 3262 3206 3207
f 3204 3205 3257
f 3189 3229 3224
f 3173 3250 3237
f 3263 3169 3170
f 3263 3264 3168
f 3166 3253 3239
f 3162 3259 3255
f 3157 3159 3260
f 3261 3265 3158
f 3211 3244 3245
f 3206 3262 3257
f 3266 3203 3204
f 3266 3267 3202
f 3268 3269 3200
f 3269 3270 3199
f 3175 3234 3249
f 3168 3169 3263
f 3163 3254 3259
f 3158 3157 3261
f 3207 3248 3262
f 3202 3203 3266
f 3268 3201 3202
f 3199 3200 3269
f 3271 3198 3199
f 3271 3272 3197
f 3170 3251 3263
f 3160 3256 3260
f 3204 3258 3266
f 3200 3201 3268
f 3197 3198 3271
f 3168 3264 3252
f 3202 3267 3268
f 3197 3272 3235
f 3199 3270 3271
f 3158 3265 3241
f 3153 3230 3225
f 3103 3225 3224
f 3104 3224 3229
f 3150 3229 3228
f 3134 3228 3223
f 3133 3223 3222
f 3102 3222 3221
f 3115 3221 3220
f 3116 3220 3236
f 3132 3236 3235
f 3152 3235 3272
f 3146 3272 3271
f 3143 3271 3270
f 3156 3270 3269
f 3130 3269 3268
f 3131 3268 3267
f 3155 3267 3266
f 3148 3266 3258
f 3149 3258 3257
f 3145 3257 3262
f 3139 3262 3248
f 3140 3248 3247
f 3142 3247 3246
f 3129 3246 3245
f 3107 3245 3244
f 3108 3244 3243
f 3144 3243 3242
f 3125 3242 3241
f 3114 3241 3265
f 3151 3265 3261
f 3105 3261 3260
f 3106 3260 3256
f 3154 3256 3255
f 3137 3255 3259
f 3138 3259 3254
f 3113 3254 3240
f 3128 3240 3239
f 3111 3239 3253
f 3112 3253 3252
f 3136 3252 3264
f 3135 3264 3263
f 3124 3263 3251
f 3147 3251 3238
f 3109 3238 3237
f 3110 3237 3250
f 3141 3250 3249
f 3122 3249 3234
f 3123 3234 3227
f 3121 3227 3226
f 3120 3226 3233
f 3119 3233 3219
f 3101 3219 3218
f 3118 3218 3217
f 3099 3217 3216
f 3100 3216 3215
f 3127 3215 3232
f 3126 3232 3231
f 3117 3231 3230
f 3230 3153 3117
f 3231 3117 3126
f 3232 3126 3127
f 3215 3127 3100
f 3216 3100 3099
f 3217 3099 3118
f 3218 3118 3101
f 3219 3101 3119
f 3233 3119 3120
f 3226 3120 3121
f 3227 3121 3123
f 3234 3123 3122
f 3249 3122 3141
f 3250 3141 3110
f 3237 3110 3109
f 3238 3109 3147
f 3251 3147 3124
f 3263 3124 3135
f 3264 3135 3136
f 3252 3136 3112
f 3253 3112 3111
f 3239 3111 3128
f 3240 3128 3113
f 3254 3113 3138
f 3259 3138 3137
f 3255 3137 3154
f 3256 3154 3106
f 3260 3106 3105
f 3261 3105 3151
f 3265 3151 3114
f 3241 3114 3125
f 3242 3125 3144
f 3243 3144 3108
f 3244 3108 3107
f 3245 3107 3129
f 3246 3129 3142
f 3247 3142 3140
f 3248 3140 3139
f 3262 3139 3145
f 3257 3145 3149
f 3258 3149 3148
f 3266 3148 3155
f 3267 3155 3131
f 3268 3131 3130
f 3269 3130 3156
f 3270 3156 3143
f 3271 3143 3146
f 3272 3146 3152
f 3235 3152 3132
f 3236 3132 3116
f 3220 3116 3115
f 3221 3115 3102
f 3222 3102 3133
f 3223 3133 3134
f 3228 3134 3150
f 3229 3150 3104
f 3224 3104 3103
f 3225 3103 3153

