# https://github.com/mikedh/trimesh
v 0.03994520 0.00206292 0.00550000
v 0.04079580 0.00190051 0.00500000
v 0.04074080 0.00158530 0.00500000
v 0.03988540 0.00172078 0.00550000
v 0.04069570 0.00126852 0.00500000
v 0.04007420 0.00210951 0.00543202
v 0.04027580 0.00217492 0.00532543
v 0.04046470 0.00222800 0.00522508
v 0.04064050 0.00226993 0.00513117
v 0.04080280 0.00230188 0.00504395
v 0.04027960 0.00105937 0.00522508
v 0.04011630 0.00116824 0.00532543
v 0.04043390 0.00096516 0.00513117
v 0.04057830 0.00088465 0.00504395
v 0.03994480 0.00129275 0.00543202
v 0.04065150 0.00084674 0.00500000
v 0.03983650 0.00137692 0.00550000
v 0.04088410 0.00231532 0.00500000
v 0.03983650 0.00137692 0.01450000
v 0.04069570 0.00126852 0.01500000
v 0.04074080 0.00158530 0.01500000
v 0.03988540 0.00172078 0.01450000
v 0.04079580 0.00190051 0.01500000
v 0.04046470 0.00222800 0.01477490
v 0.04027580 0.00217492 0.01467460
v 0.04064050 0.00226993 0.01486880
v 0.04080280 0.00230188 0.01495600
v 0.04007420 0.00210951 0.01456800
v 0.04088410 0.00231532 0.01500000
v 0.03994480 0.00129275 0.01456800
v 0.04011630 0.00116824 0.01467460
v 0.04027960 0.00105937 0.01477490
v 0.04043390 0.00096516 0.01486880
v 0.04057830 0.00088465 0.01495600
v 0.04065150 0.00084674 0.01500000
v 0.03994520 0.00206292 0.01450000
v 0.04108470 0.00234060 0.01500000
v 0.04108470 0.00234060 0.00500000
v 0.04095090 0.00232504 0.00500000
v 0.04120390 0.00234976 0.01500000
v 0.04120390 0.00234976 0.00500000
v 0.04130830 0.00235374 0.01500000
v 0.04130830 0.00235374 0.00500000
v 0.04139790 0.00235371 0.01500000
v 0.04139790 0.00235371 0.00500000
v 0.04147240 0.00235088 0.01500000
v 0.04147240 0.00235088 0.00500000
v 0.04153860 0.00234578 0.01500000
v 0.04153860 0.00234578 0.00500000
v 0.04158350 0.00234058 0.01500000
v 0.04158350 0.00234058 0.00500000
v 0.04162080 0.00233483 0.01500000
v 0.04162080 0.00233483 0.00500000
v 0.04164110 0.00233087 0.01500000
v 0.04164110 0.00233087 0.00500000
v 0.04166430 0.00232512 0.01500000
v 0.04166430 0.00232512 0.00500000
v 0.04189780 0.00226553 0.01500000
v 0.04189780 0.00226553 0.00500000
v 0.04095090 0.00232504 0.01500000
v 0.04139050 0.00059630 0.00500000
v 0.04163090 0.00058085 0.00500000
v 0.04163090 0.00058085 0.01500000
v 0.04136660 0.00059803 0.01500000
v 0.04136660 0.00059803 0.00500000
v 0.04134610 0.00060053 0.01500000
v 0.04134610 0.00060053 0.00500000
v 0.04130890 0.00060656 0.01500000
v 0.04130890 0.00060656 0.00500000
v 0.04126460 0.00061550 0.01500000
v 0.04126460 0.00061550 0.00500000
v 0.04120000 0.00063111 0.01500000
v 0.04120000 0.00063111 0.00500000
v 0.04112830 0.00065143 0.00500000
v 0.04104310 0.00067910 0.01500000
v 0.04104310 0.00067910 0.00500000
v 0.04094500 0.00071514 0.01500000
v 0.04094500 0.00071514 0.00500000
v 0.04083450 0.00076069 0.01500000
v 0.04083450 0.00076069 0.00500000
v 0.04071210 0.00081684 0.01500000
v 0.04071210 0.00081684 0.00500000
v 0.04112830 0.00065143 0.01500000
v 0.04139050 0.00059630 0.01500000
v 0.04204030 0.00083865 0.01500000
v 0.04222430 0.00196832 0.01500000
v 0.04169730 0.00057093 0.01500000
v 0.04171360 0.00056671 0.01500000
v 0.04172970 0.00056179 0.01500000
v 0.04166430 0.00057730 0.01500000
v 0.04168090 0.00057447 0.01500000
v 0.04164770 0.00057943 0.01500000
v 0.04198080 0.00225343 0.01500000
v 0.04196400 0.00225444 0.01500000
v 0.04206440 0.00225908 0.01500000
v 0.04204780 0.00225653 0.01500000
v 0.04211340 0.00227092 0.01500000
v 0.04209730 0.00226628 0.01500000
v 0.04214510 0.00228223 0.01500000
v 0.04212940 0.00227624 0.01500000
v 0.04174550 0.00055620 0.01500000
v 0.04176110 0.00054994 0.01500000
v 0.04191410 0.00226170 0.01500000
v 0.04199760 0.00225314 0.01500000
v 0.04208090 0.00226233 0.01500000
v 0.04189740 0.00045371 0.01500000
v 0.04190850 0.00044110 0.01500000
v 0.04177640 0.00054303 0.01500000
v 0.04179140 0.00053547 0.01500000
v 0.04193060 0.00225858 0.01500000
v 0.04194730 0.00225615 0.01500000
v 0.04203110 0.00225469 0.01500000
v 0.04201440 0.00225356 0.01500000
v 0.04201200 0.00045794 0.01500000
v 0.04191900 0.00042803 0.01500000
v 0.04188570 0.00046583 0.01500000
v 0.04186100 0.00048855 0.01500000
v 0.04187360 0.00047745 0.01500000
v 0.04182040 0.00051848 0.01500000
v 0.04183440 0.00050908 0.01500000
v 0.04217560 0.00229618 0.01500000
v 0.04216050 0.00228888 0.01500000
v 0.04220490 0.00231267 0.01500000
v 0.04219040 0.00230412 0.01500000
v 0.04231820 0.00233834 0.01500000
v 0.04228290 0.00237612 0.01500000
v 0.04227110 0.00236420 0.01500000
v 0.04192900 0.00041453 0.01500000
v 0.04184790 0.00049910 0.01500000
v 0.04180610 0.00052728 0.01500000
v 0.04224590 0.00234191 0.01500000
v 0.04223270 0.00233159 0.01500000
v 0.04225870 0.00235279 0.01500000
v 0.04229420 0.00238854 0.01500000
v 0.04194730 0.00038631 0.01500000
v 0.04195550 0.00037165 0.01500000
v 0.04221900 0.00232184 0.01500000
v 0.04193850 0.00040061 0.01500000
v 0.04230500 0.00240143 0.01500000
v 0.04232490 0.00242851 0.01500000
v 0.04231530 0.00241476 0.01500000
v 0.04234240 0.00245718 0.01500000
v 0.04233400 0.00244266 0.01500000
v 0.04198190 0.00030991 0.01500000
v 0.04198680 0.00029385 0.01500000
v 0.04196310 0.00035665 0.01500000
v 0.04197000 0.00034134 0.01500000
v 0.04236400 0.00250271 0.01500000
v 0.04235750 0.00248724 0.01500000
v 0.04214650 0.00159456 0.01500000
v 0.04197630 0.00032575 0.01500000
v 0.04235030 0.00247205 0.01500000
v 0.04208520 0.00121776 0.01500000
v 0.04199460 0.00026116 0.01500000
v 0.04199750 0.00024460 0.01500000
v 0.04237510 0.00253443 0.01500000
v 0.04236990 0.00251846 0.01500000
v 0.04199960 0.00022794 0.01500000
v 0.04199110 0.00027759 0.01500000
v 0.04200110 0.00021119 0.01500000
v 0.04200180 0.00019441 0.01500000
v 0.04200180 0.00017760 0.01500000
v 0.05140140 -0.00962168 0.00500000
v 0.05135050 -0.00940390 0.00500000
v 0.05134800 -0.00938340 0.00500000
v 0.05134630 -0.00935947 0.00500000
v 0.05156680 -0.01003790 0.00500000
v 0.05151070 -0.00991549 0.00500000
v 0.05135660 -0.00944109 0.00500000
v 0.05138110 -0.00954997 0.00500000
v 0.05136550 -0.00948541 0.00500000
v 0.05146510 -0.00980498 0.00500000
v 0.05031420 -0.00498097 0.00500000
v 0.05034940 -0.00881155 0.00500000
v 0.05033550 -0.00882097 0.00500000
v 0.05053190 -0.00499524 0.00500000
v 0.05036370 -0.00880273 0.00500000
v 0.05142910 -0.00970691 0.00500000
v 0.05015370 -0.00935947 0.00500000
v 0.05015200 -0.00938340 0.00500000
v 0.05014950 -0.00940390 0.00500000
v 0.05003490 -0.00980498 0.00500000
v 0.05017550 -0.00906909 0.00500000
v 0.05017270 -0.00908565 0.00500000
v 0.04993320 -0.01003790 0.00500000
v 0.05017910 -0.00905266 0.00500000
v 0.05018330 -0.00903639 0.00500000
v 0.04839630 -0.00935207 0.00500000
v 0.04841520 -0.00912921 0.00500000
v 0.04841910 -0.00910895 0.00500000
v 0.04842490 -0.00908565 0.00500000
v 0.04842500 -0.00979906 0.00500000
v 0.04840940 -0.00966526 0.00500000
v 0.05118580 -0.00498097 0.00500000
v 0.05131670 -0.00903639 0.00500000
v 0.05131180 -0.00902032 0.00500000
v 0.05132450 -0.00906909 0.00500000
v 0.05132090 -0.00905266 0.00500000
v 0.05075000 -0.00500000 0.00500000
v 0.05067360 -0.00874967 0.00500000
v 0.05057240 -0.00874820 0.00500000
v 0.05014340 -0.00944109 0.00500000
v 0.05016920 -0.00911906 0.00500000
v 0.05013450 -0.00948541 0.00500000
v 0.05017060 -0.00910232 0.00500000
v 0.05009860 -0.00962168 0.00500000
v 0.05007090 -0.00970691 0.00500000
v 0.04998930 -0.00991549 0.00500000
v 0.05018820 -0.00902032 0.00500000
v 0.04990330 -0.01009850 0.00500000
v 0.05028420 -0.00886428 0.00500000
v 0.05027250 -0.00887642 0.00500000
v 0.05030890 -0.00884153 0.00500000
v 0.05029630 -0.00885264 0.00500000
v 0.05032200 -0.00883097 0.00500000
v 0.04840940 -0.00916645 0.00500000
v 0.04839910 -0.00927758 0.00500000
v 0.04840420 -0.00921136 0.00500000
v 0.04840020 -0.00954608 0.00500000
v 0.04883660 -0.00461940 0.00500000
v 0.04756780 -0.00828648 0.00500000
v 0.04755300 -0.00829444 0.00500000
v 0.04759830 -0.00827249 0.00500000
v 0.04758290 -0.00827916 0.00500000
v 0.04762990 -0.00826114 0.00500000
v 0.04761400 -0.00826648 0.00500000
v 0.04180050 -0.00359281 0.00500000
v 0.04199190 -0.00347710 0.00500000
v 0.04201070 -0.00346839 0.00500000
v 0.06037170 0.00065143 0.00500000
v 0.06015390 0.00060053 0.00500000
v 0.06013340 0.00059803 0.00500000
v 0.06010950 0.00059630 0.00500000
v 0.06078790 0.00081684 0.00500000
v 0.06066550 0.00076069 0.00500000
v 0.05130620 -0.00900448 0.00500000
v 0.05159670 -0.01009850 0.00500000
v 0.05055560 -0.00874821 0.00500000
v 0.05053880 -0.00874894 0.00500000
v 0.05011890 -0.00954997 0.00500000
v 0.05021450 -0.00895856 0.00500000
v 0.05020700 -0.00897356 0.00500000
v 0.05026150 -0.00888904 0.00500000
v 0.04839630 -0.00944167 0.00500000
v 0.04753850 -0.00830301 0.00500000
v 0.04752440 -0.00831219 0.00500000
v 0.04195840 -0.00349434 0.00500000
v 0.04186250 -0.00355132 0.00500000
v 0.04191900 -0.00351653 0.00500000
v 0.04203290 -0.00345935 0.00500000
v 0.04155490 -0.00378751 0.00500000
v 0.04164590 -0.00371005 0.00500000
v 0.04112830 -0.00065143 0.00500000
v 0.04134610 -0.00060053 0.00500000
v 0.04136660 -0.00059803 0.00500000
v 0.04139050 -0.00059630 0.00500000
v 0.04071210 -0.00081684 0.00500000
v 0.04083450 -0.00076069 0.00500000
v 0.06019110 0.00060656 0.00500000
v 0.06030000 0.00063111 0.00500000
v 0.06023540 0.00061550 0.00500000
v 0.06055500 0.00071514 0.00500000
v 0.05096810 -0.00499524 0.00500000
v 0.05119110 -0.00884153 0.00500000
v 0.05117800 -0.00883097 0.00500000
v 0.05121580 -0.00886428 0.00500000
v 0.05120370 -0.00885264 0.00500000
v 0.05132730 -0.00908565 0.00500000
v 0.05101120 -0.00875538 0.00500000
v 0.05099460 -0.00875253 0.00500000
v 0.05105990 -0.00876812 0.00500000
v 0.05104380 -0.00876319 0.00500000
v 0.05113630 -0.00880273 0.00500000
v 0.05112160 -0.00879452 0.00500000
v 0.05052210 -0.00875038 0.00500000
v 0.05050540 -0.00875253 0.00500000
v 0.05020010 -0.00898888 0.00500000
v 0.05019380 -0.00900448 0.00500000
v 0.05025090 -0.00890212 0.00500000
v 0.05024090 -0.00891564 0.00500000
v 0.04766240 -0.00825251 0.00500000
v 0.04764610 -0.00825648 0.00500000
v 0.04903990 -0.00469846 0.00500000
v 0.04774580 -0.00824321 0.00500000
v 0.04172800 -0.00364546 0.00500000
v 0.04130890 -0.00060656 0.00500000
v 0.04120000 -0.00063111 0.00500000
v 0.04126460 -0.00061550 0.00500000
v 0.04094500 -0.00071514 0.00500000
v 0.06045690 0.00067910 0.00500000
v 0.05693250 -0.00740120 0.00500000
v 0.05676330 -0.00725493 0.00500000
v 0.05674920 -0.00723982 0.00500000
v 0.05116450 -0.00882097 0.00500000
v 0.05115060 -0.00881155 0.00500000
v 0.05124910 -0.00890212 0.00500000
v 0.05123850 -0.00888904 0.00500000
v 0.05129990 -0.00898888 0.00500000
v 0.05129300 -0.00897356 0.00500000
v 0.05132940 -0.00910232 0.00500000
v 0.05133080 -0.00911906 0.00500000
v 0.05097790 -0.00875038 0.00500000
v 0.05096120 -0.00874894 0.00500000
v 0.05102760 -0.00875894 0.00500000
v 0.05109130 -0.00878001 0.00500000
v 0.05107580 -0.00877373 0.00500000
v 0.05110660 -0.00878694 0.00500000
v 0.05045620 -0.00876319 0.00500000
v 0.05044010 -0.00876812 0.00500000
v 0.05048880 -0.00875538 0.00500000
v 0.05047240 -0.00875894 0.00500000
v 0.05023150 -0.00892957 0.00500000
v 0.05022270 -0.00894388 0.00500000
v 0.04843470 -0.00986594 0.00500000
v 0.04751080 -0.00832196 0.00500000
v 0.04772900 -0.00824365 0.00500000
v 0.04104310 -0.00067910 0.00500000
v 0.05815120 0.00618250 0.00500000
v 0.05800490 0.00601331 0.00500000
v 0.05798980 0.00599924 0.00500000
v 0.05960220 0.00226553 0.00500000
v 0.06029610 0.00234976 0.00500000
v 0.06041530 0.00234060 0.00500000
v 0.05679010 -0.00728148 0.00500000
v 0.05687390 -0.00735513 0.00500000
v 0.05682330 -0.00731208 0.00500000
v 0.05434280 -0.00894946 0.00500000
v 0.05422710 -0.00875806 0.00500000
v 0.05421840 -0.00873934 0.00500000
v 0.05122750 -0.00887642 0.00500000
v 0.05126850 -0.00892957 0.00500000
v 0.05125910 -0.00891564 0.00500000
v 0.05128550 -0.00895856 0.00500000
v 0.05040870 -0.00878001 0.00500000
v 0.05039340 -0.00878694 0.00500000
v 0.05042420 -0.00877373 0.00500000
v 0.04737960 -0.00849325 0.00500000
v 0.04710450 -0.00902197 0.00500000
v 0.04704000 -0.00910409 0.00500000
v 0.04749750 -0.00833230 0.00500000
v 0.04748470 -0.00834320 0.00500000
v 0.04769550 -0.00824667 0.00500000
v 0.04767890 -0.00824924 0.00500000
v 0.04771220 -0.00824481 0.00500000
v 0.04653300 -0.00268650 0.00500000
v 0.04332140 -0.00483640 0.00500000
v 0.04330480 -0.00483343 0.00500000
v 0.04335400 -0.00484443 0.00500000
v 0.04333780 -0.00484007 0.00500000
v 0.04340140 -0.00486158 0.00500000
v 0.04338580 -0.00485519 0.00500000
v 0.05803150 0.00604006 0.00500000
v 0.05810510 0.00612391 0.00500000
v 0.05806210 0.00607333 0.00500000
v 0.06019170 0.00235374 0.00500000
v 0.06084850 0.00084674 0.00500000
v 0.05379380 -0.00396677 0.00500000
v 0.05638630 -0.00690861 0.00500000
v 0.05637010 -0.00690422 0.00500000
v 0.05424430 -0.00879158 0.00500000
v 0.05430130 -0.00888753 0.00500000
v 0.05426650 -0.00883096 0.00500000
v 0.05420930 -0.00871712 0.00500000
v 0.05453750 -0.00919512 0.00500000
v 0.05446000 -0.00910409 0.00500000
v 0.05127730 -0.00894388 0.00500000
v 0.05094440 -0.00874821 0.00500000
v 0.05092760 -0.00874820 0.00500000
v 0.05037840 -0.00879452 0.00500000
v 0.04948150 -0.01005430 0.00500000
v 0.05009740 -0.00495722 0.00500000
v 0.04966780 -0.00488148 0.00500000
v 0.04847910 -0.00863659 0.00500000
v 0.04847380 -0.00862065 0.00500000
v 0.04848770 -0.00866908 0.00500000
v 0.04848370 -0.00865274 0.00500000
v 0.04849530 -0.00871888 0.00500000
v 0.04849350 -0.00870217 0.00500000
v 0.04849690 -0.00875244 0.00500000
v 0.04849640 -0.00873564 0.00500000
v 0.04848830 -0.00883587 0.00500000
v 0.04849140 -0.00881936 0.00500000
v 0.04848450 -0.00885224 0.00500000
v 0.04945590 -0.00482963 0.00500000
v 0.04830730 -0.00841603 0.00500000
v 0.04829280 -0.00840757 0.00500000
v 0.04838580 -0.00847893 0.00500000
v 0.04837390 -0.00846709 0.00500000
v 0.04715720 -0.00894946 0.00500000
v 0.04723350 -0.00883096 0.00500000
v 0.04719870 -0.00888753 0.00500000
v 0.04744930 -0.00837899 0.00500000
v 0.04743850 -0.00839189 0.00500000
v 0.04747240 -0.00835462 0.00500000
v 0.04746060 -0.00836656 0.00500000
v 0.04328820 -0.00483116 0.00500000
v 0.04327150 -0.00482961 0.00500000
v 0.04337000 -0.00484947 0.00500000
v 0.04187030 -0.00488350 0.00500000
v 0.04239730 -0.00518466 0.00500000
v 0.04228110 -0.00521277 0.00500000
v 0.04271440 -0.00507744 0.00500000
v 0.04265300 -0.00510275 0.00500000
v 0.04282750 -0.00501895 0.00500000
v 0.04280720 -0.00503161 0.00500000
v 0.04613060 -0.00191342 0.00500000
v 0.04234480 -0.00332173 0.00500000
v 0.04235810 -0.00331152 0.00500000
v 0.04227220 -0.00336384 0.00500000
v 0.04228740 -0.00335666 0.00500000
v 0.04225670 -0.00337036 0.00500000
v 0.04065150 -0.00084674 0.00500000
v 0.04164770 -0.00057943 0.00500000
v 0.04166430 -0.00057730 0.00500000
v 0.04715720 0.00894946 0.00500000
v 0.04727290 0.00875806 0.00500000
v 0.04728160 0.00873934 0.00500000
v 0.05009860 0.00962168 0.00500000
v 0.05014950 0.00940390 0.00500000
v 0.05015200 0.00938340 0.00500000
v 0.05015370 0.00935947 0.00500000
v 0.04993320 0.01003790 0.00500000
v 0.04998930 0.00991549 0.00500000
v 0.05396390 0.00383022 0.00500000
v 0.05632050 0.00689526 0.00500000
v 0.05633720 0.00689754 0.00500000
v 0.05969950 0.00359281 0.00500000
v 0.05950810 0.00347710 0.00500000
v 0.05948930 0.00346839 0.00500000
v 0.06010210 0.00235371 0.00500000
v 0.05996140 0.00234578 0.00500000
v 0.06002760 0.00235088 0.00500000
v 0.05573100 0.00043578 0.00500000
v 0.05977030 0.00056179 0.00500000
v 0.05975450 0.00055620 0.00500000
v 0.05980270 0.00057093 0.00500000
v 0.05978640 0.00056671 0.00500000
v 0.05962970 -0.00488350 0.00500000
v 0.05871090 -0.00504163 0.00500000
v 0.05869280 -0.00503161 0.00500000
v 0.05891700 -0.00512846 0.00500000
v 0.05884700 -0.00510275 0.00500000
v 0.05935100 -0.00523932 0.00500000
v 0.05921890 -0.00521277 0.00500000
v 0.05635370 -0.00690054 0.00500000
v 0.05633720 -0.00689754 0.00500000
v 0.05673380 -0.00722148 0.00500000
v 0.05700500 -0.00745389 0.00500000
v 0.05266340 -0.00461940 0.00500000
v 0.05382110 -0.00824924 0.00500000
v 0.05380450 -0.00824667 0.00500000
v 0.05385390 -0.00825648 0.00500000
v 0.05383760 -0.00825251 0.00500000
v 0.05439550 -0.00902197 0.00500000
v 0.05204410 -0.00482963 0.00500000
v 0.05323720 -0.00839254 0.00500000
v 0.05322200 -0.00839974 0.00500000
v 0.04846110 -0.00858952 0.00500000
v 0.04845380 -0.00857438 0.00500000
v 0.04846780 -0.00860495 0.00500000
v 0.04849090 -0.00868556 0.00500000
v 0.04849380 -0.00880273 0.00500000
v 0.04827800 -0.00839974 0.00500000
v 0.04826280 -0.00839254 0.00500000
v 0.04833520 -0.00843475 0.00500000
v 0.04832150 -0.00842509 0.00500000
v 0.04836150 -0.00845576 0.00500000
v 0.04843730 -0.00854511 0.00500000
v 0.04842820 -0.00853102 0.00500000
v 0.04740960 -0.00843316 0.00500000
v 0.04740110 -0.00844769 0.00500000
v 0.04742830 -0.00840523 0.00500000
v 0.04753610 -0.00383022 0.00500000
v 0.04511370 -0.00690861 0.00500000
v 0.04509770 -0.00691367 0.00500000
v 0.04334880 -0.00618250 0.00500000
v 0.04349510 -0.00601331 0.00500000
v 0.04351020 -0.00599924 0.00500000
v 0.04323790 -0.00482863 0.00500000
v 0.04322110 -0.00482921 0.00500000
v 0.04325470 -0.00482876 0.00500000
v 0.04343160 -0.00487630 0.00500000
v 0.04341660 -0.00486862 0.00500000
v 0.04350070 -0.00492380 0.00500000
v 0.04348770 -0.00491315 0.00500000
v 0.04355830 -0.00498479 0.00500000
v 0.04354780 -0.00497164 0.00500000
v 0.04249780 -0.00515618 0.00500000
v 0.04275550 -0.00505861 0.00500000
v 0.04278910 -0.00504163 0.00500000
v 0.04237100 -0.00330074 0.00500000
v 0.04238340 -0.00328944 0.00500000
v 0.04576900 -0.00043578 0.00500000
v 0.04725570 0.00879158 0.00500000
v 0.04719870 0.00888753 0.00500000
v 0.04723350 0.00883096 0.00500000
v 0.04729070 0.00871712 0.00500000
v 0.04696250 0.00919512 0.00500000
v 0.04704000 0.00910409 0.00500000
v 0.04945590 0.00482963 0.00500000
v 0.04924650 0.00476858 0.00500000
v 0.04821560 0.00837491 0.00500000
v 0.05014340 0.00944109 0.00500000
v 0.05011890 0.00954997 0.00500000
v 0.05013450 0.00948541 0.00500000
v 0.05003490 0.00980498 0.00500000
v 0.05310370 0.00935207 0.00500000
v 0.05308480 0.00912921 0.00500000
v 0.05308090 0.00910895 0.00500000
v 0.05307510 0.00908565 0.00500000
v 0.05307500 0.00979906 0.00500000
v 0.05309060 0.00966526 0.00500000
v 0.05635370 0.00690054 0.00500000
v 0.05628700 0.00689281 0.00500000
v 0.05630380 0.00689368 0.00500000
v 0.05623660 0.00689449 0.00500000
v 0.05625340 0.00689322 0.00500000
v 0.05797150 0.00598377 0.00500000
v 0.05820390 0.00625498 0.00500000
v 0.05954160 0.00349434 0.00500000
v 0.05963750 0.00355132 0.00500000
v 0.05958100 0.00351653 0.00500000
v 0.05946710 0.00345935 0.00500000
v 0.05994510 0.00378751 0.00500000
v 0.05985410 0.00371005 0.00500000
v 0.05557960 0.00129410 0.00500000
v 0.05921710 0.00237612 0.00500000
v 0.05922890 0.00236420 0.00500000
v 0.05973890 0.00054994 0.00500000
v 0.05983570 0.00057730 0.00500000
v 0.05981910 0.00057447 0.00500000
v 0.05985230 0.00057943 0.00500000
v 0.05986910 0.00058085 0.00500000
v 0.05874450 -0.00505861 0.00500000
v 0.05878560 -0.00507744 0.00500000
v 0.05910270 -0.00518466 0.00500000
v 0.05622000 -0.00689647 0.00500000
v 0.05620340 -0.00689916 0.00500000
v 0.05630380 -0.00689368 0.00500000
v 0.05628700 -0.00689281 0.00500000
v 0.05632050 -0.00689526 0.00500000
v 0.05361790 -0.00409576 0.00500000
v 0.05574840 -0.00718183 0.00500000
v 0.05573480 -0.00719172 0.00500000
v 0.05576890 -0.00792247 0.00500000
v 0.05578160 -0.00794284 0.00500000
v 0.05579160 -0.00796089 0.00500000
v 0.05388600 -0.00826648 0.00500000
v 0.05387010 -0.00826114 0.00500000
v 0.05393220 -0.00828648 0.00500000
v 0.05391710 -0.00827916 0.00500000
v 0.05319270 -0.00841603 0.00500000
v 0.05317850 -0.00842509 0.00500000
v 0.05320720 -0.00840757 0.00500000
v 0.05225350 -0.00476858 0.00500000
v 0.05328440 -0.00837491 0.00500000
v 0.05307510 -0.00908565 0.00500000
v 0.05308090 -0.00910895 0.00500000
v 0.05308480 -0.00912921 0.00500000
v 0.05310370 -0.00935207 0.00500000
v 0.05300860 -0.00881936 0.00500000
v 0.05301170 -0.00883587 0.00500000
v 0.05309980 -0.00954608 0.00500000
v 0.05300620 -0.00880273 0.00500000
v 0.05183220 -0.00488148 0.00500000
v 0.05300340 -0.00876924 0.00500000
v 0.05300440 -0.00878602 0.00500000
v 0.05300910 -0.00868556 0.00500000
v 0.05300650 -0.00870217 0.00500000
v 0.05302620 -0.00862065 0.00500000
v 0.05302090 -0.00863659 0.00500000
v 0.05233530 -0.01000920 0.00500000
v 0.05201850 -0.01005430 0.00500000
v 0.05140260 -0.00495722 0.00500000
v 0.04916470 -0.01000920 0.00500000
v 0.04988180 -0.00492404 0.00500000
v 0.04849560 -0.00878602 0.00500000
v 0.04849660 -0.00876924 0.00500000
v 0.04834860 -0.00844498 0.00500000
v 0.04840810 -0.00850407 0.00500000
v 0.04839720 -0.00849127 0.00500000
v 0.04841840 -0.00851733 0.00500000
v 0.04779610 -0.00824616 0.00500000
v 0.04777930 -0.00824447 0.00500000
v 0.04784560 -0.00825548 0.00500000
v 0.04782920 -0.00825167 0.00500000
v 0.04924650 -0.00476858 0.00500000
v 0.04804610 -0.00832174 0.00500000
v 0.04787770 -0.00826515 0.00500000
v 0.04729070 -0.00871712 0.00500000
v 0.04728160 -0.00873934 0.00500000
v 0.04727290 -0.00875806 0.00500000
v 0.04696250 -0.00919512 0.00500000
v 0.04738620 -0.00847777 0.00500000
v 0.04739330 -0.00846257 0.00500000
v 0.04741860 -0.00841900 0.00500000
v 0.04508190 -0.00691941 0.00500000
v 0.04506630 -0.00692582 0.00500000
v 0.04514630 -0.00690054 0.00500000
v 0.04512990 -0.00690422 0.00500000
v 0.04517950 -0.00689526 0.00500000
v 0.04516280 -0.00689754 0.00500000
v 0.04346850 -0.00604006 0.00500000
v 0.04339490 -0.00612391 0.00500000
v 0.04343790 -0.00607333 0.00500000
v 0.04347430 -0.00490305 0.00500000
v 0.04346040 -0.00489353 0.00500000
v 0.04353680 -0.00495894 0.00500000
v 0.04352530 -0.00494672 0.00500000
v 0.04258300 -0.00512846 0.00500000
v 0.04239540 -0.00327761 0.00500000
v 0.04233100 -0.00333137 0.00500000
v 0.04230230 -0.00334885 0.00500000
v 0.04231680 -0.00334041 0.00500000
v 0.04166430 -0.00232512 0.00500000
v 0.04164110 -0.00233087 0.00500000
v 0.04162080 -0.00233483 0.00500000
v 0.04168090 -0.00057447 0.00500000
v 0.04163090 -0.00058085 0.00500000
v 0.04653300 0.00268650 0.00500000
v 0.04330480 0.00483343 0.00500000
v 0.04332140 0.00483640 0.00500000
v 0.04325470 0.00482876 0.00500000
v 0.04327150 0.00482961 0.00500000
v 0.04710450 0.00902197 0.00500000
v 0.04823150 0.00838012 0.00500000
v 0.04824730 0.00838600 0.00500000
v 0.04819170 0.00836767 0.00500000
v 0.04842490 0.00908565 0.00500000
v 0.04841910 0.00910895 0.00500000
v 0.04841520 0.00912921 0.00500000
v 0.05007090 0.00970691 0.00500000
v 0.05133080 0.00911906 0.00500000
v 0.05146510 0.00980498 0.00500000
v 0.05151070 0.00991549 0.00500000
v 0.05309060 0.00916645 0.00500000
v 0.05310090 0.00927758 0.00500000
v 0.05309580 0.00921136 0.00500000
v 0.05309980 0.00954608 0.00500000
v 0.05563350 0.00887969 0.00500000
v 0.05579160 0.00796089 0.00500000
v 0.05578160 0.00794284 0.00500000
v 0.05587850 0.00816701 0.00500000
v 0.05585280 0.00809704 0.00500000
v 0.05598930 0.00860098 0.00500000
v 0.05596280 0.00846892 0.00500000
v 0.05654540 0.00699938 0.00500000
v 0.05655750 0.00701112 0.00500000
v 0.05627020 0.00689266 0.00500000
v 0.05977200 0.00364546 0.00500000
v 0.05925410 0.00234191 0.00500000
v 0.05926730 0.00233159 0.00500000
v 0.05924130 0.00235279 0.00500000
v 0.06054910 0.00232504 0.00500000
v 0.05986910 -0.00058085 0.00500000
v 0.06055500 -0.00071514 0.00500000
v 0.06066550 -0.00076069 0.00500000
v 0.05573100 -0.00043578 0.00500000
v 0.05978640 -0.00056671 0.00500000
v 0.05980270 -0.00057093 0.00500000
v 0.05900220 -0.00515618 0.00500000
v 0.05613860 -0.00691685 0.00500000
v 0.05612290 -0.00692297 0.00500000
v 0.05618690 -0.00690254 0.00500000
v 0.05617060 -0.00690663 0.00500000
v 0.05625340 -0.00689322 0.00500000
v 0.05623660 -0.00689449 0.00500000
v 0.05627020 -0.00689266 0.00500000
v 0.05396390 -0.00383022 0.00500000
v 0.05656900 -0.00702335 0.00500000
v 0.05658000 -0.00703607 0.00500000
v 0.05343650 -0.00421696 0.00500000
v 0.05559010 -0.00741222 0.00500000
v 0.05558640 -0.00742862 0.00500000
v 0.05570890 -0.00721318 0.00500000
v 0.05569670 -0.00722472 0.00500000
v 0.05580860 -0.00799454 0.00500000
v 0.05564010 -0.00771889 0.00500000
v 0.05582740 -0.00803564 0.00500000
v 0.05563140 -0.00770451 0.00500000
v 0.05587850 -0.00816701 0.00500000
v 0.05562340 -0.00768977 0.00500000
v 0.05593470 -0.00835274 0.00500000
v 0.05561590 -0.00767471 0.00500000
v 0.05598930 -0.00860098 0.00500000
v 0.05560910 -0.00765934 0.00500000
v 0.05378780 -0.00824481 0.00500000
v 0.05377100 -0.00824365 0.00500000
v 0.05390170 -0.00827249 0.00500000
v 0.05397560 -0.00831219 0.00500000
v 0.05396150 -0.00830301 0.00500000
v 0.05401530 -0.00834320 0.00500000
v 0.05400250 -0.00833230 0.00500000
v 0.05246010 -0.00469846 0.00500000
v 0.05372070 -0.00824447 0.00500000
v 0.05370390 -0.00824616 0.00500000
v 0.05375420 -0.00824321 0.00500000
v 0.05373740 -0.00824348 0.00500000
v 0.05308160 -0.00851733 0.00500000
v 0.05307180 -0.00853102 0.00500000
v 0.05310280 -0.00849127 0.00500000
v 0.05309190 -0.00850407 0.00500000
v 0.05313850 -0.00845576 0.00500000
v 0.05312610 -0.00846709 0.00500000
v 0.05316480 -0.00843475 0.00500000
v 0.05315140 -0.00844498 0.00500000
v 0.05326850 -0.00838012 0.00500000
v 0.05325270 -0.00838600 0.00500000
v 0.05330830 -0.00836767 0.00500000
v 0.05309060 -0.00916645 0.00500000
v 0.05301550 -0.00885224 0.00500000
v 0.05309580 -0.00921136 0.00500000
v 0.05310090 -0.00927758 0.00500000
v 0.05310370 -0.00944167 0.00500000
v 0.05307500 -0.00979906 0.00500000
v 0.05300310 -0.00875244 0.00500000
v 0.05306530 -0.00986594 0.00500000
v 0.05301230 -0.00866908 0.00500000
v 0.05300470 -0.00871888 0.00500000
v 0.05301630 -0.00865274 0.00500000
v 0.05161820 -0.00492404 0.00500000
v 0.05265050 -0.00995417 0.00500000
v 0.04824730 -0.00838600 0.00500000
v 0.04844590 -0.00855957 0.00500000
v 0.04776260 -0.00824348 0.00500000
v 0.04781270 -0.00824856 0.00500000
v 0.04725570 -0.00879158 0.00500000
v 0.04863690 -0.00453154 0.00500000
v 0.04586650 -0.00887969 0.00500000
v 0.04570840 -0.00796089 0.00500000
v 0.04571840 -0.00794284 0.00500000
v 0.04562150 -0.00816701 0.00500000
v 0.04564720 -0.00809704 0.00500000
v 0.04551070 -0.00860098 0.00500000
v 0.04553720 -0.00846892 0.00500000
v 0.04496710 -0.00698817 0.00500000
v 0.04495460 -0.00699938 0.00500000
v 0.04503620 -0.00694058 0.00500000
v 0.04502160 -0.00694891 0.00500000
v 0.04505110 -0.00693288 0.00500000
v 0.04522980 -0.00689266 0.00500000
v 0.04521300 -0.00689281 0.00500000
v 0.04320430 -0.00483050 0.00500000
v 0.04318760 -0.00483250 0.00500000
v 0.04665420 -0.00286788 0.00500000
v 0.04356820 -0.00499838 0.00500000
v 0.04307530 -0.00486592 0.00500000
v 0.04306020 -0.00487337 0.00500000
v 0.04641990 -0.00250000 0.00500000
v 0.04312220 -0.00484751 0.00500000
v 0.04249750 -0.00308759 0.00500000
v 0.04250080 -0.00307111 0.00500000
v 0.04248890 -0.00312007 0.00500000
v 0.04249350 -0.00310392 0.00500000
v 0.04247080 -0.00316712 0.00500000
v 0.04247750 -0.00315169 0.00500000
v 0.04240680 -0.00326529 0.00500000
v 0.04158350 -0.00234058 0.00500000
v 0.04189780 -0.00226553 0.00500000
v 0.04153860 -0.00234578 0.00500000
v 0.04191410 -0.00226170 0.00500000
v 0.04139790 -0.00235371 0.00500000
v 0.04193060 -0.00225858 0.00500000
v 0.04586850 -0.00108220 0.00500000
v 0.04206440 -0.00225908 0.00500000
v 0.04204780 -0.00225653 0.00500000
v 0.04169730 -0.00057093 0.00500000
v 0.04171360 -0.00056671 0.00500000
v 0.04613060 0.00191342 0.00500000
v 0.04235810 0.00331152 0.00500000
v 0.04234480 0.00332173 0.00500000
v 0.04248890 0.00312007 0.00500000
v 0.04248350 0.00313600 0.00500000
v 0.04335400 0.00484443 0.00500000
v 0.04337000 0.00484947 0.00500000
v 0.04333780 0.00484007 0.00500000
v 0.04328820 0.00483116 0.00500000
v 0.04691980 0.00321394 0.00500000
v 0.04375060 0.00579543 0.00500000
v 0.04373890 0.00580746 0.00500000
v 0.04377250 0.00576993 0.00500000
v 0.04376180 0.00578291 0.00500000
v 0.04380110 0.00572845 0.00500000
v 0.04379220 0.00574267 0.00500000
v 0.04385680 0.00550340 0.00500000
v 0.04385730 0.00552019 0.00500000
v 0.04833520 0.00843475 0.00500000
v 0.04834860 0.00844498 0.00500000
v 0.04840940 0.00916645 0.00500000
v 0.04848450 0.00885224 0.00500000
v 0.04840420 0.00921136 0.00500000
v 0.04848830 0.00883587 0.00500000
v 0.04839630 0.00935207 0.00500000
v 0.04849140 0.00881936 0.00500000
v 0.04966780 0.00488148 0.00500000
v 0.04849660 0.00876924 0.00500000
v 0.04849560 0.00878602 0.00500000
v 0.04848370 0.00865274 0.00500000
v 0.04848770 0.00866908 0.00500000
v 0.05053190 0.00499524 0.00500000
v 0.05027250 0.00887642 0.00500000
v 0.05028420 0.00886428 0.00500000
v 0.05142910 0.00970691 0.00500000
v 0.05310370 0.00944167 0.00500000
v 0.05580860 0.00799454 0.00500000
v 0.05582740 0.00803564 0.00500000
v 0.05593470 0.00835274 0.00500000
v 0.05653290 0.00698817 0.00500000
v 0.05700500 0.00745389 0.00500000
v 0.05646380 0.00694058 0.00500000
v 0.05647840 0.00694891 0.00500000
v 0.05640230 0.00691367 0.00500000
v 0.05641810 0.00691941 0.00500000
v 0.05620340 0.00689916 0.00500000
v 0.05622000 0.00689647 0.00500000
v 0.05609250 0.00693717 0.00500000
v 0.05610760 0.00692975 0.00500000
v 0.05458020 0.00321394 0.00500000
v 0.05777340 0.00581898 0.00500000
v 0.05778610 0.00582997 0.00500000
v 0.05922780 0.00336384 0.00500000
v 0.05921260 0.00335666 0.00500000
v 0.05928100 0.00232184 0.00500000
v 0.05929510 0.00231267 0.00500000
v 0.05916600 0.00244266 0.00500000
v 0.05917510 0.00242851 0.00500000
v 0.05983570 0.00232512 0.00500000
v 0.05985890 0.00233087 0.00500000
v 0.05987920 0.00233483 0.00500000
v 0.06061590 0.00231532 0.00500000
v 0.05958590 0.00226170 0.00500000
v 0.05563150 0.00108220 0.00500000
v 0.05950240 0.00225314 0.00500000
v 0.05951920 0.00225343 0.00500000
v 0.05946890 0.00225469 0.00500000
v 0.05948560 0.00225356 0.00500000
v 0.05967960 0.00051848 0.00500000
v 0.05966560 0.00050908 0.00500000
v 0.05972360 0.00054303 0.00500000
v 0.06045690 -0.00067910 0.00500000
v 0.06084850 -0.00084674 0.00500000
v 0.05981910 -0.00057447 0.00500000
v 0.05983570 -0.00057730 0.00500000
v 0.05977030 -0.00056179 0.00500000
v 0.05973890 -0.00054994 0.00500000
v 0.05975450 -0.00055620 0.00500000
v 0.05924330 -0.00337036 0.00500000
v 0.05977200 -0.00364546 0.00500000
v 0.05985410 -0.00371005 0.00500000
v 0.05496700 -0.00268650 0.00500000
v 0.05811420 -0.00485519 0.00500000
v 0.05809860 -0.00486158 0.00500000
v 0.05610760 -0.00692975 0.00500000
v 0.05615450 -0.00691140 0.00500000
v 0.05650650 -0.00696738 0.00500000
v 0.05649270 -0.00695785 0.00500000
v 0.05558340 -0.00744516 0.00500000
v 0.05558120 -0.00746181 0.00500000
v 0.05561160 -0.00734862 0.00500000
v 0.05560520 -0.00736416 0.00500000
v 0.05568500 -0.00723676 0.00500000
v 0.05567380 -0.00724929 0.00500000
v 0.05572160 -0.00720218 0.00500000
v 0.05585280 -0.00809704 0.00500000
v 0.05590620 -0.00825222 0.00500000
v 0.05596280 -0.00846892 0.00500000
v 0.05394700 -0.00829444 0.00500000
v 0.05398920 -0.00832196 0.00500000
v 0.05411380 -0.00847777 0.00500000
v 0.05410670 -0.00846257 0.00500000
v 0.05412040 -0.00849325 0.00500000
v 0.05368730 -0.00824856 0.00500000
v 0.05367080 -0.00825167 0.00500000
v 0.05311420 -0.00847893 0.00500000
v 0.05309060 -0.00966526 0.00500000
v 0.05300360 -0.00873564 0.00500000
v 0.05303890 -0.00858952 0.00500000
v 0.05303220 -0.00860495 0.00500000
v 0.05304620 -0.00857438 0.00500000
v 0.04884950 -0.00995417 0.00500000
v 0.04823150 -0.00838012 0.00500000
v 0.04821560 -0.00837491 0.00500000
v 0.04786180 -0.00825997 0.00500000
v 0.04643660 -0.00917018 0.00500000
v 0.04569140 -0.00799454 0.00500000
v 0.04567260 -0.00803564 0.00500000
v 0.04556530 -0.00835274 0.00500000
v 0.04498010 -0.00697749 0.00500000
v 0.04494250 -0.00701112 0.00500000
v 0.04500730 -0.00695785 0.00500000
v 0.04499350 -0.00696738 0.00500000
v 0.04519620 -0.00689368 0.00500000
v 0.04528000 -0.00689647 0.00500000
v 0.04526340 -0.00689449 0.00500000
v 0.04531310 -0.00690254 0.00500000
v 0.04529660 -0.00689916 0.00500000
v 0.04534550 -0.00691140 0.00500000
v 0.04532940 -0.00690663 0.00500000
v 0.04352850 -0.00598377 0.00500000
v 0.04329610 -0.00625498 0.00500000
v 0.04344620 -0.00488461 0.00500000
v 0.04214900 -0.00523932 0.00500000
v 0.04309070 -0.00485912 0.00500000
v 0.04310630 -0.00485298 0.00500000
v 0.04315460 -0.00483862 0.00500000
v 0.04248350 -0.00313600 0.00500000
v 0.04242800 -0.00323925 0.00500000
v 0.04243780 -0.00322557 0.00500000
v 0.04241770 -0.00325249 0.00500000
v 0.04605150 -0.00171010 0.00500000
v 0.04250140 -0.00293731 0.00500000
v 0.04249830 -0.00292080 0.00500000
v 0.04592040 -0.00129410 0.00500000
v 0.04225870 -0.00235279 0.00500000
v 0.04224590 -0.00234191 0.00500000
v 0.04231530 -0.00241476 0.00500000
v 0.04230500 -0.00240143 0.00500000
v 0.04598140 -0.00150353 0.00500000
v 0.04237510 -0.00253443 0.00500000
v 0.04147240 -0.00235088 0.00500000
v 0.04120390 -0.00234976 0.00500000
v 0.04194730 -0.00225615 0.00500000
v 0.04095090 -0.00232504 0.00500000
v 0.04196400 -0.00225444 0.00500000
v 0.04198080 -0.00225343 0.00500000
v 0.04203110 -0.00225469 0.00500000
v 0.04201440 -0.00225356 0.00500000
v 0.04211340 -0.00227092 0.00500000
v 0.04209730 -0.00226628 0.00500000
v 0.04180610 -0.00052728 0.00500000
v 0.04182040 -0.00051848 0.00500000
v 0.04177640 -0.00054303 0.00500000
v 0.04179140 -0.00053547 0.00500000
v 0.04172970 -0.00056179 0.00500000
v 0.04174550 -0.00055620 0.00500000
v 0.04164770 0.00057943 0.00500000
v 0.04166430 0.00057730 0.00500000
v 0.04168090 0.00057447 0.00500000
v 0.04169730 0.00057093 0.00500000
v 0.04576900 0.00043578 0.00500000
v 0.04171360 0.00056671 0.00500000
v 0.04174550 0.00055620 0.00500000
v 0.04172970 0.00056179 0.00500000
v 0.04233100 0.00333137 0.00500000
v 0.04231680 0.00334041 0.00500000
v 0.04237100 0.00330074 0.00500000
v 0.04247750 0.00315169 0.00500000
v 0.04247080 0.00316712 0.00500000
v 0.04249750 0.00308759 0.00500000
v 0.04249350 0.00310392 0.00500000
v 0.04338580 0.00485519 0.00500000
v 0.04320430 0.00483050 0.00500000
v 0.04322110 0.00482921 0.00500000
v 0.04329610 0.00625498 0.00500000
v 0.04380940 0.00571385 0.00500000
v 0.04378260 0.00575651 0.00500000
v 0.04383630 0.00565233 0.00500000
v 0.04383060 0.00566813 0.00500000
v 0.04385720 0.00553700 0.00500000
v 0.04385350 0.00546996 0.00500000
v 0.04385550 0.00548664 0.00500000
v 0.04883660 0.00461940 0.00500000
v 0.04771220 0.00824481 0.00500000
v 0.04772900 0.00824365 0.00500000
v 0.04903990 0.00469846 0.00500000
v 0.04777930 0.00824447 0.00500000
v 0.04779610 0.00824616 0.00500000
v 0.04840810 0.00850407 0.00500000
v 0.04841840 0.00851733 0.00500000
v 0.04837390 0.00846709 0.00500000
v 0.04838580 0.00847893 0.00500000
v 0.04836150 0.00845576 0.00500000
v 0.04830730 0.00841603 0.00500000
v 0.04832150 0.00842509 0.00500000
v 0.04827800 0.00839974 0.00500000
v 0.04829280 0.00840757 0.00500000
v 0.04826280 0.00839254 0.00500000
v 0.04839910 0.00927758 0.00500000
v 0.04840020 0.00954608 0.00500000
v 0.04849380 0.00880273 0.00500000
v 0.04842500 0.00979906 0.00500000
v 0.04849690 0.00875244 0.00500000
v 0.04843470 0.00986594 0.00500000
v 0.04849090 0.00868556 0.00500000
v 0.04849350 0.00870217 0.00500000
v 0.04847380 0.00862065 0.00500000
v 0.04847910 0.00863659 0.00500000
v 0.04846110 0.00858952 0.00500000
v 0.04846780 0.00860495 0.00500000
v 0.05030890 0.00884153 0.00500000
v 0.05032200 0.00883097 0.00500000
v 0.05029630 0.00885264 0.00500000
v 0.04990330 0.01009850 0.00500000
v 0.05140140 0.00962168 0.00500000
v 0.05136550 0.00948541 0.00500000
v 0.05138110 0.00954997 0.00500000
v 0.05590620 0.00825222 0.00500000
v 0.05343650 0.00421696 0.00500000
v 0.05564350 0.00728957 0.00500000
v 0.05565300 0.00727572 0.00500000
v 0.05562630 0.00731842 0.00500000
v 0.05563460 0.00730381 0.00500000
v 0.05558340 0.00744516 0.00500000
v 0.05558640 0.00742862 0.00500000
v 0.05557960 0.00747855 0.00500000
v 0.05558120 0.00746181 0.00500000
v 0.05557860 0.00751213 0.00500000
v 0.05557880 0.00749533 0.00500000
v 0.05558520 0.00757895 0.00500000
v 0.05558250 0.00756237 0.00500000
v 0.05658000 0.00703607 0.00500000
v 0.05682330 0.00731208 0.00500000
v 0.05687390 0.00735513 0.00500000
v 0.05651990 0.00697749 0.00500000
v 0.05649270 0.00695785 0.00500000
v 0.05650650 0.00696738 0.00500000
v 0.05644890 0.00693288 0.00500000
v 0.05643370 0.00692582 0.00500000
v 0.05637010 0.00690422 0.00500000
v 0.05638630 0.00690861 0.00500000
v 0.05612290 0.00692297 0.00500000
v 0.05496700 0.00268650 0.00500000
v 0.05813000 0.00484947 0.00500000
v 0.05814600 0.00484443 0.00500000
v 0.05536940 0.00191342 0.00500000
v 0.05919500 0.00240143 0.00500000
v 0.05920580 0.00238854 0.00500000
v 0.05918470 0.00241476 0.00500000
v 0.05991650 0.00234058 0.00500000
v 0.05953600 0.00225444 0.00500000
v 0.05956150 0.00040061 0.00500000
v 0.05955270 0.00038631 0.00500000
v 0.05958100 0.00042803 0.00500000
v 0.05957100 0.00041453 0.00500000
v 0.05961430 0.00046583 0.00500000
v 0.05960260 0.00045371 0.00500000
v 0.05963900 0.00048855 0.00500000
v 0.05962640 0.00047745 0.00500000
v 0.05965210 0.00049910 0.00500000
v 0.05970860 0.00053547 0.00500000
v 0.05969390 0.00052728 0.00500000
v 0.05574520 0.00021810 0.00500000
v 0.05953000 0.00034134 0.00500000
v 0.05952370 0.00032575 0.00500000
v 0.05954450 0.00037165 0.00500000
v 0.06037170 -0.00065143 0.00500000
v 0.06023540 -0.00061550 0.00500000
v 0.06030000 -0.00063111 0.00500000
v 0.05985230 -0.00057943 0.00500000
v 0.05969390 -0.00052728 0.00500000
v 0.05970860 -0.00053547 0.00500000
v 0.05962640 -0.00047745 0.00500000
v 0.05963900 -0.00048855 0.00500000
v 0.05557960 -0.00129410 0.00500000
v 0.05929510 -0.00231267 0.00500000
v 0.05928100 -0.00232184 0.00500000
v 0.05969950 -0.00359281 0.00500000
v 0.05958100 -0.00351653 0.00500000
v 0.05963750 -0.00355132 0.00500000
v 0.05941760 -0.00525075 0.00500000
v 0.05803960 -0.00489353 0.00500000
v 0.05802570 -0.00490305 0.00500000
v 0.05806840 -0.00487630 0.00500000
v 0.05805380 -0.00488461 0.00500000
v 0.05808340 -0.00486862 0.00500000
v 0.05814600 -0.00484443 0.00500000
v 0.05813000 -0.00484947 0.00500000
v 0.05817860 -0.00483640 0.00500000
v 0.05816220 -0.00484007 0.00500000
v 0.05826210 -0.00482863 0.00500000
v 0.05824530 -0.00482876 0.00500000
v 0.05832900 -0.00483521 0.00500000
v 0.05831240 -0.00483250 0.00500000
v 0.05646380 -0.00694058 0.00500000
v 0.05644890 -0.00693288 0.00500000
v 0.05651990 -0.00697749 0.00500000
v 0.05647840 -0.00694891 0.00500000
v 0.05655750 -0.00701112 0.00500000
v 0.05557920 -0.00752893 0.00500000
v 0.05558050 -0.00754568 0.00500000
v 0.05557960 -0.00747855 0.00500000
v 0.05557880 -0.00749533 0.00500000
v 0.05559950 -0.00737997 0.00500000
v 0.05564350 -0.00728957 0.00500000
v 0.05563460 -0.00730381 0.00500000
v 0.05566310 -0.00726229 0.00500000
v 0.05565300 -0.00727572 0.00500000
v 0.05563350 -0.00887969 0.00500000
v 0.05560300 -0.00764370 0.00500000
v 0.05403940 -0.00836656 0.00500000
v 0.05402760 -0.00835462 0.00500000
v 0.05406150 -0.00839189 0.00500000
v 0.05405070 -0.00837899 0.00500000
v 0.05409040 -0.00843316 0.00500000
v 0.05408140 -0.00841900 0.00500000
v 0.05409890 -0.00844769 0.00500000
v 0.05363820 -0.00825997 0.00500000
v 0.05362230 -0.00826515 0.00500000
v 0.04687130 -0.00929423 0.00500000
v 0.04614930 -0.00902944 0.00500000
v 0.04844130 -0.00443505 0.00500000
v 0.04559380 -0.00825222 0.00500000
v 0.04806350 -0.00421696 0.00500000
v 0.04581500 -0.00723676 0.00500000
v 0.04580330 -0.00722472 0.00500000
v 0.04583690 -0.00726229 0.00500000
v 0.04582620 -0.00724929 0.00500000
v 0.04588140 -0.00733336 0.00500000
v 0.04587370 -0.00731842 0.00500000
v 0.04590050 -0.00737997 0.00500000
v 0.04589480 -0.00736416 0.00500000
v 0.04524660 -0.00689322 0.00500000
v 0.04537710 -0.00692297 0.00500000
v 0.04536140 -0.00691685 0.00500000
v 0.04351320 -0.00493500 0.00500000
v 0.04303110 -0.00489014 0.00500000
v 0.04313830 -0.00484272 0.00500000
v 0.04621850 -0.00211309 0.00500000
v 0.04157980 -0.00431337 0.00500000
v 0.04250330 -0.00305450 0.00500000
v 0.04250520 -0.00303780 0.00500000
v 0.04244700 -0.00321150 0.00500000
v 0.04245560 -0.00319705 0.00500000
v 0.04249450 -0.00290443 0.00500000
v 0.04250550 -0.00297066 0.00500000
v 0.04250380 -0.00295394 0.00500000
v 0.04223270 -0.00233159 0.00500000
v 0.04229420 -0.00238854 0.00500000
v 0.04236400 -0.00250271 0.00500000
v 0.04235750 -0.00248724 0.00500000
v 0.04238230 -0.00255825 0.00500000
v 0.04130830 -0.00235374 0.00500000
v 0.04108470 -0.00234060 0.00500000
v 0.04088410 -0.00231532 0.00500000
v 0.04199760 -0.00225314 0.00500000
v 0.04212940 -0.00227624 0.00500000
v 0.04208090 -0.00226233 0.00500000
v 0.04184790 -0.00049910 0.00500000
v 0.04186100 -0.00048855 0.00500000
v 0.04183440 -0.00050908 0.00500000
v 0.04176110 -0.00054994 0.00500000
v 0.04592040 0.00129410 0.00500000
v 0.04227110 0.00236420 0.00500000
v 0.04228290 0.00237612 0.00500000
v 0.04224590 0.00234191 0.00500000
v 0.04225870 0.00235279 0.00500000
v 0.04220490 0.00231267 0.00500000
v 0.04221900 0.00232184 0.00500000
v 0.04230230 0.00334885 0.00500000
v 0.04242800 0.00323925 0.00500000
v 0.04241770 0.00325249 0.00500000
v 0.04250330 0.00305450 0.00500000
v 0.04250080 0.00307111 0.00500000
v 0.04187030 0.00488350 0.00500000
v 0.04278910 0.00504163 0.00500000
v 0.04280720 0.00503161 0.00500000
v 0.04258300 0.00512846 0.00500000
v 0.04265300 0.00510275 0.00500000
v 0.04214900 0.00523932 0.00500000
v 0.04228110 0.00521277 0.00500000
v 0.04323790 0.00482863 0.00500000
v 0.04315460 0.00483862 0.00500000
v 0.04317100 0.00483521 0.00500000
v 0.04371390 0.00582997 0.00500000
v 0.04343790 0.00607333 0.00500000
v 0.04339490 0.00612391 0.00500000
v 0.04381710 0.00569891 0.00500000
v 0.04382420 0.00568366 0.00500000
v 0.04384580 0.00562009 0.00500000
v 0.04384140 0.00563631 0.00500000
v 0.04385250 0.00558716 0.00500000
v 0.04384950 0.00560369 0.00500000
v 0.04385630 0.00555378 0.00500000
v 0.04385470 0.00557051 0.00500000
v 0.04774580 0.00824321 0.00500000
v 0.04767890 0.00824924 0.00500000
v 0.04769550 0.00824667 0.00500000
v 0.04764610 0.00825648 0.00500000
v 0.04766240 0.00825251 0.00500000
v 0.04761400 0.00826648 0.00500000
v 0.04762990 0.00826114 0.00500000
v 0.04751080 0.00832196 0.00500000
v 0.04752440 0.00831219 0.00500000
v 0.04741860 0.00841900 0.00500000
v 0.04742830 0.00840523 0.00500000
v 0.04738620 0.00847777 0.00500000
v 0.04739330 0.00846257 0.00500000
v 0.04737960 0.00849325 0.00500000
v 0.04781270 0.00824856 0.00500000
v 0.04842820 0.00853102 0.00500000
v 0.04843730 0.00854511 0.00500000
v 0.04839720 0.00849127 0.00500000
v 0.04839630 0.00944167 0.00500000
v 0.04840940 0.00966526 0.00500000
v 0.04849530 0.00871888 0.00500000
v 0.04849640 0.00873564 0.00500000
v 0.04845380 0.00857438 0.00500000
v 0.05033550 0.00882097 0.00500000
v 0.05034940 0.00881155 0.00500000
v 0.05024090 0.00891564 0.00500000
v 0.05025090 0.00890212 0.00500000
v 0.05306530 0.00986594 0.00500000
v 0.05266340 0.00461940 0.00500000
v 0.05246010 0.00469846 0.00500000
v 0.05375420 0.00824321 0.00500000
v 0.05570890 0.00721318 0.00500000
v 0.05572160 0.00720218 0.00500000
v 0.05568500 0.00723676 0.00500000
v 0.05569670 0.00722472 0.00500000
v 0.05566310 0.00726229 0.00500000
v 0.05567380 0.00724929 0.00500000
v 0.05559010 0.00741222 0.00500000
v 0.05557920 0.00752893 0.00500000
v 0.05558860 0.00759541 0.00500000
v 0.05558050 0.00754568 0.00500000
v 0.05693250 0.00740120 0.00500000
v 0.05615450 0.00691140 0.00500000
v 0.05617060 0.00690663 0.00500000
v 0.05613860 0.00691685 0.00500000
v 0.05379380 0.00396677 0.00500000
v 0.05607770 0.00694523 0.00500000
v 0.05765660 0.00542061 0.00500000
v 0.05766140 0.00540449 0.00500000
v 0.05776110 0.00580746 0.00500000
v 0.05817860 0.00483640 0.00500000
v 0.05819520 0.00483343 0.00500000
v 0.05816220 0.00484007 0.00500000
v 0.05809860 0.00486158 0.00500000
v 0.05811420 0.00485519 0.00500000
v 0.05919770 0.00334885 0.00500000
v 0.05924330 0.00337036 0.00500000
v 0.05544850 0.00171010 0.00500000
v 0.05899620 0.00295394 0.00500000
v 0.05899860 0.00293731 0.00500000
v 0.05930960 0.00230412 0.00500000
v 0.05956940 0.00225858 0.00500000
v 0.05955270 0.00225615 0.00500000
v 0.05959150 0.00044110 0.00500000
v 0.05951810 0.00030991 0.00500000
v 0.05951320 0.00029385 0.00500000
v 0.05953690 0.00035665 0.00500000
v 0.05972360 -0.00054303 0.00500000
v 0.05966560 -0.00050908 0.00500000
v 0.05967960 -0.00051848 0.00500000
v 0.05965210 -0.00049910 0.00500000
v 0.06010210 -0.00235371 0.00500000
v 0.05987920 -0.00233483 0.00500000
v 0.05985890 -0.00233087 0.00500000
v 0.05983570 -0.00232512 0.00500000
v 0.06054910 -0.00232504 0.00500000
v 0.06041530 -0.00234060 0.00500000
v 0.05925410 -0.00234191 0.00500000
v 0.05924130 -0.00235279 0.00500000
v 0.05926730 -0.00233159 0.00500000
v 0.05867250 -0.00501895 0.00500000
v 0.05801230 -0.00491315 0.00500000
v 0.05799930 -0.00492380 0.00500000
v 0.05821180 -0.00483116 0.00500000
v 0.05819520 -0.00483343 0.00500000
v 0.05822850 -0.00482961 0.00500000
v 0.05829570 -0.00483050 0.00500000
v 0.05827890 -0.00482921 0.00500000
v 0.05834540 -0.00483862 0.00500000
v 0.05797150 -0.00598377 0.00500000
v 0.05798980 -0.00599924 0.00500000
v 0.05800490 -0.00601331 0.00500000
v 0.05458020 -0.00321394 0.00500000
v 0.05774940 -0.00579543 0.00500000
v 0.05776110 -0.00580746 0.00500000
v 0.05772750 -0.00576993 0.00500000
v 0.05773820 -0.00578291 0.00500000
v 0.05764280 -0.00553700 0.00500000
v 0.05764370 -0.00555378 0.00500000
v 0.05412800 -0.00368639 0.00500000
v 0.05768600 -0.00738846 0.00500000
v 0.05641810 -0.00691941 0.00500000
v 0.05640230 -0.00691367 0.00500000
v 0.05643370 -0.00692582 0.00500000
v 0.05654540 -0.00699938 0.00500000
v 0.05604930 -0.00696318 0.00500000
v 0.05603570 -0.00697305 0.00500000
v 0.05558250 -0.00756237 0.00500000
v 0.05558520 -0.00757895 0.00500000
v 0.05559440 -0.00739599 0.00500000
v 0.05562630 -0.00731842 0.00500000
v 0.05561860 -0.00733336 0.00500000
v 0.05600070 -0.00866759 0.00500000
v 0.05286310 -0.00453154 0.00500000
v 0.05506340 -0.00917018 0.00500000
v 0.05407170 -0.00840523 0.00500000
v 0.05365440 -0.00825548 0.00500000
v 0.05306270 -0.00854511 0.00500000
v 0.05305410 -0.00855957 0.00500000
v 0.04579110 -0.00721318 0.00500000
v 0.04577840 -0.00720218 0.00500000
v 0.04586540 -0.00730381 0.00500000
v 0.04585650 -0.00728957 0.00500000
v 0.04588840 -0.00734862 0.00500000
v 0.04591660 -0.00744516 0.00500000
v 0.04591360 -0.00742862 0.00500000
v 0.04592040 -0.00747855 0.00500000
v 0.04591880 -0.00746181 0.00500000
v 0.04592140 -0.00751213 0.00500000
v 0.04592120 -0.00749533 0.00500000
v 0.04591480 -0.00757895 0.00500000
v 0.04591750 -0.00756237 0.00500000
v 0.04492000 -0.00703607 0.00500000
v 0.04467670 -0.00731208 0.00500000
v 0.04462610 -0.00735513 0.00500000
v 0.04540750 -0.00693717 0.00500000
v 0.04539240 -0.00692975 0.00500000
v 0.04691980 -0.00321394 0.00500000
v 0.04380940 -0.00571385 0.00500000
v 0.04381710 -0.00569891 0.00500000
v 0.04378260 -0.00575651 0.00500000
v 0.04379220 -0.00574267 0.00500000
v 0.04372660 -0.00581898 0.00500000
v 0.04371390 -0.00582997 0.00500000
v 0.04304550 -0.00488144 0.00500000
v 0.04172060 -0.00460073 0.00500000
v 0.04631490 -0.00230874 0.00500000
v 0.04145580 -0.00387875 0.00500000
v 0.04250630 -0.00302104 0.00500000
v 0.04250680 -0.00300424 0.00500000
v 0.04246350 -0.00318225 0.00500000
v 0.04249000 -0.00288824 0.00500000
v 0.04248490 -0.00287225 0.00500000
v 0.04250650 -0.00298744 0.00500000
v 0.04220490 -0.00231267 0.00500000
v 0.04219040 -0.00230412 0.00500000
v 0.04221900 -0.00232184 0.00500000
v 0.04228290 -0.00237612 0.00500000
v 0.04234240 -0.00245718 0.00500000
v 0.04233400 -0.00244266 0.00500000
v 0.04235030 -0.00247205 0.00500000
v 0.04236990 -0.00251846 0.00500000
v 0.04192900 -0.00041453 0.00500000
v 0.04193850 -0.00040061 0.00500000
v 0.04187360 -0.00047745 0.00500000
v 0.04188570 -0.00046583 0.00500000
v 0.04575480 -0.00021810 0.00500000
v 0.04198680 -0.00029385 0.00500000
v 0.04199110 -0.00027759 0.00500000
v 0.04196310 -0.00035665 0.00500000
v 0.04197000 -0.00034134 0.00500000
v 0.04194730 -0.00038631 0.00500000
v 0.04195550 -0.00037165 0.00500000
v 0.04575480 0.00021810 0.00500000
v 0.04196310 0.00035665 0.00500000
v 0.04195550 0.00037165 0.00500000
v 0.04197630 0.00032575 0.00500000
v 0.04197000 0.00034134 0.00500000
v 0.04176110 0.00054994 0.00500000
v 0.04229420 0.00238854 0.00500000
v 0.04223270 0.00233159 0.00500000
v 0.04217560 0.00229618 0.00500000
v 0.04219040 0.00230412 0.00500000
v 0.04225670 0.00337036 0.00500000
v 0.04172800 0.00364546 0.00500000
v 0.04164590 0.00371005 0.00500000
v 0.04155490 0.00378751 0.00500000
v 0.04228740 0.00335666 0.00500000
v 0.04239540 0.00327761 0.00500000
v 0.04238340 0.00328944 0.00500000
v 0.04240680 0.00326529 0.00500000
v 0.04275550 0.00505861 0.00500000
v 0.04271440 0.00507744 0.00500000
v 0.04239730 0.00518466 0.00500000
v 0.04343160 0.00487630 0.00500000
v 0.04344620 0.00488461 0.00500000
v 0.04340140 0.00486158 0.00500000
v 0.04341660 0.00486862 0.00500000
v 0.04318760 0.00483250 0.00500000
v 0.04334880 0.00618250 0.00500000
v 0.04372660 0.00581898 0.00500000
v 0.04753610 0.00383022 0.00500000
v 0.04521300 0.00689281 0.00500000
v 0.04522980 0.00689266 0.00500000
v 0.04456750 0.00740120 0.00500000
v 0.04473670 0.00725493 0.00500000
v 0.04475080 0.00723982 0.00500000
v 0.04755300 0.00829444 0.00500000
v 0.04756780 0.00828648 0.00500000
v 0.04753850 0.00830301 0.00500000
v 0.04747240 0.00835462 0.00500000
v 0.04748470 0.00834320 0.00500000
v 0.04740960 0.00843316 0.00500000
v 0.04743850 0.00839189 0.00500000
v 0.04740110 0.00844769 0.00500000
v 0.04782920 0.00825167 0.00500000
v 0.05026150 0.00888904 0.00500000
v 0.05021450 0.00895856 0.00500000
v 0.05022270 0.00894388 0.00500000
v 0.05031420 0.00498097 0.00500000
v 0.05017550 0.00906909 0.00500000
v 0.05017910 0.00905266 0.00500000
v 0.05017060 0.00910232 0.00500000
v 0.05017270 0.00908565 0.00500000
v 0.05016920 0.00911906 0.00500000
v 0.05048880 0.00875538 0.00500000
v 0.05050540 0.00875253 0.00500000
v 0.05096810 0.00499524 0.00500000
v 0.05097790 0.00875038 0.00500000
v 0.05099460 0.00875253 0.00500000
v 0.05075000 0.00500000 0.00500000
v 0.05082640 0.00874967 0.00500000
v 0.05092760 0.00874820 0.00500000
v 0.05156680 0.01003790 0.00500000
v 0.05412040 0.00849325 0.00500000
v 0.05439550 0.00902197 0.00500000
v 0.05446000 0.00910409 0.00500000
v 0.05397560 0.00831219 0.00500000
v 0.05398920 0.00832196 0.00500000
v 0.05394700 0.00829444 0.00500000
v 0.05396150 0.00830301 0.00500000
v 0.05385390 0.00825648 0.00500000
v 0.05387010 0.00826114 0.00500000
v 0.05382110 0.00824924 0.00500000
v 0.05383760 0.00825251 0.00500000
v 0.05378780 0.00824481 0.00500000
v 0.05380450 0.00824667 0.00500000
v 0.05377100 0.00824365 0.00500000
v 0.05562340 0.00768977 0.00500000
v 0.05561590 0.00767471 0.00500000
v 0.05600070 0.00866759 0.00500000
v 0.05560520 0.00736416 0.00500000
v 0.05561160 0.00734862 0.00500000
v 0.05559440 0.00739599 0.00500000
v 0.05673380 0.00722148 0.00500000
v 0.05674920 0.00723982 0.00500000
v 0.05676330 0.00725493 0.00500000
v 0.05656900 0.00702335 0.00500000
v 0.05618690 0.00690254 0.00500000
v 0.05412800 0.00368639 0.00500000
v 0.05768720 0.00534250 0.00500000
v 0.05769520 0.00532775 0.00500000
v 0.05767300 0.00537295 0.00500000
v 0.05767970 0.00535757 0.00500000
v 0.05766680 0.00538860 0.00500000
v 0.05764920 0.00545337 0.00500000
v 0.05765250 0.00543691 0.00500000
v 0.05764320 0.00550340 0.00500000
v 0.05764450 0.00548664 0.00500000
v 0.05769060 0.00571385 0.00500000
v 0.05768290 0.00569891 0.00500000
v 0.05771740 0.00575651 0.00500000
v 0.05770780 0.00574267 0.00500000
v 0.05773820 0.00578291 0.00500000
v 0.05772750 0.00576993 0.00500000
v 0.05774940 0.00579543 0.00500000
v 0.05827890 0.00482921 0.00500000
v 0.05829570 0.00483050 0.00500000
v 0.05821180 0.00483116 0.00500000
v 0.05822850 0.00482961 0.00500000
v 0.05805380 0.00488461 0.00500000
v 0.05806840 0.00487630 0.00500000
v 0.05962970 0.00488350 0.00500000
v 0.05910270 0.00518466 0.00500000
v 0.05921890 0.00521277 0.00500000
v 0.05878560 0.00507744 0.00500000
v 0.05884700 0.00510275 0.00500000
v 0.05867250 0.00501895 0.00500000
v 0.05869280 0.00503161 0.00500000
v 0.05907200 0.00323925 0.00500000
v 0.05906220 0.00322557 0.00500000
v 0.05912900 0.00330074 0.00500000
v 0.05911660 0.00328944 0.00500000
v 0.05915520 0.00332173 0.00500000
v 0.05914190 0.00331152 0.00500000
v 0.05918320 0.00334041 0.00500000
v 0.05916900 0.00333137 0.00500000
v 0.05900170 0.00292080 0.00500000
v 0.05900550 0.00290443 0.00500000
v 0.05899320 0.00300424 0.00500000
v 0.05899350 0.00298744 0.00500000
v 0.05914970 0.00247205 0.00500000
v 0.05915760 0.00245718 0.00500000
v 0.05551860 0.00150353 0.00500000
v 0.05912490 0.00253443 0.00500000
v 0.05943560 0.00225908 0.00500000
v 0.05945220 0.00225653 0.00500000
v 0.05938660 0.00227092 0.00500000
v 0.05940270 0.00226628 0.00500000
v 0.05935490 0.00228223 0.00500000
v 0.05937060 0.00227624 0.00500000
v 0.05932440 0.00229618 0.00500000
v 0.06075920 0.00158530 0.00500000
v 0.06080430 0.00126852 0.00500000
v 0.05570720 0.00065263 0.00500000
v 0.05950540 0.00026116 0.00500000
v 0.05950250 0.00024460 0.00500000
v 0.05950890 0.00027759 0.00500000
v 0.05574520 -0.00021810 0.00500000
v 0.05953690 -0.00035665 0.00500000
v 0.05954450 -0.00037165 0.00500000
v 0.05952370 -0.00032575 0.00500000
v 0.05953000 -0.00034134 0.00500000
v 0.05950250 -0.00024460 0.00500000
v 0.05950540 -0.00026116 0.00500000
v 0.06078790 -0.00081684 0.00500000
v 0.05959150 -0.00044110 0.00500000
v 0.05960260 -0.00045371 0.00500000
v 0.05955270 -0.00038631 0.00500000
v 0.05563150 -0.00108220 0.00500000
v 0.05946890 -0.00225469 0.00500000
v 0.05945220 -0.00225653 0.00500000
v 0.06061590 -0.00231532 0.00500000
v 0.05958590 -0.00226170 0.00500000
v 0.05956940 -0.00225858 0.00500000
v 0.05991650 -0.00234058 0.00500000
v 0.06002760 -0.00235088 0.00500000
v 0.05996140 -0.00234578 0.00500000
v 0.06029610 -0.00234976 0.00500000
v 0.05932440 -0.00229618 0.00500000
v 0.05930960 -0.00230412 0.00500000
v 0.05946710 -0.00345935 0.00500000
v 0.05948930 -0.00346839 0.00500000
v 0.05950810 -0.00347710 0.00500000
v 0.05994510 -0.00378751 0.00500000
v 0.05922780 -0.00336384 0.00500000
v 0.05536940 -0.00191342 0.00500000
v 0.05918320 -0.00334041 0.00500000
v 0.05919770 -0.00334885 0.00500000
v 0.05846890 -0.00489014 0.00500000
v 0.05803150 -0.00604006 0.00500000
v 0.05778610 -0.00582997 0.00500000
v 0.05806210 -0.00607333 0.00500000
v 0.05777340 -0.00581898 0.00500000
v 0.05815120 -0.00618250 0.00500000
v 0.05820390 -0.00625498 0.00500000
v 0.05770780 -0.00574267 0.00500000
v 0.05771740 -0.00575651 0.00500000
v 0.05769060 -0.00571385 0.00500000
v 0.05769890 -0.00572845 0.00500000
v 0.05766940 -0.00566813 0.00500000
v 0.05767580 -0.00568366 0.00500000
v 0.05764750 -0.00558716 0.00500000
v 0.05765050 -0.00560369 0.00500000
v 0.05764530 -0.00557051 0.00500000
v 0.05767300 -0.00537295 0.00500000
v 0.05766680 -0.00538860 0.00500000
v 0.05709180 -0.00751204 0.00500000
v 0.05731100 -0.00764074 0.00500000
v 0.05719360 -0.00757468 0.00500000
v 0.05609250 -0.00693717 0.00500000
v 0.05653290 -0.00698817 0.00500000
v 0.05557860 -0.00751213 0.00500000
v 0.05325000 -0.00433013 0.00500000
v 0.05559750 -0.00762781 0.00500000
v 0.05558860 -0.00759541 0.00500000
v 0.05462870 -0.00929423 0.00500000
v 0.04682410 -0.00934262 0.00500000
v 0.04587660 -0.00768977 0.00500000
v 0.04588410 -0.00767471 0.00500000
v 0.04549930 -0.00866759 0.00500000
v 0.04584700 -0.00727572 0.00500000
v 0.04590990 -0.00741222 0.00500000
v 0.04590560 -0.00739599 0.00500000
v 0.04592080 -0.00752893 0.00500000
v 0.04591140 -0.00759541 0.00500000
v 0.04591950 -0.00754568 0.00500000
v 0.04566880 -0.00712351 0.00500000
v 0.04546430 -0.00697305 0.00500000
v 0.04770620 -0.00396677 0.00500000
v 0.04456750 -0.00740120 0.00500000
v 0.04385630 -0.00555378 0.00500000
v 0.04385720 -0.00553700 0.00500000
v 0.04383060 -0.00566813 0.00500000
v 0.04383630 -0.00565233 0.00500000
v 0.04382420 -0.00568366 0.00500000
v 0.04380110 -0.00572845 0.00500000
v 0.04376180 -0.00578291 0.00500000
v 0.04377250 -0.00576993 0.00500000
v 0.04317100 -0.00483521 0.00500000
v 0.04140740 -0.00392592 0.00500000
v 0.04227110 -0.00236420 0.00500000
v 0.04232490 -0.00242851 0.00500000
v 0.04216050 -0.00228888 0.00500000
v 0.04214510 -0.00228223 0.00500000
v 0.04217560 -0.00229618 0.00500000
v 0.04190850 -0.00044110 0.00500000
v 0.04191900 -0.00042803 0.00500000
v 0.04189740 -0.00045371 0.00500000
v 0.04199750 -0.00024460 0.00500000
v 0.04199960 -0.00022794 0.00500000
v 0.04199460 -0.00026116 0.00500000
v 0.04197630 -0.00032575 0.00500000
v 0.04198190 -0.00030991 0.00500000
v 0.04198680 0.00029385 0.00500000
v 0.04198190 0.00030991 0.00500000
v 0.04180610 0.00052728 0.00500000
v 0.04179140 0.00053547 0.00500000
v 0.04186100 0.00048855 0.00500000
v 0.04184790 0.00049910 0.00500000
v 0.04232490 0.00242851 0.00500000
v 0.04233400 0.00244266 0.00500000
v 0.04230500 0.00240143 0.00500000
v 0.04231530 0.00241476 0.00500000
v 0.04180050 0.00359281 0.00500000
v 0.04191900 0.00351653 0.00500000
v 0.04186250 0.00355132 0.00500000
v 0.04250630 0.00302104 0.00500000
v 0.04250520 0.00303780 0.00500000
v 0.04310630 0.00485298 0.00500000
v 0.04312220 0.00484751 0.00500000
v 0.04249780 0.00515618 0.00500000
v 0.04362650 0.00508115 0.00500000
v 0.04377700 0.00528574 0.00500000
v 0.04678320 0.00304381 0.00500000
v 0.04352850 0.00598377 0.00500000
v 0.04351020 0.00599924 0.00500000
v 0.04349510 0.00601331 0.00500000
v 0.04380480 0.00532775 0.00500000
v 0.04526340 0.00689449 0.00500000
v 0.04528000 0.00689647 0.00500000
v 0.04524660 0.00689322 0.00500000
v 0.04516280 0.00689754 0.00500000
v 0.04517950 0.00689526 0.00500000
v 0.04511370 0.00690861 0.00500000
v 0.04512990 0.00690422 0.00500000
v 0.04506630 0.00692582 0.00500000
v 0.04508190 0.00691941 0.00500000
v 0.04470990 0.00728148 0.00500000
v 0.04462610 0.00735513 0.00500000
v 0.04467670 0.00731208 0.00500000
v 0.04788210 0.00409576 0.00500000
v 0.04575160 0.00718183 0.00500000
v 0.04576520 0.00719172 0.00500000
v 0.04863690 0.00453154 0.00500000
v 0.04643660 0.00917018 0.00500000
v 0.04758290 0.00827916 0.00500000
v 0.04759830 0.00827249 0.00500000
v 0.04749750 0.00833230 0.00500000
v 0.04744930 0.00837899 0.00500000
v 0.04786180 0.00825997 0.00500000
v 0.04787770 0.00826515 0.00500000
v 0.04784560 0.00825548 0.00500000
v 0.04776260 0.00824348 0.00500000
v 0.04844590 0.00855957 0.00500000
v 0.05036370 0.00880273 0.00500000
v 0.05023150 0.00892957 0.00500000
v 0.05020010 0.00898888 0.00500000
v 0.05020700 0.00897356 0.00500000
v 0.05019380 0.00900448 0.00500000
v 0.05018330 0.00903639 0.00500000
v 0.05052210 0.00875038 0.00500000
v 0.05053880 0.00874894 0.00500000
v 0.05045620 0.00876319 0.00500000
v 0.05047240 0.00875894 0.00500000
v 0.05101120 0.00875538 0.00500000
v 0.05094440 0.00874821 0.00500000
v 0.05096120 0.00874894 0.00500000
v 0.05134630 0.00935947 0.00500000
v 0.05134800 0.00938340 0.00500000
v 0.05135050 0.00940390 0.00500000
v 0.05159670 0.01009850 0.00500000
v 0.05132940 0.00910232 0.00500000
v 0.05118580 0.00498097 0.00500000
v 0.05131670 0.00903639 0.00500000
v 0.05132090 0.00905266 0.00500000
v 0.05128550 0.00895856 0.00500000
v 0.05129300 0.00897356 0.00500000
v 0.05121580 0.00886428 0.00500000
v 0.05122750 0.00887642 0.00500000
v 0.05117800 0.00883097 0.00500000
v 0.05119110 0.00884153 0.00500000
v 0.05115060 0.00881155 0.00500000
v 0.05116450 0.00882097 0.00500000
v 0.05113630 0.00880273 0.00500000
v 0.05183220 0.00488148 0.00500000
v 0.05302090 0.00863659 0.00500000
v 0.05302620 0.00862065 0.00500000
v 0.05301230 0.00866908 0.00500000
v 0.05301630 0.00865274 0.00500000
v 0.05300470 0.00871888 0.00500000
v 0.05300650 0.00870217 0.00500000
v 0.05300310 0.00875244 0.00500000
v 0.05300360 0.00873564 0.00500000
v 0.05301170 0.00883587 0.00500000
v 0.05300860 0.00881936 0.00500000
v 0.05301550 0.00885224 0.00500000
v 0.05204410 0.00482963 0.00500000
v 0.05313850 0.00845576 0.00500000
v 0.05315140 0.00844498 0.00500000
v 0.05310280 0.00849127 0.00500000
v 0.05311420 0.00847893 0.00500000
v 0.05306270 0.00854511 0.00500000
v 0.05307180 0.00853102 0.00500000
v 0.05434280 0.00894946 0.00500000
v 0.05426650 0.00883096 0.00500000
v 0.05430130 0.00888753 0.00500000
v 0.05409040 0.00843316 0.00500000
v 0.05409890 0.00844769 0.00500000
v 0.05405070 0.00837899 0.00500000
v 0.05406150 0.00839189 0.00500000
v 0.05402760 0.00835462 0.00500000
v 0.05403940 0.00836656 0.00500000
v 0.05400250 0.00833230 0.00500000
v 0.05391710 0.00827916 0.00500000
v 0.05393220 0.00828648 0.00500000
v 0.05560300 0.00764370 0.00500000
v 0.05559750 0.00762781 0.00500000
v 0.05563140 0.00770451 0.00500000
v 0.05576890 0.00792247 0.00500000
v 0.05561860 0.00733336 0.00500000
v 0.05559950 0.00737997 0.00500000
v 0.05679010 0.00728148 0.00500000
v 0.05768600 0.00738846 0.00500000
v 0.05709180 0.00751204 0.00500000
v 0.05719360 0.00757468 0.00500000
v 0.05764650 0.00546996 0.00500000
v 0.05764280 0.00553700 0.00500000
v 0.05764270 0.00552019 0.00500000
v 0.05767580 0.00568366 0.00500000
v 0.05766940 0.00566813 0.00500000
v 0.05769890 0.00572845 0.00500000
v 0.05831240 0.00483250 0.00500000
v 0.05832900 0.00483521 0.00500000
v 0.05824530 0.00482876 0.00500000
v 0.05808340 0.00486862 0.00500000
v 0.05900220 0.00515618 0.00500000
v 0.05874450 0.00505861 0.00500000
v 0.05871090 0.00504163 0.00500000
v 0.05902920 0.00316712 0.00500000
v 0.05902250 0.00315169 0.00500000
v 0.05904440 0.00319705 0.00500000
v 0.05903650 0.00318225 0.00500000
v 0.05905300 0.00321150 0.00500000
v 0.05909320 0.00326529 0.00500000
v 0.05908230 0.00325249 0.00500000
v 0.05910460 0.00327761 0.00500000
v 0.05901000 0.00288824 0.00500000
v 0.05901510 0.00287225 0.00500000
v 0.05899450 0.00297066 0.00500000
v 0.05913600 0.00250271 0.00500000
v 0.05914250 0.00248724 0.00500000
v 0.05911770 0.00255825 0.00500000
v 0.05941910 0.00226233 0.00500000
v 0.05933950 0.00228888 0.00500000
v 0.06070420 0.00190051 0.00500000
v 0.05567400 0.00086824 0.00500000
v 0.05950040 0.00022794 0.00500000
v 0.05951320 -0.00029385 0.00500000
v 0.05951810 -0.00030991 0.00500000
v 0.05950890 -0.00027759 0.00500000
v 0.05949890 -0.00021119 0.00500000
v 0.05950040 -0.00022794 0.00500000
v 0.05575000 -0.00000000 0.00500000
v 0.05949970 -0.00007636 0.00500000
v 0.05949820 -0.00017760 0.00500000
v 0.06010950 -0.00059630 0.00500000
v 0.06013340 -0.00059803 0.00500000
v 0.06015390 -0.00060053 0.00500000
v 0.05961430 -0.00046583 0.00500000
v 0.05957100 -0.00041453 0.00500000
v 0.05958100 -0.00042803 0.00500000
v 0.05956150 -0.00040061 0.00500000
v 0.05943560 -0.00225908 0.00500000
v 0.05941910 -0.00226233 0.00500000
v 0.06019170 -0.00235374 0.00500000
v 0.05914250 -0.00248724 0.00500000
v 0.05913600 -0.00250271 0.00500000
v 0.05915760 -0.00245718 0.00500000
v 0.05914970 -0.00247205 0.00500000
v 0.05918470 -0.00241476 0.00500000
v 0.05917510 -0.00242851 0.00500000
v 0.05922890 -0.00236420 0.00500000
v 0.05921710 -0.00237612 0.00500000
v 0.05551860 -0.00150353 0.00500000
v 0.05907170 -0.00270390 0.00500000
v 0.05901510 -0.00287225 0.00500000
v 0.05954160 -0.00349434 0.00500000
v 0.05921260 -0.00335666 0.00500000
v 0.05916900 -0.00333137 0.00500000
v 0.05906220 -0.00322557 0.00500000
v 0.05907200 -0.00323925 0.00500000
v 0.05902250 -0.00315169 0.00500000
v 0.05902920 -0.00316712 0.00500000
v 0.05900650 -0.00310392 0.00500000
v 0.05901110 -0.00312007 0.00500000
v 0.05845450 -0.00488144 0.00500000
v 0.05810510 -0.00612391 0.00500000
v 0.05768290 -0.00569891 0.00500000
v 0.05766370 -0.00565233 0.00500000
v 0.05765420 -0.00562009 0.00500000
v 0.05765860 -0.00563631 0.00500000
v 0.05764920 -0.00545337 0.00500000
v 0.05764650 -0.00546996 0.00500000
v 0.05765660 -0.00542061 0.00500000
v 0.05765250 -0.00543691 0.00500000
v 0.05766140 -0.00540449 0.00500000
v 0.05768720 -0.00534250 0.00500000
v 0.05767970 -0.00535757 0.00500000
v 0.05471680 -0.00304381 0.00500000
v 0.05769520 -0.00532775 0.00500000
v 0.05443640 -0.00337795 0.00500000
v 0.05607770 -0.00694523 0.00500000
v 0.05601590 -0.00698806 0.00500000
v 0.05606340 -0.00695391 0.00500000
v 0.05559270 -0.00761170 0.00500000
v 0.05535070 -0.00902944 0.00500000
v 0.05305870 -0.00443505 0.00500000
v 0.05467590 -0.00934262 0.00500000
v 0.04825000 -0.00433013 0.00500000
v 0.04590250 -0.00762781 0.00500000
v 0.04590730 -0.00761170 0.00500000
v 0.04589700 -0.00764370 0.00500000
v 0.04589090 -0.00765934 0.00500000
v 0.04573110 -0.00792247 0.00500000
v 0.04788210 -0.00409576 0.00500000
v 0.04575160 -0.00718183 0.00500000
v 0.04476620 -0.00722148 0.00500000
v 0.04475080 -0.00723982 0.00500000
v 0.04473670 -0.00725493 0.00500000
v 0.04449500 -0.00745389 0.00500000
v 0.04493100 -0.00702335 0.00500000
v 0.04542230 -0.00694523 0.00500000
v 0.04737200 -0.00368639 0.00500000
v 0.04385680 -0.00550340 0.00500000
v 0.04385550 -0.00548664 0.00500000
v 0.04385730 -0.00552019 0.00500000
v 0.04384140 -0.00563631 0.00500000
v 0.04373890 -0.00580746 0.00500000
v 0.04208240 -0.00525075 0.00500000
v 0.04074080 -0.00158530 0.00500000
v 0.04069570 -0.00126852 0.00500000
v 0.04579280 -0.00065263 0.00500000
v 0.04199460 0.00026116 0.00500000
v 0.04199110 0.00027759 0.00500000
v 0.04200110 0.00021119 0.00500000
v 0.04199960 0.00022794 0.00500000
v 0.04575000 0.00000000 0.00500000
v 0.04200030 0.00007636 0.00500000
v 0.04200180 0.00017760 0.00500000
v 0.04177640 0.00054303 0.00500000
v 0.04183440 0.00050908 0.00500000
v 0.04182040 0.00051848 0.00500000
v 0.04188570 0.00046583 0.00500000
v 0.04187360 0.00047745 0.00500000
v 0.04190850 0.00044110 0.00500000
v 0.04189740 0.00045371 0.00500000
v 0.04193850 0.00040061 0.00500000
v 0.04192900 0.00041453 0.00500000
v 0.04234240 0.00245718 0.00500000
v 0.04235030 0.00247205 0.00500000
v 0.04244700 0.00321150 0.00500000
v 0.04243780 0.00322557 0.00500000
v 0.04246350 0.00318225 0.00500000
v 0.04245560 0.00319705 0.00500000
v 0.04641990 0.00250000 0.00500000
v 0.04313830 0.00484272 0.00500000
v 0.04351320 0.00493500 0.00500000
v 0.04352530 0.00494672 0.00500000
v 0.04348770 0.00491315 0.00500000
v 0.04350070 0.00492380 0.00500000
v 0.04346040 0.00489353 0.00500000
v 0.04347430 0.00490305 0.00500000
v 0.04665420 0.00286788 0.00500000
v 0.04356820 0.00499838 0.00500000
v 0.04346850 0.00604006 0.00500000
v 0.04384750 0.00543691 0.00500000
v 0.04385080 0.00545337 0.00500000
v 0.04383860 0.00540449 0.00500000
v 0.04384340 0.00542061 0.00500000
v 0.04382700 0.00537295 0.00500000
v 0.04383320 0.00538860 0.00500000
v 0.04381280 0.00534250 0.00500000
v 0.04539240 0.00692975 0.00500000
v 0.04540750 0.00693717 0.00500000
v 0.04534550 0.00691140 0.00500000
v 0.04536140 0.00691685 0.00500000
v 0.04529660 0.00689916 0.00500000
v 0.04531310 0.00690254 0.00500000
v 0.04519620 0.00689368 0.00500000
v 0.04514630 0.00690054 0.00500000
v 0.04509770 0.00691367 0.00500000
v 0.04503620 0.00694058 0.00500000
v 0.04505110 0.00693288 0.00500000
v 0.04499350 0.00696738 0.00500000
v 0.04500730 0.00695785 0.00500000
v 0.04496710 0.00698817 0.00500000
v 0.04498010 0.00697749 0.00500000
v 0.04806350 0.00421696 0.00500000
v 0.04590990 0.00741222 0.00500000
v 0.04591360 0.00742862 0.00500000
v 0.04573110 0.00792247 0.00500000
v 0.04571840 0.00794284 0.00500000
v 0.04570840 0.00796089 0.00500000
v 0.04687130 0.00929423 0.00500000
v 0.04746060 0.00836656 0.00500000
v 0.05018820 0.00902032 0.00500000
v 0.05042420 0.00877373 0.00500000
v 0.05044010 0.00876812 0.00500000
v 0.05104380 0.00876319 0.00500000
v 0.05105990 0.00876812 0.00500000
v 0.05102760 0.00875894 0.00500000
v 0.05135660 0.00944109 0.00500000
v 0.05131180 0.00902032 0.00500000
v 0.05132450 0.00906909 0.00500000
v 0.05129990 0.00898888 0.00500000
v 0.05130620 0.00900448 0.00500000
v 0.05124910 0.00890212 0.00500000
v 0.05125910 0.00891564 0.00500000
v 0.05123850 0.00888904 0.00500000
v 0.05120370 0.00885264 0.00500000
v 0.05303890 0.00858952 0.00500000
v 0.05304620 0.00857438 0.00500000
v 0.05303220 0.00860495 0.00500000
v 0.05300910 0.00868556 0.00500000
v 0.05300620 0.00880273 0.00500000
v 0.05320720 0.00840757 0.00500000
v 0.05322200 0.00839974 0.00500000
v 0.05317850 0.00842509 0.00500000
v 0.05319270 0.00841603 0.00500000
v 0.05316480 0.00843475 0.00500000
v 0.05312610 0.00846709 0.00500000
v 0.05308160 0.00851733 0.00500000
v 0.05453750 0.00919512 0.00500000
v 0.05410670 0.00846257 0.00500000
v 0.05407170 0.00840523 0.00500000
v 0.05408140 0.00841900 0.00500000
v 0.05401530 0.00834320 0.00500000
v 0.05388600 0.00826648 0.00500000
v 0.05390170 0.00827249 0.00500000
v 0.05325000 0.00433013 0.00500000
v 0.05559270 0.00761170 0.00500000
v 0.05560910 0.00765934 0.00500000
v 0.05564010 0.00771889 0.00500000
v 0.05583120 0.00712351 0.00500000
v 0.05603570 0.00697305 0.00500000
v 0.05764530 0.00557051 0.00500000
v 0.05764370 0.00555378 0.00500000
v 0.05765050 0.00560369 0.00500000
v 0.05764750 0.00558716 0.00500000
v 0.05765860 0.00563631 0.00500000
v 0.05765420 0.00562009 0.00500000
v 0.05766370 0.00565233 0.00500000
v 0.05471680 0.00304381 0.00500000
v 0.05771320 0.00529935 0.00500000
v 0.05772300 0.00528574 0.00500000
v 0.05834540 0.00483862 0.00500000
v 0.05826210 0.00482863 0.00500000
v 0.05802570 0.00490305 0.00500000
v 0.05803960 0.00489353 0.00500000
v 0.05891700 0.00512846 0.00500000
v 0.05837780 0.00484751 0.00500000
v 0.05839370 0.00485298 0.00500000
v 0.05508010 0.00250000 0.00500000
v 0.05836170 0.00484272 0.00500000
v 0.05901650 0.00313600 0.00500000
v 0.05913010 0.00251846 0.00500000
v 0.05949820 0.00019441 0.00500000
v 0.05949820 0.00017760 0.00500000
v 0.06019110 -0.00060656 0.00500000
v 0.05935490 -0.00228223 0.00500000
v 0.05933950 -0.00228888 0.00500000
v 0.05937060 -0.00227624 0.00500000
v 0.05940270 -0.00226628 0.00500000
v 0.05938660 -0.00227092 0.00500000
v 0.05953600 -0.00225444 0.00500000
v 0.05951920 -0.00225343 0.00500000
v 0.05955270 -0.00225615 0.00500000
v 0.05916600 -0.00244266 0.00500000
v 0.05920580 -0.00238854 0.00500000
v 0.05919500 -0.00240143 0.00500000
v 0.05544850 -0.00171010 0.00500000
v 0.05900550 -0.00290443 0.00500000
v 0.05900170 -0.00292080 0.00500000
v 0.05914190 -0.00331152 0.00500000
v 0.05915520 -0.00332173 0.00500000
v 0.05911660 -0.00328944 0.00500000
v 0.05912900 -0.00330074 0.00500000
v 0.05909320 -0.00326529 0.00500000
v 0.05910460 -0.00327761 0.00500000
v 0.05908230 -0.00325249 0.00500000
v 0.05904440 -0.00319705 0.00500000
v 0.05905300 -0.00321150 0.00500000
v 0.05903650 -0.00318225 0.00500000
v 0.05901650 -0.00313600 0.00500000
v 0.05899920 -0.00307111 0.00500000
v 0.05900250 -0.00308759 0.00500000
v 0.05840930 -0.00485912 0.00500000
v 0.05839370 -0.00485298 0.00500000
v 0.05843980 -0.00487337 0.00500000
v 0.05798680 -0.00493500 0.00500000
v 0.05797470 -0.00494672 0.00500000
v 0.05787350 -0.00508115 0.00500000
v 0.05772300 -0.00528574 0.00500000
v 0.05764320 -0.00550340 0.00500000
v 0.05764270 -0.00552019 0.00500000
v 0.05764450 -0.00548664 0.00500000
v 0.05813850 -0.00693600 0.00500000
v 0.05826200 -0.00634178 0.00500000
v 0.05832470 -0.00644359 0.00500000
v 0.05428550 -0.00353553 0.00500000
v 0.05737080 -0.00767219 0.00500000
v 0.04585990 -0.00771889 0.00500000
v 0.04470990 -0.00728148 0.00500000
v 0.04381400 -0.00738846 0.00500000
v 0.04440820 -0.00751204 0.00500000
v 0.04430640 -0.00757468 0.00500000
v 0.04385250 -0.00558716 0.00500000
v 0.04385470 -0.00557051 0.00500000
v 0.04375060 -0.00579543 0.00500000
v 0.04079580 -0.00190051 0.00500000
v 0.04582600 -0.00086824 0.00500000
v 0.04200180 -0.00019441 0.00500000
v 0.04200180 -0.00017760 0.00500000
v 0.04194730 0.00038631 0.00500000
v 0.04199750 0.00024460 0.00500000
v 0.04191900 0.00042803 0.00500000
v 0.04586850 0.00108220 0.00500000
v 0.04208090 0.00226233 0.00500000
v 0.04209730 0.00226628 0.00500000
v 0.04235750 0.00248724 0.00500000
v 0.04236400 0.00250271 0.00500000
v 0.04605150 0.00171010 0.00500000
v 0.04250380 0.00295394 0.00500000
v 0.04250550 0.00297066 0.00500000
v 0.04249830 0.00292080 0.00500000
v 0.04250140 0.00293731 0.00500000
v 0.04249000 0.00288824 0.00500000
v 0.04249450 0.00290443 0.00500000
v 0.04203290 0.00345935 0.00500000
v 0.04201070 0.00346839 0.00500000
v 0.04199190 0.00347710 0.00500000
v 0.04227220 0.00336384 0.00500000
v 0.04307530 0.00486592 0.00500000
v 0.04309070 0.00485912 0.00500000
v 0.04208240 0.00525075 0.00500000
v 0.04382030 0.00535757 0.00500000
v 0.04706360 0.00337795 0.00500000
v 0.04770620 0.00396677 0.00500000
v 0.04542230 0.00694523 0.00500000
v 0.04537710 0.00692297 0.00500000
v 0.04532940 0.00690663 0.00500000
v 0.04502160 0.00694891 0.00500000
v 0.04494250 0.00701112 0.00500000
v 0.04495460 0.00699938 0.00500000
v 0.04476620 0.00722148 0.00500000
v 0.04449500 0.00745389 0.00500000
v 0.04591660 0.00744516 0.00500000
v 0.04591880 0.00746181 0.00500000
v 0.04588140 0.00733336 0.00500000
v 0.04588840 0.00734862 0.00500000
v 0.04586540 0.00730381 0.00500000
v 0.04587370 0.00731842 0.00500000
v 0.04584700 0.00727572 0.00500000
v 0.04585650 0.00728957 0.00500000
v 0.04582620 0.00724929 0.00500000
v 0.04583690 0.00726229 0.00500000
v 0.04580330 0.00722472 0.00500000
v 0.04581500 0.00723676 0.00500000
v 0.04577840 0.00720218 0.00500000
v 0.04569140 0.00799454 0.00500000
v 0.04585990 0.00771889 0.00500000
v 0.04567260 0.00803564 0.00500000
v 0.04586860 0.00770451 0.00500000
v 0.04562150 0.00816701 0.00500000
v 0.04587660 0.00768977 0.00500000
v 0.04556530 0.00835274 0.00500000
v 0.04588410 0.00767471 0.00500000
v 0.04551070 0.00860098 0.00500000
v 0.04589090 0.00765934 0.00500000
v 0.04614930 0.00902944 0.00500000
v 0.04682410 0.00934262 0.00500000
v 0.04916470 0.01000920 0.00500000
v 0.04948150 0.01005430 0.00500000
v 0.05009740 0.00495722 0.00500000
v 0.05039340 0.00878694 0.00500000
v 0.05040870 0.00878001 0.00500000
v 0.05107580 0.00877373 0.00500000
v 0.05109130 0.00878001 0.00500000
v 0.05132730 0.00908565 0.00500000
v 0.05300440 0.00878602 0.00500000
v 0.05300340 0.00876924 0.00500000
v 0.05323720 0.00839254 0.00500000
v 0.05325270 0.00838600 0.00500000
v 0.05309190 0.00850407 0.00500000
v 0.05225350 0.00476858 0.00500000
v 0.05345390 0.00832174 0.00500000
v 0.05362230 0.00826515 0.00500000
v 0.05420930 0.00871712 0.00500000
v 0.05421840 0.00873934 0.00500000
v 0.05422710 0.00875806 0.00500000
v 0.05411380 0.00847777 0.00500000
v 0.05361790 0.00409576 0.00500000
v 0.05573480 0.00719172 0.00500000
v 0.05574840 0.00718183 0.00500000
v 0.05731100 0.00764074 0.00500000
v 0.05443640 0.00337795 0.00500000
v 0.05813850 0.00693600 0.00500000
v 0.05484580 0.00286788 0.00500000
v 0.05793180 0.00499838 0.00500000
v 0.05840930 0.00485912 0.00500000
v 0.05899480 0.00303780 0.00500000
v 0.05899370 0.00302104 0.00500000
v 0.05901110 0.00312007 0.00500000
v 0.05900650 0.00310392 0.00500000
v 0.05949890 0.00021119 0.00500000
v 0.05949820 -0.00019441 0.00500000
v 0.06075920 -0.00158530 0.00500000
v 0.05567400 -0.00086824 0.00500000
v 0.05570720 -0.00065263 0.00500000
v 0.05950240 -0.00225314 0.00500000
v 0.05948560 -0.00225356 0.00500000
v 0.05913010 -0.00251846 0.00500000
v 0.05912490 -0.00253443 0.00500000
v 0.05899620 -0.00295394 0.00500000
v 0.05899450 -0.00297066 0.00500000
v 0.05899860 -0.00293731 0.00500000
v 0.05901000 -0.00288824 0.00500000
v 0.05899480 -0.00303780 0.00500000
v 0.05899670 -0.00305450 0.00500000
v 0.05899320 -0.00300424 0.00500000
v 0.05508010 -0.00250000 0.00500000
v 0.05837780 -0.00484751 0.00500000
v 0.05836170 -0.00484272 0.00500000
v 0.05842470 -0.00486592 0.00500000
v 0.05796320 -0.00495894 0.00500000
v 0.05795220 -0.00497164 0.00500000
v 0.05484580 -0.00286788 0.00500000
v 0.05793180 -0.00499838 0.00500000
v 0.05791580 -0.00716580 0.00500000
v 0.04586860 -0.00770451 0.00500000
v 0.04576520 -0.00719172 0.00500000
v 0.04545070 -0.00696318 0.00500000
v 0.04384580 -0.00562009 0.00500000
v 0.04384950 -0.00560369 0.00500000
v 0.04678320 -0.00304381 0.00500000
v 0.04378680 -0.00529935 0.00500000
v 0.04377700 -0.00528574 0.00500000
v 0.04200110 -0.00021119 0.00500000
v 0.04200180 0.00019441 0.00500000
v 0.04211340 0.00227092 0.00500000
v 0.04212940 0.00227624 0.00500000
v 0.04206440 0.00225908 0.00500000
v 0.04203110 0.00225469 0.00500000
v 0.04204780 0.00225653 0.00500000
v 0.04199760 0.00225314 0.00500000
v 0.04201440 0.00225356 0.00500000
v 0.04194730 0.00225615 0.00500000
v 0.04196400 0.00225444 0.00500000
v 0.04236990 0.00251846 0.00500000
v 0.04237510 0.00253443 0.00500000
v 0.04250650 0.00298744 0.00500000
v 0.04250680 0.00300424 0.00500000
v 0.04598140 0.00150353 0.00500000
v 0.04242830 0.00270390 0.00500000
v 0.04248490 0.00287225 0.00500000
v 0.04195840 0.00349434 0.00500000
v 0.04621850 0.00211309 0.00500000
v 0.04304550 0.00488144 0.00500000
v 0.04306020 0.00487337 0.00500000
v 0.04282750 0.00501895 0.00500000
v 0.04353680 0.00495894 0.00500000
v 0.04354780 0.00497164 0.00500000
v 0.04378680 0.00529935 0.00500000
v 0.04336150 0.00693600 0.00500000
v 0.04323800 0.00634178 0.00500000
v 0.04317530 0.00644359 0.00500000
v 0.04737200 0.00368639 0.00500000
v 0.04381400 0.00738846 0.00500000
v 0.04592080 0.00752893 0.00500000
v 0.04591950 0.00754568 0.00500000
v 0.04592040 0.00747855 0.00500000
v 0.04592120 0.00749533 0.00500000
v 0.04589480 0.00736416 0.00500000
v 0.04590050 0.00737997 0.00500000
v 0.04579110 0.00721318 0.00500000
v 0.04564720 0.00809704 0.00500000
v 0.04559380 0.00825222 0.00500000
v 0.04553720 0.00846892 0.00500000
v 0.04586650 0.00887969 0.00500000
v 0.04844130 0.00443505 0.00500000
v 0.04884950 0.00995417 0.00500000
v 0.04988180 0.00492404 0.00500000
v 0.05037840 0.00879452 0.00500000
v 0.05110660 0.00878694 0.00500000
v 0.05126850 0.00892957 0.00500000
v 0.05127730 0.00894388 0.00500000
v 0.05233530 0.01000920 0.00500000
v 0.05161820 0.00492404 0.00500000
v 0.05140260 0.00495722 0.00500000
v 0.05368730 0.00824856 0.00500000
v 0.05370390 0.00824616 0.00500000
v 0.05365440 0.00825548 0.00500000
v 0.05367080 0.00825167 0.00500000
v 0.05424430 0.00879158 0.00500000
v 0.05286310 0.00453154 0.00500000
v 0.05604930 0.00696318 0.00500000
v 0.05606340 0.00695391 0.00500000
v 0.05737080 0.00767219 0.00500000
v 0.05791580 0.00716580 0.00500000
v 0.05428550 0.00353553 0.00500000
v 0.05826200 0.00634178 0.00500000
v 0.05839070 0.00656098 0.00500000
v 0.05832470 0.00644359 0.00500000
v 0.05773810 0.00526588 0.00500000
v 0.05770390 0.00531336 0.00500000
v 0.05799930 0.00492380 0.00500000
v 0.05801230 0.00491315 0.00500000
v 0.05796320 0.00495894 0.00500000
v 0.05797470 0.00494672 0.00500000
v 0.05935100 0.00523932 0.00500000
v 0.05842470 0.00486592 0.00500000
v 0.05528150 0.00211309 0.00500000
v 0.05992020 0.00431337 0.00500000
v 0.05899920 0.00307111 0.00500000
v 0.05899670 0.00305450 0.00500000
v 0.05900250 0.00308759 0.00500000
v 0.06080430 -0.00126852 0.00500000
v 0.06070420 -0.00190051 0.00500000
v 0.05899350 -0.00298744 0.00500000
v 0.05899370 -0.00302104 0.00500000
v 0.05528150 -0.00211309 0.00500000
v 0.05794170 -0.00498479 0.00500000
v 0.05771320 -0.00529935 0.00500000
v 0.05770390 -0.00531336 0.00500000
v 0.05839070 -0.00656098 0.00500000
v 0.04543660 -0.00695391 0.00500000
v 0.04418900 -0.00764074 0.00500000
v 0.04358420 -0.00716580 0.00500000
v 0.04721450 -0.00353553 0.00500000
v 0.04706360 -0.00337795 0.00500000
v 0.04336150 -0.00693600 0.00500000
v 0.04381280 -0.00534250 0.00500000
v 0.04380480 -0.00532775 0.00500000
v 0.04382700 -0.00537295 0.00500000
v 0.04382030 -0.00535757 0.00500000
v 0.04383860 -0.00540449 0.00500000
v 0.04383320 -0.00538860 0.00500000
v 0.04384750 -0.00543691 0.00500000
v 0.04384340 -0.00542061 0.00500000
v 0.04582600 0.00086824 0.00500000
v 0.04579280 0.00065263 0.00500000
v 0.04214510 0.00228223 0.00500000
v 0.04216050 0.00228888 0.00500000
v 0.04198080 0.00225343 0.00500000
v 0.04191410 0.00226170 0.00500000
v 0.04193060 0.00225858 0.00500000
v 0.04157980 0.00431337 0.00500000
v 0.04303110 0.00489014 0.00500000
v 0.04355830 0.00498479 0.00500000
v 0.04379610 0.00531336 0.00500000
v 0.04440820 0.00751204 0.00500000
v 0.04418900 0.00764074 0.00500000
v 0.04430640 0.00757468 0.00500000
v 0.04493100 0.00702335 0.00500000
v 0.04492000 0.00703607 0.00500000
v 0.04545070 0.00696318 0.00500000
v 0.04546430 0.00697305 0.00500000
v 0.04591750 0.00756237 0.00500000
v 0.04591480 0.00757895 0.00500000
v 0.04589700 0.00764370 0.00500000
v 0.04825000 0.00433013 0.00500000
v 0.04590730 0.00761170 0.00500000
v 0.04590250 0.00762781 0.00500000
v 0.05055560 0.00874821 0.00500000
v 0.05057240 0.00874820 0.00500000
v 0.05201850 0.01005430 0.00500000
v 0.05265050 0.00995417 0.00500000
v 0.05326850 0.00838012 0.00500000
v 0.05328440 0.00837491 0.00500000
v 0.05305410 0.00855957 0.00500000
v 0.05372070 0.00824447 0.00500000
v 0.05363820 0.00825997 0.00500000
v 0.05506340 0.00917018 0.00500000
v 0.05798680 0.00493500 0.00500000
v 0.05794170 0.00498479 0.00500000
v 0.05795220 0.00497164 0.00500000
v 0.05846890 0.00489014 0.00500000
v 0.06004420 0.00387875 0.00500000
v 0.05960220 -0.00226553 0.00500000
v 0.05992020 -0.00431337 0.00500000
v 0.05977940 -0.00460073 0.00500000
v 0.05518510 -0.00230874 0.00500000
v 0.04323800 -0.00634178 0.00500000
v 0.04310930 -0.00656098 0.00500000
v 0.04317530 -0.00644359 0.00500000
v 0.04385350 -0.00546996 0.00500000
v 0.04385080 -0.00545337 0.00500000
v 0.04376190 -0.00526588 0.00500000
v 0.04379610 -0.00531336 0.00500000
v 0.04145580 0.00387875 0.00500000
v 0.04310930 0.00656098 0.00500000
v 0.04592140 0.00751213 0.00500000
v 0.04590560 0.00739599 0.00500000
v 0.04549930 0.00866759 0.00500000
v 0.04591140 0.00759541 0.00500000
v 0.05112160 0.00879452 0.00500000
v 0.05373740 0.00824348 0.00500000
v 0.05462870 0.00929423 0.00500000
v 0.05535070 0.00902944 0.00500000
v 0.05305870 0.00443505 0.00500000
v 0.05842220 0.00662080 0.00500000
v 0.05845450 0.00488144 0.00500000
v 0.05843980 0.00487337 0.00500000
v 0.05977940 0.00460073 0.00500000
v 0.05518510 0.00230874 0.00500000
v 0.06009260 0.00392592 0.00500000
v 0.06004420 -0.00387875 0.00500000
v 0.04140740 0.00392592 0.00500000
v 0.04172060 0.00460073 0.00500000
v 0.04631490 0.00230874 0.00500000
v 0.04307780 0.00662080 0.00500000
v 0.04358420 0.00716580 0.00500000
v 0.04721450 0.00353553 0.00500000
v 0.04412920 0.00767219 0.00500000
v 0.04548410 0.00698806 0.00500000
v 0.04543660 0.00695391 0.00500000
v 0.05467590 0.00934262 0.00500000
v 0.06009260 -0.00392592 0.00500000
v 0.05842220 -0.00662080 0.00500000
v 0.04412920 -0.00767219 0.00500000
v 0.04307780 -0.00662080 0.00500000
v 0.05941760 0.00525075 0.00500000
v 0.04111150 0.00530083 0.00550000
v 0.04094890 0.00499390 0.00550000
v 0.04111950 0.00424305 0.00522508
v 0.04099780 0.00439704 0.00532543
v 0.04123710 0.00410578 0.00513117
v 0.04134950 0.00398458 0.00504395
v 0.04087310 0.00456847 0.00543202
v 0.04124850 0.00530528 0.00543202
v 0.04146050 0.00530518 0.00532543
v 0.04165660 0.00529728 0.00522508
v 0.04183680 0.00528282 0.00513117
v 0.04200090 0.00526308 0.00504395
v 0.04079620 0.00468198 0.00550000
v 0.04079620 0.00468198 0.01450000
v 0.04094890 0.00499390 0.01450000
v 0.04111150 0.00530083 0.01450000
v 0.04203290 0.00345935 0.01500000
v 0.04199190 0.00347710 0.01500000
v 0.04195840 0.00349434 0.01500000
v 0.04191900 0.00351653 0.01500000
v 0.04186250 0.00355132 0.01500000
v 0.04180050 0.00359281 0.01500000
v 0.04172800 0.00364546 0.01500000
v 0.04164590 0.00371005 0.01500000
v 0.04155490 0.00378751 0.01500000
v 0.04145580 0.00387875 0.01500000
v 0.04140740 0.00392592 0.01500000
v 0.04134950 0.00398458 0.01495600
v 0.04123710 0.00410578 0.01486880
v 0.04111950 0.00424305 0.01477490
v 0.04099780 0.00439704 0.01467460
v 0.04087310 0.00456847 0.01456800
v 0.04201070 0.00346839 0.01500000
v 0.04225670 0.00337036 0.01500000
v 0.04228110 0.00521277 0.01500000
v 0.04239730 0.00518466 0.01500000
v 0.04249780 0.00515618 0.01500000
v 0.04258300 0.00512846 0.01500000
v 0.04265300 0.00510275 0.01500000
v 0.04275550 0.00505861 0.01500000
v 0.04278910 0.00504163 0.01500000
v 0.04280720 0.00503161 0.01500000
v 0.04282750 0.00501895 0.01500000
v 0.04200090 0.00526308 0.01495600
v 0.04208240 0.00525075 0.01500000
v 0.04214900 0.00523932 0.01500000
v 0.04183680 0.00528282 0.01486880
v 0.04146050 0.00530518 0.01467460
v 0.04124850 0.00530528 0.01456800
v 0.04165660 0.00529728 0.01477490
v 0.04303110 0.00489014 0.01500000
v 0.04271440 0.00507744 0.01500000
v 0.04157980 0.00431337 0.01500000
v 0.04172060 0.00460073 0.01500000
v 0.04187030 0.00488350 0.01500000
v 0.04321070 0.00444096 0.01500000
v 0.04341160 0.00476559 0.01500000
v 0.04333780 0.00484007 0.01500000
v 0.04327150 0.00482961 0.01500000
v 0.04325470 0.00482876 0.01500000
v 0.04330480 0.00483343 0.01500000
v 0.04328820 0.00483116 0.01500000
v 0.04332140 0.00483640 0.01500000
v 0.04269560 0.00341890 0.01500000
v 0.04318760 0.00483250 0.01500000
v 0.04317100 0.00483521 0.01500000
v 0.04335400 0.00484443 0.01500000
v 0.04338580 0.00485519 0.01500000
v 0.04337000 0.00484947 0.01500000
v 0.04313830 0.00484272 0.01500000
v 0.04312220 0.00484751 0.01500000
v 0.04315460 0.00483862 0.01500000
v 0.04322110 0.00482921 0.01500000
v 0.04320430 0.00483050 0.01500000
v 0.04340140 0.00486158 0.01500000
v 0.04310630 0.00485298 0.01500000
v 0.04309070 0.00485912 0.01500000
v 0.04323790 0.00482863 0.01500000
v 0.04343160 0.00487630 0.01500000
v 0.04341660 0.00486862 0.01500000
v 0.04346040 0.00489353 0.01500000
v 0.04344620 0.00488461 0.01500000
v 0.04255410 0.00306431 0.01500000
v 0.04249350 0.00310392 0.01500000
v 0.04247080 0.00316712 0.01500000
v 0.04247750 0.00315169 0.01500000
v 0.04248890 0.00312007 0.01500000
v 0.04248350 0.00313600 0.01500000
v 0.04233100 0.00333137 0.01500000
v 0.04234480 0.00332173 0.01500000
v 0.04230230 0.00334885 0.01500000
v 0.04231680 0.00334041 0.01500000
v 0.04348770 0.00491315 0.01500000
v 0.04347430 0.00490305 0.01500000
v 0.04249750 0.00308759 0.01500000
v 0.04250080 0.00307111 0.01500000
v 0.04237100 0.00330074 0.01500000
v 0.04238340 0.00328944 0.01500000
v 0.04235810 0.00331152 0.01500000
v 0.04228740 0.00335666 0.01500000
v 0.04307530 0.00486592 0.01500000
v 0.04306020 0.00487337 0.01500000
v 0.04351320 0.00493500 0.01500000
v 0.04350070 0.00492380 0.01500000
v 0.04353680 0.00495894 0.01500000
v 0.04352530 0.00494672 0.01500000
v 0.04240680 0.00326529 0.01500000
v 0.04241770 0.00325249 0.01500000
v 0.04239540 0.00327761 0.01500000
v 0.04227220 0.00336384 0.01500000
v 0.04356820 0.00499838 0.01500000
v 0.04355830 0.00498479 0.01500000
v 0.04285240 0.00376697 0.01500000
v 0.04302420 0.00410788 0.01500000
v 0.04249830 0.00292080 0.01500000
v 0.04249450 0.00290443 0.01500000
v 0.04250380 0.00295394 0.01500000
v 0.04250140 0.00293731 0.01500000
v 0.04250680 0.00300424 0.01500000
v 0.04250650 0.00298744 0.01500000
v 0.04250330 0.00305450 0.01500000
v 0.04250520 0.00303780 0.01500000
v 0.04246350 0.00318225 0.01500000
v 0.04354780 0.00497164 0.01500000
v 0.04250550 0.00297066 0.01500000
v 0.04244700 0.00321150 0.01500000
v 0.04245560 0.00319705 0.01500000
v 0.04242800 0.00323925 0.01500000
v 0.04243780 0.00322557 0.01500000
v 0.04304550 0.00488144 0.01500000
v 0.04249000 0.00288824 0.01500000
v 0.04250630 0.00302104 0.01500000
v 0.04248490 0.00287225 0.01500000
v 0.03983650 -0.00137692 0.00550000
v 0.03988540 -0.00172078 0.00550000
v 0.03994480 -0.00129275 0.00543202
v 0.04011630 -0.00116824 0.00532543
v 0.04027960 -0.00105937 0.00522508
v 0.04043390 -0.00096516 0.00513117
v 0.04057830 -0.00088465 0.00504395
v 0.04046470 -0.00222800 0.00522508
v 0.04027580 -0.00217492 0.00532543
v 0.04064050 -0.00226993 0.00513117
v 0.04080280 -0.00230188 0.00504395
v 0.04007420 -0.00210951 0.00543202
v 0.03994520 -0.00206292 0.00550000
v 0.03994520 -0.00206292 0.01450000
v 0.03988540 -0.00172078 0.01450000
v 0.03983650 -0.00137692 0.01450000
v 0.04083450 -0.00076069 0.01500000
v 0.04094500 -0.00071514 0.01500000
v 0.04104310 -0.00067910 0.01500000
v 0.04112830 -0.00065143 0.01500000
v 0.04120000 -0.00063111 0.01500000
v 0.04126460 -0.00061550 0.01500000
v 0.04130890 -0.00060656 0.01500000
v 0.04134610 -0.00060053 0.01500000
v 0.04136660 -0.00059803 0.01500000
v 0.04139050 -0.00059630 0.01500000
v 0.04163090 -0.00058085 0.01500000
v 0.04057830 -0.00088465 0.01495600
v 0.04065150 -0.00084674 0.01500000
v 0.04071210 -0.00081684 0.01500000
v 0.04043390 -0.00096516 0.01486880
v 0.04027960 -0.00105937 0.01477490
v 0.04011630 -0.00116824 0.01467460
v 0.03994480 -0.00129275 0.01456800
v 0.04166430 -0.00232512 0.01500000
v 0.04164110 -0.00233087 0.01500000
v 0.04162080 -0.00233483 0.01500000
v 0.04158350 -0.00234058 0.01500000
v 0.04153860 -0.00234578 0.01500000
v 0.04147240 -0.00235088 0.01500000
v 0.04130830 -0.00235374 0.01500000
v 0.04120390 -0.00234976 0.01500000
v 0.04108470 -0.00234060 0.01500000
v 0.04095090 -0.00232504 0.01500000
v 0.04088410 -0.00231532 0.01500000
v 0.04080280 -0.00230188 0.01495600
v 0.04064050 -0.00226993 0.01486880
v 0.04046470 -0.00222800 0.01477490
v 0.04027580 -0.00217492 0.01467460
v 0.04007420 -0.00210951 0.01456800
v 0.04139790 -0.00235371 0.01500000
v 0.04189780 -0.00226553 0.01500000
v 0.04079580 -0.00190051 0.01500000
v 0.04074080 -0.00158530 0.01500000
v 0.04069570 -0.00126852 0.01500000
v 0.04202700 -0.00068652 0.01500000
v 0.04168090 -0.00057447 0.01500000
v 0.04166430 -0.00057730 0.01500000
v 0.04180610 -0.00052728 0.01500000
v 0.04179140 -0.00053547 0.01500000
v 0.04169730 -0.00057093 0.01500000
v 0.04172970 -0.00056179 0.01500000
v 0.04171360 -0.00056671 0.01500000
v 0.04176110 -0.00054994 0.01500000
v 0.04174550 -0.00055620 0.01500000
v 0.04177640 -0.00054303 0.01500000
v 0.04186100 -0.00048855 0.01500000
v 0.04184790 -0.00049910 0.01500000
v 0.04219120 -0.00181923 0.01500000
v 0.04183440 -0.00050908 0.01500000
v 0.04182040 -0.00051848 0.01500000
v 0.04187360 -0.00047745 0.01500000
v 0.04208090 -0.00226233 0.01500000
v 0.04209730 -0.00226628 0.01500000
v 0.04203110 -0.00225469 0.01500000
v 0.04204780 -0.00225653 0.01500000
v 0.04190850 -0.00044110 0.01500000
v 0.04189740 -0.00045371 0.01500000
v 0.04200530 -0.00030537 0.01500000
v 0.04197630 -0.00032575 0.01500000
v 0.04197000 -0.00034134 0.01500000
v 0.04227870 -0.00219083 0.01500000
v 0.04223270 -0.00233159 0.01500000
v 0.04224590 -0.00234191 0.01500000
v 0.04216050 -0.00228888 0.01500000
v 0.04217560 -0.00229618 0.01500000
v 0.04212940 -0.00227624 0.01500000
v 0.04214510 -0.00228223 0.01500000
v 0.04211340 -0.00227092 0.01500000
v 0.04201440 -0.00225356 0.01500000
v 0.04198080 -0.00225343 0.01500000
v 0.04199760 -0.00225314 0.01500000
v 0.04191410 -0.00226170 0.01500000
v 0.04193060 -0.00225858 0.01500000
v 0.04188570 -0.00046583 0.01500000
v 0.04192900 -0.00041453 0.01500000
v 0.04191900 -0.00042803 0.01500000
v 0.04194730 -0.00038631 0.01500000
v 0.04193850 -0.00040061 0.01500000
v 0.04196310 -0.00035665 0.01500000
v 0.04195550 -0.00037165 0.01500000
v 0.04199750 -0.00024460 0.01500000
v 0.04199460 -0.00026116 0.01500000
v 0.04229420 -0.00238854 0.01500000
v 0.04230500 -0.00240143 0.01500000
v 0.04221900 -0.00232184 0.01500000
v 0.04219040 -0.00230412 0.01500000
v 0.04206440 -0.00225908 0.01500000
v 0.04194730 -0.00225615 0.01500000
v 0.04196400 -0.00225444 0.01500000
v 0.04198680 -0.00029385 0.01500000
v 0.04198190 -0.00030991 0.01500000
v 0.04199110 -0.00027759 0.01500000
v 0.04200110 -0.00021119 0.01500000
v 0.04199960 -0.00022794 0.01500000
v 0.04234240 -0.00245718 0.01500000
v 0.04235030 -0.00247205 0.01500000
v 0.04228290 -0.00237612 0.01500000
v 0.04220490 -0.00231267 0.01500000
v 0.04164770 -0.00057943 0.01500000
v 0.04236400 -0.00250271 0.01500000
v 0.04236990 -0.00251846 0.01500000
v 0.04235750 -0.00248724 0.01500000
v 0.04231530 -0.00241476 0.01500000
v 0.04232490 -0.00242851 0.01500000
v 0.04227110 -0.00236420 0.01500000
v 0.04206520 -0.00106636 0.01500000
v 0.04233400 -0.00244266 0.01500000
v 0.04225870 -0.00235279 0.01500000
v 0.04200180 -0.00017760 0.01500000
v 0.04200180 -0.00019441 0.01500000
v 0.04212000 -0.00144417 0.01500000
v 0.04237510 -0.00253443 0.01500000
v 0.04079620 -0.00468198 0.00550000
v 0.04094890 -0.00499390 0.00550000
v 0.04087310 -0.00456847 0.00543202
v 0.04099780 -0.00439704 0.00532543
v 0.04111950 -0.00424305 0.00522508
v 0.04123710 -0.00410578 0.00513117
v 0.04134950 -0.00398458 0.00504395
v 0.04165660 -0.00529728 0.00522508
v 0.04146050 -0.00530518 0.00532543
v 0.04183680 -0.00528282 0.00513117
v 0.04200090 -0.00526308 0.00504395
v 0.04124850 -0.00530528 0.00543202
v 0.04111150 -0.00530083 0.00550000
v 0.04111150 -0.00530083 0.01450000
v 0.04094890 -0.00499390 0.01450000
v 0.04079620 -0.00468198 0.01450000
v 0.04155490 -0.00378751 0.01500000
v 0.04164590 -0.00371005 0.01500000
v 0.04172800 -0.00364546 0.01500000
v 0.04180050 -0.00359281 0.01500000
v 0.04186250 -0.00355132 0.01500000
v 0.04191900 -0.00351653 0.01500000
v 0.04195840 -0.00349434 0.01500000
v 0.04199190 -0.00347710 0.01500000
v 0.04203290 -0.00345935 0.01500000
v 0.04225670 -0.00337036 0.01500000
v 0.04134950 -0.00398458 0.01495600
v 0.04140740 -0.00392592 0.01500000
v 0.04145580 -0.00387875 0.01500000
v 0.04123710 -0.00410578 0.01486880
v 0.04111950 -0.00424305 0.01477490
v 0.04099780 -0.00439704 0.01467460
v 0.04087310 -0.00456847 0.01456800
v 0.04201070 -0.00346839 0.01500000
v 0.04282750 -0.00501895 0.01500000
v 0.04280720 -0.00503161 0.01500000
v 0.04278910 -0.00504163 0.01500000
v 0.04275550 -0.00505861 0.01500000
v 0.04265300 -0.00510275 0.01500000
v 0.04258300 -0.00512846 0.01500000
v 0.04249780 -0.00515618 0.01500000
v 0.04239730 -0.00518466 0.01500000
v 0.04228110 -0.00521277 0.01500000
v 0.04214900 -0.00523932 0.01500000
v 0.04208240 -0.00525075 0.01500000
v 0.04200090 -0.00526308 0.01495600
v 0.04183680 -0.00528282 0.01486880
v 0.04165660 -0.00529728 0.01477490
v 0.04146050 -0.00530518 0.01467460
v 0.04124850 -0.00530528 0.01456800
v 0.04271440 -0.00507744 0.01500000
v 0.04303110 -0.00489014 0.01500000
v 0.04187030 -0.00488350 0.01500000
v 0.04172060 -0.00460073 0.01500000
v 0.04157980 -0.00431337 0.01500000
v 0.04332960 -0.00463679 0.01500000
v 0.04337000 -0.00484947 0.01500000
v 0.04338580 -0.00485519 0.01500000
v 0.04332140 -0.00483640 0.01500000
v 0.04333780 -0.00484007 0.01500000
v 0.04328820 -0.00483116 0.01500000
v 0.04330480 -0.00483343 0.01500000
v 0.04263710 -0.00327781 0.01500000
v 0.04237100 -0.00330074 0.01500000
v 0.04235810 -0.00331152 0.01500000
v 0.04353890 -0.00495605 0.01500000
v 0.04352530 -0.00494672 0.01500000
v 0.04346040 -0.00489353 0.01500000
v 0.04347430 -0.00490305 0.01500000
v 0.04335400 -0.00484443 0.01500000
v 0.04325470 -0.00482876 0.01500000
v 0.04327150 -0.00482961 0.01500000
v 0.04238340 -0.00328944 0.01500000
v 0.04240680 -0.00326529 0.01500000
v 0.04239540 -0.00327761 0.01500000
v 0.04353680 -0.00495894 0.01500000
v 0.04348770 -0.00491315 0.01500000
v 0.04340140 -0.00486158 0.01500000
v 0.04341660 -0.00486862 0.01500000
v 0.04323790 -0.00482863 0.01500000
v 0.04320430 -0.00483050 0.01500000
v 0.04322110 -0.00482921 0.01500000
v 0.04230230 -0.00334885 0.01500000
v 0.04228740 -0.00335666 0.01500000
v 0.04233100 -0.00333137 0.01500000
v 0.04231680 -0.00334041 0.01500000
v 0.04354780 -0.00497164 0.01500000
v 0.04344620 -0.00488461 0.01500000
v 0.04304550 -0.00488144 0.01500000
v 0.04234480 -0.00332173 0.01500000
v 0.04351320 -0.00493500 0.01500000
v 0.04343160 -0.00487630 0.01500000
v 0.04306020 -0.00487337 0.01500000
v 0.04242800 -0.00323925 0.01500000
v 0.04241770 -0.00325249 0.01500000
v 0.04245560 -0.00319705 0.01500000
v 0.04244700 -0.00321150 0.01500000
v 0.04248350 -0.00313600 0.01500000
v 0.04247750 -0.00315169 0.01500000
v 0.04249750 -0.00308759 0.01500000
v 0.04249350 -0.00310392 0.01500000
v 0.04250330 -0.00305450 0.01500000
v 0.04250080 -0.00307111 0.01500000
v 0.04313440 -0.00430871 0.01500000
v 0.04355830 -0.00498479 0.01500000
v 0.04317100 -0.00483521 0.01500000
v 0.04318760 -0.00483250 0.01500000
v 0.04313830 -0.00484272 0.01500000
v 0.04315460 -0.00483862 0.01500000
v 0.04309070 -0.00485912 0.01500000
v 0.04310630 -0.00485298 0.01500000
v 0.04307530 -0.00486592 0.01500000
v 0.04243780 -0.00322557 0.01500000
v 0.04248890 -0.00312007 0.01500000
v 0.04250190 -0.00292081 0.01500000
v 0.04249830 -0.00292080 0.01500000
v 0.04250140 -0.00293731 0.01500000
v 0.04350070 -0.00492380 0.01500000
v 0.04312220 -0.00484751 0.01500000
v 0.04247080 -0.00316712 0.01500000
v 0.04246350 -0.00318225 0.01500000
v 0.04250630 -0.00302104 0.01500000
v 0.04250520 -0.00303780 0.01500000
v 0.04249450 -0.00290443 0.01500000
v 0.04278780 -0.00362857 0.01500000
v 0.04227220 -0.00336384 0.01500000
v 0.04250650 -0.00298744 0.01500000
v 0.04250680 -0.00300424 0.01500000
v 0.04248490 -0.00287225 0.01500000
v 0.04249000 -0.00288824 0.01500000
v 0.04295370 -0.00397242 0.01500000
v 0.04250380 -0.00295394 0.01500000
v 0.04250550 -0.00297066 0.01500000
v 0.04356820 -0.00499838 0.01500000
v 0.04273010 -0.00752874 0.00550000
v 0.04297180 -0.00777817 0.00550000
v 0.04276830 -0.00739700 0.00543202
v 0.04283390 -0.00719543 0.00532543
v 0.04290200 -0.00701138 0.00522508
v 0.04297140 -0.00684449 0.00513117
v 0.04304090 -0.00669448 0.00504395
v 0.04373860 -0.00784802 0.00522508
v 0.04355460 -0.00791614 0.00532543
v 0.04390550 -0.00777860 0.00513117
v 0.04405550 -0.00770910 0.00504395
v 0.04335300 -0.00798173 0.00543202
v 0.04322130 -0.00801986 0.00550000
v 0.04322130 -0.00801986 0.01450000
v 0.04297180 -0.00777817 0.01450000
v 0.04273010 -0.00752874 0.01450000
v 0.04317530 -0.00644359 0.01500000
v 0.04323800 -0.00634178 0.01500000
v 0.04329610 -0.00625498 0.01500000
v 0.04334880 -0.00618250 0.01500000
v 0.04339490 -0.00612391 0.01500000
v 0.04346850 -0.00604006 0.01500000
v 0.04349510 -0.00601331 0.01500000
v 0.04351020 -0.00599924 0.01500000
v 0.04352850 -0.00598377 0.01500000
v 0.04304090 -0.00669448 0.01495600
v 0.04307780 -0.00662080 0.01500000
v 0.04310930 -0.00656098 0.01500000
v 0.04290200 -0.00701138 0.01477490
v 0.04283390 -0.00719543 0.01467460
v 0.04276830 -0.00739700 0.01456800
v 0.04297140 -0.00684449 0.01486880
v 0.04371390 -0.00582997 0.01500000
v 0.04343790 -0.00607333 0.01500000
v 0.04492000 -0.00703607 0.01500000
v 0.04475080 -0.00723982 0.01500000
v 0.04473670 -0.00725493 0.01500000
v 0.04470990 -0.00728148 0.01500000
v 0.04467670 -0.00731208 0.01500000
v 0.04462610 -0.00735513 0.01500000
v 0.04456750 -0.00740120 0.01500000
v 0.04440820 -0.00751204 0.01500000
v 0.04430640 -0.00757468 0.01500000
v 0.04418900 -0.00764074 0.01500000
v 0.04412920 -0.00767219 0.01500000
v 0.04405550 -0.00770910 0.01495600
v 0.04390550 -0.00777860 0.01486880
v 0.04373860 -0.00784802 0.01477490
v 0.04355460 -0.00791614 0.01467460
v 0.04335300 -0.00798173 0.01456800
v 0.04449500 -0.00745389 0.01500000
v 0.04476620 -0.00722148 0.01500000
v 0.04381400 -0.00738846 0.01500000
v 0.04358420 -0.00716580 0.01500000
v 0.04336150 -0.00693600 0.01500000
v 0.04424750 -0.00585489 0.01500000
v 0.04372660 -0.00581898 0.01500000
v 0.04380110 -0.00572845 0.01500000
v 0.04379220 -0.00574267 0.01500000
v 0.04383630 -0.00565233 0.01500000
v 0.04383060 -0.00566813 0.01500000
v 0.04506730 -0.00665355 0.01500000
v 0.04514630 -0.00690054 0.01500000
v 0.04516280 -0.00689754 0.01500000
v 0.04511370 -0.00690861 0.01500000
v 0.04512990 -0.00690422 0.01500000
v 0.04508190 -0.00691941 0.01500000
v 0.04509770 -0.00691367 0.01500000
v 0.04505110 -0.00693288 0.01500000
v 0.04506630 -0.00692582 0.01500000
v 0.04494250 -0.00701112 0.01500000
v 0.04495460 -0.00699938 0.01500000
v 0.04373890 -0.00580746 0.01500000
v 0.04378260 -0.00575651 0.01500000
v 0.04377250 -0.00576993 0.01500000
v 0.04380940 -0.00571385 0.01500000
v 0.04382420 -0.00568366 0.01500000
v 0.04381710 -0.00569891 0.01500000
v 0.04384140 -0.00563631 0.01500000
v 0.04399830 -0.00556568 0.01500000
v 0.04385680 -0.00550340 0.01500000
v 0.04385730 -0.00552019 0.01500000
v 0.04536300 -0.00689509 0.01500000
v 0.04531310 -0.00690254 0.01500000
v 0.04517950 -0.00689526 0.01500000
v 0.04519620 -0.00689368 0.01500000
v 0.04500730 -0.00695785 0.01500000
v 0.04502160 -0.00694891 0.01500000
v 0.04496710 -0.00698817 0.01500000
v 0.04375060 -0.00579543 0.01500000
v 0.04385720 -0.00553700 0.01500000
v 0.04385350 -0.00546996 0.01500000
v 0.04385550 -0.00548664 0.01500000
v 0.04532940 -0.00690663 0.01500000
v 0.04528000 -0.00689647 0.01500000
v 0.04529660 -0.00689916 0.01500000
v 0.04522980 -0.00689266 0.01500000
v 0.04524660 -0.00689322 0.01500000
v 0.04521300 -0.00689281 0.01500000
v 0.04499350 -0.00696738 0.01500000
v 0.04498010 -0.00697749 0.01500000
v 0.04376180 -0.00578291 0.01500000
v 0.04384950 -0.00560369 0.01500000
v 0.04385630 -0.00555378 0.01500000
v 0.04385470 -0.00557051 0.01500000
v 0.04534550 -0.00691140 0.01500000
v 0.04536140 -0.00691685 0.01500000
v 0.04526340 -0.00689449 0.01500000
v 0.04385250 -0.00558716 0.01500000
v 0.04379610 -0.00531336 0.01500000
v 0.04380480 -0.00532775 0.01500000
v 0.04377700 -0.00528574 0.01500000
v 0.04378680 -0.00529935 0.01500000
v 0.04537710 -0.00692297 0.01500000
v 0.04539240 -0.00692975 0.01500000
v 0.04503620 -0.00694058 0.01500000
v 0.04384580 -0.00562009 0.01500000
v 0.04383860 -0.00540449 0.01500000
v 0.04384340 -0.00542061 0.01500000
v 0.04382700 -0.00537295 0.01500000
v 0.04383320 -0.00538860 0.01500000
v 0.04381280 -0.00534250 0.01500000
v 0.04382030 -0.00535757 0.01500000
v 0.04543660 -0.00695391 0.01500000
v 0.04545070 -0.00696318 0.01500000
v 0.04540750 -0.00693717 0.01500000
v 0.04542230 -0.00694523 0.01500000
v 0.04384750 -0.00543691 0.01500000
v 0.04385080 -0.00545337 0.01500000
v 0.04478250 -0.00639934 0.01500000
v 0.04450910 -0.00613296 0.01500000
v 0.04493100 -0.00702335 0.01500000
v 0.04546430 -0.00697305 0.01500000
v 0.04544920 -0.00963853 0.00550000
v 0.04575610 -0.00980107 0.00550000
v 0.04544470 -0.00950146 0.00543202
v 0.04544480 -0.00928948 0.00532543
v 0.04545270 -0.00909339 0.00522508
v 0.04546720 -0.00891322 0.00513117
v 0.04548690 -0.00874907 0.00504395
v 0.04650700 -0.00963055 0.00522508
v 0.04635300 -0.00975220 0.00532543
v 0.04664420 -0.00951295 0.00513117
v 0.04676540 -0.00940050 0.00504395
v 0.04618150 -0.00987688 0.00543202
v 0.04606800 -0.00995384 0.00550000
v 0.04606800 -0.00995384 0.01450000
v 0.04575610 -0.00980107 0.01450000
v 0.04544920 -0.00963853 0.01450000
v 0.04553720 -0.00846892 0.01500000
v 0.04559380 -0.00825222 0.01500000
v 0.04562150 -0.00816701 0.01500000
v 0.04564720 -0.00809704 0.01500000
v 0.04567260 -0.00803564 0.01500000
v 0.04569140 -0.00799454 0.01500000
v 0.04570840 -0.00796089 0.01500000
v 0.04573110 -0.00792247 0.01500000
v 0.04585990 -0.00771889 0.01500000
v 0.04548690 -0.00874907 0.01495600
v 0.04549930 -0.00866759 0.01500000
v 0.04551070 -0.00860098 0.01500000
v 0.04546720 -0.00891322 0.01486880
v 0.04545270 -0.00909339 0.01477490
v 0.04544480 -0.00928948 0.01467460
v 0.04544470 -0.00950146 0.01456800
v 0.04571840 -0.00794284 0.01500000
v 0.04556530 -0.00835274 0.01500000
v 0.04729070 -0.00871712 0.01500000
v 0.04727290 -0.00875806 0.01500000
v 0.04725570 -0.00879158 0.01500000
v 0.04723350 -0.00883096 0.01500000
v 0.04719870 -0.00888753 0.01500000
v 0.04715720 -0.00894946 0.01500000
v 0.04710450 -0.00902197 0.01500000
v 0.04704000 -0.00910409 0.01500000
v 0.04696250 -0.00919512 0.01500000
v 0.04687130 -0.00929423 0.01500000
v 0.04682410 -0.00934262 0.01500000
v 0.04676540 -0.00940050 0.01495600
v 0.04664420 -0.00951295 0.01486880
v 0.04650700 -0.00963055 0.01477490
v 0.04635300 -0.00975220 0.01467460
v 0.04618150 -0.00987688 0.01456800
v 0.04728160 -0.00873934 0.01500000
v 0.04737960 -0.00849325 0.01500000
v 0.04643660 -0.00917018 0.01500000
v 0.04614930 -0.00902944 0.01500000
v 0.04586650 -0.00887969 0.01500000
v 0.04768570 -0.00819588 0.01500000
v 0.04774580 -0.00824321 0.01500000
v 0.04776260 -0.00824348 0.01500000
v 0.04771220 -0.00824481 0.01500000
v 0.04772900 -0.00824365 0.01500000
v 0.04733110 -0.00805442 0.01500000
v 0.04759830 -0.00827249 0.01500000
v 0.04761400 -0.00826648 0.01500000
v 0.04756780 -0.00828648 0.01500000
v 0.04758290 -0.00827916 0.01500000
v 0.04752440 -0.00831219 0.01500000
v 0.04753850 -0.00830301 0.01500000
v 0.04779610 -0.00824616 0.01500000
v 0.04781270 -0.00824856 0.01500000
v 0.04777930 -0.00824447 0.01500000
v 0.04769550 -0.00824667 0.01500000
v 0.04764610 -0.00825648 0.01500000
v 0.04755300 -0.00829444 0.01500000
v 0.04630900 -0.00753926 0.01500000
v 0.04782920 -0.00825167 0.01500000
v 0.04762990 -0.00826114 0.01500000
v 0.04592080 -0.00752893 0.01500000
v 0.04591950 -0.00754568 0.01500000
v 0.04591360 -0.00742862 0.01500000
v 0.04591660 -0.00744516 0.01500000
v 0.04598440 -0.00733837 0.01500000
v 0.04590990 -0.00741222 0.01500000
v 0.04766240 -0.00825251 0.01500000
v 0.04767890 -0.00824924 0.01500000
v 0.04749750 -0.00833230 0.01500000
v 0.04751080 -0.00832196 0.01500000
v 0.04589090 -0.00765934 0.01500000
v 0.04588410 -0.00767471 0.01500000
v 0.04591750 -0.00756237 0.01500000
v 0.04588840 -0.00734862 0.01500000
v 0.04589480 -0.00736416 0.01500000
v 0.04585650 -0.00728957 0.01500000
v 0.04586540 -0.00730381 0.01500000
v 0.04581500 -0.00723676 0.01500000
v 0.04582620 -0.00724929 0.01500000
v 0.04579110 -0.00721318 0.01500000
v 0.04580330 -0.00722472 0.01500000
v 0.04575160 -0.00718183 0.01500000
v 0.04576520 -0.00719172 0.01500000
v 0.04784560 -0.00825548 0.01500000
v 0.04786180 -0.00825997 0.01500000
v 0.04747240 -0.00835462 0.01500000
v 0.04748470 -0.00834320 0.01500000
v 0.04589700 -0.00764370 0.01500000
v 0.04591140 -0.00759541 0.01500000
v 0.04590730 -0.00761170 0.01500000
v 0.04591480 -0.00757895 0.01500000
v 0.04592040 -0.00747855 0.01500000
v 0.04592120 -0.00749533 0.01500000
v 0.04591880 -0.00746181 0.01500000
v 0.04588140 -0.00733336 0.01500000
v 0.04587370 -0.00731842 0.01500000
v 0.04577840 -0.00720218 0.01500000
v 0.04744930 -0.00837899 0.01500000
v 0.04746060 -0.00836656 0.01500000
v 0.04742830 -0.00840523 0.01500000
v 0.04743850 -0.00839189 0.01500000
v 0.04590250 -0.00762781 0.01500000
v 0.04590050 -0.00737997 0.01500000
v 0.04590560 -0.00739599 0.01500000
v 0.04583690 -0.00726229 0.01500000
v 0.04584700 -0.00727572 0.01500000
v 0.04592140 -0.00751213 0.01500000
v 0.04740960 -0.00843316 0.01500000
v 0.04741860 -0.00841900 0.01500000
v 0.04739330 -0.00846257 0.01500000
v 0.04740110 -0.00844769 0.01500000
v 0.04738620 -0.00847777 0.01500000
v 0.04586860 -0.00770451 0.01500000
v 0.04587660 -0.00768977 0.01500000
v 0.04698300 -0.00789762 0.01500000
v 0.04664210 -0.00772579 0.01500000
v 0.04787770 -0.00826515 0.01500000
v 0.04868710 -0.01080480 0.00550000
v 0.04902920 -0.01086460 0.00550000
v 0.04864050 -0.01067580 0.00543202
v 0.04857510 -0.01047420 0.00532543
v 0.04852200 -0.01028530 0.00522508
v 0.04848010 -0.01010950 0.00513117
v 0.04844810 -0.00994724 0.00504395
v 0.04969060 -0.01047040 0.00522508
v 0.04958180 -0.01063370 0.00532543
v 0.04978480 -0.01031610 0.00513117
v 0.04986530 -0.01017170 0.00504395
v 0.04945720 -0.01080520 0.00543202
v 0.04937310 -0.01091350 0.00550000
v 0.04937310 -0.01091350 0.01450000
v 0.04902920 -0.01086460 0.01450000
v 0.04868710 -0.01080480 0.01450000
v 0.04840940 -0.00966526 0.01500000
v 0.04840020 -0.00954608 0.01500000
v 0.04839630 -0.00944167 0.01500000
v 0.04839630 -0.00935207 0.01500000
v 0.04839910 -0.00927758 0.01500000
v 0.04840420 -0.00921136 0.01500000
v 0.04840940 -0.00916645 0.01500000
v 0.04841520 -0.00912921 0.01500000
v 0.04841910 -0.00910895 0.01500000
v 0.04842490 -0.00908565 0.01500000
v 0.04848450 -0.00885224 0.01500000
v 0.04844810 -0.00994724 0.01495600
v 0.04843470 -0.00986594 0.01500000
v 0.04842500 -0.00979906 0.01500000
v 0.04852200 -0.01028530 0.01477490
v 0.04864050 -0.01067580 0.01456800
v 0.04857510 -0.01047420 0.01467460
v 0.04848010 -0.01010950 0.01486880
v 0.05016920 -0.00911906 0.01500000
v 0.05015200 -0.00938340 0.01500000
v 0.05014340 -0.00944109 0.01500000
v 0.05013450 -0.00948541 0.01500000
v 0.05009860 -0.00962168 0.01500000
v 0.05007090 -0.00970691 0.01500000
v 0.05003490 -0.00980498 0.01500000
v 0.04998930 -0.00991549 0.01500000
v 0.04993320 -0.01003790 0.01500000
v 0.04990330 -0.01009850 0.01500000
v 0.04986530 -0.01017170 0.01495600
v 0.04978480 -0.01031610 0.01486880
v 0.04969060 -0.01047040 0.01477490
v 0.04958180 -0.01063370 0.01467460
v 0.04945720 -0.01080520 0.01456800
v 0.05011890 -0.00954997 0.01500000
v 0.05014950 -0.00940390 0.01500000
v 0.05015370 -0.00935947 0.01500000
v 0.04948150 -0.01005430 0.01500000
v 0.04916470 -0.01000920 0.01500000
v 0.04884950 -0.00995417 0.01500000
v 0.05029210 -0.00873801 0.01500000
v 0.05052210 -0.00875038 0.01500000
v 0.05053880 -0.00874894 0.01500000
v 0.04991130 -0.00870972 0.01500000
v 0.05055560 -0.00874821 0.01500000
v 0.05048880 -0.00875538 0.01500000
v 0.05050540 -0.00875253 0.01500000
v 0.04878170 -0.00852574 0.01500000
v 0.05045620 -0.00876319 0.01500000
v 0.05047240 -0.00875894 0.01500000
v 0.05040870 -0.00878001 0.01500000
v 0.05042420 -0.00877373 0.01500000
v 0.05032200 -0.00883097 0.01500000
v 0.05033550 -0.00882097 0.01500000
v 0.05044010 -0.00876812 0.01500000
v 0.05036370 -0.00880273 0.01500000
v 0.05037840 -0.00879452 0.01500000
v 0.05034940 -0.00881155 0.01500000
v 0.05029630 -0.00885264 0.01500000
v 0.05030890 -0.00884153 0.01500000
v 0.04841170 -0.00843177 0.01500000
v 0.04826280 -0.00839254 0.01500000
v 0.04827800 -0.00839974 0.01500000
v 0.05039340 -0.00878694 0.01500000
v 0.05028420 -0.00886428 0.01500000
v 0.04842820 -0.00853102 0.01500000
v 0.04843730 -0.00854511 0.01500000
v 0.04836150 -0.00845576 0.01500000
v 0.04837390 -0.00846709 0.01500000
v 0.04829280 -0.00840757 0.01500000
v 0.05026150 -0.00888904 0.01500000
v 0.05027250 -0.00887642 0.01500000
v 0.05017550 -0.00906909 0.01500000
v 0.05017910 -0.00905266 0.01500000
v 0.04846780 -0.00860495 0.01500000
v 0.04847380 -0.00862065 0.01500000
v 0.04841840 -0.00851733 0.01500000
v 0.04839720 -0.00849127 0.01500000
v 0.04840810 -0.00850407 0.01500000
v 0.04834860 -0.00844498 0.01500000
v 0.04830730 -0.00841603 0.01500000
v 0.05025090 -0.00890212 0.01500000
v 0.05018330 -0.00903639 0.01500000
v 0.05018820 -0.00902032 0.01500000
v 0.05017270 -0.00908565 0.01500000
v 0.04847910 -0.00863659 0.01500000
v 0.04848370 -0.00865274 0.01500000
v 0.04846110 -0.00858952 0.01500000
v 0.04844590 -0.00855957 0.01500000
v 0.04845380 -0.00857438 0.01500000
v 0.04838580 -0.00847893 0.01500000
v 0.04833520 -0.00843475 0.01500000
v 0.04832150 -0.00842509 0.01500000
v 0.04821560 -0.00837491 0.01500000
v 0.04823150 -0.00838012 0.01500000
v 0.05023150 -0.00892957 0.01500000
v 0.05024090 -0.00891564 0.01500000
v 0.05020010 -0.00898888 0.01500000
v 0.05020700 -0.00897356 0.01500000
v 0.05017060 -0.00910232 0.01500000
v 0.04848830 -0.00883587 0.01500000
v 0.04849090 -0.00868556 0.01500000
v 0.04849350 -0.00870217 0.01500000
v 0.04848770 -0.00866908 0.01500000
v 0.04824730 -0.00838600 0.01500000
v 0.05021450 -0.00895856 0.01500000
v 0.05022270 -0.00894388 0.01500000
v 0.05019380 -0.00900448 0.01500000
v 0.04849140 -0.00881936 0.01500000
v 0.04849560 -0.00878602 0.01500000
v 0.04849380 -0.00880273 0.01500000
v 0.04849530 -0.00871888 0.01500000
v 0.04849640 -0.00873564 0.01500000
v 0.04915540 -0.00860348 0.01500000
v 0.04849690 -0.00875244 0.01500000
v 0.04849660 -0.00876924 0.01500000
v 0.04953220 -0.00866485 0.01500000
v 0.05057240 -0.00874820 0.01500000
v 0.05212690 -0.01091350 0.00550000
v 0.05247080 -0.01086460 0.00550000
v 0.05204280 -0.01080520 0.00543202
v 0.05191820 -0.01063370 0.00532543
v 0.05180940 -0.01047040 0.00522508
v 0.05171520 -0.01031610 0.00513117
v 0.05163470 -0.01017170 0.00504395
v 0.05297800 -0.01028530 0.00522508
v 0.05292490 -0.01047420 0.00532543
v 0.05301990 -0.01010950 0.00513117
v 0.05305190 -0.00994724 0.00504395
v 0.05285950 -0.01067580 0.00543202
v 0.05281290 -0.01080480 0.00550000
v 0.05281290 -0.01080480 0.01450000
v 0.05247080 -0.01086460 0.01450000
v 0.05212690 -0.01091350 0.01450000
v 0.05151070 -0.00991549 0.01500000
v 0.05146510 -0.00980498 0.01500000
v 0.05142910 -0.00970691 0.01500000
v 0.05140140 -0.00962168 0.01500000
v 0.05138110 -0.00954997 0.01500000
v 0.05136550 -0.00948541 0.01500000
v 0.05135660 -0.00944109 0.01500000
v 0.05135050 -0.00940390 0.01500000
v 0.05134800 -0.00938340 0.01500000
v 0.05134630 -0.00935947 0.01500000
v 0.05133080 -0.00911906 0.01500000
v 0.05163470 -0.01017170 0.01495600
v 0.05159670 -0.01009850 0.01500000
v 0.05156680 -0.01003790 0.01500000
v 0.05171520 -0.01031610 0.01486880
v 0.05191820 -0.01063370 0.01467460
v 0.05204280 -0.01080520 0.01456800
v 0.05180940 -0.01047040 0.01477490
v 0.05301550 -0.00885224 0.01500000
v 0.05308090 -0.00910895 0.01500000
v 0.05308480 -0.00912921 0.01500000
v 0.05309060 -0.00916645 0.01500000
v 0.05309580 -0.00921136 0.01500000
v 0.05310090 -0.00927758 0.01500000
v 0.05310370 -0.00944167 0.01500000
v 0.05309980 -0.00954608 0.01500000
v 0.05309060 -0.00966526 0.01500000
v 0.05307500 -0.00979906 0.01500000
v 0.05306530 -0.00986594 0.01500000
v 0.05305190 -0.00994724 0.01495600
v 0.05301990 -0.01010950 0.01486880
v 0.05297800 -0.01028530 0.01477490
v 0.05292490 -0.01047420 0.01467460
v 0.05285950 -0.01067580 0.01456800
v 0.05310370 -0.00935207 0.01500000
v 0.05307510 -0.00908565 0.01500000
v 0.05265050 -0.00995417 0.01500000
v 0.05233530 -0.01000920 0.01500000
v 0.05201850 -0.01005430 0.01500000
v 0.05143650 -0.00872303 0.01500000
v 0.05119110 -0.00884153 0.01500000
v 0.05120370 -0.00885264 0.01500000
v 0.05116450 -0.00882097 0.01500000
v 0.05117800 -0.00883097 0.01500000
v 0.05110660 -0.00878694 0.01500000
v 0.05112160 -0.00879452 0.01500000
v 0.05105540 -0.00874467 0.01500000
v 0.05107580 -0.00877373 0.01500000
v 0.05109130 -0.00878001 0.01500000
v 0.05294080 -0.00847129 0.01500000
v 0.05320720 -0.00840757 0.01500000
v 0.05322200 -0.00839974 0.01500000
v 0.05113630 -0.00880273 0.01500000
v 0.05115060 -0.00881155 0.01500000
v 0.05105990 -0.00876812 0.01500000
v 0.05102760 -0.00875894 0.01500000
v 0.05104380 -0.00876319 0.01500000
v 0.05096120 -0.00874894 0.01500000
v 0.05097790 -0.00875038 0.01500000
v 0.05319270 -0.00841603 0.01500000
v 0.05316480 -0.00843475 0.01500000
v 0.05317850 -0.00842509 0.01500000
v 0.05131670 -0.00903639 0.01500000
v 0.05132090 -0.00905266 0.01500000
v 0.05130620 -0.00900448 0.01500000
v 0.05131180 -0.00902032 0.01500000
v 0.05101120 -0.00875538 0.01500000
v 0.05099460 -0.00875253 0.01500000
v 0.05323720 -0.00839254 0.01500000
v 0.05325270 -0.00838600 0.01500000
v 0.05313850 -0.00845576 0.01500000
v 0.05315140 -0.00844498 0.01500000
v 0.05311420 -0.00847893 0.01500000
v 0.05312610 -0.00846709 0.01500000
v 0.05308160 -0.00851733 0.01500000
v 0.05309190 -0.00850407 0.01500000
v 0.05306270 -0.00854511 0.01500000
v 0.05307180 -0.00853102 0.01500000
v 0.05128550 -0.00895856 0.01500000
v 0.05129300 -0.00897356 0.01500000
v 0.05326850 -0.00838012 0.01500000
v 0.05310280 -0.00849127 0.01500000
v 0.05304620 -0.00857438 0.01500000
v 0.05305410 -0.00855957 0.01500000
v 0.05303890 -0.00858952 0.01500000
v 0.05256920 -0.00855879 0.01500000
v 0.05300910 -0.00868556 0.01500000
v 0.05301230 -0.00866908 0.01500000
v 0.05300470 -0.00871888 0.01500000
v 0.05300650 -0.00870217 0.01500000
v 0.05132940 -0.00910232 0.01500000
v 0.05132450 -0.00906909 0.01500000
v 0.05129990 -0.00898888 0.01500000
v 0.05121580 -0.00886428 0.01500000
v 0.05122750 -0.00887642 0.01500000
v 0.05092760 -0.00874820 0.01500000
v 0.05094440 -0.00874821 0.01500000
v 0.05302620 -0.00862065 0.01500000
v 0.05303220 -0.00860495 0.01500000
v 0.05301630 -0.00865274 0.01500000
v 0.05302090 -0.00863659 0.01500000
v 0.05132730 -0.00908565 0.01500000
v 0.05123850 -0.00888904 0.01500000
v 0.05181640 -0.00868478 0.01500000
v 0.05300310 -0.00875244 0.01500000
v 0.05300360 -0.00873564 0.01500000
v 0.05300440 -0.00878602 0.01500000
v 0.05300340 -0.00876924 0.01500000
v 0.05301170 -0.00883587 0.01500000
v 0.05300860 -0.00881936 0.01500000
v 0.05126850 -0.00892957 0.01500000
v 0.05127730 -0.00894388 0.01500000
v 0.05124910 -0.00890212 0.01500000
v 0.05125910 -0.00891564 0.01500000
v 0.05300620 -0.00880273 0.01500000
v 0.05219420 -0.00863000 0.01500000
v 0.05328440 -0.00837491 0.01500000
v 0.05543200 -0.00995384 0.00550000
v 0.05574390 -0.00980107 0.00550000
v 0.05531850 -0.00987688 0.00543202
v 0.05514700 -0.00975220 0.00532543
v 0.05499300 -0.00963055 0.00522508
v 0.05485580 -0.00951295 0.00513117
v 0.05473460 -0.00940050 0.00504395
v 0.05604730 -0.00909339 0.00522508
v 0.05605520 -0.00928948 0.00532543
v 0.05603280 -0.00891322 0.00513117
v 0.05601310 -0.00874907 0.00504395
v 0.05605530 -0.00950146 0.00543202
v 0.05605080 -0.00963853 0.00550000
v 0.05605080 -0.00963853 0.01450000
v 0.05574390 -0.00980107 0.01450000
v 0.05543200 -0.00995384 0.01450000
v 0.05462870 -0.00929423 0.01500000
v 0.05446000 -0.00910409 0.01500000
v 0.05434280 -0.00894946 0.01500000
v 0.05430130 -0.00888753 0.01500000
v 0.05426650 -0.00883096 0.01500000
v 0.05424430 -0.00879158 0.01500000
v 0.05422710 -0.00875806 0.01500000
v 0.05421840 -0.00873934 0.01500000
v 0.05412040 -0.00849325 0.01500000
v 0.05473460 -0.00940050 0.01495600
v 0.05467590 -0.00934262 0.01500000
v 0.05485580 -0.00951295 0.01486880
v 0.05499300 -0.00963055 0.01477490
v 0.05531850 -0.00987688 0.01456800
v 0.05514700 -0.00975220 0.01467460
v 0.05420930 -0.00871712 0.01500000
v 0.05439550 -0.00902197 0.01500000
v 0.05453750 -0.00919512 0.01500000
v 0.05564010 -0.00771889 0.01500000
v 0.05576890 -0.00792247 0.01500000
v 0.05578160 -0.00794284 0.01500000
v 0.05579160 -0.00796089 0.01500000
v 0.05580860 -0.00799454 0.01500000
v 0.05582740 -0.00803564 0.01500000
v 0.05585280 -0.00809704 0.01500000
v 0.05587850 -0.00816701 0.01500000
v 0.05590620 -0.00825222 0.01500000
v 0.05593470 -0.00835274 0.01500000
v 0.05596280 -0.00846892 0.01500000
v 0.05600070 -0.00866759 0.01500000
v 0.05601310 -0.00874907 0.01495600
v 0.05598930 -0.00860098 0.01500000
v 0.05603280 -0.00891322 0.01486880
v 0.05604730 -0.00909339 0.01477490
v 0.05605520 -0.00928948 0.01467460
v 0.05605530 -0.00950146 0.01456800
v 0.05563350 -0.00887969 0.01500000
v 0.05535070 -0.00902944 0.01500000
v 0.05506340 -0.00917018 0.01500000
v 0.05402780 -0.00811286 0.01500000
v 0.05375420 -0.00824321 0.01500000
v 0.05377100 -0.00824365 0.01500000
v 0.05370390 -0.00824616 0.01500000
v 0.05372070 -0.00824447 0.01500000
v 0.05382110 -0.00824924 0.01500000
v 0.05383760 -0.00825251 0.01500000
v 0.05378780 -0.00824481 0.01500000
v 0.05380450 -0.00824667 0.01500000
v 0.05373740 -0.00824348 0.01500000
v 0.05368730 -0.00824856 0.01500000
v 0.05367080 -0.00824811 0.01500000
v 0.05367080 -0.00825167 0.01500000
v 0.05390170 -0.00827249 0.01500000
v 0.05391710 -0.00827916 0.01500000
v 0.05385390 -0.00825648 0.01500000
v 0.05387010 -0.00826114 0.01500000
v 0.05365440 -0.00825548 0.01500000
v 0.05538680 -0.00742042 0.01500000
v 0.05558250 -0.00756237 0.01500000
v 0.05558050 -0.00754568 0.01500000
v 0.05562340 -0.00768977 0.01500000
v 0.05561590 -0.00767471 0.01500000
v 0.05398920 -0.00832196 0.01500000
v 0.05400250 -0.00833230 0.01500000
v 0.05393220 -0.00828648 0.01500000
v 0.05394700 -0.00829444 0.01500000
v 0.05388600 -0.00826648 0.01500000
v 0.05362230 -0.00826515 0.01500000
v 0.05363820 -0.00825997 0.01500000
v 0.05570610 -0.00721110 0.01500000
v 0.05572160 -0.00720218 0.01500000
v 0.05573480 -0.00719172 0.01500000
v 0.05569670 -0.00722472 0.01500000
v 0.05567380 -0.00724929 0.01500000
v 0.05568500 -0.00723676 0.01500000
v 0.05558120 -0.00746181 0.01500000
v 0.05558340 -0.00744516 0.01500000
v 0.05558520 -0.00757895 0.01500000
v 0.05563140 -0.00770451 0.01500000
v 0.05397560 -0.00831219 0.01500000
v 0.05396150 -0.00830301 0.01500000
v 0.05505870 -0.00761561 0.01500000
v 0.05570890 -0.00721318 0.01500000
v 0.05559950 -0.00737997 0.01500000
v 0.05560520 -0.00736416 0.01500000
v 0.05558640 -0.00742862 0.01500000
v 0.05558860 -0.00759541 0.01500000
v 0.05559750 -0.00762781 0.01500000
v 0.05559270 -0.00761170 0.01500000
v 0.05560910 -0.00765934 0.01500000
v 0.05409040 -0.00843316 0.01500000
v 0.05409890 -0.00844769 0.01500000
v 0.05407170 -0.00840523 0.01500000
v 0.05408140 -0.00841900 0.01500000
v 0.05403940 -0.00836656 0.01500000
v 0.05405070 -0.00837899 0.01500000
v 0.05401530 -0.00834320 0.01500000
v 0.05402760 -0.00835462 0.01500000
v 0.05564350 -0.00728957 0.01500000
v 0.05565300 -0.00727572 0.01500000
v 0.05562630 -0.00731842 0.01500000
v 0.05563460 -0.00730381 0.01500000
v 0.05559440 -0.00739599 0.01500000
v 0.05557960 -0.00747855 0.01500000
v 0.05557860 -0.00751213 0.01500000
v 0.05557880 -0.00749533 0.01500000
v 0.05560300 -0.00764370 0.01500000
v 0.05410670 -0.00846257 0.01500000
v 0.05406150 -0.00839189 0.01500000
v 0.05437860 -0.00796216 0.01500000
v 0.05566310 -0.00726229 0.01500000
v 0.05561160 -0.00734862 0.01500000
v 0.05561860 -0.00733336 0.01500000
v 0.05559010 -0.00741222 0.01500000
v 0.05472240 -0.00779631 0.01500000
v 0.05557920 -0.00752893 0.01500000
v 0.05411380 -0.00847777 0.01500000
v 0.05574840 -0.00718183 0.01500000
v 0.04322130 0.00801986 0.00550000
v 0.04297180 0.00777817 0.00550000
v 0.04335300 0.00798173 0.00543202
v 0.04355460 0.00791614 0.00532543
v 0.04373860 0.00784802 0.00522508
v 0.04390550 0.00777860 0.00513117
v 0.04405550 0.00770910 0.00504395
v 0.04290200 0.00701138 0.00522508
v 0.04283390 0.00719543 0.00532543
v 0.04297140 0.00684449 0.00513117
v 0.04304090 0.00669448 0.00504395
v 0.04276830 0.00739700 0.00543202
v 0.04273010 0.00752874 0.00550000
v 0.04273010 0.00752874 0.01450000
v 0.04297180 0.00777817 0.01450000
v 0.04322130 0.00801986 0.01450000
v 0.04430640 0.00757468 0.01500000
v 0.04440820 0.00751204 0.01500000
v 0.04449500 0.00745389 0.01500000
v 0.04456750 0.00740120 0.01500000
v 0.04462610 0.00735513 0.01500000
v 0.04470990 0.00728148 0.01500000
v 0.04473670 0.00725493 0.01500000
v 0.04475080 0.00723982 0.01500000
v 0.04476620 0.00722148 0.01500000
v 0.04405550 0.00770910 0.01495600
v 0.04412920 0.00767219 0.01500000
v 0.04418900 0.00764074 0.01500000
v 0.04390550 0.00777860 0.01486880
v 0.04355460 0.00791614 0.01467460
v 0.04335300 0.00798173 0.01456800
v 0.04373860 0.00784802 0.01477490
v 0.04492000 0.00703607 0.01500000
v 0.04467670 0.00731208 0.01500000
v 0.04352850 0.00598377 0.01500000
v 0.04349510 0.00601331 0.01500000
v 0.04346850 0.00604006 0.01500000
v 0.04343790 0.00607333 0.01500000
v 0.04339490 0.00612391 0.01500000
v 0.04334880 0.00618250 0.01500000
v 0.04329610 0.00625498 0.01500000
v 0.04323800 0.00634178 0.01500000
v 0.04317530 0.00644359 0.01500000
v 0.04307780 0.00662080 0.01500000
v 0.04304090 0.00669448 0.01495600
v 0.04310930 0.00656098 0.01500000
v 0.04297140 0.00684449 0.01486880
v 0.04290200 0.00701138 0.01477490
v 0.04283390 0.00719543 0.01467460
v 0.04276830 0.00739700 0.01456800
v 0.04351020 0.00599924 0.01500000
v 0.04371390 0.00582997 0.01500000
v 0.04336150 0.00693600 0.01500000
v 0.04358420 0.00716580 0.01500000
v 0.04381400 0.00738846 0.01500000
v 0.04514630 0.00690054 0.01500000
v 0.04489510 0.00650252 0.01500000
v 0.04518430 0.00675172 0.01500000
v 0.04524660 0.00689322 0.01500000
v 0.04522980 0.00689266 0.01500000
v 0.04409640 0.00568267 0.01500000
v 0.04375060 0.00579543 0.01500000
v 0.04376180 0.00578291 0.01500000
v 0.04506630 0.00692582 0.01500000
v 0.04505110 0.00693288 0.01500000
v 0.04509770 0.00691367 0.01500000
v 0.04508190 0.00691941 0.01500000
v 0.04512990 0.00690422 0.01500000
v 0.04511370 0.00690861 0.01500000
v 0.04516280 0.00689754 0.01500000
v 0.04519620 0.00689368 0.01500000
v 0.04517950 0.00689526 0.01500000
v 0.04526340 0.00689449 0.01500000
v 0.04529660 0.00689916 0.01500000
v 0.04528000 0.00689647 0.01500000
v 0.04385720 0.00553700 0.01500000
v 0.04385730 0.00552019 0.01500000
v 0.04378260 0.00575651 0.01500000
v 0.04379220 0.00574267 0.01500000
v 0.04373890 0.00580746 0.01500000
v 0.04499350 0.00696738 0.01500000
v 0.04498010 0.00697749 0.01500000
v 0.04502160 0.00694891 0.01500000
v 0.04500730 0.00695785 0.01500000
v 0.04521300 0.00689281 0.01500000
v 0.04532940 0.00690663 0.01500000
v 0.04531310 0.00690254 0.01500000
v 0.04537710 0.00692297 0.01500000
v 0.04536140 0.00691685 0.01500000
v 0.04543660 0.00695391 0.01500000
v 0.04542230 0.00694523 0.01500000
v 0.04385680 0.00550340 0.01500000
v 0.04385550 0.00548664 0.01500000
v 0.04385630 0.00555378 0.01500000
v 0.04384140 0.00563631 0.01500000
v 0.04384580 0.00562009 0.01500000
v 0.04380940 0.00571385 0.01500000
v 0.04381710 0.00569891 0.01500000
v 0.04380110 0.00572845 0.01500000
v 0.04377250 0.00576993 0.01500000
v 0.04496710 0.00698817 0.01500000
v 0.04495460 0.00699938 0.01500000
v 0.04534550 0.00691140 0.01500000
v 0.04539240 0.00692975 0.01500000
v 0.04540750 0.00693717 0.01500000
v 0.04385490 0.00538704 0.01500000
v 0.04381280 0.00534250 0.01500000
v 0.04380480 0.00532775 0.01500000
v 0.04384750 0.00543691 0.01500000
v 0.04385250 0.00558716 0.01500000
v 0.04385470 0.00557051 0.01500000
v 0.04383630 0.00565233 0.01500000
v 0.04382420 0.00568366 0.01500000
v 0.04383060 0.00566813 0.01500000
v 0.04372660 0.00581898 0.01500000
v 0.04503620 0.00694058 0.01500000
v 0.04382030 0.00535757 0.01500000
v 0.04383860 0.00540449 0.01500000
v 0.04383320 0.00538860 0.01500000
v 0.04384340 0.00542061 0.01500000
v 0.04384950 0.00560369 0.01500000
v 0.04435070 0.00596749 0.01500000
v 0.04382700 0.00537295 0.01500000
v 0.04493100 0.00702335 0.01500000
v 0.04546430 0.00697305 0.01500000
v 0.04545070 0.00696318 0.01500000
v 0.04379610 0.00531336 0.01500000
v 0.04378680 0.00529935 0.01500000
v 0.04385350 0.00546996 0.01500000
v 0.04385080 0.00545337 0.01500000
v 0.04494250 0.00701112 0.01500000
v 0.04461700 0.00624094 0.01500000
v 0.04377700 0.00528574 0.01500000
v 0.04606800 0.00995384 0.00550000
v 0.04575610 0.00980107 0.00550000
v 0.04545270 0.00909339 0.00522508
v 0.04544480 0.00928948 0.00532543
v 0.04546720 0.00891322 0.00513117
v 0.04548690 0.00874907 0.00504395
v 0.04544470 0.00950146 0.00543202
v 0.04618150 0.00987688 0.00543202
v 0.04635300 0.00975220 0.00532543
v 0.04650700 0.00963055 0.00522508
v 0.04664420 0.00951295 0.00513117
v 0.04676540 0.00940050 0.00504395
v 0.04544920 0.00963853 0.00550000
v 0.04544920 0.00963853 0.01450000
v 0.04575610 0.00980107 0.01450000
v 0.04606800 0.00995384 0.01450000
v 0.04573110 0.00792247 0.01500000
v 0.04571840 0.00794284 0.01500000
v 0.04569140 0.00799454 0.01500000
v 0.04567260 0.00803564 0.01500000
v 0.04562150 0.00816701 0.01500000
v 0.04559380 0.00825222 0.01500000
v 0.04556530 0.00835274 0.01500000
v 0.04553720 0.00846892 0.01500000
v 0.04551070 0.00860098 0.01500000
v 0.04549930 0.00866759 0.01500000
v 0.04548690 0.00874907 0.01495600
v 0.04546720 0.00891322 0.01486880
v 0.04545270 0.00909339 0.01477490
v 0.04544480 0.00928948 0.01467460
v 0.04544470 0.00950146 0.01456800
v 0.04564720 0.00809704 0.01500000
v 0.04570840 0.00796089 0.01500000
v 0.04585990 0.00771889 0.01500000
v 0.04696250 0.00919512 0.01500000
v 0.04704000 0.00910409 0.01500000
v 0.04710450 0.00902197 0.01500000
v 0.04719870 0.00888753 0.01500000
v 0.04723350 0.00883096 0.01500000
v 0.04725570 0.00879158 0.01500000
v 0.04728160 0.00873934 0.01500000
v 0.04729070 0.00871712 0.01500000
v 0.04676540 0.00940050 0.01495600
v 0.04682410 0.00934262 0.01500000
v 0.04687130 0.00929423 0.01500000
v 0.04664420 0.00951295 0.01486880
v 0.04635300 0.00975220 0.01467460
v 0.04618150 0.00987688 0.01456800
v 0.04650700 0.00963055 0.01477490
v 0.04737960 0.00849325 0.01500000
v 0.04727290 0.00875806 0.01500000
v 0.04715720 0.00894946 0.01500000
v 0.04586650 0.00887969 0.01500000
v 0.04614930 0.00902944 0.01500000
v 0.04643660 0.00917018 0.01500000
v 0.04747220 0.00811286 0.01500000
v 0.04771220 0.00824481 0.01500000
v 0.04769550 0.00824667 0.01500000
v 0.04774580 0.00824321 0.01500000
v 0.04772900 0.00824365 0.01500000
v 0.04752440 0.00831219 0.01500000
v 0.04751080 0.00832196 0.01500000
v 0.04764610 0.00825648 0.01500000
v 0.04762990 0.00826114 0.01500000
v 0.04767890 0.00824924 0.01500000
v 0.04766240 0.00825251 0.01500000
v 0.04777930 0.00824447 0.01500000
v 0.04776260 0.00824348 0.01500000
v 0.04781270 0.00824856 0.01500000
v 0.04779610 0.00824616 0.01500000
v 0.04782920 0.00824811 0.01500000
v 0.04782920 0.00825167 0.01500000
v 0.04579390 0.00721110 0.01500000
v 0.04577840 0.00720218 0.01500000
v 0.04576520 0.00719172 0.01500000
v 0.04611320 0.00742042 0.01500000
v 0.04583690 0.00726229 0.01500000
v 0.04582620 0.00724929 0.01500000
v 0.04591880 0.00746181 0.01500000
v 0.04591660 0.00744516 0.01500000
v 0.04743850 0.00839189 0.01500000
v 0.04742830 0.00840523 0.01500000
v 0.04753850 0.00830301 0.01500000
v 0.04579110 0.00721318 0.01500000
v 0.04580330 0.00722472 0.01500000
v 0.04584700 0.00727572 0.01500000
v 0.04586540 0.00730381 0.01500000
v 0.04585650 0.00728957 0.01500000
v 0.04588140 0.00733336 0.01500000
v 0.04587370 0.00731842 0.01500000
v 0.04590050 0.00737997 0.01500000
v 0.04589480 0.00736416 0.01500000
v 0.04591360 0.00742862 0.01500000
v 0.04591750 0.00756237 0.01500000
v 0.04591950 0.00754568 0.01500000
v 0.04740960 0.00843316 0.01500000
v 0.04740110 0.00844769 0.01500000
v 0.04741860 0.00841900 0.01500000
v 0.04755300 0.00829444 0.01500000
v 0.04758290 0.00827916 0.01500000
v 0.04756780 0.00828648 0.01500000
v 0.04761400 0.00826648 0.01500000
v 0.04759830 0.00827249 0.01500000
v 0.04784560 0.00825548 0.01500000
v 0.04787770 0.00826515 0.01500000
v 0.04786180 0.00825997 0.01500000
v 0.04581500 0.00723676 0.01500000
v 0.04588840 0.00734862 0.01500000
v 0.04592040 0.00747855 0.01500000
v 0.04592140 0.00751213 0.01500000
v 0.04592120 0.00749533 0.01500000
v 0.04591480 0.00757895 0.01500000
v 0.04589700 0.00764370 0.01500000
v 0.04590250 0.00762781 0.01500000
v 0.04739330 0.00846257 0.01500000
v 0.04744930 0.00837899 0.01500000
v 0.04749750 0.00833230 0.01500000
v 0.04748470 0.00834320 0.01500000
v 0.04712140 0.00796216 0.01500000
v 0.04591140 0.00759541 0.01500000
v 0.04590730 0.00761170 0.01500000
v 0.04587660 0.00768977 0.01500000
v 0.04588410 0.00767471 0.01500000
v 0.04747240 0.00835462 0.01500000
v 0.04746060 0.00836656 0.01500000
v 0.04644130 0.00761561 0.01500000
v 0.04590990 0.00741222 0.01500000
v 0.04590560 0.00739599 0.01500000
v 0.04592080 0.00752893 0.01500000
v 0.04586860 0.00770451 0.01500000
v 0.04677760 0.00779631 0.01500000
v 0.04589090 0.00765934 0.01500000
v 0.04738620 0.00847777 0.01500000
v 0.04575160 0.00718183 0.01500000
v 0.04937310 0.01091350 0.00550000
v 0.04902920 0.01086460 0.00550000
v 0.04852200 0.01028530 0.00522508
v 0.04857510 0.01047420 0.00532543
v 0.04848010 0.01010950 0.00513117
v 0.04844810 0.00994724 0.00504395
v 0.04864050 0.01067580 0.00543202
v 0.04945720 0.01080520 0.00543202
v 0.04958180 0.01063370 0.00532543
v 0.04969060 0.01047040 0.00522508
v 0.04978480 0.01031610 0.00513117
v 0.04986530 0.01017170 0.00504395
v 0.04868710 0.01080480 0.00550000
v 0.04868710 0.01080480 0.01450000
v 0.04902920 0.01086460 0.01450000
v 0.04937310 0.01091350 0.01450000
v 0.04848450 0.00885224 0.01500000
v 0.04842490 0.00908565 0.01500000
v 0.04841520 0.00912921 0.01500000
v 0.04840940 0.00916645 0.01500000
v 0.04839910 0.00927758 0.01500000
v 0.04839630 0.00935207 0.01500000
v 0.04840020 0.00954608 0.01500000
v 0.04842500 0.00979906 0.01500000
v 0.04843470 0.00986594 0.01500000
v 0.04844810 0.00994724 0.01495600
v 0.04848010 0.01010950 0.01486880
v 0.04852200 0.01028530 0.01477490
v 0.04857510 0.01047420 0.01467460
v 0.04864050 0.01067580 0.01456800
v 0.04840940 0.00966526 0.01500000
v 0.04839630 0.00944167 0.01500000
v 0.04840420 0.00921136 0.01500000
v 0.04841910 0.00910895 0.01500000
v 0.04993320 0.01003790 0.01500000
v 0.05003490 0.00980498 0.01500000
v 0.05007090 0.00970691 0.01500000
v 0.05009860 0.00962168 0.01500000
v 0.05011890 0.00954997 0.01500000
v 0.05014340 0.00944109 0.01500000
v 0.05014950 0.00940390 0.01500000
v 0.05015200 0.00938340 0.01500000
v 0.05016920 0.00911906 0.01500000
v 0.04986530 0.01017170 0.01495600
v 0.04990330 0.01009850 0.01500000
v 0.04969060 0.01047040 0.01477490
v 0.04958180 0.01063370 0.01467460
v 0.04945720 0.01080520 0.01456800
v 0.04978480 0.01031610 0.01486880
v 0.05015370 0.00935947 0.01500000
v 0.05013450 0.00948541 0.01500000
v 0.04998930 0.00991549 0.01500000
v 0.04884950 0.00995417 0.01500000
v 0.04916470 0.01000920 0.01500000
v 0.04948150 0.01005430 0.01500000
v 0.05044460 0.00874467 0.01500000
v 0.05042420 0.00877373 0.01500000
v 0.05040870 0.00878001 0.01500000
v 0.05053880 0.00874894 0.01500000
v 0.05052210 0.00875038 0.01500000
v 0.05044010 0.00876812 0.01500000
v 0.05048880 0.00875538 0.01500000
v 0.05047240 0.00875894 0.01500000
v 0.05050540 0.00875253 0.01500000
v 0.05045620 0.00876319 0.01500000
v 0.05006350 0.00872303 0.01500000
v 0.05028420 0.00886428 0.01500000
v 0.05027250 0.00887642 0.01500000
v 0.05030890 0.00884153 0.01500000
v 0.05029630 0.00885264 0.01500000
v 0.05036370 0.00880273 0.01500000
v 0.05034940 0.00881155 0.01500000
v 0.05039340 0.00878694 0.01500000
v 0.05033550 0.00882097 0.01500000
v 0.05032200 0.00883097 0.01500000
v 0.05037840 0.00879452 0.01500000
v 0.04855920 0.00847129 0.01500000
v 0.04826280 0.00839254 0.01500000
v 0.04824730 0.00838600 0.01500000
v 0.04823150 0.00838012 0.01500000
v 0.04837390 0.00846709 0.01500000
v 0.04836150 0.00845576 0.01500000
v 0.05026150 0.00888904 0.01500000
v 0.05025090 0.00890212 0.01500000
v 0.05057240 0.00874820 0.01500000
v 0.05055560 0.00874821 0.01500000
v 0.04827800 0.00839974 0.01500000
v 0.04830730 0.00841603 0.01500000
v 0.04829280 0.00840757 0.01500000
v 0.04833520 0.00843475 0.01500000
v 0.04832150 0.00842509 0.01500000
v 0.04834860 0.00844498 0.01500000
v 0.04840810 0.00850407 0.01500000
v 0.04839720 0.00849127 0.01500000
v 0.04843730 0.00854511 0.01500000
v 0.04842820 0.00853102 0.01500000
v 0.04893080 0.00855879 0.01500000
v 0.04847910 0.00863659 0.01500000
v 0.04847380 0.00862065 0.01500000
v 0.05017060 0.00910232 0.01500000
v 0.05018330 0.00903639 0.01500000
v 0.05017910 0.00905266 0.01500000
v 0.05024090 0.00891564 0.01500000
v 0.04838580 0.00847893 0.01500000
v 0.04841840 0.00851733 0.01500000
v 0.04845380 0.00857438 0.01500000
v 0.04844590 0.00855957 0.01500000
v 0.04846110 0.00858952 0.01500000
v 0.04848370 0.00865274 0.01500000
v 0.05017270 0.00908565 0.01500000
v 0.05017550 0.00906909 0.01500000
v 0.05021450 0.00895856 0.01500000
v 0.05020700 0.00897356 0.01500000
v 0.05023150 0.00892957 0.01500000
v 0.05022270 0.00894388 0.01500000
v 0.04968360 0.00868478 0.01500000
v 0.04846780 0.00860495 0.01500000
v 0.04849090 0.00868556 0.01500000
v 0.04848770 0.00866908 0.01500000
v 0.04849530 0.00871888 0.01500000
v 0.04849350 0.00870217 0.01500000
v 0.05019380 0.00900448 0.01500000
v 0.05018820 0.00902032 0.01500000
v 0.05020010 0.00898888 0.01500000
v 0.04930580 0.00863000 0.01500000
v 0.04849690 0.00875244 0.01500000
v 0.04849640 0.00873564 0.01500000
v 0.04849560 0.00878602 0.01500000
v 0.04849660 0.00876924 0.01500000
v 0.04848830 0.00883587 0.01500000
v 0.04849140 0.00881936 0.01500000
v 0.04849380 0.00880273 0.01500000
v 0.04821560 0.00837491 0.01500000
v 0.05281290 0.01080480 0.00550000
v 0.05247080 0.01086460 0.00550000
v 0.05180940 0.01047040 0.00522508
v 0.05191820 0.01063370 0.00532543
v 0.05171520 0.01031610 0.00513117
v 0.05163470 0.01017170 0.00504395
v 0.05204280 0.01080520 0.00543202
v 0.05285950 0.01067580 0.00543202
v 0.05292490 0.01047420 0.00532543
v 0.05297800 0.01028530 0.00522508
v 0.05301990 0.01010950 0.00513117
v 0.05305190 0.00994724 0.00504395
v 0.05212690 0.01091350 0.00550000
v 0.05212690 0.01091350 0.01450000
v 0.05247080 0.01086460 0.01450000
v 0.05281290 0.01080480 0.01450000
v 0.05134630 0.00935947 0.01500000
v 0.05134800 0.00938340 0.01500000
v 0.05135050 0.00940390 0.01500000
v 0.05135660 0.00944109 0.01500000
v 0.05136550 0.00948541 0.01500000
v 0.05138110 0.00954997 0.01500000
v 0.05140140 0.00962168 0.01500000
v 0.05142910 0.00970691 0.01500000
v 0.05146510 0.00980498 0.01500000
v 0.05151070 0.00991549 0.01500000
v 0.05156680 0.01003790 0.01500000
v 0.05159670 0.01009850 0.01500000
v 0.05163470 0.01017170 0.01495600
v 0.05171520 0.01031610 0.01486880
v 0.05180940 0.01047040 0.01477490
v 0.05191820 0.01063370 0.01467460
v 0.05204280 0.01080520 0.01456800
v 0.05133080 0.00911906 0.01500000
v 0.05309060 0.00966526 0.01500000
v 0.05309980 0.00954608 0.01500000
v 0.05310370 0.00944167 0.01500000
v 0.05310370 0.00935207 0.01500000
v 0.05310090 0.00927758 0.01500000
v 0.05309580 0.00921136 0.01500000
v 0.05308480 0.00912921 0.01500000
v 0.05308090 0.00910895 0.01500000
v 0.05307510 0.00908565 0.01500000
v 0.05301550 0.00885224 0.01500000
v 0.05305190 0.00994724 0.01495600
v 0.05306530 0.00986594 0.01500000
v 0.05307500 0.00979906 0.01500000
v 0.05301990 0.01010950 0.01486880
v 0.05297800 0.01028530 0.01477490
v 0.05292490 0.01047420 0.01467460
v 0.05285950 0.01067580 0.01456800
v 0.05309060 0.00916645 0.01500000
v 0.05201850 0.01005430 0.01500000
v 0.05233530 0.01000920 0.01500000
v 0.05265050 0.00995417 0.01500000
v 0.05158870 0.00870972 0.01500000
v 0.05271830 0.00852574 0.01500000
v 0.05120790 0.00873801 0.01500000
v 0.05101120 0.00875538 0.01500000
v 0.05099460 0.00875253 0.01500000
v 0.05097790 0.00875038 0.01500000
v 0.05096120 0.00874894 0.01500000
v 0.05102760 0.00875894 0.01500000
v 0.05120370 0.00885264 0.01500000
v 0.05119110 0.00884153 0.01500000
v 0.05094440 0.00874821 0.01500000
v 0.05104380 0.00876319 0.01500000
v 0.05109130 0.00878001 0.01500000
v 0.05107580 0.00877373 0.01500000
v 0.05115060 0.00881155 0.01500000
v 0.05113630 0.00880273 0.01500000
v 0.05117800 0.00883097 0.01500000
v 0.05116450 0.00882097 0.01500000
v 0.05123850 0.00888904 0.01500000
v 0.05122750 0.00887642 0.01500000
v 0.05132450 0.00906909 0.01500000
v 0.05132090 0.00905266 0.01500000
v 0.05308160 0.00851733 0.01500000
v 0.05307180 0.00853102 0.01500000
v 0.05308830 0.00843177 0.01500000
v 0.05312610 0.00846709 0.01500000
v 0.05311420 0.00847893 0.01500000
v 0.05316480 0.00843475 0.01500000
v 0.05315140 0.00844498 0.01500000
v 0.05323720 0.00839254 0.01500000
v 0.05322200 0.00839974 0.01500000
v 0.05105990 0.00876812 0.01500000
v 0.05121580 0.00886428 0.01500000
v 0.05124910 0.00890212 0.01500000
v 0.05126850 0.00892957 0.01500000
v 0.05125910 0.00891564 0.01500000
v 0.05131670 0.00903639 0.01500000
v 0.05309190 0.00850407 0.01500000
v 0.05310280 0.00849127 0.01500000
v 0.05313850 0.00845576 0.01500000
v 0.05317850 0.00842509 0.01500000
v 0.05320720 0.00840757 0.01500000
v 0.05328440 0.00837491 0.01500000
v 0.05326850 0.00838012 0.01500000
v 0.05112160 0.00879452 0.01500000
v 0.05110660 0.00878694 0.01500000
v 0.05129990 0.00898888 0.01500000
v 0.05129300 0.00897356 0.01500000
v 0.05131180 0.00902032 0.01500000
v 0.05302090 0.00863659 0.01500000
v 0.05301630 0.00865274 0.01500000
v 0.05303220 0.00860495 0.01500000
v 0.05302620 0.00862065 0.01500000
v 0.05306270 0.00854511 0.01500000
v 0.05305410 0.00855957 0.01500000
v 0.05319270 0.00841603 0.01500000
v 0.05325270 0.00838600 0.01500000
v 0.05130620 0.00900448 0.01500000
v 0.05132730 0.00908565 0.01500000
v 0.05301170 0.00883587 0.01500000
v 0.05300910 0.00868556 0.01500000
v 0.05300650 0.00870217 0.01500000
v 0.05301230 0.00866908 0.01500000
v 0.05303890 0.00858952 0.01500000
v 0.05304620 0.00857438 0.01500000
v 0.05128550 0.00895856 0.01500000
v 0.05127730 0.00894388 0.01500000
v 0.05132940 0.00910232 0.01500000
v 0.05300860 0.00881936 0.01500000
v 0.05300440 0.00878602 0.01500000
v 0.05300620 0.00880273 0.01500000
v 0.05300470 0.00871888 0.01500000
v 0.05300360 0.00873564 0.01500000
v 0.05234460 0.00860348 0.01500000
v 0.05300310 0.00875244 0.01500000
v 0.05300340 0.00876924 0.01500000
v 0.05196780 0.00866485 0.01500000
v 0.05092760 0.00874820 0.01500000
v 0.06070380 0.00468198 0.00550000
v 0.06055110 0.00499390 0.00550000
v 0.06062690 0.00456847 0.00543202
v 0.06050220 0.00439704 0.00532543
v 0.06038050 0.00424305 0.00522508
v 0.06026290 0.00410578 0.00513117
v 0.06015050 0.00398458 0.00504395
v 0.05984340 0.00529728 0.00522508
v 0.06003950 0.00530518 0.00532543
v 0.05966320 0.00528282 0.00513117
v 0.05949910 0.00526308 0.00504395
v 0.06025150 0.00530528 0.00543202
v 0.06038850 0.00530083 0.00550000
v 0.06038850 0.00530083 0.01450000
v 0.06055110 0.00499390 0.01450000
v 0.06070380 0.00468198 0.01450000
v 0.05994510 0.00378751 0.01500000
v 0.05977200 0.00364546 0.01500000
v 0.05969950 0.00359281 0.01500000
v 0.05963750 0.00355132 0.01500000
v 0.05954160 0.00349434 0.01500000
v 0.05948930 0.00346839 0.01500000
v 0.05946710 0.00345935 0.01500000
v 0.05924330 0.00337036 0.01500000
v 0.06015050 0.00398458 0.01495600
v 0.06009260 0.00392592 0.01500000
v 0.06004420 0.00387875 0.01500000
v 0.06026290 0.00410578 0.01486880
v 0.06050220 0.00439704 0.01467460
v 0.06062690 0.00456847 0.01456800
v 0.06038050 0.00424305 0.01477490
v 0.05950810 0.00347710 0.01500000
v 0.05958100 0.00351653 0.01500000
v 0.05985410 0.00371005 0.01500000
v 0.05867250 0.00501895 0.01500000
v 0.05869280 0.00503161 0.01500000
v 0.05871090 0.00504163 0.01500000
v 0.05874450 0.00505861 0.01500000
v 0.05878560 0.00507744 0.01500000
v 0.05884700 0.00510275 0.01500000
v 0.05891700 0.00512846 0.01500000
v 0.05900220 0.00515618 0.01500000
v 0.05910270 0.00518466 0.01500000
v 0.05921890 0.00521277 0.01500000
v 0.05935100 0.00523932 0.01500000
v 0.05941760 0.00525075 0.01500000
v 0.05949910 0.00526308 0.01495600
v 0.05966320 0.00528282 0.01486880
v 0.05984340 0.00529728 0.01477490
v 0.06003950 0.00530518 0.01467460
v 0.06025150 0.00530528 0.01456800
v 0.05846890 0.00489014 0.01500000
v 0.05962970 0.00488350 0.01500000
v 0.05977940 0.00460073 0.01500000
v 0.05992020 0.00431337 0.01500000
v 0.05817040 0.00463679 0.01500000
v 0.05814600 0.00484443 0.01500000
v 0.05813000 0.00484947 0.01500000
v 0.05817860 0.00483640 0.01500000
v 0.05816220 0.00484007 0.01500000
v 0.05822850 0.00482961 0.01500000
v 0.05821180 0.00483116 0.01500000
v 0.05840930 0.00485912 0.01500000
v 0.05839370 0.00485298 0.01500000
v 0.05809860 0.00486158 0.01500000
v 0.05808340 0.00486862 0.01500000
v 0.05811420 0.00485519 0.01500000
v 0.05819520 0.00483343 0.01500000
v 0.05837780 0.00484751 0.01500000
v 0.05886290 0.00327781 0.01500000
v 0.05806840 0.00487630 0.01500000
v 0.05834540 0.00483862 0.01500000
v 0.05832900 0.00483521 0.01500000
v 0.05836170 0.00484272 0.01500000
v 0.05805380 0.00488461 0.01500000
v 0.05803960 0.00489353 0.01500000
v 0.05826210 0.00482863 0.01500000
v 0.05824530 0.00482876 0.01500000
v 0.05831240 0.00483250 0.01500000
v 0.05829570 0.00483050 0.01500000
v 0.05922780 0.00336384 0.01500000
v 0.05827890 0.00482921 0.01500000
v 0.05843980 0.00487337 0.01500000
v 0.05842470 0.00486592 0.01500000
v 0.05921260 0.00335666 0.01500000
v 0.05919770 0.00334885 0.01500000
v 0.05845450 0.00488144 0.01500000
v 0.05918320 0.00334041 0.01500000
v 0.05915520 0.00332173 0.01500000
v 0.05916900 0.00333137 0.01500000
v 0.05912900 0.00330074 0.01500000
v 0.05914190 0.00331152 0.01500000
v 0.05910460 0.00327761 0.01500000
v 0.05911660 0.00328944 0.01500000
v 0.05905300 0.00321150 0.01500000
v 0.05906220 0.00322557 0.01500000
v 0.05899810 0.00292081 0.01500000
v 0.05900170 0.00292080 0.01500000
v 0.05899860 0.00293731 0.01500000
v 0.05836560 0.00430871 0.01500000
v 0.05796110 0.00495605 0.01500000
v 0.05797470 0.00494672 0.01500000
v 0.05799930 0.00492380 0.01500000
v 0.05798680 0.00493500 0.01500000
v 0.05802570 0.00490305 0.01500000
v 0.05801230 0.00491315 0.01500000
v 0.05907200 0.00323925 0.01500000
v 0.05908230 0.00325249 0.01500000
v 0.05904440 0.00319705 0.01500000
v 0.05902920 0.00316712 0.01500000
v 0.05903650 0.00318225 0.01500000
v 0.05901650 0.00313600 0.01500000
v 0.05902250 0.00315169 0.01500000
v 0.05899450 0.00297066 0.01500000
v 0.05899350 0.00298744 0.01500000
v 0.05900550 0.00290443 0.01500000
v 0.05796320 0.00495894 0.01500000
v 0.05795220 0.00497164 0.01500000
v 0.05909320 0.00326529 0.01500000
v 0.05901110 0.00312007 0.01500000
v 0.05899320 0.00300424 0.01500000
v 0.05899370 0.00302104 0.01500000
v 0.05899620 0.00295394 0.01500000
v 0.05901510 0.00287225 0.01500000
v 0.05901000 0.00288824 0.01500000
v 0.05871220 0.00362857 0.01500000
v 0.05794170 0.00498479 0.01500000
v 0.05899920 0.00307111 0.01500000
v 0.05900250 0.00308759 0.01500000
v 0.05854630 0.00397242 0.01500000
v 0.05900650 0.00310392 0.01500000
v 0.05899480 0.00303780 0.01500000
v 0.05899670 0.00305450 0.01500000
v 0.05793180 0.00499838 0.01500000
v 0.06166350 0.00137692 0.00550000
v 0.06161460 0.00172078 0.00550000
v 0.06103530 0.00222800 0.00522508
v 0.06122420 0.00217492 0.00532543
v 0.06085950 0.00226993 0.00513117
v 0.06069720 0.00230188 0.00504395
v 0.06142580 0.00210951 0.00543202
v 0.06155520 0.00129275 0.00543202
v 0.06138370 0.00116824 0.00532543
v 0.06122040 0.00105937 0.00522508
v 0.06106610 0.00096516 0.00513117
v 0.06092170 0.00088465 0.00504395
v 0.06155480 0.00206292 0.00550000
v 0.06155480 0.00206292 0.01450000
v 0.06161460 0.00172078 0.01450000
v 0.06166350 0.00137692 0.01450000
v 0.05983570 0.00232512 0.01500000
v 0.05985890 0.00233087 0.01500000
v 0.05987920 0.00233483 0.01500000
v 0.05991650 0.00234058 0.01500000
v 0.05996140 0.00234578 0.01500000
v 0.06002760 0.00235088 0.01500000
v 0.06019170 0.00235374 0.01500000
v 0.06029610 0.00234976 0.01500000
v 0.06041530 0.00234060 0.01500000
v 0.06054910 0.00232504 0.01500000
v 0.06061590 0.00231532 0.01500000
v 0.06069720 0.00230188 0.01495600
v 0.06085950 0.00226993 0.01486880
v 0.06103530 0.00222800 0.01477490
v 0.06122420 0.00217492 0.01467460
v 0.06142580 0.00210951 0.01456800
v 0.06010210 0.00235371 0.01500000
v 0.05960220 0.00226553 0.01500000
v 0.06066550 0.00076069 0.01500000
v 0.06055500 0.00071514 0.01500000
v 0.06045690 0.00067910 0.01500000
v 0.06037170 0.00065143 0.01500000
v 0.06030000 0.00063111 0.01500000
v 0.06023540 0.00061550 0.01500000
v 0.06019110 0.00060656 0.01500000
v 0.06015390 0.00060053 0.01500000
v 0.06013340 0.00059803 0.01500000
v 0.05986910 0.00058085 0.01500000
v 0.06092170 0.00088465 0.01495600
v 0.06084850 0.00084674 0.01500000
v 0.06078790 0.00081684 0.01500000
v 0.06122040 0.00105937 0.01477490
v 0.06138370 0.00116824 0.01467460
v 0.06155520 0.00129275 0.01456800
v 0.06106610 0.00096516 0.01486880
v 0.06010950 0.00059630 0.01500000
v 0.06070420 0.00190051 0.01500000
v 0.06075920 0.00158530 0.01500000
v 0.06080430 0.00126852 0.01500000
v 0.05947300 0.00068652 0.01500000
v 0.05977030 0.00056179 0.01500000
v 0.05978640 0.00056671 0.01500000
v 0.05981910 0.00057447 0.01500000
v 0.05983570 0.00057730 0.01500000
v 0.05980270 0.00057093 0.01500000
v 0.05973890 0.00054994 0.01500000
v 0.05975450 0.00055620 0.01500000
v 0.05970860 0.00053547 0.01500000
v 0.05972360 0.00054303 0.01500000
v 0.05967960 0.00051848 0.01500000
v 0.05969390 0.00052728 0.01500000
v 0.05930880 0.00181923 0.01500000
v 0.05985230 0.00057943 0.01500000
v 0.05950240 0.00225314 0.01500000
v 0.05948560 0.00225356 0.01500000
v 0.05953600 0.00225444 0.01500000
v 0.05951920 0.00225343 0.01500000
v 0.05965210 0.00049910 0.01500000
v 0.05966560 0.00050908 0.01500000
v 0.05961430 0.00046583 0.01500000
v 0.05962640 0.00047745 0.01500000
v 0.05959150 0.00044110 0.01500000
v 0.05960260 0.00045371 0.01500000
v 0.05956150 0.00040061 0.01500000
v 0.05957100 0.00041453 0.01500000
v 0.05954450 0.00037165 0.01500000
v 0.05955270 0.00038631 0.01500000
v 0.05933950 0.00228888 0.01500000
v 0.05932440 0.00229618 0.01500000
v 0.05922130 0.00219083 0.01500000
v 0.05956940 0.00225858 0.01500000
v 0.05955270 0.00225615 0.01500000
v 0.05963900 0.00048855 0.01500000
v 0.05958100 0.00042803 0.01500000
v 0.05924130 0.00235279 0.01500000
v 0.05922890 0.00236420 0.01500000
v 0.05938660 0.00227092 0.01500000
v 0.05937060 0.00227624 0.01500000
v 0.05941910 0.00226233 0.01500000
v 0.05940270 0.00226628 0.01500000
v 0.05946890 0.00225469 0.01500000
v 0.05945220 0.00225653 0.01500000
v 0.05958590 0.00226170 0.01500000
v 0.05925410 0.00234191 0.01500000
v 0.05928100 0.00232184 0.01500000
v 0.05926730 0.00233159 0.01500000
v 0.05935490 0.00228223 0.01500000
v 0.05943560 0.00225908 0.01500000
v 0.05953000 0.00034134 0.01500000
v 0.05953690 0.00035665 0.01500000
v 0.05949470 0.00030537 0.01500000
v 0.05952370 0.00032575 0.01500000
v 0.05951320 0.00029385 0.01500000
v 0.05951810 0.00030991 0.01500000
v 0.05919500 0.00240143 0.01500000
v 0.05918470 0.00241476 0.01500000
v 0.05930960 0.00230412 0.01500000
v 0.05929510 0.00231267 0.01500000
v 0.05917510 0.00242851 0.01500000
v 0.05921710 0.00237612 0.01500000
v 0.05920580 0.00238854 0.01500000
v 0.05950540 0.00026116 0.01500000
v 0.05950890 0.00027759 0.01500000
v 0.05950040 0.00022794 0.01500000
v 0.05950250 0.00024460 0.01500000
v 0.05943480 0.00106636 0.01500000
v 0.05949890 0.00021119 0.01500000
v 0.05938000 0.00144417 0.01500000
v 0.05916600 0.00244266 0.01500000
v 0.05915760 0.00245718 0.01500000
v 0.05949820 0.00017760 0.01500000
v 0.05949820 0.00019441 0.01500000
v 0.05914970 0.00247205 0.01500000
v 0.05914250 0.00248724 0.01500000
v 0.05913600 0.00250271 0.01500000
v 0.05913010 0.00251846 0.01500000
v 0.05912490 0.00253443 0.01500000
v 0.05876990 0.00752874 0.00550000
v 0.05852820 0.00777817 0.00550000
v 0.05873170 0.00739700 0.00543202
v 0.05866610 0.00719543 0.00532543
v 0.05859800 0.00701138 0.00522508
v 0.05852860 0.00684449 0.00513117
v 0.05845910 0.00669448 0.00504395
v 0.05776140 0.00784802 0.00522508
v 0.05794540 0.00791614 0.00532543
v 0.05759450 0.00777860 0.00513117
v 0.05744450 0.00770910 0.00504395
v 0.05814700 0.00798173 0.00543202
v 0.05827870 0.00801986 0.00550000
v 0.05827870 0.00801986 0.01450000
v 0.05852820 0.00777817 0.01450000
v 0.05876990 0.00752874 0.01450000
v 0.05839070 0.00656098 0.01500000
v 0.05832470 0.00644359 0.01500000
v 0.05826200 0.00634178 0.01500000
v 0.05820390 0.00625498 0.01500000
v 0.05815120 0.00618250 0.01500000
v 0.05810510 0.00612391 0.01500000
v 0.05806210 0.00607333 0.01500000
v 0.05803150 0.00604006 0.01500000
v 0.05798980 0.00599924 0.01500000
v 0.05797150 0.00598377 0.01500000
v 0.05845910 0.00669448 0.01495600
v 0.05842220 0.00662080 0.01500000
v 0.05852860 0.00684449 0.01486880
v 0.05866610 0.00719543 0.01467460
v 0.05873170 0.00739700 0.01456800
v 0.05859800 0.00701138 0.01477490
v 0.05778610 0.00582997 0.01500000
v 0.05800490 0.00601331 0.01500000
v 0.05673380 0.00722148 0.01500000
v 0.05676330 0.00725493 0.01500000
v 0.05679010 0.00728148 0.01500000
v 0.05687390 0.00735513 0.01500000
v 0.05700500 0.00745389 0.01500000
v 0.05709180 0.00751204 0.01500000
v 0.05719360 0.00757468 0.01500000
v 0.05731100 0.00764074 0.01500000
v 0.05737080 0.00767219 0.01500000
v 0.05744450 0.00770910 0.01495600
v 0.05759450 0.00777860 0.01486880
v 0.05776140 0.00784802 0.01477490
v 0.05794540 0.00791614 0.01467460
v 0.05814700 0.00798173 0.01456800
v 0.05693250 0.00740120 0.01500000
v 0.05682330 0.00731208 0.01500000
v 0.05674920 0.00723982 0.01500000
v 0.05658000 0.00703607 0.01500000
v 0.05768600 0.00738846 0.01500000
v 0.05791580 0.00716580 0.01500000
v 0.05813850 0.00693600 0.01500000
v 0.05725250 0.00585489 0.01500000
v 0.05643270 0.00665355 0.01500000
v 0.05635370 0.00690054 0.01500000
v 0.05633720 0.00689754 0.01500000
v 0.05627020 0.00689266 0.01500000
v 0.05625340 0.00689322 0.01500000
v 0.05632050 0.00689526 0.01500000
v 0.05630380 0.00689368 0.01500000
v 0.05637010 0.00690422 0.01500000
v 0.05777340 0.00581898 0.01500000
v 0.05628700 0.00689281 0.01500000
v 0.05649270 0.00695785 0.01500000
v 0.05647840 0.00694891 0.01500000
v 0.05776110 0.00580746 0.01500000
v 0.05613700 0.00689509 0.01500000
v 0.05607770 0.00694523 0.01500000
v 0.05606340 0.00695391 0.01500000
v 0.05612290 0.00692297 0.01500000
v 0.05610760 0.00692975 0.01500000
v 0.05623660 0.00689449 0.01500000
v 0.05622000 0.00689647 0.01500000
v 0.05646380 0.00694058 0.01500000
v 0.05655750 0.00701112 0.01500000
v 0.05654540 0.00699938 0.01500000
v 0.05774940 0.00579543 0.01500000
v 0.05750170 0.00556568 0.01500000
v 0.05767300 0.00537295 0.01500000
v 0.05766680 0.00538860 0.01500000
v 0.05770390 0.00531336 0.01500000
v 0.05769520 0.00532775 0.01500000
v 0.05772300 0.00528574 0.01500000
v 0.05771320 0.00529935 0.01500000
v 0.05604930 0.00696318 0.01500000
v 0.05613860 0.00691685 0.01500000
v 0.05618690 0.00690254 0.01500000
v 0.05640230 0.00691367 0.01500000
v 0.05638630 0.00690861 0.01500000
v 0.05643370 0.00692582 0.01500000
v 0.05641810 0.00691941 0.01500000
v 0.05644890 0.00693288 0.01500000
v 0.05653290 0.00698817 0.01500000
v 0.05656900 0.00702335 0.01500000
v 0.05773820 0.00578291 0.01500000
v 0.05771740 0.00575651 0.01500000
v 0.05772750 0.00576993 0.01500000
v 0.05769890 0.00572845 0.01500000
v 0.05770780 0.00574267 0.01500000
v 0.05764650 0.00546996 0.01500000
v 0.05764450 0.00548664 0.01500000
v 0.05765660 0.00542061 0.01500000
v 0.05765250 0.00543691 0.01500000
v 0.05766140 0.00540449 0.01500000
v 0.05768720 0.00534250 0.01500000
v 0.05767970 0.00535757 0.01500000
v 0.05609250 0.00693717 0.01500000
v 0.05615450 0.00691140 0.01500000
v 0.05620340 0.00689916 0.01500000
v 0.05651990 0.00697749 0.01500000
v 0.05650650 0.00696738 0.01500000
v 0.05769060 0.00571385 0.01500000
v 0.05767580 0.00568366 0.01500000
v 0.05768290 0.00569891 0.01500000
v 0.05766370 0.00565233 0.01500000
v 0.05766940 0.00566813 0.01500000
v 0.05765050 0.00560369 0.01500000
v 0.05764320 0.00550340 0.01500000
v 0.05764270 0.00552019 0.01500000
v 0.05764920 0.00545337 0.01500000
v 0.05671750 0.00639934 0.01500000
v 0.05617060 0.00690663 0.01500000
v 0.05765420 0.00562009 0.01500000
v 0.05764530 0.00557051 0.01500000
v 0.05764750 0.00558716 0.01500000
v 0.05764280 0.00553700 0.01500000
v 0.05764370 0.00555378 0.01500000
v 0.05765860 0.00563631 0.01500000
v 0.05699090 0.00613296 0.01500000
v 0.05603570 0.00697305 0.01500000
v 0.05605080 0.00963853 0.00550000
v 0.05574390 0.00980107 0.00550000
v 0.05605530 0.00950146 0.00543202
v 0.05605520 0.00928948 0.00532543
v 0.05604730 0.00909339 0.00522508
v 0.05603280 0.00891322 0.00513117
v 0.05601310 0.00874907 0.00504395
v 0.05499300 0.00963055 0.00522508
v 0.05514700 0.00975220 0.00532543
v 0.05485580 0.00951295 0.00513117
v 0.05473460 0.00940050 0.00504395
v 0.05531850 0.00987688 0.00543202
v 0.05543200 0.00995384 0.00550000
v 0.05543200 0.00995384 0.01450000
v 0.05574390 0.00980107 0.01450000
v 0.05605080 0.00963853 0.01450000
v 0.05598930 0.00860098 0.01500000
v 0.05596280 0.00846892 0.01500000
v 0.05593470 0.00835274 0.01500000
v 0.05590620 0.00825222 0.01500000
v 0.05587850 0.00816701 0.01500000
v 0.05582740 0.00803564 0.01500000
v 0.05580860 0.00799454 0.01500000
v 0.05578160 0.00794284 0.01500000
v 0.05576890 0.00792247 0.01500000
v 0.05601310 0.00874907 0.01495600
v 0.05600070 0.00866759 0.01500000
v 0.05603280 0.00891322 0.01486880
v 0.05605520 0.00928948 0.01467460
v 0.05605530 0.00950146 0.01456800
v 0.05604730 0.00909339 0.01477490
v 0.05564010 0.00771889 0.01500000
v 0.05579160 0.00796089 0.01500000
v 0.05585280 0.00809704 0.01500000
v 0.05412040 0.00849325 0.01500000
v 0.05421840 0.00873934 0.01500000
v 0.05422710 0.00875806 0.01500000
v 0.05424430 0.00879158 0.01500000
v 0.05430130 0.00888753 0.01500000
v 0.05434280 0.00894946 0.01500000
v 0.05439550 0.00902197 0.01500000
v 0.05446000 0.00910409 0.01500000
v 0.05453750 0.00919512 0.01500000
v 0.05462870 0.00929423 0.01500000
v 0.05467590 0.00934262 0.01500000
v 0.05473460 0.00940050 0.01495600
v 0.05485580 0.00951295 0.01486880
v 0.05499300 0.00963055 0.01477490
v 0.05514700 0.00975220 0.01467460
v 0.05531850 0.00987688 0.01456800
v 0.05426650 0.00883096 0.01500000
v 0.05420930 0.00871712 0.01500000
v 0.05506340 0.00917018 0.01500000
v 0.05535070 0.00902944 0.01500000
v 0.05563350 0.00887969 0.01500000
v 0.05519100 0.00753926 0.01500000
v 0.05416890 0.00805442 0.01500000
v 0.05558640 0.00742862 0.01500000
v 0.05558340 0.00744516 0.01500000
v 0.05551560 0.00733837 0.01500000
v 0.05559010 0.00741222 0.01500000
v 0.05381430 0.00819588 0.01500000
v 0.05378780 0.00824481 0.01500000
v 0.05377100 0.00824365 0.01500000
v 0.05382110 0.00824924 0.01500000
v 0.05380450 0.00824667 0.01500000
v 0.05385390 0.00825648 0.01500000
v 0.05557920 0.00752893 0.01500000
v 0.05558050 0.00754568 0.01500000
v 0.05372070 0.00824447 0.01500000
v 0.05370390 0.00824616 0.01500000
v 0.05375420 0.00824321 0.01500000
v 0.05373740 0.00824348 0.01500000
v 0.05383760 0.00825251 0.01500000
v 0.05388600 0.00826648 0.01500000
v 0.05387010 0.00826114 0.01500000
v 0.05400250 0.00833230 0.01500000
v 0.05398920 0.00832196 0.01500000
v 0.05559270 0.00761170 0.01500000
v 0.05559750 0.00762781 0.01500000
v 0.05558250 0.00756237 0.01500000
v 0.05557960 0.00747855 0.01500000
v 0.05557880 0.00749533 0.01500000
v 0.05558120 0.00746181 0.01500000
v 0.05368730 0.00824856 0.01500000
v 0.05397560 0.00831219 0.01500000
v 0.05409040 0.00843316 0.01500000
v 0.05408140 0.00841900 0.01500000
v 0.05563140 0.00770451 0.01500000
v 0.05558860 0.00759541 0.01500000
v 0.05558520 0.00757895 0.01500000
v 0.05564350 0.00728957 0.01500000
v 0.05563460 0.00730381 0.01500000
v 0.05566310 0.00726229 0.01500000
v 0.05565300 0.00727572 0.01500000
v 0.05570890 0.00721318 0.01500000
v 0.05569670 0.00722472 0.01500000
v 0.05365440 0.00825548 0.01500000
v 0.05363820 0.00825997 0.01500000
v 0.05367080 0.00825167 0.01500000
v 0.05391710 0.00827916 0.01500000
v 0.05390170 0.00827249 0.01500000
v 0.05394700 0.00829444 0.01500000
v 0.05393220 0.00828648 0.01500000
v 0.05396150 0.00830301 0.01500000
v 0.05407170 0.00840523 0.01500000
v 0.05562340 0.00768977 0.01500000
v 0.05560910 0.00765934 0.01500000
v 0.05561590 0.00767471 0.01500000
v 0.05557860 0.00751213 0.01500000
v 0.05560520 0.00736416 0.01500000
v 0.05559950 0.00737997 0.01500000
v 0.05568500 0.00723676 0.01500000
v 0.05567380 0.00724929 0.01500000
v 0.05572160 0.00720218 0.01500000
v 0.05574840 0.00718183 0.01500000
v 0.05573480 0.00719172 0.01500000
v 0.05402760 0.00835462 0.01500000
v 0.05401530 0.00834320 0.01500000
v 0.05405070 0.00837899 0.01500000
v 0.05403940 0.00836656 0.01500000
v 0.05406150 0.00839189 0.01500000
v 0.05410670 0.00846257 0.01500000
v 0.05409890 0.00844769 0.01500000
v 0.05411380 0.00847777 0.01500000
v 0.05559440 0.00739599 0.01500000
v 0.05561860 0.00733336 0.01500000
v 0.05561160 0.00734862 0.01500000
v 0.05560300 0.00764370 0.01500000
v 0.05562630 0.00731842 0.01500000
v 0.05451700 0.00789762 0.01500000
v 0.05485790 0.00772579 0.01500000
v 0.05362230 0.00826515 0.01500000
v 0.06038850 -0.00530083 0.00550000
v 0.06055110 -0.00499390 0.00550000
v 0.06025150 -0.00530528 0.00543202
v 0.06003950 -0.00530518 0.00532543
v 0.05984340 -0.00529728 0.00522508
v 0.05966320 -0.00528282 0.00513117
v 0.05949910 -0.00526308 0.00504395
v 0.06038050 -0.00424305 0.00522508
v 0.06050220 -0.00439704 0.00532543
v 0.06026290 -0.00410578 0.00513117
v 0.06015050 -0.00398458 0.00504395
v 0.06062690 -0.00456847 0.00543202
v 0.06070380 -0.00468198 0.00550000
v 0.06070380 -0.00468198 0.01450000
v 0.06055110 -0.00499390 0.01450000
v 0.06038850 -0.00530083 0.01450000
v 0.05921890 -0.00521277 0.01500000
v 0.05910270 -0.00518466 0.01500000
v 0.05900220 -0.00515618 0.01500000
v 0.05891700 -0.00512846 0.01500000
v 0.05884700 -0.00510275 0.01500000
v 0.05878560 -0.00507744 0.01500000
v 0.05871090 -0.00504163 0.01500000
v 0.05869280 -0.00503161 0.01500000
v 0.05867250 -0.00501895 0.01500000
v 0.05846890 -0.00489014 0.01500000
v 0.05949910 -0.00526308 0.01495600
v 0.05941760 -0.00525075 0.01500000
v 0.05935100 -0.00523932 0.01500000
v 0.05966320 -0.00528282 0.01486880
v 0.06003950 -0.00530518 0.01467460
v 0.06025150 -0.00530528 0.01456800
v 0.05984340 -0.00529728 0.01477490
v 0.05874450 -0.00505861 0.01500000
v 0.05946710 -0.00345935 0.01500000
v 0.05950810 -0.00347710 0.01500000
v 0.05954160 -0.00349434 0.01500000
v 0.05958100 -0.00351653 0.01500000
v 0.05963750 -0.00355132 0.01500000
v 0.05977200 -0.00364546 0.01500000
v 0.05985410 -0.00371005 0.01500000
v 0.05994510 -0.00378751 0.01500000
v 0.06004420 -0.00387875 0.01500000
v 0.06009260 -0.00392592 0.01500000
v 0.06015050 -0.00398458 0.01495600
v 0.06026290 -0.00410578 0.01486880
v 0.06038050 -0.00424305 0.01477490
v 0.06050220 -0.00439704 0.01467460
v 0.06062690 -0.00456847 0.01456800
v 0.05969950 -0.00359281 0.01500000
v 0.05948930 -0.00346839 0.01500000
v 0.05924330 -0.00337036 0.01500000
v 0.05992020 -0.00431337 0.01500000
v 0.05977940 -0.00460073 0.01500000
v 0.05962970 -0.00488350 0.01500000
v 0.05828930 -0.00444096 0.01500000
v 0.05880440 -0.00341890 0.01500000
v 0.05845450 -0.00488144 0.01500000
v 0.05843980 -0.00487337 0.01500000
v 0.05832900 -0.00483521 0.01500000
v 0.05834540 -0.00483862 0.01500000
v 0.05829570 -0.00483050 0.01500000
v 0.05831240 -0.00483250 0.01500000
v 0.05826210 -0.00482863 0.01500000
v 0.05827890 -0.00482921 0.01500000
v 0.05817860 -0.00483640 0.01500000
v 0.05819520 -0.00483343 0.01500000
v 0.05808840 -0.00476559 0.01500000
v 0.05816220 -0.00484007 0.01500000
v 0.05808340 -0.00486862 0.01500000
v 0.05809860 -0.00486158 0.01500000
v 0.05842470 -0.00486592 0.01500000
v 0.05836170 -0.00484272 0.01500000
v 0.05822850 -0.00482961 0.01500000
v 0.05824530 -0.00482876 0.01500000
v 0.05821180 -0.00483116 0.01500000
v 0.05814600 -0.00484443 0.01500000
v 0.05811420 -0.00485519 0.01500000
v 0.05813000 -0.00484947 0.01500000
v 0.05806840 -0.00487630 0.01500000
v 0.05803960 -0.00489353 0.01500000
v 0.05805380 -0.00488461 0.01500000
v 0.05799930 -0.00492380 0.01500000
v 0.05801230 -0.00491315 0.01500000
v 0.05894590 -0.00306431 0.01500000
v 0.05900650 -0.00310392 0.01500000
v 0.05840930 -0.00485912 0.01500000
v 0.05837780 -0.00484751 0.01500000
v 0.05839370 -0.00485298 0.01500000
v 0.05802570 -0.00490305 0.01500000
v 0.05899860 -0.00293731 0.01500000
v 0.05900170 -0.00292080 0.01500000
v 0.05899320 -0.00300424 0.01500000
v 0.05899350 -0.00298744 0.01500000
v 0.05901110 -0.00312007 0.01500000
v 0.05902250 -0.00315169 0.01500000
v 0.05901650 -0.00313600 0.01500000
v 0.05903650 -0.00318225 0.01500000
v 0.05902920 -0.00316712 0.01500000
v 0.05908230 -0.00325249 0.01500000
v 0.05907200 -0.00323925 0.01500000
v 0.05919770 -0.00334885 0.01500000
v 0.05918320 -0.00334041 0.01500000
v 0.05922780 -0.00336384 0.01500000
v 0.05921260 -0.00335666 0.01500000
v 0.05798680 -0.00493500 0.01500000
v 0.05900550 -0.00290443 0.01500000
v 0.05901000 -0.00288824 0.01500000
v 0.05899620 -0.00295394 0.01500000
v 0.05899450 -0.00297066 0.01500000
v 0.05899480 -0.00303780 0.01500000
v 0.05899370 -0.00302104 0.01500000
v 0.05904440 -0.00319705 0.01500000
v 0.05906220 -0.00322557 0.01500000
v 0.05905300 -0.00321150 0.01500000
v 0.05909320 -0.00326529 0.01500000
v 0.05911660 -0.00328944 0.01500000
v 0.05910460 -0.00327761 0.01500000
v 0.05914190 -0.00331152 0.01500000
v 0.05912900 -0.00330074 0.01500000
v 0.05916900 -0.00333137 0.01500000
v 0.05915520 -0.00332173 0.01500000
v 0.05899920 -0.00307111 0.01500000
v 0.05899670 -0.00305450 0.01500000
v 0.05900250 -0.00308759 0.01500000
v 0.05796320 -0.00495894 0.01500000
v 0.05797470 -0.00494672 0.01500000
v 0.05793180 -0.00499838 0.01500000
v 0.05794170 -0.00498479 0.01500000
v 0.05864760 -0.00376697 0.01500000
v 0.05847580 -0.00410788 0.01500000
v 0.05795220 -0.00497164 0.01500000
v 0.05901510 -0.00287225 0.01500000
v 0.05827870 -0.00801986 0.00550000
v 0.05852820 -0.00777817 0.00550000
v 0.05859800 -0.00701138 0.00522508
v 0.05866610 -0.00719543 0.00532543
v 0.05852860 -0.00684449 0.00513117
v 0.05845910 -0.00669448 0.00504395
v 0.05873170 -0.00739700 0.00543202
v 0.05814700 -0.00798173 0.00543202
v 0.05794540 -0.00791614 0.00532543
v 0.05776140 -0.00784802 0.00522508
v 0.05759450 -0.00777860 0.00513117
v 0.05744450 -0.00770910 0.00504395
v 0.05876990 -0.00752874 0.00550000
v 0.05876990 -0.00752874 0.01450000
v 0.05852820 -0.00777817 0.01450000
v 0.05827870 -0.00801986 0.01450000
v 0.05778610 -0.00582997 0.01500000
v 0.05797150 -0.00598377 0.01500000
v 0.05798980 -0.00599924 0.01500000
v 0.05800490 -0.00601331 0.01500000
v 0.05803150 -0.00604006 0.01500000
v 0.05806210 -0.00607333 0.01500000
v 0.05810510 -0.00612391 0.01500000
v 0.05815120 -0.00618250 0.01500000
v 0.05826200 -0.00634178 0.01500000
v 0.05832470 -0.00644359 0.01500000
v 0.05842220 -0.00662080 0.01500000
v 0.05845910 -0.00669448 0.01495600
v 0.05839070 -0.00656098 0.01500000
v 0.05852860 -0.00684449 0.01486880
v 0.05859800 -0.00701138 0.01477490
v 0.05866610 -0.00719543 0.01467460
v 0.05873170 -0.00739700 0.01456800
v 0.05820390 -0.00625498 0.01500000
v 0.05719360 -0.00757468 0.01500000
v 0.05709180 -0.00751204 0.01500000
v 0.05700500 -0.00745389 0.01500000
v 0.05693250 -0.00740120 0.01500000
v 0.05687390 -0.00735513 0.01500000
v 0.05682330 -0.00731208 0.01500000
v 0.05679010 -0.00728148 0.01500000
v 0.05676330 -0.00725493 0.01500000
v 0.05674920 -0.00723982 0.01500000
v 0.05658000 -0.00703607 0.01500000
v 0.05744450 -0.00770910 0.01495600
v 0.05737080 -0.00767219 0.01500000
v 0.05731100 -0.00764074 0.01500000
v 0.05759450 -0.00777860 0.01486880
v 0.05794540 -0.00791614 0.01467460
v 0.05814700 -0.00798173 0.01456800
v 0.05776140 -0.00784802 0.01477490
v 0.05673380 -0.00722148 0.01500000
v 0.05813850 -0.00693600 0.01500000
v 0.05791580 -0.00716580 0.01500000
v 0.05768600 -0.00738846 0.01500000
v 0.05635370 -0.00690054 0.01500000
v 0.05660490 -0.00650252 0.01500000
v 0.05631570 -0.00675172 0.01500000
v 0.05637010 -0.00690422 0.01500000
v 0.05632050 -0.00689526 0.01500000
v 0.05633720 -0.00689754 0.01500000
v 0.05625340 -0.00689322 0.01500000
v 0.05627020 -0.00689266 0.01500000
v 0.05617060 -0.00690663 0.01500000
v 0.05618690 -0.00690254 0.01500000
v 0.05630380 -0.00689368 0.01500000
v 0.05628700 -0.00689281 0.01500000
v 0.05622000 -0.00689647 0.01500000
v 0.05623660 -0.00689449 0.01500000
v 0.05620340 -0.00689916 0.01500000
v 0.05610760 -0.00692975 0.01500000
v 0.05612290 -0.00692297 0.01500000
v 0.05643370 -0.00692582 0.01500000
v 0.05644890 -0.00693288 0.01500000
v 0.05613860 -0.00691685 0.01500000
v 0.05615450 -0.00691140 0.01500000
v 0.05609250 -0.00693717 0.01500000
v 0.05654540 -0.00699938 0.01500000
v 0.05655750 -0.00701112 0.01500000
v 0.05647840 -0.00694891 0.01500000
v 0.05649270 -0.00695785 0.01500000
v 0.05641810 -0.00691941 0.01500000
v 0.05606340 -0.00695391 0.01500000
v 0.05607770 -0.00694523 0.01500000
v 0.05603570 -0.00697305 0.01500000
v 0.05604930 -0.00696318 0.01500000
v 0.05764510 -0.00538704 0.01500000
v 0.05768720 -0.00534250 0.01500000
v 0.05769520 -0.00532775 0.01500000
v 0.05740360 -0.00568267 0.01500000
v 0.05764530 -0.00557051 0.01500000
v 0.05764370 -0.00555378 0.01500000
v 0.05768290 -0.00569891 0.01500000
v 0.05767580 -0.00568366 0.01500000
v 0.05653290 -0.00698817 0.01500000
v 0.05650650 -0.00696738 0.01500000
v 0.05646380 -0.00694058 0.01500000
v 0.05770390 -0.00531336 0.01500000
v 0.05766140 -0.00540449 0.01500000
v 0.05766680 -0.00538860 0.01500000
v 0.05765250 -0.00543691 0.01500000
v 0.05764750 -0.00558716 0.01500000
v 0.05765420 -0.00562009 0.01500000
v 0.05765050 -0.00560369 0.01500000
v 0.05769060 -0.00571385 0.01500000
v 0.05770780 -0.00574267 0.01500000
v 0.05769890 -0.00572845 0.01500000
v 0.05774940 -0.00579543 0.01500000
v 0.05773820 -0.00578291 0.01500000
v 0.05777340 -0.00581898 0.01500000
v 0.05776110 -0.00580746 0.01500000
v 0.05651990 -0.00697749 0.01500000
v 0.05638630 -0.00690861 0.01500000
v 0.05640230 -0.00691367 0.01500000
v 0.05714930 -0.00596749 0.01500000
v 0.05771320 -0.00529935 0.01500000
v 0.05767300 -0.00537295 0.01500000
v 0.05767970 -0.00535757 0.01500000
v 0.05765660 -0.00542061 0.01500000
v 0.05764920 -0.00545337 0.01500000
v 0.05764320 -0.00550340 0.01500000
v 0.05764450 -0.00548664 0.01500000
v 0.05766370 -0.00565233 0.01500000
v 0.05765860 -0.00563631 0.01500000
v 0.05688300 -0.00624094 0.01500000
v 0.05764650 -0.00546996 0.01500000
v 0.05764280 -0.00553700 0.01500000
v 0.05764270 -0.00552019 0.01500000
v 0.05766940 -0.00566813 0.01500000
v 0.05772750 -0.00576993 0.01500000
v 0.05771740 -0.00575651 0.01500000
v 0.05656900 -0.00702335 0.01500000
v 0.05772300 -0.00528574 0.01500000
v 0.06166350 -0.00137692 0.00550000
v 0.06166350 -0.00137692 0.01450000
v 0.06161460 -0.00172078 0.01450000
v 0.06161460 -0.00172078 0.00550000
v 0.06155480 -0.00206292 0.01450000
v 0.06155480 -0.00206292 0.00550000
v 0.06142580 -0.00210951 0.00543202
v 0.06122420 -0.00217492 0.00532543
v 0.06103530 -0.00222800 0.00522508
v 0.06085950 -0.00226993 0.00513117
v 0.06069720 -0.00230188 0.00504395
v 0.06122040 -0.00105937 0.00522508
v 0.06138370 -0.00116824 0.00532543
v 0.06106610 -0.00096516 0.00513117
v 0.06092170 -0.00088465 0.00504395
v 0.06155520 -0.00129275 0.00543202
v 0.06054910 -0.00232504 0.01500000
v 0.06029610 -0.00234976 0.01500000
v 0.06019170 -0.00235374 0.01500000
v 0.06010210 -0.00235371 0.01500000
v 0.06002760 -0.00235088 0.01500000
v 0.05996140 -0.00234578 0.01500000
v 0.05991650 -0.00234058 0.01500000
v 0.05987920 -0.00233483 0.01500000
v 0.05985890 -0.00233087 0.01500000
v 0.05960220 -0.00226553 0.01500000
v 0.06069720 -0.00230188 0.01495600
v 0.06061590 -0.00231532 0.01500000
v 0.06103530 -0.00222800 0.01477490
v 0.06122420 -0.00217492 0.01467460
v 0.06142580 -0.00210951 0.01456800
v 0.06085950 -0.00226993 0.01486880
v 0.05983570 -0.00232512 0.01500000
v 0.06041530 -0.00234060 0.01500000
v 0.06010950 -0.00059630 0.01500000
v 0.06013340 -0.00059803 0.01500000
v 0.06019110 -0.00060656 0.01500000
v 0.06023540 -0.00061550 0.01500000
v 0.06030000 -0.00063111 0.01500000
v 0.06037170 -0.00065143 0.01500000
v 0.06055500 -0.00071514 0.01500000
v 0.06078790 -0.00081684 0.01500000
v 0.06084850 -0.00084674 0.01500000
v 0.06092170 -0.00088465 0.01495600
v 0.06106610 -0.00096516 0.01486880
v 0.06122040 -0.00105937 0.01477490
v 0.06138370 -0.00116824 0.01467460
v 0.06155520 -0.00129275 0.01456800
v 0.06066550 -0.00076069 0.01500000
v 0.06045690 -0.00067910 0.01500000
v 0.06015390 -0.00060053 0.01500000
v 0.05986910 -0.00058085 0.01500000
v 0.06080430 -0.00126852 0.01500000
v 0.06075920 -0.00158530 0.01500000
v 0.06070420 -0.00190051 0.01500000
v 0.05945970 -0.00083865 0.01500000
v 0.05927570 -0.00196832 0.01500000
v 0.05955270 -0.00225615 0.01500000
v 0.05956940 -0.00225858 0.01500000
v 0.05943560 -0.00225908 0.01500000
v 0.05945220 -0.00225653 0.01500000
v 0.05940270 -0.00226628 0.01500000
v 0.05941910 -0.00226233 0.01500000
v 0.05953600 -0.00225444 0.01500000
v 0.05950240 -0.00225314 0.01500000
v 0.05951920 -0.00225343 0.01500000
v 0.05937060 -0.00227624 0.01500000
v 0.05938660 -0.00227092 0.01500000
v 0.05932440 -0.00229618 0.01500000
v 0.05933950 -0.00228888 0.01500000
v 0.05925410 -0.00234191 0.01500000
v 0.05926730 -0.00233159 0.01500000
v 0.05918180 -0.00233834 0.01500000
v 0.05924130 -0.00235279 0.01500000
v 0.05985230 -0.00057943 0.01500000
v 0.05983570 -0.00057730 0.01500000
v 0.05946890 -0.00225469 0.01500000
v 0.05948560 -0.00225356 0.01500000
v 0.05935490 -0.00228223 0.01500000
v 0.05928100 -0.00232184 0.01500000
v 0.05922890 -0.00236420 0.01500000
v 0.05981910 -0.00057447 0.01500000
v 0.05929510 -0.00231267 0.01500000
v 0.05930960 -0.00230412 0.01500000
v 0.05960260 -0.00045371 0.01500000
v 0.05959150 -0.00044110 0.01500000
v 0.05966560 -0.00050908 0.01500000
v 0.05965210 -0.00049910 0.01500000
v 0.05980270 -0.00057093 0.01500000
v 0.05978640 -0.00056671 0.01500000
v 0.05961430 -0.00046583 0.01500000
v 0.05963900 -0.00048855 0.01500000
v 0.05969390 -0.00052728 0.01500000
v 0.05967960 -0.00051848 0.01500000
v 0.05972360 -0.00054303 0.01500000
v 0.05970860 -0.00053547 0.01500000
v 0.05977030 -0.00056179 0.01500000
v 0.05975450 -0.00055620 0.01500000
v 0.05920580 -0.00238854 0.01500000
v 0.05921710 -0.00237612 0.01500000
v 0.05912490 -0.00253443 0.01500000
v 0.05913010 -0.00251846 0.01500000
v 0.05948800 -0.00045794 0.01500000
v 0.05950890 -0.00027759 0.01500000
v 0.05950540 -0.00026116 0.01500000
v 0.05953690 -0.00035665 0.01500000
v 0.05953000 -0.00034134 0.01500000
v 0.05955270 -0.00038631 0.01500000
v 0.05954450 -0.00037165 0.01500000
v 0.05962640 -0.00047745 0.01500000
v 0.05973890 -0.00054994 0.01500000
v 0.05958590 -0.00226170 0.01500000
v 0.05916600 -0.00244266 0.01500000
v 0.05917510 -0.00242851 0.01500000
v 0.05914250 -0.00248724 0.01500000
v 0.05914970 -0.00247205 0.01500000
v 0.05913600 -0.00250271 0.01500000
v 0.05935350 -0.00159456 0.01500000
v 0.05950250 -0.00024460 0.01500000
v 0.05950040 -0.00022794 0.01500000
v 0.05951320 -0.00029385 0.01500000
v 0.05952370 -0.00032575 0.01500000
v 0.05951810 -0.00030991 0.01500000
v 0.05957100 -0.00041453 0.01500000
v 0.05956150 -0.00040061 0.01500000
v 0.05958100 -0.00042803 0.01500000
v 0.05918470 -0.00241476 0.01500000
v 0.05919500 -0.00240143 0.01500000
v 0.05915760 -0.00245718 0.01500000
v 0.05941480 -0.00121776 0.01500000
v 0.05949890 -0.00021119 0.01500000
v 0.05949820 -0.00019441 0.01500000
v 0.05949820 -0.00017760 0.01500000
v 0.04231820 0.00233834 0.03000000
v 0.04242830 0.00270390 0.03000000
v 0.04222430 0.00196832 0.03000000
v 0.04214650 0.00159456 0.03000000
v 0.04208520 0.00121776 0.03000000
v 0.04204030 0.00083865 0.03000000
v 0.04201200 0.00045794 0.03000000
v 0.04200030 0.00007636 0.03000000
v 0.04200530 -0.00030537 0.03000000
v 0.04202700 -0.00068652 0.03000000
v 0.04206520 -0.00106636 0.03000000
v 0.04212000 -0.00144417 0.03000000
v 0.04219120 -0.00181923 0.03000000
v 0.04227870 -0.00219083 0.03000000
v 0.04238230 -0.00255825 0.03000000
v 0.04250190 -0.00292081 0.03000000
v 0.04263710 -0.00327781 0.03000000
v 0.04278780 -0.00362857 0.03000000
v 0.04295370 -0.00397242 0.03000000
v 0.04313440 -0.00430871 0.03000000
v 0.04332960 -0.00463679 0.03000000
v 0.04353890 -0.00495605 0.03000000
v 0.04376190 -0.00526588 0.03000000
v 0.04399830 -0.00556568 0.03000000
v 0.04424750 -0.00585489 0.03000000
v 0.04450910 -0.00613296 0.03000000
v 0.04478250 -0.00639934 0.03000000
v 0.04506730 -0.00665355 0.03000000
v 0.04536300 -0.00689509 0.03000000
v 0.04566880 -0.00712351 0.03000000
v 0.04598440 -0.00733837 0.03000000
v 0.04630900 -0.00753926 0.03000000
v 0.04664210 -0.00772579 0.03000000
v 0.04698300 -0.00789762 0.03000000
v 0.04733110 -0.00805442 0.03000000
v 0.04768570 -0.00819588 0.03000000
v 0.04804610 -0.00832174 0.03000000
v 0.04841170 -0.00843177 0.03000000
v 0.04878170 -0.00852574 0.03000000
v 0.04915540 -0.00860348 0.03000000
v 0.04953220 -0.00866485 0.03000000
v 0.04991130 -0.00870972 0.03000000
v 0.05029210 -0.00873801 0.03000000
v 0.05067360 -0.00874967 0.03000000
v 0.05105540 -0.00874467 0.03000000
v 0.05143650 -0.00872303 0.03000000
v 0.05181640 -0.00868478 0.03000000
v 0.05219420 -0.00863000 0.03000000
v 0.05256920 -0.00855879 0.03000000
v 0.05294080 -0.00847129 0.03000000
v 0.05330830 -0.00836767 0.03000000
v 0.05367080 -0.00824811 0.03000000
v 0.05402780 -0.00811286 0.03000000
v 0.05437860 -0.00796216 0.03000000
v 0.05472240 -0.00779631 0.03000000
v 0.05505870 -0.00761561 0.03000000
v 0.05538680 -0.00742042 0.03000000
v 0.05570610 -0.00721110 0.03000000
v 0.05601590 -0.00698806 0.03000000
v 0.05631570 -0.00675172 0.03000000
v 0.05660490 -0.00650252 0.03000000
v 0.05688300 -0.00624094 0.03000000
v 0.05714930 -0.00596749 0.03000000
v 0.05740360 -0.00568267 0.03000000
v 0.05764510 -0.00538704 0.03000000
v 0.05787350 -0.00508115 0.03000000
v 0.05808840 -0.00476559 0.03000000
v 0.05828930 -0.00444096 0.03000000
v 0.05847580 -0.00410788 0.03000000
v 0.05864760 -0.00376697 0.03000000
v 0.05880440 -0.00341890 0.03000000
v 0.05894590 -0.00306431 0.03000000
v 0.05907170 -0.00270390 0.03000000
v 0.05918180 -0.00233834 0.03000000
v 0.05927570 -0.00196832 0.03000000
v 0.05935350 -0.00159456 0.03000000
v 0.05941480 -0.00121776 0.03000000
v 0.05945970 -0.00083865 0.03000000
v 0.05948800 -0.00045794 0.03000000
v 0.05949970 -0.00007636 0.03000000
v 0.05949470 0.00030537 0.03000000
v 0.05947300 0.00068652 0.03000000
v 0.05943480 0.00106636 0.03000000
v 0.05938000 0.00144417 0.03000000
v 0.05930880 0.00181923 0.03000000
v 0.05922130 0.00219083 0.03000000
v 0.05911770 0.00255825 0.03000000
v 0.05899810 0.00292081 0.03000000
v 0.05886290 0.00327781 0.03000000
v 0.05871220 0.00362857 0.03000000
v 0.05854630 0.00397242 0.03000000
v 0.05836560 0.00430871 0.03000000
v 0.05817040 0.00463679 0.03000000
v 0.05796110 0.00495605 0.03000000
v 0.05773810 0.00526588 0.03000000
v 0.05750170 0.00556568 0.03000000
v 0.05725250 0.00585489 0.03000000
v 0.05699090 0.00613296 0.03000000
v 0.05671750 0.00639934 0.03000000
v 0.05643270 0.00665355 0.03000000
v 0.05613700 0.00689509 0.03000000
v 0.05583120 0.00712351 0.03000000
v 0.05551560 0.00733837 0.03000000
v 0.05519100 0.00753926 0.03000000
v 0.05485790 0.00772579 0.03000000
v 0.05451700 0.00789762 0.03000000
v 0.05416890 0.00805442 0.03000000
v 0.05381430 0.00819588 0.03000000
v 0.05345390 0.00832174 0.03000000
v 0.05308830 0.00843177 0.03000000
v 0.05271830 0.00852574 0.03000000
v 0.05234460 0.00860348 0.03000000
v 0.05196780 0.00866485 0.03000000
v 0.05158870 0.00870972 0.03000000
v 0.05120790 0.00873801 0.03000000
v 0.05082640 0.00874967 0.03000000
v 0.05044460 0.00874467 0.03000000
v 0.05006350 0.00872303 0.03000000
v 0.04968360 0.00868478 0.03000000
v 0.04930580 0.00863000 0.03000000
v 0.04893080 0.00855879 0.03000000
v 0.04855920 0.00847129 0.03000000
v 0.04819170 0.00836767 0.03000000
v 0.04782920 0.00824811 0.03000000
v 0.04747220 0.00811286 0.03000000
v 0.04712140 0.00796216 0.03000000
v 0.04677760 0.00779631 0.03000000
v 0.04644130 0.00761561 0.03000000
v 0.04611320 0.00742042 0.03000000
v 0.04579390 0.00721110 0.03000000
v 0.04548410 0.00698806 0.03000000
v 0.04518430 0.00675172 0.03000000
v 0.04489510 0.00650252 0.03000000
v 0.04461700 0.00624094 0.03000000
v 0.04435070 0.00596749 0.03000000
v 0.04409640 0.00568267 0.03000000
v 0.04385490 0.00538704 0.03000000
v 0.04362650 0.00508115 0.03000000
v 0.04341160 0.00476559 0.03000000
v 0.04321070 0.00444096 0.03000000
v 0.04302420 0.00410788 0.03000000
v 0.04285240 0.00376697 0.03000000
v 0.04269560 0.00341890 0.03000000
v 0.04255410 0.00306431 0.03000000
v 0.05053190 -0.00499524 0.03000000
v 0.05075000 -0.00500000 0.03000000
v 0.05031420 -0.00498097 0.03000000
v 0.05009740 -0.00495722 0.03000000
v 0.04988180 -0.00492404 0.03000000
v 0.04966780 -0.00488148 0.03000000
v 0.04945590 -0.00482963 0.03000000
v 0.04924650 -0.00476858 0.03000000
v 0.04903990 -0.00469846 0.03000000
v 0.04883660 -0.00461940 0.03000000
v 0.04863690 -0.00453154 0.03000000
v 0.04844130 -0.00443505 0.03000000
v 0.04825000 -0.00433013 0.03000000
v 0.04806350 -0.00421696 0.03000000
v 0.04788210 -0.00409576 0.03000000
v 0.04770620 -0.00396677 0.03000000
v 0.04753610 -0.00383022 0.03000000
v 0.04737200 -0.00368639 0.03000000
v 0.04721450 -0.00353553 0.03000000
v 0.04706360 -0.00337795 0.03000000
v 0.04691980 -0.00321394 0.03000000
v 0.04678320 -0.00304381 0.03000000
v 0.04665420 -0.00286788 0.03000000
v 0.04653300 -0.00268650 0.03000000
v 0.04641990 -0.00250000 0.03000000
v 0.04631490 -0.00230874 0.03000000
v 0.04621850 -0.00211309 0.03000000
v 0.04613060 -0.00191342 0.03000000
v 0.04605150 -0.00171010 0.03000000
v 0.04598140 -0.00150353 0.03000000
v 0.04592040 -0.00129410 0.03000000
v 0.04586850 -0.00108220 0.03000000
v 0.04582600 -0.00086824 0.03000000
v 0.04579280 -0.00065263 0.03000000
v 0.04576900 -0.00043578 0.03000000
v 0.04575480 -0.00021810 0.03000000
v 0.04575000 -0.00000000 0.03000000
v 0.04575480 0.00021810 0.03000000
v 0.04576900 0.00043578 0.03000000
v 0.04579280 0.00065263 0.03000000
v 0.04582600 0.00086824 0.03000000
v 0.04586850 0.00108220 0.03000000
v 0.04592040 0.00129410 0.03000000
v 0.04598140 0.00150353 0.03000000
v 0.04605150 0.00171010 0.03000000
v 0.04613060 0.00191342 0.03000000
v 0.04621850 0.00211309 0.03000000
v 0.04631490 0.00230874 0.03000000
v 0.04641990 0.00250000 0.03000000
v 0.04653300 0.00268650 0.03000000
v 0.04665420 0.00286788 0.03000000
v 0.04678320 0.00304381 0.03000000
v 0.04691980 0.00321394 0.03000000
v 0.04706360 0.00337795 0.03000000
v 0.04721450 0.00353553 0.03000000
v 0.04737200 0.00368639 0.03000000
v 0.04753610 0.00383022 0.03000000
v 0.04770620 0.00396677 0.03000000
v 0.04788210 0.00409576 0.03000000
v 0.04806350 0.00421696 0.03000000
v 0.04825000 0.00433013 0.03000000
v 0.04844130 0.00443505 0.03000000
v 0.04863690 0.00453154 0.03000000
v 0.04883660 0.00461940 0.03000000
v 0.04903990 0.00469846 0.03000000
v 0.04924650 0.00476858 0.03000000
v 0.04945590 0.00482963 0.03000000
v 0.04966780 0.00488148 0.03000000
v 0.04988180 0.00492404 0.03000000
v 0.05009740 0.00495722 0.03000000
v 0.05031420 0.00498097 0.03000000
v 0.05053190 0.00499524 0.03000000
v 0.05075000 0.00500000 0.03000000
v 0.05096810 0.00499524 0.03000000
v 0.05118580 0.00498097 0.03000000
v 0.05140260 0.00495722 0.03000000
v 0.05161820 0.00492404 0.03000000
v 0.05183220 0.00488148 0.03000000
v 0.05204410 0.00482963 0.03000000
v 0.05225350 0.00476858 0.03000000
v 0.05246010 0.00469846 0.03000000
v 0.05266340 0.00461940 0.03000000
v 0.05286310 0.00453154 0.03000000
v 0.05305870 0.00443505 0.03000000
v 0.05325000 0.00433013 0.03000000
v 0.05343650 0.00421696 0.03000000
v 0.05361790 0.00409576 0.03000000
v 0.05379380 0.00396677 0.03000000
v 0.05396390 0.00383022 0.03000000
v 0.05412800 0.00368639 0.03000000
v 0.05428550 0.00353553 0.03000000
v 0.05443640 0.00337795 0.03000000
v 0.05458020 0.00321394 0.03000000
v 0.05471680 0.00304381 0.03000000
v 0.05484580 0.00286788 0.03000000
v 0.05496700 0.00268650 0.03000000
v 0.05508010 0.00250000 0.03000000
v 0.05518510 0.00230874 0.03000000
v 0.05528150 0.00211309 0.03000000
v 0.05536940 0.00191342 0.03000000
v 0.05544850 0.00171010 0.03000000
v 0.05551860 0.00150353 0.03000000
v 0.05557960 0.00129410 0.03000000
v 0.05563150 0.00108220 0.03000000
v 0.05567400 0.00086824 0.03000000
v 0.05570720 0.00065263 0.03000000
v 0.05573100 0.00043578 0.03000000
v 0.05574520 0.00021810 0.03000000
v 0.05575000 -0.00000000 0.03000000
v 0.05574520 -0.00021810 0.03000000
v 0.05573100 -0.00043578 0.03000000
v 0.05570720 -0.00065263 0.03000000
v 0.05567400 -0.00086824 0.03000000
v 0.05563150 -0.00108220 0.03000000
v 0.05557960 -0.00129410 0.03000000
v 0.05551860 -0.00150353 0.03000000
v 0.05544850 -0.00171010 0.03000000
v 0.05536940 -0.00191342 0.03000000
v 0.05528150 -0.00211309 0.03000000
v 0.05518510 -0.00230874 0.03000000
v 0.05508010 -0.00250000 0.03000000
v 0.05496700 -0.00268650 0.03000000
v 0.05484580 -0.00286788 0.03000000
v 0.05471680 -0.00304381 0.03000000
v 0.05458020 -0.00321394 0.03000000
v 0.05443640 -0.00337795 0.03000000
v 0.05428550 -0.00353553 0.03000000
v 0.05412800 -0.00368639 0.03000000
v 0.05396390 -0.00383022 0.03000000
v 0.05379380 -0.00396677 0.03000000
v 0.05361790 -0.00409576 0.03000000
v 0.05343650 -0.00421696 0.03000000
v 0.05325000 -0.00433013 0.03000000
v 0.05305870 -0.00443505 0.03000000
v 0.05286310 -0.00453154 0.03000000
v 0.05266340 -0.00461940 0.03000000
v 0.05246010 -0.00469846 0.03000000
v 0.05225350 -0.00476858 0.03000000
v 0.05204410 -0.00482963 0.03000000
v 0.05183220 -0.00488148 0.03000000
v 0.05161820 -0.00492404 0.03000000
v 0.05140260 -0.00495722 0.03000000
v 0.05118580 -0.00498097 0.03000000
v 0.05096810 -0.00499524 0.03000000
f 1 2 3
f 4 3 5
f 2 6 7
f 7 8 2
f 8 9 2
f 2 1 6
f 9 10 2
f 5 11 12
f 5 13 11
f 5 14 13
f 12 15 5
f 5 16 14
f 15 17 5
f 10 18 2
f 5 17 4
f 3 4 1
f 19 20 21
f 22 21 23
f 23 24 25
f 23 26 24
f 23 27 26
f 25 28 23
f 23 29 27
f 20 30 31
f 31 32 20
f 32 33 20
f 20 19 30
f 33 34 20
f 34 35 20
f 28 36 23
f 23 36 22
f 21 22 19
f 17 19 22
f 4 22 36
f 36 1 4
f 22 4 17
f 37 38 39
f 40 41 38
f 42 43 41
f 44 45 43
f 46 47 45
f 48 49 47
f 50 51 49
f 52 53 51
f 54 55 53
f 56 57 55
f 58 59 57
f 18 10 27
f 27 29 18
f 60 39 18
f 27 10 9
f 26 9 8
f 8 7 25
f 7 6 28
f 28 6 1
f 1 36 28
f 28 25 7
f 25 24 8
f 8 24 26
f 9 26 27
f 29 60 18
f 57 56 58
f 55 54 56
f 53 52 54
f 51 50 52
f 49 48 50
f 47 46 48
f 45 44 46
f 43 42 44
f 41 40 42
f 38 37 40
f 39 60 37
f 61 62 63
f 64 65 61
f 66 67 65
f 68 69 67
f 70 71 69
f 72 73 71
f 74 73 72
f 75 76 74
f 77 78 76
f 79 80 78
f 81 82 80
f 35 34 14
f 14 16 35
f 82 81 35
f 14 34 33
f 33 32 11
f 32 31 12
f 12 31 30
f 15 30 19
f 19 17 15
f 30 15 12
f 12 11 32
f 11 13 33
f 33 13 14
f 16 82 35
f 80 79 81
f 78 77 79
f 76 75 77
f 74 83 75
f 72 83 74
f 71 70 72
f 69 68 70
f 67 66 68
f 65 64 66
f 61 84 64
f 63 84 61
f 85 66 64
f 85 83 72
f 85 81 79
f 85 68 66
f 72 70 85
f 79 77 85
f 70 68 85
f 77 75 85
f 86 40 37
f 86 48 46
f 86 56 54
f 75 83 85
f 86 42 40
f 86 50 48
f 54 52 86
f 85 35 81
f 86 44 42
f 52 50 86
f 85 87 88
f 64 84 85
f 46 44 86
f 88 89 85
f 85 90 91
f 84 63 85
f 37 60 86
f 91 87 85
f 63 92 85
f 86 58 56
f 86 93 94
f 86 95 96
f 86 97 98
f 86 99 100
f 85 101 102
f 92 90 85
f 86 103 58
f 86 104 93
f 86 105 95
f 100 97 86
f 85 106 107
f 85 108 109
f 89 101 85
f 86 110 103
f 94 111 86
f 86 112 113
f 98 105 86
f 114 107 115
f 85 116 106
f 85 117 118
f 85 119 120
f 102 108 85
f 111 110 86
f 96 112 86
f 86 121 122
f 86 123 124
f 125 126 127
f 115 128 114
f 118 116 85
f 120 129 85
f 109 130 85
f 113 104 86
f 124 121 86
f 86 131 132
f 125 133 131
f 125 134 126
f 114 135 136
f 107 114 85
f 130 119 85
f 122 99 86
f 132 137 86
f 127 133 125
f 114 138 135
f 129 117 85
f 137 123 86
f 125 139 134
f 125 140 141
f 125 142 143
f 114 144 145
f 114 146 147
f 128 138 114
f 131 86 125
f 143 140 125
f 125 148 149
f 150 23 21
f 114 151 144
f 136 146 114
f 141 139 125
f 149 152 125
f 21 153 150
f 20 35 85
f 114 154 155
f 147 151 114
f 152 142 125
f 125 156 157
f 23 150 86
f 85 153 20
f 155 158 114
f 145 159 114
f 157 148 125
f 21 20 153
f 114 160 161
f 159 154 114
f 86 29 23
f 158 160 114
f 161 162 114
f 60 29 86
f 163 164 165
f 166 167 168
f 163 169 164
f 163 170 171
f 168 172 166
f 173 174 175
f 173 176 177
f 171 169 163
f 172 178 166
f 179 180 181
f 182 183 184
f 185 186 183
f 173 187 186
f 177 174 173
f 188 189 190
f 191 192 193
f 194 195 196
f 194 197 198
f 178 163 166
f 199 200 201
f 202 203 179
f 204 205 203
f 206 184 205
f 184 207 182
f 184 206 207
f 183 208 185
f 183 182 208
f 173 209 187
f 186 210 173
f 173 211 212
f 173 213 214
f 175 215 173
f 188 216 189
f 188 217 218
f 193 219 191
f 220 221 222
f 220 223 224
f 220 225 226
f 227 228 229
f 230 231 232
f 233 234 235
f 198 195 194
f 196 236 194
f 166 237 167
f 176 238 239
f 201 176 199
f 203 202 204
f 181 202 179
f 205 240 206
f 205 204 240
f 186 185 210
f 173 241 242
f 212 243 173
f 215 213 173
f 218 216 188
f 219 244 191
f 222 245 220
f 245 246 220
f 226 223 220
f 227 247 228
f 227 248 249
f 250 251 252
f 253 254 255
f 256 257 258
f 230 259 231
f 230 260 261
f 235 262 233
f 263 264 265
f 263 266 267
f 194 268 197
f 165 166 163
f 263 269 270
f 263 271 272
f 263 273 274
f 176 275 276
f 201 238 176
f 242 277 173
f 277 278 173
f 173 279 280
f 214 211 173
f 244 188 191
f 224 221 220
f 220 281 282
f 220 283 284
f 249 247 227
f 252 285 250
f 253 286 254
f 253 287 288
f 258 289 256
f 261 259 230
f 262 290 233
f 291 292 293
f 263 294 295
f 267 264 263
f 263 296 297
f 194 298 299
f 236 298 194
f 237 300 268
f 166 301 237
f 270 302 263
f 302 303 263
f 272 304 263
f 263 305 306
f 274 307 263
f 176 308 309
f 176 310 311
f 239 275 176
f 278 209 173
f 173 312 313
f 243 279 173
f 191 314 192
f 220 246 315
f 282 225 220
f 284 316 220
f 285 227 250
f 288 286 253
f 289 317 256
f 318 319 320
f 321 322 323
f 290 230 233
f 291 324 292
f 291 325 326
f 327 328 329
f 265 294 263
f 297 330 263
f 330 266 263
f 194 331 332
f 299 333 194
f 301 300 237
f 304 269 263
f 307 305 263
f 176 334 335
f 309 336 176
f 336 334 176
f 276 310 176
f 280 312 173
f 190 191 188
f 337 338 339
f 220 340 341
f 220 342 343
f 316 344 220
f 345 346 347
f 345 348 349
f 345 350 351
f 229 250 227
f 317 253 256
f 318 352 319
f 318 353 354
f 321 355 322
f 233 356 234
f 357 358 359
f 326 324 291
f 327 360 328
f 327 361 362
f 363 364 365
f 332 263 194
f 332 296 263
f 194 333 366
f 268 194 237
f 263 367 368
f 306 271 263
f 335 369 176
f 369 177 176
f 311 308 176
f 313 241 173
f 370 371 173
f 372 373 374
f 372 375 376
f 372 377 378
f 372 379 380
f 314 381 382
f 191 383 314
f 384 385 386
f 384 387 388
f 337 389 338
f 337 390 391
f 220 392 393
f 220 394 395
f 315 340 220
f 344 342 220
f 345 396 397
f 349 346 345
f 351 398 345
f 399 400 401
f 399 402 403
f 399 404 405
f 406 407 408
f 251 409 410
f 250 411 251
f 412 413 414
f 256 412 257
f 415 416 417
f 418 419 420
f 421 422 423
f 424 425 426
f 354 352 318
f 427 428 429
f 321 430 355
f 321 431 432
f 433 434 435
f 433 436 437
f 232 233 230
f 438 439 440
f 438 441 442
f 438 443 444
f 359 445 357
f 445 446 357
f 447 448 291
f 449 450 451
f 449 452 453
f 362 360 327
f 365 454 363
f 455 456 457
f 295 273 263
f 368 199 263
f 368 200 199
f 173 210 370
f 372 458 459
f 374 460 372
f 372 461 375
f 376 373 372
f 380 377 372
f 378 461 372
f 372 382 462
f 383 381 314
f 386 463 384
f 463 464 384
f 384 465 466
f 388 467 384
f 384 468 469
f 391 389 337
f 220 470 471
f 395 392 220
f 393 472 220
f 343 281 220
f 473 474 475
f 476 477 478
f 345 479 480
f 397 481 345
f 398 348 345
f 345 482 483
f 345 484 485
f 345 486 487
f 399 488 400
f 399 489 402
f 405 490 399
f 408 491 406
f 491 492 406
f 411 409 251
f 414 493 412
f 255 256 253
f 415 494 416
f 415 495 496
f 497 498 499
f 500 501 502
f 418 503 419
f 418 504 505
f 423 506 421
f 507 508 509
f 510 511 512
f 426 513 424
f 424 514 515
f 424 516 517
f 518 519 318
f 427 520 428
f 427 521 522
f 523 524 525
f 526 527 528
f 432 430 321
f 437 434 433
f 435 529 433
f 433 530 531
f 356 532 530
f 233 533 356
f 438 534 439
f 442 535 438
f 444 536 438
f 357 537 538
f 357 539 540
f 446 541 357
f 293 447 291
f 542 543 544
f 545 546 547
f 453 450 449
f 449 548 549
f 449 550 551
f 454 327 363
f 455 552 553
f 457 554 455
f 455 555 556
f 557 558 559
f 560 561 562
f 563 564 561
f 565 566 567
f 565 568 569
f 565 570 571
f 572 573 574
f 573 237 194
f 366 331 194
f 303 367 263
f 575 576 371
f 460 458 372
f 372 577 578
f 382 372 314
f 466 385 384
f 467 579 384
f 384 580 581
f 469 582 384
f 283 583 584
f 283 585 586
f 587 588 589
f 590 591 592
f 593 594 337
f 471 593 220
f 471 595 593
f 220 472 596
f 341 394 220
f 475 597 473
f 597 598 473
f 473 599 600
f 473 601 602
f 476 603 477
f 476 604 605
f 481 479 345
f 483 350 345
f 485 606 345
f 606 607 345
f 487 608 345
f 608 609 345
f 399 610 488
f 490 489 399
f 406 492 611
f 406 612 407
f 406 613 614
f 410 406 251
f 615 616 617
f 414 618 493
f 256 619 412
f 620 621 622
f 620 623 624
f 496 494 415
f 499 625 497
f 500 626 627
f 501 628 502
f 629 630 631
f 505 503 418
f 506 632 421
f 633 634 635
f 507 636 508
f 507 637 638
f 512 639 510
f 640 641 642
f 640 643 644
f 640 645 646
f 424 647 648
f 515 425 424
f 517 649 424
f 320 518 318
f 522 520 427
f 525 650 523
f 526 651 652
f 528 653 526
f 323 654 321
f 531 436 433
f 533 532 356
f 655 656 657
f 658 659 660
f 535 534 438
f 536 661 438
f 357 662 663
f 538 664 357
f 664 665 357
f 357 666 667
f 540 668 357
f 668 666 357
f 669 448 670
f 447 671 448
f 672 673 674
f 672 675 676
f 544 672 542
f 677 678 545
f 679 680 678
f 681 682 680
f 683 684 682
f 685 686 684
f 449 687 688
f 549 452 449
f 551 689 449
f 449 690 691
f 449 692 693
f 329 363 327
f 694 695 696
f 694 697 698
f 455 699 700
f 455 701 702
f 455 703 704
f 455 705 706
f 554 552 455
f 455 707 708
f 555 709 556
f 710 711 557
f 712 562 711
f 562 713 560
f 562 712 713
f 561 714 563
f 561 560 714
f 715 567 564
f 565 716 566
f 567 717 565
f 565 718 568
f 569 719 565
f 571 720 565
f 720 718 565
f 721 722 572
f 371 370 575
f 462 577 372
f 384 464 723
f 579 465 384
f 582 580 384
f 384 459 724
f 584 725 283
f 725 284 283
f 586 726 283
f 726 583 283
f 589 283 587
f 727 337 590
f 339 593 337
f 337 727 390
f 595 594 593
f 728 220 593
f 729 730 731
f 729 732 733
f 729 734 735
f 473 736 737
f 473 738 739
f 598 740 473
f 602 599 473
f 473 741 742
f 605 603 476
f 345 743 744
f 347 396 345
f 745 746 486
f 403 610 399
f 399 747 748
f 399 749 750
f 406 751 752
f 406 753 754
f 406 755 756
f 611 757 406
f 410 613 406
f 758 759 615
f 760 761 759
f 762 763 761
f 764 765 766
f 493 767 768
f 619 413 412
f 61 65 67
f 769 770 771
f 769 772 773
f 620 774 775
f 622 776 620
f 624 777 620
f 777 621 620
f 778 779 780
f 778 781 782
f 778 783 784
f 778 785 786
f 625 415 497
f 500 787 788
f 502 626 500
f 789 790 629
f 791 792 790
f 793 794 792
f 795 796 797
f 795 798 799
f 800 801 802
f 632 418 421
f 633 803 634
f 638 636 507
f 639 804 510
f 640 805 641
f 644 806 640
f 646 807 640
f 424 808 647
f 648 809 424
f 424 810 811
f 424 812 813
f 649 514 424
f 424 814 815
f 424 816 817
f 818 519 819
f 518 820 519
f 524 821 822
f 650 427 523
f 526 823 824
f 653 651 526
f 526 825 826
f 827 828 829
f 830 831 321
f 832 833 834
f 832 835 836
f 433 837 838
f 433 529 839
f 530 433 356
f 655 840 656
f 841 842 843
f 658 844 659
f 660 841 658
f 658 845 846
f 847 848 849
f 661 441 438
f 850 851 852
f 663 853 357
f 357 665 854
f 667 537 357
f 541 539 357
f 669 855 856
f 671 670 448
f 674 857 672
f 857 858 672
f 672 859 860
f 676 861 672
f 861 862 672
f 544 863 672
f 678 677 679
f 547 677 545
f 680 864 681
f 680 679 864
f 682 865 683
f 682 681 865
f 684 866 685
f 684 683 866
f 688 694 449
f 688 697 694
f 689 548 449
f 691 867 449
f 867 550 449
f 693 868 449
f 868 690 449
f 364 869 870
f 363 871 364
f 694 872 873
f 698 695 694
f 696 872 694
f 702 699 455
f 704 874 455
f 553 705 455
f 556 707 455
f 711 710 712
f 559 710 557
f 564 875 715
f 564 563 875
f 567 715 717
f 565 719 876
f 565 877 878
f 565 455 879
f 194 574 573
f 575 880 576
f 880 314 372
f 578 379 372
f 384 881 882
f 724 468 384
f 581 387 384
f 589 883 283
f 592 727 590
f 596 470 220
f 593 884 728
f 729 885 730
f 733 886 729
f 735 887 729
f 473 888 736
f 737 889 473
f 739 890 473
f 890 891 473
f 600 474 473
f 742 892 473
f 892 601 473
f 473 893 894
f 473 895 896
f 473 897 898
f 899 900 476
f 480 743 345
f 607 901 345
f 486 345 745
f 401 902 399
f 399 903 747
f 750 904 399
f 749 345 905
f 754 751 406
f 756 906 406
f 406 907 908
f 406 757 909
f 614 612 406
f 910 911 912
f 913 914 915
f 913 916 917
f 913 918 919
f 759 758 760
f 617 758 615
f 761 920 762
f 761 760 920
f 921 922 763
f 923 924 922
f 764 925 924
f 766 926 764
f 926 927 764
f 764 928 929
f 493 930 931
f 493 932 933
f 493 934 935
f 618 767 493
f 69 62 61
f 71 936 62
f 74 937 936
f 78 938 937
f 82 939 938
f 940 941 939
f 940 942 943
f 769 944 945
f 769 946 770
f 771 944 769
f 773 947 769
f 947 948 769
f 769 949 950
f 775 951 620
f 620 952 953
f 782 779 778
f 780 954 778
f 778 955 783
f 784 956 778
f 778 957 958
f 786 959 778
f 778 960 961
f 962 963 964
f 417 497 415
f 965 966 967
f 500 968 969
f 500 970 971
f 788 972 500
f 972 970 500
f 500 973 974
f 500 975 976
f 627 977 500
f 790 789 791
f 631 789 629
f 792 978 793
f 792 791 978
f 979 980 794
f 981 797 980
f 795 982 796
f 797 983 795
f 799 984 795
f 984 985 795
f 795 986 987
f 795 988 989
f 800 990 991
f 802 992 800
f 992 990 800
f 421 993 422
f 633 994 803
f 633 995 996
f 804 507 510
f 806 805 640
f 807 997 640
f 998 999 1000
f 998 1001 1002
f 998 1003 1004
f 998 1005 1006
f 998 1007 1008
f 998 1009 1010
f 1011 1012 1013
f 424 1014 808
f 424 1015 1016
f 424 1017 810
f 811 1015 424
f 813 1018 424
f 1018 1017 424
f 424 1019 1020
f 815 516 424
f 817 1021 424
f 820 819 519
f 1022 1023 1024
f 822 1025 524
f 429 523 427
f 652 823 526
f 526 1026 1027
f 826 1028 526
f 1028 1026 526
f 1029 321 827
f 654 830 321
f 321 1029 431
f 836 833 832
f 834 1030 832
f 433 1031 1032
f 433 1033 1034
f 433 1035 1036
f 433 1037 1038
f 838 1039 433
f 1039 1037 433
f 433 1040 1041
f 1042 1043 1044
f 1042 1032 1045
f 655 1046 840
f 655 1047 1048
f 841 660 842
f 843 1049 841
f 846 844 658
f 658 1050 1051
f 658 1052 1053
f 1054 1055 1056
f 847 1057 848
f 847 1058 1059
f 438 1060 443
f 850 1061 1062
f 850 1063 1064
f 852 1065 850
f 850 1066 1067
f 850 1068 1069
f 850 1070 1071
f 850 1072 1073
f 854 662 357
f 669 1074 1075
f 669 1076 855
f 856 1077 669
f 670 1078 669
f 672 1079 1080
f 672 1081 1082
f 860 1083 672
f 672 1084 1085
f 672 1086 1087
f 863 675 672
f 1088 1089 686
f 451 687 449
f 449 1090 1091
f 449 1092 1093
f 449 1094 1095
f 449 870 1096
f 871 869 364
f 694 1097 1098
f 874 701 455
f 708 456 455
f 879 877 565
f 459 384 372
f 882 587 384
f 882 588 587
f 883 585 283
f 593 1099 884
f 1100 1101 728
f 886 885 729
f 887 1102 729
f 1103 1104 1105
f 1103 1106 1107
f 1103 1108 1109
f 1103 1110 1111
f 473 891 888
f 473 740 738
f 894 1112 473
f 1112 741 473
f 898 895 473
f 473 1113 1114
f 478 899 476
f 901 482 345
f 609 1115 345
f 399 1116 404
f 904 903 399
f 905 1117 749
f 1118 1119 251
f 406 1120 1121
f 906 753 406
f 908 1122 406
f 1122 1123 406
f 912 1124 910
f 910 1125 1126
f 915 1127 913
f 917 1128 913
f 913 1129 1130
f 918 1131 919
f 763 1132 921
f 763 762 1132
f 922 1133 923
f 922 921 1133
f 924 1134 764
f 924 923 1134
f 927 1135 764
f 764 1136 928
f 929 1137 764
f 493 1138 1139
f 931 1140 493
f 1140 1138 493
f 493 1141 932
f 933 930 493
f 768 934 493
f 62 69 71
f 67 69 61
f 936 73 74
f 936 71 73
f 937 76 78
f 937 74 76
f 938 80 82
f 938 78 80
f 943 941 940
f 939 16 940
f 45 53 55
f 57 39 38
f 1142 1143 1144
f 1142 1145 1146
f 1142 1147 1148
f 945 1149 769
f 769 1150 1151
f 950 772 769
f 769 1152 1153
f 1154 1155 1156
f 1154 1157 1158
f 1154 1159 1160
f 776 774 620
f 953 1161 620
f 1161 623 620
f 620 1162 1163
f 1164 1165 1166
f 778 956 781
f 778 1167 955
f 958 1168 778
f 1168 1167 778
f 778 1169 1170
f 778 1171 1172
f 778 1173 1174
f 961 785 778
f 964 965 962
f 964 1175 965
f 962 1176 1177
f 962 1178 1179
f 962 1180 1181
f 962 1182 1183
f 962 1184 1185
f 498 1186 1187
f 497 1188 498
f 967 1189 965
f 969 1190 500
f 1190 1191 500
f 971 1192 500
f 1192 968 500
f 974 787 500
f 977 975 500
f 794 1193 979
f 794 793 1193
f 980 1194 981
f 980 979 1194
f 797 981 983
f 795 1195 1196
f 985 1195 795
f 989 986 795
f 987 798 795
f 795 500 1197
f 800 1198 1199
f 800 1200 1201
f 420 421 418
f 996 994 633
f 510 1202 511
f 1203 1204 1205
f 997 643 640
f 998 1206 1207
f 998 1208 1209
f 998 1210 1211
f 1002 999 998
f 1006 1003 998
f 1004 1212 998
f 998 1213 1007
f 1008 1005 998
f 998 1214 1009
f 1010 1215 998
f 1013 1216 1011
f 1016 1014 424
f 513 1019 424
f 424 1217 1218
f 1021 1219 424
f 424 1220 1221
f 818 1222 1223
f 819 1224 818
f 1022 1225 1226
f 1024 1227 1022
f 1227 1225 1022
f 1022 1228 1229
f 822 1230 1025
f 523 1231 524
f 1232 1233 1234
f 824 1235 526
f 829 1029 827
f 830 832 1236
f 1030 1237 832
f 1034 1031 433
f 1036 1238 433
f 1038 1035 433
f 839 1040 433
f 1044 1239 1042
f 1239 1240 1042
f 1045 1241 1042
f 1241 1043 1042
f 1048 1046 655
f 1051 1242 658
f 1242 845 658
f 658 1243 1244
f 1053 1245 658
f 1245 1243 658
f 1246 1247 1248
f 1249 1250 1251
f 1054 1252 1253
f 1056 1254 1054
f 1254 1252 1054
f 1059 1057 847
f 440 1255 438
f 1062 1256 850
f 1256 1257 850
f 1065 1063 850
f 1069 1066 850
f 850 1258 1259
f 1071 1260 850
f 1260 1258 850
f 850 1261 1262
f 850 1263 1072
f 1073 1261 850
f 1264 1265 1266
f 1267 1268 1269
f 1267 1270 1271
f 1267 1272 1273
f 1274 1275 448
f 669 1276 1277
f 1075 1278 669
f 1278 1276 669
f 1077 1074 669
f 1078 1279 669
f 357 1280 1281
f 1080 1282 672
f 1282 1283 672
f 858 1081 672
f 1083 1284 672
f 672 1285 1286
f 1087 1084 672
f 686 1287 1088
f 686 685 1287
f 1288 1289 364
f 1093 1090 449
f 1091 692 449
f 1095 1290 449
f 1290 1092 449
f 870 449 364
f 1098 555 694
f 1098 709 555
f 873 1291 694
f 455 1292 1293
f 706 703 455
f 878 570 565
f 372 576 880
f 723 881 384
f 728 884 1100
f 1102 732 729
f 1103 1294 1295
f 1107 1104 1103
f 1109 1296 1103
f 1296 1297 1103
f 1111 1298 1103
f 1103 1299 1300
f 1103 1301 1302
f 1103 1303 1304
f 1103 1305 1306
f 1307 1308 1309
f 1114 897 473
f 473 1310 1311
f 1312 1313 1314
f 1312 1315 1316
f 1312 900 1317
f 899 1318 900
f 1115 484 345
f 399 1319 1116
f 1117 750 749
f 399 1320 1321
f 1320 1119 1118
f 1119 1322 251
f 406 1323 1324
f 752 1120 406
f 406 1123 1325
f 909 907 406
f 910 1326 1327
f 1126 911 910
f 1124 1326 910
f 910 1324 1328
f 913 1329 1330
f 1127 1331 913
f 1128 1332 913
f 913 1333 1334
f 1130 1335 913
f 1335 1333 913
f 919 1336 913
f 1135 925 764
f 493 1337 1338
f 493 1339 1340
f 1139 1339 493
f 935 1141 493
f 1341 1342 1343
f 1341 1344 1345
f 1341 1346 1347
f 1348 1349 1350
f 1348 1351 1352
f 940 1353 942
f 45 51 53
f 45 47 49
f 38 41 57
f 1146 1143 1142
f 1144 1354 1142
f 1148 1355 1142
f 1355 1145 1142
f 1142 1356 1357
f 1358 1359 1360
f 1361 769 1362
f 1149 1362 769
f 769 1363 1364
f 1151 1365 769
f 1365 1363 769
f 1153 949 769
f 1154 1366 1155
f 1158 1367 1154
f 1160 1368 1154
f 620 1369 1370
f 620 1371 1372
f 951 1371 620
f 1163 1373 620
f 1373 952 620
f 1166 1374 1164
f 780 1375 954
f 1172 1169 778
f 1170 957 778
f 959 1173 778
f 1376 1377 1378
f 1379 1380 1381
f 1177 963 962
f 1181 1178 962
f 962 1382 1383
f 1183 1384 962
f 962 1385 1386
f 962 1387 1184
f 1185 1388 962
f 962 1187 1389
f 1188 1186 498
f 1189 1390 965
f 976 973 500
f 1197 988 795
f 991 1198 800
f 1201 1391 800
f 1391 801 800
f 800 1392 1393
f 1394 1395 1396
f 993 1397 1398
f 421 1399 993
f 800 1400 1401
f 1402 1403 1404
f 1405 1406 1407
f 635 1408 633
f 509 510 507
f 1409 1410 1411
f 1203 1412 1413
f 1203 1414 1415
f 1203 1416 1417
f 1203 1418 1419
f 1203 1420 1421
f 1205 1422 1203
f 640 1423 1424
f 640 1425 645
f 1209 1206 998
f 1000 1210 998
f 998 1426 1427
f 998 1212 1428
f 1215 1213 998
f 1429 1430 1431
f 809 1432 1011
f 648 1432 809
f 1020 812 424
f 1218 1433 424
f 1433 814 424
f 1221 816 424
f 1434 424 809
f 818 1435 1436
f 818 1437 1438
f 1223 1439 818
f 1439 1437 818
f 818 1440 1441
f 818 1442 1443
f 818 1444 1445
f 818 1446 1447
f 818 1448 1449
f 1224 1450 818
f 1022 1451 1452
f 1226 1453 1022
f 1453 1454 1022
f 1229 1023 1022
f 1022 1455 1456
f 1457 1458 1459
f 1457 1460 1461
f 1457 1462 1463
f 1025 1464 1465
f 1025 1466 1467
f 1025 1468 1469
f 1025 1470 1471
f 1231 821 524
f 1234 1472 1232
f 1472 1473 1232
f 1232 1474 1475
f 1027 527 526
f 526 1476 1477
f 526 1478 1479
f 1236 831 830
f 1237 1236 832
f 832 1480 1481
f 832 1482 1483
f 832 1484 1485
f 832 526 1486
f 1487 1488 1489
f 1238 1033 433
f 1041 837 433
f 1042 1490 1491
f 1042 1240 1492
f 1493 1494 1495
f 1493 1496 1497
f 1493 1498 1499
f 657 1500 655
f 658 1501 1502
f 658 1493 1503
f 1504 1505 1506
f 1507 1508 1509
f 1246 1510 1247
f 1246 1511 1512
f 1251 1513 1249
f 1054 1514 1515
f 1516 1517 1518
f 1519 1520 847
f 1521 1522 1523
f 1255 1524 438
f 1067 851 850
f 1259 1068 850
f 1262 1070 850
f 1525 1526 1264
f 1527 1528 1526
f 1529 1269 1528
f 1271 1268 1267
f 1269 1530 1267
f 1267 1531 1532
f 1267 1533 1534
f 1267 1535 1536
f 1267 1537 1538
f 1273 1539 1267
f 1267 1540 1541
f 1275 1542 448
f 1275 1543 1544
f 853 1545 357
f 1277 357 669
f 1277 358 357
f 1279 1546 669
f 1281 542 357
f 1281 543 542
f 1082 1547 672
f 1286 859 672
f 862 1086 672
f 1088 1548 1549
f 1548 672 1550
f 1289 1551 364
f 1096 1094 449
f 1291 1097 694
f 700 1292 455
f 876 716 565
f 722 721 565
f 1099 1552 884
f 729 1553 1554
f 729 1555 734
f 1105 1294 1103
f 1103 1297 1556
f 1298 1108 1103
f 1103 1557 1558
f 1302 1299 1103
f 1300 1557 1103
f 1103 1559 1303
f 1304 1301 1103
f 1103 1560 1305
f 1306 1561 1103
f 1562 1563 1564
f 1309 1565 1307
f 1311 1113 473
f 1312 1566 1567
f 1312 1568 1569
f 1314 1570 1312
f 1570 1568 1312
f 1316 1571 1312
f 1571 1313 1312
f 1312 1572 1573
f 1318 1317 900
f 744 1574 345
f 748 1319 399
f 1118 1321 1320
f 1119 1575 1322
f 1121 1323 406
f 1327 918 910
f 1327 1131 918
f 1328 1125 910
f 1331 1329 913
f 1332 1576 913
f 1334 1577 913
f 1577 916 913
f 1336 1129 913
f 1137 765 764
f 764 1578 1579
f 764 913 1580
f 1338 1341 493
f 1338 1346 1341
f 493 1581 1582
f 1340 1583 493
f 1583 1581 493
f 1341 1584 1585
f 1343 1586 1341
f 1586 1584 1341
f 1341 1587 1588
f 1347 1344 1341
f 1352 1349 1348
f 1348 1589 1590
f 939 82 16
f 940 1591 1592
f 940 1593 1594
f 49 51 45
f 41 43 57
f 1142 1595 1596
f 1142 1597 1598
f 1357 1147 1142
f 1358 1599 1359
f 1358 1600 1601
f 1364 946 769
f 769 1602 1603
f 1154 1604 1605
f 1367 1366 1154
f 1368 1606 1154
f 1372 1369 620
f 1607 1608 1609
f 1610 1611 1612
f 954 1375 1164
f 1174 1171 778
f 778 1609 1613
f 1376 1614 1615
f 1378 1616 1376
f 1376 1617 1618
f 1376 1619 1620
f 1376 1621 1622
f 1379 1623 1380
f 1379 1624 1625
f 1626 1627 1628
f 1629 1630 498
f 1179 1176 962
f 962 1631 1632
f 1384 1382 962
f 1386 1633 962
f 1633 1182 962
f 1388 1634 962
f 1187 962 498
f 965 1635 1636
f 1390 1637 965
f 965 1175 1638
f 500 1191 1639
f 1199 1640 800
f 1393 1641 800
f 1641 1200 800
f 800 1642 1643
f 1394 1644 1642
f 1394 1398 1395
f 1396 1645 1394
f 1399 1397 993
f 1401 1646 800
f 1646 1647 800
f 800 1648 1649
f 1404 1650 1402
f 1402 1651 1652
f 1407 1402 1405
f 1653 1654 1655
f 1656 1657 633
f 1658 1659 1660
f 1658 1661 1662
f 1658 1663 1664
f 1658 1665 1666
f 1658 1667 1668
f 1658 1402 1669
f 1670 1671 1672
f 1670 1673 1674
f 1670 1675 1676
f 1670 1677 1678
f 1202 1679 1680
f 510 1681 1202
f 1682 1683 1684
f 1682 1685 1686
f 1682 1687 1688
f 1409 1689 1410
f 1409 1690 1691
f 1203 1692 1693
f 1203 1694 1695
f 1203 1696 1697
f 1415 1412 1203
f 1413 1698 1203
f 1203 1699 1700
f 1419 1416 1203
f 1422 1420 1203
f 640 1701 1702
f 640 1703 1423
f 642 1704 640
f 1211 1208 998
f 1427 1705 998
f 1428 1706 998
f 1706 1426 998
f 1707 1011 1429
f 1216 809 1011
f 1011 1707 1012
f 1219 1217 424
f 1708 1709 1710
f 809 1708 1434
f 1438 1435 818
f 1441 1222 818
f 1443 1711 818
f 818 1712 1713
f 1445 1714 818
f 1714 1715 818
f 1447 1716 818
f 1716 1444 818
f 1450 1448 818
f 1452 1717 1022
f 1717 1718 1022
f 1022 1454 1719
f 1456 1720 1022
f 1720 1228 1022
f 1457 1721 1458
f 1457 1722 1460
f 1463 1723 1457
f 1025 1724 1725
f 1025 1726 1727
f 1465 1728 1025
f 1025 1729 1730
f 1469 1466 1025
f 1467 1731 1025
f 1230 1470 1025
f 1232 1732 1733
f 1475 1734 1232
f 1477 825 526
f 526 1735 1736
f 1478 1737 1479
f 832 1738 1480
f 1481 835 832
f 1485 1482 832
f 1486 1739 832
f 1740 1741 832
f 1741 1740 1487
f 1488 356 433
f 1491 1742 1042
f 1497 1494 1493
f 1493 1743 1744
f 1499 1745 1493
f 1493 1746 1747
f 1748 1749 1750
f 1751 1752 1753
f 841 1049 655
f 1244 1050 658
f 1502 1754 658
f 658 1755 1756
f 1503 1757 658
f 1506 1758 1504
f 1758 1759 1504
f 1509 1504 1507
f 1512 1510 1246
f 1513 1760 1249
f 1054 1761 1762
f 1054 1763 1764
f 1054 1765 1766
f 1054 1767 1768
f 1515 1055 1054
f 1769 1770 1771
f 1772 847 1516
f 849 1519 847
f 847 1772 1058
f 1519 1523 1773
f 1521 1774 1522
f 1523 1519 1521
f 1521 1775 1776
f 1521 1777 1778
f 1521 1779 1780
f 1524 1781 438
f 1064 1061 850
f 1526 1525 1527
f 1266 1525 1264
f 1528 1782 1529
f 1528 1527 1782
f 1532 1270 1267
f 1267 1783 1533
f 1534 1531 1267
f 1267 1784 1535
f 1536 1783 1267
f 1267 1785 1786
f 1539 1537 1267
f 1267 1787 1788
f 1267 1789 1790
f 1541 1791 1267
f 1267 1792 1793
f 1267 1794 1795
f 1796 1267 1530
f 1544 1542 1275
f 1545 1797 357
f 1546 1076 669
f 1281 1798 543
f 357 1797 1799
f 1547 1079 672
f 1085 1285 672
f 1549 1089 1088
f 1550 1800 1548
f 1088 1801 1802
f 1801 1289 1288
f 1289 1803 1551
f 1293 879 455
f 565 717 722
f 729 1804 1101
f 1804 1805 1806
f 729 1807 1805
f 1554 1808 729
f 731 1809 729
f 1556 1106 1103
f 1558 1110 1103
f 1561 1559 1103
f 1810 1811 1562
f 1812 1813 1814
f 1815 1816 1307
f 896 893 473
f 473 1564 1817
f 1818 473 1815
f 1312 1819 1820
f 1567 1821 1312
f 1821 1819 1312
f 1569 1822 1312
f 1573 1315 1312
f 1317 1823 1312
f 902 1824 399
f 251 406 1118
f 1325 755 406
f 1576 914 913
f 1580 1578 764
f 1825 1826 1827
f 1582 1337 493
f 1345 1587 1341
f 1590 1351 1348
f 1348 1828 1829
f 1348 1830 1831
f 1832 1833 1834
f 1592 1835 940
f 1835 1353 940
f 1594 1836 940
f 1836 1837 940
f 940 1838 1839
f 940 1840 1841
f 940 1842 1843
f 43 45 57
f 1142 1844 1845
f 1598 1595 1142
f 1601 1599 1358
f 769 1846 1847
f 769 1848 1849
f 1603 1152 769
f 1850 1851 1162
f 1605 1850 1154
f 1606 1157 1154
f 620 1852 1853
f 620 1854 1855
f 620 1856 1857
f 1858 1859 1607
f 1860 1164 1610
f 1374 954 1164
f 1164 1860 1165
f 778 1861 1862
f 778 1863 1864
f 778 1865 1866
f 1613 1867 778
f 1376 1868 1869
f 1376 1870 1871
f 1376 1872 1873
f 1616 1614 1376
f 1618 1874 1376
f 1620 1875 1376
f 1875 1617 1376
f 1622 1876 1376
f 1876 1619 1376
f 1376 1877 1878
f 1376 1879 1880
f 1376 1881 1882
f 1625 1623 1379
f 1883 1884 1885
f 1628 1883 1626
f 1886 1887 1888
f 1630 1889 498
f 1632 1180 962
f 1383 1631 962
f 962 1634 1890
f 1389 1387 962
f 1636 501 965
f 1636 628 501
f 1638 966 965
f 1196 982 795
f 1642 800 1394
f 1643 1392 800
f 1394 1645 1891
f 1398 1394 993
f 1649 1400 800
f 800 1892 1893
f 1402 1894 1895
f 1650 1896 1402
f 1407 1651 1402
f 1897 633 1653
f 1408 1656 633
f 633 1897 995
f 1658 1898 1659
f 1660 1899 1658
f 1662 1900 1658
f 1900 1901 1658
f 1658 1902 1903
f 1664 1904 1658
f 1666 1905 1658
f 1669 1667 1658
f 1670 1906 1907
f 1672 1908 1670
f 1670 1909 1673
f 1674 1671 1670
f 1678 1675 1670
f 1676 1909 1670
f 1670 1680 1910
f 1681 1679 1202
f 1682 1911 1912
f 1682 1913 1914
f 1684 1915 1682
f 1686 1916 1682
f 1688 1917 1682
f 1691 1689 1409
f 1693 1918 1203
f 1693 1919 1918
f 1203 1920 1921
f 1697 1694 1203
f 1695 1920 1203
f 1203 1698 1922
f 1700 1414 1203
f 1203 1923 1924
f 1421 1418 1203
f 1925 1926 1214
f 1702 1925 640
f 1424 1927 640
f 1704 1928 640
f 1705 1001 998
f 1929 1930 1220
f 1431 1707 1429
f 809 1709 1708
f 1713 1442 818
f 818 1931 1932
f 818 1933 1934
f 818 1935 1936
f 1715 1937 818
f 1449 1446 818
f 1938 1939 1940
f 1718 1941 1022
f 1719 1942 1022
f 1942 1451 1022
f 1022 1943 1944
f 1457 1945 1721
f 1723 1722 1457
f 1457 1946 1947
f 1948 1949 1946
f 1725 1950 1025
f 1728 1726 1025
f 1025 1731 1729
f 1730 1464 1025
f 1471 1468 1025
f 1733 1478 1232
f 1733 1737 1478
f 1734 1233 1232
f 1736 1476 526
f 1479 1951 526
f 1739 1484 832
f 1489 1741 1487
f 1032 1042 433
f 1042 1952 1953
f 1492 1490 1042
f 1744 1496 1493
f 1747 1498 1493
f 1750 1493 1748
f 1954 655 1751
f 1500 841 655
f 655 1954 1047
f 1754 1052 658
f 1757 1755 658
f 1054 1955 1956
f 1504 1957 1955
f 1504 1958 1959
f 1759 1958 1504
f 1504 1960 1961
f 1509 1962 1504
f 1760 1246 1249
f 1764 1761 1054
f 1766 1963 1054
f 1054 1964 1965
f 1253 1767 1054
f 1966 1967 1968
f 1771 1966 1769
f 1518 1772 1516
f 1773 1520 1519
f 1521 1969 1970
f 1521 1971 1972
f 1521 1973 1974
f 1776 1975 1521
f 1975 1973 1521
f 1521 1976 1977
f 1778 1978 1521
f 1780 1979 1521
f 1979 1777 1521
f 1521 1980 1981
f 438 1982 1983
f 1781 1984 438
f 850 1985 1986
f 1987 1988 1794
f 1269 1529 1530
f 1538 1785 1267
f 1267 1989 1990
f 1788 1991 1267
f 1991 1989 1267
f 1791 1789 1267
f 1795 1792 1267
f 1992 1993 1994
f 1530 1992 1796
f 1275 1274 1995
f 1275 1996 1543
f 1799 1280 357
f 1284 673 672
f 1800 1549 1548
f 1288 1802 1801
f 1101 1100 729
f 1806 1103 1804
f 1806 1560 1103
f 1808 1807 729
f 1809 1997 729
f 1564 1810 1562
f 1998 1307 1812
f 1565 1815 1307
f 1307 1998 1308
f 473 889 1816
f 1817 1310 473
f 1999 2000 2001
f 1815 1999 1818
f 1312 2002 2003
f 1823 2004 1312
f 1321 749 399
f 1579 1136 764
f 2005 2006 764
f 2006 2005 1825
f 1826 412 493
f 1341 2007 2008
f 1588 1342 1341
f 1829 1589 1348
f 1350 2009 1348
f 1831 2010 1348
f 2010 1828 1348
f 1834 1348 1832
f 1841 1838 940
f 1843 2011 940
f 2011 1840 940
f 2012 2013 2014
f 57 18 39
f 1845 2015 1142
f 2015 2016 1142
f 1354 1597 1142
f 2017 2018 2019
f 2017 2020 2021
f 2017 2022 2023
f 2024 2025 2026
f 1361 2027 1358
f 1847 1150 769
f 948 1848 769
f 1605 1851 1850
f 1154 2028 2029
f 1154 2030 1159
f 1855 1852 620
f 1370 1856 620
f 1609 1858 1607
f 1612 1860 1610
f 1862 960 778
f 1866 1863 778
f 1867 2031 778
f 2032 778 954
f 1869 2033 1376
f 1869 2034 2033
f 1871 2035 1376
f 1873 2036 1376
f 1874 1377 1376
f 1376 2037 1877
f 1878 1621 1376
f 1882 1879 1376
f 1880 2037 1376
f 1376 2038 2039
f 2040 2041 1379
f 1885 2042 1883
f 2042 2043 1883
f 1883 2044 2045
f 1883 2046 2047
f 1883 2048 2049
f 1883 2050 2051
f 1883 2052 2053
f 1628 2054 1883
f 2055 2056 1886
f 2057 2058 2056
f 2059 2060 2058
f 2061 2062 2060
f 2063 2064 2062
f 2065 1630 1629
f 1630 2066 1889
f 1637 1635 965
f 2067 2068 2069
f 1893 1648 800
f 800 2070 2071
f 1895 2072 1402
f 2072 2073 1402
f 1652 1403 1402
f 1655 1897 1653
f 1656 1658 2074
f 1899 2074 1658
f 1901 1898 1658
f 1904 1902 1658
f 1668 1665 1658
f 1908 1906 1670
f 1670 2075 2076
f 1680 1670 1202
f 1682 2077 2078
f 1914 1911 1682
f 1912 2077 1682
f 1916 1683 1682
f 1917 2079 1682
f 2080 2081 2082
f 2083 2084 2085
f 1918 2086 1409
f 1919 2086 1918
f 1921 1692 1203
f 1417 1923 1203
f 1702 1926 1925
f 1928 1703 640
f 2087 998 2088
f 2087 2089 1929
f 1710 2090 1708
f 2091 2092 519
f 1711 1440 818
f 1934 1931 818
f 818 1937 1935
f 1936 1933 818
f 1940 2093 1938
f 1940 2094 2093
f 1944 1455 1022
f 1461 1945 1457
f 1946 1457 1948
f 1947 2095 1457
f 1948 1022 1941
f 1025 2096 2097
f 1025 2098 2099
f 1727 1724 1025
f 1473 1732 1232
f 1951 1735 526
f 1483 1738 832
f 433 1489 1488
f 1953 1748 1042
f 1953 1749 1748
f 1742 2100 1042
f 1745 1743 1493
f 1750 2101 1493
f 1753 1954 1751
f 1756 1501 658
f 2102 2103 2104
f 1955 1054 1504
f 1956 1514 1054
f 1504 2105 2106
f 1962 1960 1504
f 1249 1507 1250
f 1054 2107 2108
f 1963 1763 1054
f 1768 1964 1054
f 1966 2109 2110
f 1968 2111 1966
f 1771 2112 1966
f 1972 1969 1521
f 1970 1774 1521
f 1978 1976 1521
f 1981 1779 1521
f 1521 2113 2114
f 1521 1966 2115
f 2116 2117 2118
f 1983 2116 438
f 1983 2117 2116
f 1984 2119 438
f 850 2120 2121
f 1257 1985 850
f 2122 2123 1987
f 1786 1784 1267
f 1793 1540 1267
f 1530 1993 1992
f 1992 2124 1995
f 448 669 1274
f 364 449 1288
f 574 721 572
f 1805 1804 729
f 1997 2125 729
f 1810 1103 2126
f 1563 2127 1564
f 1814 1998 1812
f 1815 2000 1999
f 2003 1566 1312
f 1312 2128 2129
f 2004 1572 1312
f 2130 2131 2132
f 1324 910 406
f 1827 2006 1825
f 2008 1832 1341
f 2008 1833 1832
f 1585 2133 1341
f 1834 2134 1348
f 1837 1591 940
f 2012 2135 2136
f 2012 2137 2013
f 2014 2135 2012
f 2012 2138 2139
f 2012 2140 2141
f 2012 2142 2143
f 55 57 45
f 1142 2144 2145
f 1596 1844 1142
f 2019 2146 2017
f 2146 2147 2017
f 2023 2020 2017
f 2148 2149 2150
f 2151 1358 2024
f 1360 1361 1358
f 1358 2151 1600
f 1849 1846 769
f 769 2017 2147
f 2152 769 1361
f 2029 1604 1154
f 1154 2153 2154
f 1156 2155 1154
f 620 2156 2157
f 1857 1854 620
f 1608 2158 1609
f 2031 1865 778
f 2159 2160 2161
f 954 2159 2032
f 2162 2163 2041
f 2035 1868 1376
f 1615 1872 1376
f 2039 1881 1376
f 1381 2040 1379
f 1883 2164 2165
f 1883 2166 2167
f 2045 2168 1883
f 2168 2169 1883
f 2049 2046 1883
f 2053 2050 1883
f 2051 2048 1883
f 2054 2170 1883
f 2056 2055 2057
f 1888 2055 1886
f 2058 2171 2059
f 2058 2057 2171
f 2060 2172 2061
f 2060 2059 2172
f 2062 2173 2063
f 2062 2061 2173
f 2174 2065 2175
f 498 962 1629
f 1890 1385 962
f 1639 1197 500
f 2176 2177 795
f 2177 2176 2067
f 2068 993 1394
f 1891 1644 1394
f 2071 1892 800
f 800 1640 2178
f 1402 2073 2179
f 1896 1894 1402
f 2074 1657 1656
f 1658 2180 2181
f 1905 1663 1658
f 2182 2183 2184
f 1910 2075 1670
f 2079 1685 1682
f 1204 2185 2186
f 1204 2187 2188
f 2082 1204 2080
f 2189 1409 2083
f 1411 1918 1409
f 1409 2189 1690
f 1924 1699 1203
f 2190 1203 1918
f 1927 1701 640
f 1207 2088 998
f 1220 2191 2192
f 1220 2087 1929
f 2090 2193 1708
f 1708 2194 2195
f 2092 2196 519
f 2092 2197 2198
f 1932 1712 818
f 1940 2199 2094
f 1938 1436 2200
f 1022 2201 2202
f 1022 2203 2204
f 1459 2205 1457
f 1457 2095 2206
f 1941 1949 1948
f 2207 2208 524
f 2097 1232 1025
f 2097 1474 1232
f 1025 2209 2210
f 2099 2211 1025
f 2211 2209 1025
f 1235 1486 526
f 832 830 1740
f 2100 1952 1042
f 2101 1746 1493
f 2212 2104 658
f 2104 2212 2102
f 2213 1507 1504
f 1959 1957 1504
f 1961 2105 1504
f 1248 1249 1246
f 2108 1769 1054
f 2108 1770 1769
f 1965 1765 1054
f 2110 2214 1966
f 2214 2115 1966
f 2112 1967 1966
f 1977 1775 1521
f 2114 1980 1521
f 2115 2215 1521
f 2216 1521 1519
f 2118 850 2116
f 2118 1263 850
f 2119 1982 438
f 2122 850 2217
f 1986 2120 850
f 1794 2218 2219
f 1794 2122 1987
f 1790 1787 1267
f 1994 2220 1992
f 1995 2124 1275
f 1283 1550 672
f 2125 1553 729
f 1295 2126 1103
f 2127 2221 1564
f 1816 1815 473
f 2001 2222 1999
f 1999 2223 2224
f 2225 2226 900
f 1312 2227 2228
f 1312 2229 2230
f 1312 2231 2232
f 1312 2233 2234
f 2129 2002 1312
f 2132 745 2130
f 2132 746 745
f 1330 1580 913
f 493 1827 1826
f 2133 2007 1341
f 2134 1830 1348
f 1839 1593 940
f 940 1348 2009
f 3 2235 2236
f 2012 2237 2238
f 2136 2237 2012
f 2141 2138 2012
f 2139 2137 2012
f 2143 2239 2012
f 2239 2140 2012
f 18 2240 2241
f 57 59 18
f 2145 2148 1142
f 2145 2149 2148
f 2021 2018 2017
f 2150 2017 2148
f 2026 2151 2024
f 2147 1602 769
f 1361 2242 2152
f 2154 2028 1154
f 2155 2243 1154
f 1858 620 2244
f 1853 2156 620
f 2158 2245 1609
f 1864 1861 778
f 954 2160 2159
f 2163 2246 2041
f 2163 2247 2248
f 2036 1870 1376
f 1376 2041 2249
f 2040 2250 2041
f 2033 2251 2252
f 2165 2253 1883
f 2253 2254 1883
f 2043 2166 1883
f 2047 2044 1883
f 2170 2052 1883
f 2174 2255 2064
f 2256 2257 2258
f 1629 2175 2065
f 2069 2177 2067
f 800 2259 2260
f 2178 2070 800
f 1903 2180 1658
f 2261 2184 1658
f 2184 2261 2182
f 2262 1202 1670
f 2076 1677 1670
f 1682 2263 2264
f 1915 1913 1682
f 1682 1907 2265
f 2188 2185 1204
f 2186 2266 1204
f 2082 2267 1204
f 2085 2189 2083
f 1922 1696 1203
f 1918 2268 2190
f 2088 2089 2087
f 1930 2191 1220
f 2195 1434 1708
f 2092 2091 2195
f 2198 2196 2092
f 2200 1939 1938
f 2202 1943 1022
f 2204 2269 1022
f 2269 2201 1022
f 1022 2270 2271
f 2093 2094 2270
f 1457 2272 1462
f 2208 2273 524
f 2210 2096 1025
f 1950 2098 1025
f 1495 1503 1493
f 658 841 2212
f 1504 2103 2213
f 2106 1505 1504
f 1249 2274 1507
f 1762 2107 1054
f 2111 2109 1966
f 1974 1971 1521
f 2215 2113 1521
f 1519 2275 2216
f 2276 2277 2216
f 438 2116 2277
f 2121 2217 850
f 1988 2218 1794
f 1990 1272 1267
f 1995 1796 1992
f 1802 1548 1088
f 2126 1811 1810
f 2224 1818 1999
f 2226 2225 2224
f 2226 2278 900
f 2226 2279 2280
f 2230 2227 1312
f 2234 2231 1312
f 1312 2281 2282
f 1822 2128 1312
f 2132 2283 746
f 2130 2228 2284
f 764 1134 2005
f 2009 1842 940
f 5 2236 940
f 2236 5 3
f 2 18 2012
f 2238 1142 2012
f 2238 1356 1142
f 2012 2241 2142
f 59 2240 18
f 2016 2144 1142
f 2150 2022 2017
f 1362 2027 1361
f 1361 2285 2242
f 2243 2153 1154
f 2157 2244 620
f 2161 2286 2159
f 2248 2246 2163
f 2250 2249 2041
f 2252 1626 2033
f 2252 1627 1626
f 2167 2287 1883
f 1883 2169 2288
f 2064 2289 2174
f 2064 2063 2289
f 2258 2174 2256
f 2258 2255 2174
f 2256 1883 2290
f 1394 2069 2068
f 2260 1405 800
f 2260 1406 1405
f 2179 2291 1402
f 2181 1661 1658
f 2182 2262 2183
f 1907 1682 1670
f 2264 2080 1682
f 2264 2081 2080
f 2265 1687 1682
f 1204 2266 2292
f 2267 2187 1204
f 1918 2293 2268
f 2294 2295 2190
f 640 1925 2295
f 2192 1221 1220
f 2195 2194 2092
f 2092 2296 2197
f 2270 1022 2093
f 1457 2297 2272
f 2206 2298 1457
f 1457 2299 2300
f 2299 2208 2207
f 2208 2301 2273
f 2102 2213 2103
f 2274 1508 1507
f 1519 2302 2275
f 2277 2276 438
f 2217 2123 2122
f 2221 1817 1564
f 2224 2223 2226
f 2280 2278 2226
f 2232 2229 1312
f 1820 2281 1312
f 2284 2131 2130
f 940 16 5
f 2012 2235 2
f 2241 2012 18
f 2285 2303 2242
f 2304 2305 2152
f 1154 1850 2305
f 2244 1859 1858
f 2286 2306 2159
f 2159 2307 2308
f 2163 2162 2308
f 2163 2309 2247
f 2249 2038 1376
f 2252 2310 1627
f 2033 2034 2311
f 2287 2164 1883
f 2290 2257 2256
f 795 983 2176
f 1647 2259 800
f 1670 2183 2262
f 2078 2263 1682
f 2293 2312 2268
f 2295 2294 640
f 1436 1938 818
f 2271 2203 1022
f 2298 2297 1457
f 2207 2300 2299
f 2302 2313 2275
f 2220 2314 1992
f 2222 2315 1999
f 2226 2316 2279
f 2282 2233 1312
f 1574 905 345
f 3 2 2235
f 2305 2304 1154
f 2245 1613 1609
f 2308 2307 2163
f 2311 2251 2033
f 2288 1884 1883
f 1658 1656 2261
f 2292 1205 1204
f 2190 2268 2294
f 519 818 2091
f 2205 2317 1457
f 524 1025 2207
f 2216 2275 2276
f 2228 2130 1312
f 1162 620 1850
f 2041 1376 2162
f 2254 2290 1883
f 2175 2256 2174
f 1214 998 1925
f 2300 1948 1457
f 900 1312 2225
f 2308 2032 2159
f 2152 2242 2304
f 2219 1795 1794
f 2291 1669 1402
f 2240 59 58
f 2241 2240 103
f 2142 2241 110
f 2143 2142 111
f 2239 2143 94
f 2140 2239 93
f 2141 2140 104
f 2138 2141 113
f 2139 2138 112
f 2137 2139 96
f 2013 2137 95
f 2014 2013 105
f 2135 2014 98
f 2136 2135 97
f 2237 2136 100
f 2238 2237 99
f 1356 2238 122
f 1357 1356 121
f 1147 1357 124
f 1148 1147 123
f 1355 1148 137
f 1145 1355 132
f 1146 1145 131
f 1143 1146 133
f 1144 1143 127
f 1354 1144 126
f 1597 1354 134
f 1598 1597 139
f 1595 1598 141
f 1596 1595 140
f 1844 1596 143
f 1845 1844 142
f 2015 1845 152
f 2016 2015 149
f 2144 2016 148
f 2145 2144 157
f 157 156 2145
f 148 157 2144
f 149 148 2016
f 152 149 2015
f 142 152 1845
f 143 142 1844
f 140 143 1596
f 141 140 1595
f 139 141 1598
f 134 139 1597
f 126 134 1354
f 127 126 1144
f 133 127 1143
f 131 133 1146
f 132 131 1145
f 137 132 1355
f 123 137 1148
f 124 123 1147
f 121 124 1357
f 122 121 1356
f 99 122 2238
f 100 99 2237
f 97 100 2136
f 98 97 2135
f 105 98 2014
f 95 105 2013
f 96 95 2137
f 112 96 2139
f 113 112 2138
f 104 113 2141
f 93 104 2140
f 94 93 2239
f 111 94 2143
f 110 111 2142
f 103 110 2241
f 58 103 2240
f 2318 1154 2304
f 2319 2304 2242
f 2242 2320 2321
f 2242 2322 2320
f 2242 2323 2322
f 2321 2324 2242
f 2242 2303 2323
f 1154 2325 2326
f 2326 2327 1154
f 2327 2328 1154
f 1154 2318 2325
f 2328 2329 1154
f 2329 2030 1154
f 2324 2330 2242
f 2242 2330 2319
f 2304 2319 2318
f 2330 2331 2332
f 2319 2332 2333
f 2333 2318 2319
f 2332 2319 2330
f 2334 2024 1358
f 2025 2024 2334
f 2335 2026 2025
f 2336 2151 2026
f 2337 1600 2151
f 2338 1601 1600
f 2339 1599 1601
f 2340 1359 1599
f 2341 1360 1359
f 2342 1361 1360
f 2343 2285 1361
f 2344 2345 2323
f 2323 2303 2344
f 2285 2343 2344
f 2323 2345 2346
f 2322 2346 2347
f 2347 2348 2321
f 2348 2349 2324
f 2349 2331 2330
f 2330 2324 2349
f 2324 2321 2348
f 2321 2320 2347
f 2347 2320 2322
f 2346 2322 2323
f 2303 2285 2344
f 1361 2342 2343
f 1360 2341 2342
f 1359 2340 2341
f 1599 2339 2340
f 1601 2338 2339
f 1600 2337 2338
f 2151 2336 2337
f 2026 2335 2336
f 2025 2350 2335
f 2334 2350 2025
f 1358 2351 2334
f 2352 1160 1159
f 2353 1368 1160
f 2354 1606 1368
f 2355 1157 1606
f 2356 1158 1157
f 1367 1158 2356
f 2357 1366 1367
f 2358 1155 1366
f 2359 1156 1155
f 2360 2155 1156
f 2243 2155 2360
f 2030 2329 2361
f 2361 2362 2030
f 2363 1159 2030
f 2329 2328 2364
f 2364 2328 2327
f 2327 2326 2365
f 2365 2326 2325
f 2366 2325 2318
f 2318 2333 2366
f 2325 2366 2365
f 2365 2367 2327
f 2327 2367 2364
f 2364 2361 2329
f 2362 2363 2030
f 2360 2368 2243
f 1156 2359 2360
f 1155 2358 2359
f 1366 2357 2358
f 1367 2369 2357
f 2356 2369 1367
f 1157 2355 2356
f 1606 2354 2355
f 1368 2353 2354
f 1160 2352 2353
f 1159 2363 2352
f 2331 2370 2371
f 2332 2371 2372
f 2370 2349 2348
f 2348 2347 2370
f 2347 2346 2370
f 2370 2331 2349
f 2346 2345 2370
f 2372 2367 2365
f 2372 2364 2367
f 2372 2361 2364
f 2365 2366 2372
f 2372 2362 2361
f 2366 2333 2372
f 2345 2344 2370
f 2372 2333 2332
f 2371 2332 2331
f 2373 2374 2375
f 2373 2376 2377
f 2373 2378 2379
f 2375 2380 2373
f 2381 2335 2350
f 2381 2339 2338
f 2381 2343 2342
f 2373 2382 2383
f 2379 2376 2373
f 2374 2384 2375
f 2374 2385 2386
f 2381 2336 2335
f 2338 2337 2381
f 2342 2341 2381
f 2373 2387 2388
f 2383 2389 2373
f 2373 2390 2391
f 2380 2378 2373
f 2374 2392 2385
f 2337 2336 2381
f 2341 2340 2381
f 2373 2393 2394
f 2389 2387 2373
f 2373 2395 2390
f 2386 2384 2374
f 2340 2339 2381
f 2373 2353 2352
f 2373 2369 2356
f 2373 2360 2359
f 2388 2393 2373
f 2377 2395 2373
f 2374 2396 2397
f 2374 2398 2399
f 2400 2381 2401
f 2381 2402 2403
f 2381 2344 2343
f 2373 2354 2353
f 2373 2357 2369
f 2359 2358 2373
f 2391 2382 2373
f 2399 2396 2374
f 2381 2404 2401
f 2403 2405 2381
f 2381 2406 2407
f 2381 2408 2409
f 2350 2334 2381
f 2373 2355 2354
f 2358 2357 2373
f 2397 2392 2374
f 2374 2410 2411
f 2400 2412 2413
f 2405 2404 2381
f 2381 2414 2415
f 2407 2416 2381
f 2381 2417 2408
f 2334 2351 2381
f 2356 2355 2373
f 2373 2418 2419
f 2411 2398 2374
f 2374 2420 2421
f 2374 2422 2423
f 2401 2412 2400
f 2381 2424 2425
f 2415 2426 2381
f 2409 2406 2381
f 2351 2427 2381
f 2352 2363 2373
f 2394 2418 2373
f 2423 2420 2374
f 2374 2428 2429
f 2430 2431 2371
f 2400 2432 2433
f 2400 2434 2435
f 2400 2436 2437
f 2400 2438 2439
f 2381 2440 2402
f 2426 2424 2381
f 2427 2417 2381
f 2373 2368 2360
f 2421 2410 2374
f 2429 2441 2374
f 2441 2422 2374
f 2372 2431 2373
f 2431 2372 2371
f 2435 2432 2400
f 2437 2442 2400
f 2413 2438 2400
f 2381 2443 2444
f 2381 2445 2446
f 2416 2414 2381
f 2373 2447 2368
f 2371 2370 2430
f 2370 2344 2381
f 2433 2448 2400
f 2400 2449 2436
f 2444 2440 2381
f 2425 2445 2381
f 2419 2447 2373
f 2381 2430 2370
f 2442 2434 2400
f 2446 2443 2381
f 2373 2362 2372
f 2439 2449 2400
f 2448 2450 2400
f 2363 2362 2373
f 2022 2150 2450
f 2023 2022 2448
f 2020 2023 2433
f 2021 2020 2432
f 2018 2021 2435
f 2019 2018 2434
f 2146 2019 2442
f 2147 2146 2437
f 1602 2147 2436
f 1603 1602 2449
f 1152 1603 2439
f 1153 1152 2438
f 949 1153 2413
f 950 949 2412
f 772 950 2401
f 773 772 2404
f 947 773 2405
f 948 947 2403
f 1848 948 2402
f 1849 1848 2440
f 1846 1849 2444
f 1847 1846 2443
f 1150 1847 2446
f 1151 1150 2445
f 1365 1151 2425
f 1363 1365 2424
f 1364 1363 2426
f 946 1364 2415
f 770 946 2414
f 771 770 2416
f 944 771 2407
f 945 944 2406
f 1149 945 2409
f 1362 1149 2408
f 2027 1362 2417
f 1358 2027 2427
f 2427 2351 1358
f 2417 2427 2027
f 2408 2417 1362
f 2409 2408 1149
f 2406 2409 945
f 2407 2406 944
f 2416 2407 771
f 2414 2416 770
f 2415 2414 946
f 2426 2415 1364
f 2424 2426 1363
f 2425 2424 1365
f 2445 2425 1151
f 2446 2445 1150
f 2443 2446 1847
f 2444 2443 1846
f 2440 2444 1849
f 2402 2440 1848
f 2403 2402 948
f 2405 2403 947
f 2404 2405 773
f 2401 2404 772
f 2412 2401 950
f 2413 2412 949
f 2438 2413 1153
f 2439 2438 1152
f 2449 2439 1603
f 2436 2449 1602
f 2437 2436 2147
f 2442 2437 2146
f 2434 2442 2019
f 2435 2434 2018
f 2432 2435 2021
f 2433 2432 2020
f 2448 2433 2023
f 2450 2448 2022
f 2451 1826 1825
f 2452 1825 2005
f 1826 2453 2454
f 2454 2455 1826
f 2455 2456 1826
f 1826 2451 2453
f 2456 2457 1826
f 2005 2458 2459
f 2005 2460 2458
f 2005 2461 2460
f 2459 2462 2005
f 2005 1134 2461
f 2462 2463 2005
f 2457 412 1826
f 2005 2463 2452
f 1825 2452 2451
f 2463 2464 2465
f 2452 2465 2466
f 2466 2451 2452
f 2465 2452 2463
f 2467 258 257
f 2468 289 258
f 2469 317 289
f 2470 253 317
f 2471 287 253
f 2472 288 287
f 2473 286 288
f 2474 254 286
f 2475 255 254
f 2476 256 255
f 2477 619 256
f 412 2457 2478
f 2478 2479 412
f 2480 257 412
f 2478 2457 2456
f 2481 2456 2455
f 2482 2455 2454
f 2483 2454 2453
f 2453 2451 2466
f 2466 2484 2453
f 2453 2484 2483
f 2454 2483 2482
f 2455 2482 2481
f 2456 2481 2478
f 2479 2480 412
f 256 2476 2477
f 255 2475 2476
f 254 2474 2475
f 286 2473 2474
f 288 2472 2473
f 287 2471 2472
f 253 2470 2471
f 317 2469 2470
f 289 2468 2469
f 258 2467 2468
f 257 2480 2467
f 2485 615 759
f 2486 616 615
f 2487 617 616
f 2488 758 617
f 2489 760 758
f 2490 920 760
f 762 920 2490
f 2491 1132 762
f 2492 921 1132
f 2493 1133 921
f 2494 923 1133
f 2495 2496 2461
f 2461 1134 2495
f 923 2494 2495
f 2496 2497 2460
f 2460 2497 2498
f 2458 2498 2499
f 2499 2500 2462
f 2462 2500 2464
f 2464 2463 2462
f 2462 2459 2499
f 2499 2459 2458
f 2498 2458 2460
f 2460 2461 2496
f 1134 923 2495
f 1133 2493 2494
f 921 2492 2493
f 1132 2491 2492
f 762 2501 2491
f 2490 2501 762
f 760 2489 2490
f 758 2488 2489
f 617 2487 2488
f 616 2486 2487
f 615 2485 2486
f 759 2502 2485
f 2464 2503 2504
f 2465 2504 2505
f 2505 2482 2483
f 2505 2481 2482
f 2505 2478 2481
f 2483 2484 2505
f 2505 2479 2478
f 2503 2500 2499
f 2499 2498 2503
f 2498 2497 2503
f 2503 2464 2500
f 2497 2496 2503
f 2496 2495 2503
f 2484 2466 2505
f 2505 2466 2465
f 2504 2465 2464
f 2503 2487 2486
f 2503 2501 2490
f 2503 2494 2493
f 2503 2488 2487
f 2490 2489 2503
f 2493 2492 2503
f 2489 2488 2503
f 2492 2491 2503
f 2506 2507 2508
f 2506 2509 2510
f 2491 2501 2503
f 2470 2476 2475
f 2506 2511 2507
f 2506 2512 2513
f 2506 2514 2515
f 2510 2516 2506
f 2506 2517 2518
f 2519 2503 2485
f 2503 2495 2494
f 2476 2469 2468
f 2470 2473 2472
f 2475 2474 2470
f 2513 2511 2506
f 2516 2514 2506
f 2506 2520 2521
f 2506 2522 2517
f 2519 2523 2524
f 2519 2525 2526
f 2486 2485 2503
f 2476 2470 2469
f 2474 2473 2470
f 2515 2512 2506
f 2518 2520 2506
f 2506 2527 2528
f 2529 2530 2531
f 2532 2533 2534
f 2535 2536 2532
f 2519 2537 2538
f 2524 2539 2519
f 2519 2540 2525
f 2519 2541 2542
f 2519 2543 2544
f 2485 2502 2519
f 2472 2471 2470
f 2506 2477 2476
f 2521 2509 2506
f 2528 2545 2506
f 2506 2546 2547
f 2506 2548 2549
f 2506 2550 2551
f 2531 2506 2529
f 2529 2552 2553
f 2532 2554 2555
f 2532 2556 2533
f 2532 2536 2557
f 2538 2535 2519
f 2519 2558 2523
f 2542 2540 2519
f 2519 2559 2560
f 2502 2543 2519
f 2476 2467 2506
f 2545 2522 2506
f 2549 2546 2506
f 2531 2550 2506
f 2529 2561 2562
f 2553 2563 2529
f 2529 2564 2565
f 2532 2566 2567
f 2532 2568 2554
f 2532 2569 2556
f 2532 2519 2535
f 2526 2558 2519
f 2544 2559 2519
f 2506 2570 2477
f 2547 2527 2506
f 2562 2530 2529
f 2565 2552 2529
f 2532 2571 2572
f 2567 2573 2532
f 2532 2574 2575
f 2532 2576 2568
f 2557 2569 2532
f 2560 2541 2519
f 2508 2570 2506
f 2563 2561 2529
f 2577 2506 2467
f 2573 2571 2532
f 2575 2578 2532
f 2532 2579 2576
f 2539 2537 2519
f 2551 2548 2506
f 2529 2580 2581
f 2467 2505 2577
f 2577 2505 2504
f 2582 2504 2503
f 2578 2566 2532
f 2534 2579 2532
f 2581 2564 2529
f 2467 2480 2505
f 2503 2519 2582
f 2555 2574 2532
f 2480 2479 2505
f 2572 2583 2532
f 2504 2582 2577
f 2468 2467 2476
f 413 619 2477
f 414 413 2570
f 618 414 2508
f 767 618 2507
f 768 767 2511
f 934 768 2513
f 935 934 2512
f 1141 935 2515
f 932 1141 2514
f 933 932 2516
f 930 933 2510
f 931 930 2509
f 1140 931 2521
f 1138 1140 2520
f 1139 1138 2518
f 1339 1139 2517
f 1340 1339 2522
f 1583 1340 2545
f 1581 1583 2528
f 1582 1581 2527
f 1337 1582 2547
f 1338 1337 2546
f 1346 1338 2549
f 1347 1346 2548
f 1344 1347 2551
f 1345 1344 2550
f 1587 1345 2531
f 1588 1587 2530
f 1342 1588 2562
f 1343 1342 2561
f 1586 1343 2563
f 1584 1586 2553
f 1585 1584 2552
f 2133 1585 2565
f 2007 2133 2564
f 2008 2007 2581
f 2581 2580 2008
f 2564 2581 2007
f 2565 2564 2133
f 2552 2565 1585
f 2553 2552 1584
f 2563 2553 1586
f 2561 2563 1343
f 2562 2561 1342
f 2530 2562 1588
f 2531 2530 1587
f 2550 2531 1345
f 2551 2550 1344
f 2548 2551 1347
f 2549 2548 1346
f 2546 2549 1338
f 2547 2546 1337
f 2527 2547 1582
f 2528 2527 1581
f 2545 2528 1583
f 2522 2545 1340
f 2517 2522 1339
f 2518 2517 1139
f 2520 2518 1138
f 2521 2520 1140
f 2509 2521 931
f 2510 2509 930
f 2516 2510 933
f 2514 2516 932
f 2515 2514 1141
f 2512 2515 935
f 2513 2512 934
f 2511 2513 768
f 2507 2511 767
f 2508 2507 618
f 2570 2508 414
f 2477 2570 413
f 2134 1834 162
f 1830 2134 161
f 1831 1830 160
f 2010 1831 158
f 1828 2010 155
f 1829 1828 154
f 1589 1829 159
f 1590 1589 145
f 1351 1590 144
f 1352 1351 151
f 1349 1352 147
f 1350 1349 146
f 2009 1350 136
f 1842 2009 135
f 1843 1842 138
f 2011 1843 128
f 1840 2011 115
f 1841 1840 107
f 1838 1841 106
f 1839 1838 116
f 1593 1839 118
f 1594 1593 117
f 1836 1594 129
f 1837 1836 120
f 1591 1837 119
f 1592 1591 130
f 1835 1592 109
f 1353 1835 108
f 942 1353 102
f 943 942 101
f 941 943 89
f 939 941 88
f 938 939 87
f 937 938 91
f 936 937 90
f 62 936 92
f 92 63 62
f 90 92 936
f 91 90 937
f 87 91 938
f 88 87 939
f 89 88 941
f 101 89 943
f 102 101 942
f 108 102 1353
f 109 108 1835
f 130 109 1592
f 119 130 1591
f 120 119 1837
f 129 120 1836
f 117 129 1594
f 118 117 1593
f 116 118 1839
f 106 116 1838
f 107 106 1841
f 115 107 1840
f 128 115 2011
f 138 128 1843
f 135 138 1842
f 136 135 2009
f 146 136 1350
f 147 146 1349
f 151 147 1352
f 144 151 1351
f 145 144 1590
f 159 145 1589
f 154 159 1829
f 155 154 1828
f 158 155 2010
f 160 158 1831
f 161 160 1830
f 162 161 2134
f 2584 1119 1320
f 2585 1320 399
f 1119 2586 2587
f 2587 2588 1119
f 2588 2589 1119
f 1119 2584 2586
f 2589 2590 1119
f 399 2591 2592
f 399 2593 2591
f 399 2594 2593
f 2592 2595 399
f 399 1824 2594
f 2595 2596 399
f 2590 1575 1119
f 399 2596 2585
f 1320 2585 2584
f 2596 2597 2598
f 2585 2598 2599
f 2599 2584 2585
f 2598 2585 2596
f 2600 251 1322
f 2601 252 251
f 2602 285 252
f 2603 227 285
f 2604 248 227
f 2605 249 248
f 2606 247 249
f 2607 228 247
f 229 228 2607
f 2608 250 229
f 2609 411 250
f 1575 2590 2610
f 2610 2611 1575
f 2612 1322 1575
f 2590 2589 2613
f 2613 2589 2588
f 2614 2588 2587
f 2615 2587 2586
f 2586 2584 2599
f 2599 2616 2586
f 2586 2616 2615
f 2587 2615 2614
f 2588 2614 2613
f 2613 2610 2590
f 2611 2612 1575
f 250 2608 2609
f 229 2617 2608
f 2607 2617 229
f 247 2606 2607
f 249 2605 2606
f 248 2604 2605
f 227 2603 2604
f 285 2602 2603
f 252 2601 2602
f 251 2600 2601
f 1322 2612 2600
f 2618 404 1116
f 2619 405 404
f 2620 490 405
f 2621 489 490
f 402 489 2621
f 2622 403 402
f 2623 610 403
f 2624 488 610
f 2625 400 488
f 2626 401 400
f 2627 902 401
f 2628 2629 2594
f 2594 1824 2628
f 902 2627 2628
f 2629 2630 2593
f 2630 2631 2591
f 2591 2631 2632
f 2592 2632 2633
f 2595 2633 2597
f 2597 2596 2595
f 2633 2595 2592
f 2632 2592 2591
f 2591 2593 2630
f 2593 2594 2629
f 1824 902 2628
f 401 2626 2627
f 400 2625 2626
f 488 2624 2625
f 610 2623 2624
f 403 2622 2623
f 402 2634 2622
f 2621 2634 402
f 490 2620 2621
f 405 2619 2620
f 404 2618 2619
f 1116 2635 2618
f 2597 2636 2637
f 2598 2637 2638
f 2638 2614 2615
f 2638 2613 2614
f 2638 2610 2613
f 2615 2616 2638
f 2638 2611 2610
f 2636 2633 2632
f 2632 2631 2636
f 2631 2630 2636
f 2636 2597 2633
f 2630 2629 2636
f 2629 2628 2636
f 2616 2599 2638
f 2638 2599 2598
f 2637 2598 2597
f 2623 2620 2619
f 2623 2621 2620
f 2623 2622 2634
f 2634 2621 2623
f 2639 2640 2641
f 2639 2642 2643
f 2639 2644 2645
f 2624 2618 2635
f 2618 2624 2623
f 2646 2647 2648
f 2649 2639 2650
f 2639 2651 2652
f 2639 2653 2640
f 2645 2642 2639
f 2639 2654 2655
f 2619 2618 2623
f 2646 2656 2647
f 2646 2657 2658
f 2650 2659 2649
f 2652 2660 2639
f 2639 2661 2662
f 2643 2653 2639
f 2639 2663 2654
f 2639 2664 2665
f 2635 2639 2624
f 2603 2608 2617
f 2646 2666 2667
f 2646 2668 2669
f 2658 2656 2646
f 2659 2670 2649
f 2639 2671 2651
f 2641 2661 2639
f 2665 2663 2639
f 2635 2672 2639
f 2603 2606 2605
f 2617 2607 2603
f 2669 2666 2646
f 2648 2673 2646
f 2639 2674 2650
f 2639 2675 2671
f 2655 2644 2639
f 2672 2676 2639
f 2607 2606 2603
f 2673 2668 2646
f 2646 2677 2678
f 2646 2679 2680
f 2646 2681 2682
f 2646 2683 2684
f 2646 2685 2686
f 2687 2636 2624
f 2670 2688 2649
f 2662 2675 2639
f 2639 2689 2690
f 2639 2691 2692
f 2639 2693 2694
f 2676 2695 2639
f 2605 2604 2603
f 2602 2646 2609
f 2678 2657 2646
f 2680 2696 2646
f 2646 2697 2681
f 2686 2683 2646
f 2698 2699 2700
f 2636 2625 2624
f 2636 2627 2626
f 2639 2701 2674
f 2690 2664 2639
f 2639 2702 2691
f 2695 2693 2639
f 2609 2608 2602
f 2696 2677 2646
f 2646 2703 2704
f 2684 2697 2646
f 2646 2705 2706
f 2698 2707 2699
f 2708 2646 2602
f 2626 2625 2636
f 2660 2701 2639
f 2694 2702 2639
f 2646 2709 2609
f 2704 2679 2646
f 2706 2685 2646
f 2646 2710 2711
f 2700 2646 2698
f 2698 2712 2713
f 2638 2601 2600
f 2602 2638 2708
f 2714 2708 2638
f 2714 2637 2636
f 2636 2628 2627
f 2692 2689 2639
f 2667 2709 2646
f 2711 2705 2646
f 2646 2715 2716
f 2713 2707 2698
f 2602 2601 2638
f 2636 2687 2714
f 2688 2717 2649
f 2682 2703 2646
f 2700 2715 2646
f 2600 2612 2638
f 2624 2639 2687
f 2716 2710 2646
f 2638 2637 2714
f 2612 2611 2638
f 2603 2602 2608
f 409 411 2609
f 410 409 2709
f 613 410 2667
f 614 613 2666
f 612 614 2669
f 407 612 2668
f 408 407 2673
f 491 408 2648
f 492 491 2647
f 611 492 2656
f 757 611 2658
f 909 757 2657
f 907 909 2678
f 908 907 2677
f 1122 908 2696
f 1123 1122 2680
f 1325 1123 2679
f 755 1325 2704
f 756 755 2703
f 906 756 2682
f 753 906 2681
f 754 753 2697
f 751 754 2684
f 752 751 2683
f 1120 752 2686
f 1121 1120 2685
f 1323 1121 2706
f 1324 1323 2705
f 1328 1324 2711
f 1125 1328 2710
f 1126 1125 2716
f 911 1126 2715
f 912 911 2700
f 1124 912 2699
f 1326 1124 2707
f 1327 1326 2713
f 2713 2712 1327
f 2707 2713 1326
f 2699 2707 1124
f 2700 2699 912
f 2715 2700 911
f 2716 2715 1126
f 2710 2716 1125
f 2711 2710 1328
f 2705 2711 1324
f 2706 2705 1323
f 2685 2706 1121
f 2686 2685 1120
f 2683 2686 752
f 2684 2683 751
f 2697 2684 754
f 2681 2697 753
f 2682 2681 906
f 2703 2682 756
f 2704 2703 755
f 2679 2704 1325
f 2680 2679 1123
f 2696 2680 1122
f 2677 2696 908
f 2678 2677 907
f 2657 2678 909
f 2658 2657 757
f 2656 2658 611
f 2647 2656 492
f 2648 2647 491
f 2673 2648 408
f 2668 2673 407
f 2669 2668 612
f 2666 2669 614
f 2667 2666 613
f 2709 2667 410
f 2609 2709 409
f 1336 919 2583
f 1129 1336 2572
f 1130 1129 2571
f 1335 1130 2573
f 1333 1335 2567
f 1334 1333 2566
f 1577 1334 2578
f 916 1577 2575
f 917 916 2574
f 1128 917 2555
f 1332 1128 2554
f 1576 1332 2568
f 914 1576 2576
f 915 914 2579
f 1127 915 2534
f 1331 1127 2533
f 1329 1331 2556
f 1330 1329 2569
f 1580 1330 2557
f 1578 1580 2536
f 1579 1578 2535
f 1136 1579 2538
f 928 1136 2537
f 929 928 2539
f 1137 929 2524
f 765 1137 2523
f 766 765 2558
f 926 766 2526
f 927 926 2525
f 1135 927 2540
f 925 1135 2542
f 924 925 2541
f 922 924 2560
f 763 922 2559
f 761 763 2544
f 759 761 2543
f 2543 2502 759
f 2544 2543 761
f 2559 2544 763
f 2560 2559 922
f 2541 2560 924
f 2542 2541 925
f 2540 2542 1135
f 2525 2540 927
f 2526 2525 926
f 2558 2526 766
f 2523 2558 765
f 2524 2523 1137
f 2539 2524 929
f 2537 2539 928
f 2538 2537 1136
f 2535 2538 1579
f 2536 2535 1578
f 2557 2536 1580
f 2569 2557 1330
f 2556 2569 1329
f 2533 2556 1331
f 2534 2533 1127
f 2579 2534 915
f 2576 2579 914
f 2568 2576 1576
f 2554 2568 1332
f 2555 2554 1128
f 2574 2555 917
f 2575 2574 916
f 2578 2575 1577
f 2566 2578 1334
f 2567 2566 1333
f 2573 2567 1335
f 2571 2573 1130
f 2572 2571 1129
f 2583 2572 1336
f 2718 2226 2223
f 2719 2223 1999
f 2226 2720 2721
f 2721 2722 2226
f 2722 2723 2226
f 2226 2718 2720
f 2723 2724 2226
f 1999 2725 2726
f 1999 2727 2725
f 1999 2728 2727
f 2726 2729 1999
f 1999 2315 2728
f 2729 2730 1999
f 2724 2316 2226
f 1999 2730 2719
f 2223 2719 2718
f 2730 2731 2732
f 2719 2732 2733
f 2733 2718 2719
f 2732 2719 2730
f 2734 2280 2279
f 2735 2278 2280
f 2736 900 2278
f 2737 476 900
f 2738 604 476
f 605 604 2738
f 2739 603 605
f 2740 477 603
f 2741 478 477
f 2742 899 478
f 1318 899 2742
f 2316 2724 2743
f 2743 2744 2316
f 2745 2279 2316
f 2743 2724 2723
f 2723 2722 2746
f 2722 2721 2747
f 2747 2721 2720
f 2748 2720 2718
f 2718 2733 2748
f 2720 2748 2747
f 2747 2746 2722
f 2746 2749 2723
f 2723 2749 2743
f 2744 2745 2316
f 2742 2750 1318
f 478 2741 2742
f 477 2740 2741
f 603 2739 2740
f 605 2751 2739
f 2738 2751 605
f 476 2737 2738
f 900 2736 2737
f 2278 2735 2736
f 2280 2734 2735
f 2279 2745 2734
f 1812 1307 2752
f 2753 1813 1812
f 1814 1813 2753
f 1998 1814 2754
f 1308 1998 2755
f 1309 1308 2756
f 1565 1309 2757
f 1815 1565 2758
f 2759 2000 1815
f 2760 2001 2000
f 2761 2222 2001
f 2762 2763 2728
f 2728 2315 2762
f 2222 2761 2762
f 2763 2764 2727
f 2764 2765 2725
f 2725 2765 2766
f 2766 2767 2729
f 2767 2731 2730
f 2730 2729 2767
f 2729 2726 2766
f 2766 2726 2725
f 2725 2727 2764
f 2727 2728 2763
f 2315 2222 2762
f 2001 2760 2761
f 2000 2759 2760
f 1815 2768 2759
f 2758 2768 1815
f 2757 2758 1565
f 2756 2757 1309
f 2755 2756 1308
f 2754 2755 1998
f 2753 2754 1814
f 1812 2769 2753
f 2752 2769 1812
f 2731 2770 2771
f 2732 2771 2772
f 2772 2746 2747
f 2772 2749 2746
f 2772 2743 2749
f 2747 2748 2772
f 2772 2744 2743
f 2770 2767 2766
f 2766 2765 2770
f 2765 2764 2770
f 2770 2731 2767
f 2764 2763 2770
f 2763 2762 2770
f 2748 2733 2772
f 2772 2733 2732
f 2771 2732 2731
f 2772 2735 2734
f 2772 2751 2738
f 2772 2742 2741
f 2772 2736 2735
f 2772 2739 2751
f 2741 2740 2772
f 2772 2737 2736
f 2740 2739 2772
f 2738 2737 2772
f 2734 2745 2772
f 2773 2750 2742
f 2742 2772 2773
f 2773 2774 2750
f 2773 2775 2776
f 2773 2777 2778
f 2779 2780 2781
f 2779 2782 2783
f 2779 2784 2785
f 2779 2786 2787
f 2779 2788 2789
f 2773 2790 2774
f 2773 2791 2792
f 2773 2793 2775
f 2773 2794 2795
f 2773 2796 2777
f 2797 2798 2799
f 2800 2779 2801
f 2779 2802 2803
f 2783 2780 2779
f 2787 2784 2779
f 2779 2804 2805
f 2789 2806 2779
f 2773 2807 2790
f 2776 2791 2773
f 2778 2794 2773
f 2799 2808 2797
f 2797 2809 2810
f 2801 2811 2800
f 2779 2812 2813
f 2779 2814 2815
f 2803 2816 2779
f 2785 2782 2779
f 2779 2817 2804
f 2806 2818 2779
f 2773 2819 2807
f 2795 2793 2773
f 2820 2773 2797
f 2797 2821 2822
f 2810 2798 2797
f 2800 2823 2824
f 2813 2801 2779
f 2815 2825 2779
f 2781 2802 2779
f 2818 2817 2779
f 2758 2754 2753
f 2792 2819 2773
f 2797 2826 2820
f 2808 2821 2797
f 2797 2827 2828
f 2797 2829 2830
f 2800 2831 2832
f 2811 2823 2800
f 2816 2814 2779
f 2805 2833 2779
f 2758 2755 2754
f 2758 2757 2756
f 2769 2760 2759
f 2773 2834 2796
f 2822 2826 2797
f 2797 2835 2836
f 2797 2837 2838
f 2797 2839 2840
f 2830 2827 2797
f 2828 2839 2797
f 2800 2841 2842
f 2800 2843 2844
f 2824 2831 2800
f 2833 2786 2779
f 2756 2755 2758
f 2759 2768 2769
f 2820 2834 2773
f 2797 2845 2846
f 2838 2835 2797
f 2844 2841 2800
f 2825 2812 2779
f 2779 2760 2769
f 2768 2758 2769
f 2846 2809 2797
f 2840 2837 2797
f 2847 2770 2760
f 2832 2843 2800
f 2753 2769 2758
f 2836 2845 2797
f 2848 2773 2772
f 2770 2761 2760
f 2779 2849 2788
f 2769 2752 2779
f 2772 2771 2848
f 2847 2848 2771
f 2770 2762 2761
f 2752 2849 2779
f 2771 2770 2847
f 2842 2850 2800
f 2760 2779 2847
f 2745 2744 2772
f 1317 1318 2750
f 1823 1317 2774
f 2004 1823 2790
f 1572 2004 2807
f 1573 1572 2819
f 1315 1573 2792
f 1316 1315 2791
f 1571 1316 2776
f 1313 1571 2775
f 1314 1313 2793
f 1570 1314 2795
f 1568 1570 2794
f 1569 1568 2778
f 1822 1569 2777
f 2128 1822 2796
f 2129 2128 2834
f 2002 2129 2820
f 2003 2002 2826
f 1566 2003 2822
f 1567 1566 2821
f 1821 1567 2808
f 1819 1821 2799
f 1820 1819 2798
f 2281 1820 2810
f 2282 2281 2809
f 2233 2282 2846
f 2234 2233 2845
f 2231 2234 2836
f 2232 2231 2835
f 2229 2232 2838
f 2230 2229 2837
f 2227 2230 2840
f 2228 2227 2839
f 2284 2228 2828
f 2131 2284 2827
f 2132 2131 2830
f 2830 2829 2132
f 2827 2830 2131
f 2828 2827 2284
f 2839 2828 2228
f 2840 2839 2227
f 2837 2840 2230
f 2838 2837 2229
f 2835 2838 2232
f 2836 2835 2231
f 2845 2836 2234
f 2846 2845 2233
f 2809 2846 2282
f 2810 2809 2281
f 2798 2810 1820
f 2799 2798 1819
f 2808 2799 1821
f 2821 2808 1567
f 2822 2821 1566
f 2826 2822 2003
f 2820 2826 2002
f 2834 2820 2129
f 2796 2834 2128
f 2777 2796 1822
f 2778 2777 1569
f 2794 2778 1568
f 2795 2794 1570
f 2793 2795 1314
f 2775 2793 1313
f 2776 2775 1571
f 2791 2776 1316
f 2792 2791 1315
f 2819 2792 1573
f 2807 2819 1572
f 2790 2807 2004
f 2774 2790 1823
f 2750 2774 1317
f 486 746 2717
f 487 486 2688
f 608 487 2670
f 609 608 2659
f 1115 609 2650
f 484 1115 2674
f 485 484 2701
f 606 485 2660
f 607 606 2652
f 901 607 2651
f 482 901 2671
f 483 482 2675
f 350 483 2662
f 351 350 2661
f 398 351 2641
f 348 398 2640
f 349 348 2653
f 346 349 2643
f 347 346 2642
f 396 347 2645
f 397 396 2644
f 481 397 2655
f 479 481 2654
f 480 479 2663
f 743 480 2665
f 744 743 2664
f 1574 744 2690
f 905 1574 2689
f 1117 905 2692
f 750 1117 2691
f 904 750 2702
f 903 904 2694
f 747 903 2693
f 748 747 2695
f 1319 748 2676
f 1116 1319 2672
f 2672 2635 1116
f 2676 2672 1319
f 2695 2676 748
f 2693 2695 747
f 2694 2693 903
f 2702 2694 904
f 2691 2702 750
f 2692 2691 1117
f 2689 2692 905
f 2690 2689 1574
f 2664 2690 744
f 2665 2664 743
f 2663 2665 480
f 2654 2663 479
f 2655 2654 481
f 2644 2655 397
f 2645 2644 396
f 2642 2645 347
f 2643 2642 346
f 2653 2643 349
f 2640 2653 348
f 2641 2640 398
f 2661 2641 351
f 2662 2661 350
f 2675 2662 483
f 2671 2675 482
f 2651 2671 901
f 2652 2651 607
f 2660 2652 606
f 2701 2660 485
f 2674 2701 484
f 2650 2674 1115
f 2659 2650 609
f 2670 2659 608
f 2688 2670 487
f 2717 2688 486
f 2851 729 1100
f 2852 1100 884
f 729 2853 2854
f 2854 2855 729
f 2855 2856 729
f 729 2851 2853
f 2856 2857 729
f 884 2858 2859
f 884 2860 2858
f 884 2861 2860
f 2859 2862 884
f 884 1552 2861
f 2862 2863 884
f 2857 1555 729
f 884 2863 2852
f 1100 2852 2851
f 2863 2864 2865
f 2852 2865 2866
f 2866 2851 2852
f 2865 2852 2863
f 2867 735 734
f 887 735 2867
f 2868 1102 887
f 2869 732 1102
f 2870 733 732
f 2871 886 733
f 2872 885 886
f 2873 730 885
f 731 730 2873
f 2874 1809 731
f 1809 2874 2875
f 1555 2857 2876
f 2876 2877 1555
f 2878 734 1555
f 2857 2856 2879
f 2856 2855 2880
f 2855 2854 2881
f 2881 2854 2853
f 2882 2853 2851
f 2851 2866 2882
f 2853 2882 2881
f 2881 2880 2855
f 2880 2879 2856
f 2879 2876 2857
f 2877 2878 1555
f 2875 1997 1809
f 731 2883 2874
f 2873 2883 731
f 885 2872 2873
f 886 2871 2872
f 733 2870 2871
f 732 2869 2870
f 1102 2868 2869
f 887 2884 2868
f 2867 2884 887
f 734 2878 2867
f 2885 590 337
f 591 590 2885
f 2886 592 591
f 2887 727 592
f 2888 390 727
f 2889 391 390
f 2890 389 391
f 2891 338 389
f 2892 339 338
f 2893 593 339
f 2894 1099 593
f 2895 2896 2861
f 2861 1552 2895
f 1099 2894 2895
f 2861 2896 2897
f 2897 2898 2858
f 2898 2899 2859
f 2859 2899 2900
f 2900 2864 2863
f 2863 2862 2900
f 2900 2862 2859
f 2859 2858 2898
f 2858 2860 2897
f 2897 2860 2861
f 1552 1099 2895
f 593 2893 2894
f 339 2892 2893
f 338 2891 2892
f 389 2890 2891
f 391 2889 2890
f 390 2888 2889
f 727 2887 2888
f 592 2886 2887
f 591 2901 2886
f 2885 2901 591
f 337 2902 2885
f 2864 2903 2904
f 2865 2904 2905
f 2905 2880 2881
f 2905 2879 2880
f 2905 2876 2879
f 2881 2882 2905
f 2905 2877 2876
f 2903 2900 2899
f 2899 2898 2903
f 2898 2897 2903
f 2903 2864 2900
f 2897 2896 2903
f 2896 2895 2903
f 2882 2866 2905
f 2905 2866 2865
f 2904 2865 2864
f 2906 2907 2908
f 2906 2909 2910
f 2911 2912 2913
f 2911 2914 2915
f 2911 2916 2917
f 2911 2886 2901
f 2911 2890 2889
f 2911 2894 2893
f 2906 2918 2919
f 2908 2920 2906
f 2906 2921 2909
f 2906 2911 2922
f 2915 2912 2911
f 2917 2923 2911
f 2911 2887 2886
f 2889 2888 2911
f 2893 2892 2911
f 2924 2884 2867
f 2924 2871 2870
f 2924 2874 2883
f 2919 2925 2906
f 2910 2907 2906
f 2911 2926 2922
f 2923 2914 2911
f 2888 2887 2911
f 2892 2891 2911
f 2924 2868 2884
f 2924 2872 2871
f 2883 2873 2924
f 2924 2927 2928
f 2924 2929 2930
f 2924 2931 2932
f 2920 2918 2906
f 2906 2933 2934
f 2913 2926 2911
f 2911 2935 2936
f 2891 2890 2911
f 2924 2869 2868
f 2873 2872 2924
f 2924 2937 2938
f 2928 2939 2924
f 2932 2929 2924
f 2931 2940 2941
f 2931 2942 2943
f 2931 2944 2945
f 2931 2946 2947
f 2931 2948 2949
f 2906 2950 2951
f 2934 2921 2906
f 2936 2916 2911
f 2911 2952 2953
f 2911 2895 2894
f 2870 2869 2924
f 2924 2954 2937
f 2924 2955 2956
f 2939 2957 2924
f 2924 2958 2959
f 2930 2960 2924
f 2931 2961 2940
f 2943 2962 2931
f 2947 2944 2931
f 2949 2963 2931
f 2925 2950 2906
f 2953 2935 2911
f 2911 2964 2965
f 2911 2966 2967
f 2901 2885 2911
f 2867 2878 2924
f 2924 2968 2954
f 2957 2955 2924
f 2960 2958 2924
f 2931 2969 2970
f 2962 2961 2931
f 2931 2971 2972
f 2963 2946 2931
f 2922 2933 2906
f 2967 2964 2911
f 2885 2902 2911
f 2924 2875 2874
f 2956 2968 2924
f 2959 2973 2924
f 2941 2969 2931
f 2945 2971 2931
f 2965 2952 2911
f 2911 2974 2975
f 2911 2976 2977
f 2902 2978 2911
f 2924 2979 2875
f 2973 2927 2924
f 2972 2942 2931
f 2975 2966 2911
f 2978 2976 2911
f 2924 2980 2979
f 2970 2932 2931
f 2981 2982 2904
f 2903 2895 2911
f 2977 2974 2911
f 2938 2980 2924
f 2905 2982 2924
f 2982 2905 2904
f 2951 2983 2906
f 2924 2877 2905
f 2911 2981 2903
f 2904 2903 2981
f 2878 2877 2924
f 2125 1997 2875
f 1553 2125 2979
f 1554 1553 2980
f 1808 1554 2938
f 1807 1808 2937
f 1805 1807 2954
f 1806 1805 2968
f 1560 1806 2956
f 1305 1560 2955
f 1306 1305 2957
f 1561 1306 2939
f 1559 1561 2928
f 1303 1559 2927
f 1304 1303 2973
f 1301 1304 2959
f 1302 1301 2958
f 1299 1302 2960
f 1300 1299 2930
f 1557 1300 2929
f 1558 1557 2932
f 1110 1558 2970
f 1111 1110 2969
f 1298 1111 2941
f 1108 1298 2940
f 1109 1108 2961
f 1296 1109 2962
f 1297 1296 2943
f 1556 1297 2942
f 1106 1556 2972
f 1107 1106 2971
f 1104 1107 2945
f 1105 1104 2944
f 1294 1105 2947
f 1295 1294 2946
f 2126 1295 2963
f 1811 2126 2949
f 2949 2948 1811
f 2963 2949 2126
f 2946 2963 1295
f 2947 2946 1294
f 2944 2947 1105
f 2945 2944 1104
f 2971 2945 1107
f 2972 2971 1106
f 2942 2972 1556
f 2943 2942 1297
f 2962 2943 1296
f 2961 2962 1109
f 2940 2961 1108
f 2941 2940 1298
f 2969 2941 1111
f 2970 2969 1110
f 2932 2970 1558
f 2929 2932 1557
f 2930 2929 1300
f 2960 2930 1299
f 2958 2960 1302
f 2959 2958 1301
f 2973 2959 1304
f 2927 2973 1303
f 2928 2927 1559
f 2939 2928 1561
f 2957 2939 1306
f 2955 2957 1305
f 2956 2955 1560
f 2968 2956 1806
f 2954 2968 1805
f 2937 2954 1807
f 2938 2937 1808
f 2980 2938 1554
f 2979 2980 1553
f 2875 2979 2125
f 2127 1563 2850
f 2221 2127 2842
f 1817 2221 2841
f 1310 1817 2844
f 1311 1310 2843
f 1113 1311 2832
f 1114 1113 2831
f 897 1114 2824
f 898 897 2823
f 895 898 2811
f 896 895 2801
f 893 896 2813
f 894 893 2812
f 1112 894 2825
f 741 1112 2815
f 742 741 2814
f 892 742 2816
f 601 892 2803
f 602 601 2802
f 599 602 2781
f 600 599 2780
f 474 600 2783
f 475 474 2782
f 597 475 2785
f 598 597 2784
f 740 598 2787
f 738 740 2786
f 739 738 2833
f 890 739 2805
f 891 890 2804
f 888 891 2817
f 736 888 2818
f 737 736 2806
f 889 737 2789
f 1816 889 2788
f 1307 1816 2849
f 2849 2752 1307
f 2788 2849 1816
f 2789 2788 889
f 2806 2789 737
f 2818 2806 736
f 2817 2818 888
f 2804 2817 891
f 2805 2804 890
f 2833 2805 739
f 2786 2833 738
f 2787 2786 740
f 2784 2787 598
f 2785 2784 597
f 2782 2785 475
f 2783 2782 474
f 2780 2783 600
f 2781 2780 599
f 2802 2781 602
f 2803 2802 601
f 2816 2803 892
f 2814 2816 742
f 2815 2814 741
f 2825 2815 1112
f 2812 2825 894
f 2813 2812 893
f 2801 2813 896
f 2811 2801 895
f 2823 2811 898
f 2824 2823 897
f 2831 2824 1114
f 2832 2831 1113
f 2843 2832 1311
f 2844 2843 1310
f 2841 2844 1817
f 2842 2841 2221
f 2850 2842 2127
f 2984 880 575
f 2985 575 370
f 880 2986 2987
f 2987 2988 880
f 2988 2989 880
f 880 2984 2986
f 2989 2990 880
f 370 2991 2992
f 370 2993 2991
f 370 2994 2993
f 2992 2995 370
f 370 210 2994
f 2995 2996 370
f 2990 314 880
f 370 2996 2985
f 575 2985 2984
f 2996 2997 2998
f 2985 2998 2999
f 2999 2984 2985
f 2998 2985 2996
f 3000 193 192
f 3001 219 193
f 3002 244 219
f 3003 188 244
f 3004 217 188
f 3005 218 217
f 3006 216 218
f 3007 189 216
f 3008 190 189
f 3009 191 190
f 3010 383 191
f 314 2990 3011
f 3011 3012 314
f 3013 192 314
f 3011 2990 2989
f 2989 2988 3014
f 3014 2988 2987
f 2987 2986 3015
f 3015 2986 2984
f 2984 2999 3015
f 3015 3016 2987
f 2987 3016 3014
f 3014 3017 2989
f 2989 3017 3011
f 3012 3013 314
f 191 3009 3010
f 190 3008 3009
f 189 3007 3008
f 216 3006 3007
f 218 3005 3006
f 217 3004 3005
f 188 3003 3004
f 244 3002 3003
f 219 3001 3002
f 193 3000 3001
f 192 3013 3000
f 179 203 3018
f 3019 180 179
f 181 180 3019
f 3020 202 181
f 3021 204 202
f 240 204 3021
f 3022 206 240
f 3023 207 206
f 3024 182 207
f 3025 208 182
f 3026 185 208
f 3027 3028 2994
f 2994 210 3027
f 185 3026 3027
f 2994 3028 3029
f 3029 3030 2991
f 3030 3031 2992
f 2992 3031 3032
f 3032 2997 2996
f 2996 2995 3032
f 3032 2995 2992
f 2992 2991 3030
f 2991 2993 3029
f 3029 2993 2994
f 210 185 3027
f 208 3025 3026
f 182 3024 3025
f 207 3023 3024
f 206 3022 3023
f 240 3033 3022
f 3021 3033 240
f 202 3020 3021
f 181 3034 3020
f 3019 3034 181
f 179 3035 3019
f 3018 3035 179
f 2997 3036 3037
f 2998 3037 3038
f 3038 3014 3016
f 3038 3017 3014
f 3038 3011 3017
f 3016 3015 3038
f 3038 3012 3011
f 3036 3032 3031
f 3031 3030 3036
f 3030 3029 3036
f 3036 2997 3032
f 3029 3028 3036
f 3028 3027 3036
f 3015 2999 3038
f 3038 2999 2998
f 3037 2998 2997
f 3039 3040 3041
f 3042 3034 3019
f 3042 3022 3033
f 3042 3026 3025
f 3041 3043 3039
f 3039 3044 3045
f 3042 3020 3034
f 3033 3021 3042
f 3025 3024 3042
f 3046 3001 3000
f 3046 3005 3004
f 3046 3009 3008
f 3045 3040 3039
f 3039 3047 3048
f 3039 3049 3050
f 3039 3051 3052
f 3021 3020 3042
f 3024 3023 3042
f 3046 3002 3001
f 3046 3006 3005
f 3008 3007 3046
f 3048 3044 3039
f 3050 3053 3039
f 3039 3054 3055
f 3052 3056 3039
f 3042 3057 3058
f 3023 3022 3042
f 3046 3003 3002
f 3007 3006 3046
f 3059 3060 3061
f 3053 3047 3039
f 3055 3062 3039
f 3039 3058 3051
f 3042 3063 3057
f 3042 3027 3026
f 3004 3003 3046
f 3046 3064 3065
f 3059 3066 3067
f 3061 3068 3059
f 3062 3049 3039
f 3058 3039 3042
f 3042 3069 3070
f 3042 3071 3072
f 3019 3035 3042
f 3000 3013 3046
f 3046 3073 3074
f 3046 3075 3064
f 3059 3076 3077
f 3059 3078 3066
f 3068 3079 3059
f 3056 3054 3039
f 3042 3080 3069
f 3042 3081 3082
f 3042 3083 3071
f 3035 3018 3042
f 3046 3010 3009
f 3046 3084 3085
f 3046 3086 3073
f 3046 3087 3088
f 3046 3077 3075
f 3059 3089 3076
f 3059 3090 3078
f 3079 3091 3059
f 3059 3092 3093
f 3070 3063 3042
f 3042 3094 3095
f 3042 3096 3097
f 3072 3081 3042
f 3018 3098 3042
f 3046 3099 3010
f 3046 3100 3101
f 3085 3102 3046
f 3088 3086 3046
f 3077 3046 3059
f 3091 3090 3059
f 3093 3103 3059
f 3103 3060 3059
f 3095 3080 3042
f 3042 3104 3105
f 3042 3106 3096
f 3098 3083 3042
f 3046 3107 3099
f 3046 3108 3109
f 3046 3110 3111
f 3102 3100 3046
f 3065 3087 3046
f 3112 3038 3037
f 3105 3094 3042
f 3082 3106 3042
f 3109 3107 3046
f 3046 3113 3114
f 3101 3110 3046
f 3067 3089 3059
f 3038 3112 3046
f 3037 3115 3112
f 3036 3027 3042
f 3097 3104 3042
f 3114 3108 3046
f 3074 3084 3046
f 3037 3036 3115
f 3043 3116 3039
f 3111 3113 3046
f 3042 3115 3036
f 3046 3012 3038
f 3013 3012 3046
f 381 383 3010
f 382 381 3099
f 462 382 3107
f 577 462 3109
f 578 577 3108
f 379 578 3114
f 380 379 3113
f 377 380 3111
f 378 377 3110
f 461 378 3101
f 375 461 3100
f 376 375 3102
f 373 376 3085
f 374 373 3084
f 460 374 3074
f 458 460 3073
f 459 458 3086
f 724 459 3088
f 468 724 3087
f 469 468 3065
f 582 469 3064
f 580 582 3075
f 581 580 3077
f 387 581 3076
f 388 387 3089
f 467 388 3067
f 579 467 3066
f 465 579 3078
f 466 465 3090
f 385 466 3091
f 386 385 3079
f 463 386 3068
f 464 463 3061
f 723 464 3060
f 881 723 3103
f 882 881 3093
f 3093 3092 882
f 3103 3093 881
f 3060 3103 723
f 3061 3060 464
f 3068 3061 463
f 3079 3068 386
f 3091 3079 385
f 3090 3091 466
f 3078 3090 465
f 3066 3078 579
f 3067 3066 467
f 3089 3067 388
f 3076 3089 387
f 3077 3076 581
f 3075 3077 580
f 3064 3075 582
f 3065 3064 469
f 3087 3065 468
f 3088 3087 724
f 3086 3088 459
f 3073 3086 458
f 3074 3073 460
f 3084 3074 374
f 3085 3084 373
f 3102 3085 376
f 3100 3102 375
f 3101 3100 461
f 3110 3101 378
f 3111 3110 377
f 3113 3111 380
f 3114 3113 379
f 3108 3114 578
f 3109 3108 577
f 3107 3109 462
f 3099 3107 382
f 3010 3099 381
f 883 589 2983
f 585 883 2951
f 586 585 2950
f 726 586 2925
f 583 726 2919
f 584 583 2918
f 725 584 2920
f 284 725 2908
f 316 284 2907
f 344 316 2910
f 342 344 2909
f 343 342 2921
f 281 343 2934
f 282 281 2933
f 225 282 2922
f 226 225 2926
f 223 226 2913
f 224 223 2912
f 221 224 2915
f 222 221 2914
f 245 222 2923
f 246 245 2917
f 315 246 2916
f 340 315 2936
f 341 340 2935
f 394 341 2953
f 395 394 2952
f 392 395 2965
f 393 392 2964
f 472 393 2967
f 596 472 2966
f 470 596 2975
f 471 470 2974
f 595 471 2977
f 594 595 2976
f 337 594 2978
f 2978 2902 337
f 2976 2978 594
f 2977 2976 595
f 2974 2977 471
f 2975 2974 470
f 2966 2975 596
f 2967 2966 472
f 2964 2967 393
f 2965 2964 392
f 2952 2965 395
f 2953 2952 394
f 2935 2953 341
f 2936 2935 340
f 2916 2936 315
f 2917 2916 246
f 2923 2917 245
f 2914 2923 222
f 2915 2914 221
f 2912 2915 224
f 2913 2912 223
f 2926 2913 226
f 2922 2926 225
f 2933 2922 282
f 2934 2933 281
f 2921 2934 343
f 2909 2921 342
f 2910 2909 344
f 2907 2910 316
f 2908 2907 284
f 2920 2908 725
f 2918 2920 584
f 2919 2918 583
f 2925 2919 726
f 2950 2925 586
f 2951 2950 585
f 2983 2951 883
f 3117 573 572
f 3118 572 722
f 573 3119 3120
f 3120 3121 573
f 3121 3122 573
f 573 3117 3119
f 3122 3123 573
f 722 3124 3125
f 722 3126 3124
f 722 3127 3126
f 3125 3128 722
f 722 717 3127
f 3128 3129 722
f 3123 237 573
f 722 3129 3118
f 572 3118 3117
f 3129 3130 3131
f 3118 3131 3132
f 3132 3117 3118
f 3131 3118 3129
f 3133 168 167
f 3134 172 168
f 3135 178 172
f 3136 163 178
f 3137 170 163
f 3138 171 170
f 3139 169 171
f 3140 164 169
f 3141 165 164
f 3142 166 165
f 3143 301 166
f 237 3123 3144
f 3144 3145 237
f 3146 167 237
f 3123 3122 3147
f 3147 3122 3121
f 3121 3120 3148
f 3148 3120 3119
f 3119 3117 3132
f 3132 3149 3119
f 3119 3149 3148
f 3148 3150 3121
f 3121 3150 3147
f 3147 3144 3123
f 3145 3146 237
f 166 3142 3143
f 165 3141 3142
f 164 3140 3141
f 169 3139 3140
f 171 3138 3139
f 170 3137 3138
f 163 3136 3137
f 178 3135 3136
f 172 3134 3135
f 168 3133 3134
f 167 3146 3133
f 557 711 3151
f 3152 558 557
f 3153 559 558
f 3154 710 559
f 3155 712 710
f 3156 713 712
f 560 713 3156
f 3157 714 560
f 3158 563 714
f 3159 875 563
f 3160 715 875
f 3161 3162 3127
f 3127 717 3161
f 715 3160 3161
f 3162 3163 3126
f 3163 3164 3124
f 3164 3165 3125
f 3125 3165 3166
f 3166 3130 3129
f 3129 3128 3166
f 3166 3128 3125
f 3125 3124 3164
f 3124 3126 3163
f 3126 3127 3162
f 717 715 3161
f 875 3159 3160
f 563 3158 3159
f 714 3157 3158
f 560 3167 3157
f 3156 3167 560
f 712 3155 3156
f 710 3154 3155
f 559 3153 3154
f 558 3152 3153
f 557 3168 3152
f 3151 3168 557
f 3130 3169 3170
f 3131 3170 3171
f 3171 3150 3148
f 3171 3147 3150
f 3171 3144 3147
f 3148 3149 3171
f 3171 3145 3144
f 3169 3166 3165
f 3165 3164 3169
f 3164 3163 3169
f 3169 3130 3166
f 3163 3162 3169
f 3162 3161 3169
f 3149 3132 3171
f 3171 3132 3131
f 3170 3131 3130
f 3136 3142 3141
f 3169 3153 3152
f 3169 3167 3156
f 3169 3160 3159
f 3142 3135 3134
f 3136 3139 3138
f 3141 3140 3136
f 3172 3173 3174
f 3172 3175 3176
f 3172 3177 3178
f 3179 3180 3181
f 3182 3183 3184
f 3169 3154 3153
f 3156 3155 3169
f 3159 3158 3169
f 3142 3136 3135
f 3140 3139 3136
f 3176 3173 3172
f 3172 3185 3186
f 3172 3181 3177
f 3179 3187 3180
f 3179 3188 3189
f 3179 3190 3191
f 3182 3192 3183
f 3182 3193 3194
f 3155 3154 3169
f 3158 3157 3169
f 3138 3137 3136
f 3172 3143 3142
f 3172 3195 3196
f 3172 3197 3198
f 3186 3175 3172
f 3181 3172 3179
f 3179 3199 3188
f 3191 3200 3179
f 3182 3201 3202
f 3194 3192 3182
f 3182 3203 3204
f 3182 3205 3206
f 3182 3207 3208
f 3182 3209 3210
f 3157 3167 3169
f 3142 3133 3172
f 3198 3195 3172
f 3172 3211 3212
f 3178 3185 3172
f 3200 3199 3179
f 3202 3213 3182
f 3204 3193 3182
f 3182 3214 3205
f 3210 3207 3182
f 3182 3215 3216
f 3217 3215 3182
f 3218 3219 3220
f 3218 3221 3222
f 3218 3169 3168
f 3169 3161 3160
f 3172 3223 3143
f 3196 3224 3172
f 3212 3225 3172
f 3172 3226 3227
f 3189 3187 3179
f 3179 3228 3229
f 3184 3201 3182
f 3208 3214 3182
f 3182 3218 3217
f 3218 3230 3231
f 3218 3232 3233
f 3222 3219 3218
f 3152 3168 3169
f 3172 3234 3223
f 3225 3197 3172
f 3227 3235 3172
f 3229 3190 3179
f 3236 3172 3133
f 3206 3203 3182
f 3231 3217 3218
f 3220 3232 3218
f 3218 3237 3238
f 3218 3239 3240
f 3218 3241 3242
f 3168 3151 3218
f 3224 3234 3172
f 3172 3243 3244
f 3172 3245 3246
f 3174 3226 3172
f 3133 3171 3236
f 3216 3209 3182
f 3238 3221 3218
f 3218 3247 3239
f 3151 3241 3218
f 3244 3211 3172
f 3235 3245 3172
f 3133 3146 3171
f 3236 3171 3170
f 3233 3230 3218
f 3242 3247 3218
f 3246 3243 3172
f 3170 3248 3236
f 3248 3170 3169
f 3240 3237 3218
f 3146 3145 3171
f 3213 3249 3182
f 3169 3218 3248
f 3134 3133 3142
f 300 301 3143
f 268 300 3223
f 197 268 3234
f 198 197 3224
f 195 198 3196
f 196 195 3195
f 236 196 3198
f 298 236 3197
f 299 298 3225
f 333 299 3212
f 366 333 3211
f 331 366 3244
f 332 331 3243
f 296 332 3246
f 297 296 3245
f 330 297 3235
f 266 330 3227
f 267 266 3226
f 264 267 3174
f 265 264 3173
f 294 265 3176
f 295 294 3175
f 273 295 3186
f 274 273 3185
f 307 274 3178
f 305 307 3177
f 306 305 3181
f 271 306 3180
f 272 271 3187
f 304 272 3189
f 269 304 3188
f 270 269 3199
f 302 270 3200
f 303 302 3191
f 367 303 3190
f 368 367 3229
f 3229 3228 368
f 3190 3229 367
f 3191 3190 303
f 3200 3191 302
f 3199 3200 270
f 3188 3199 269
f 3189 3188 304
f 3187 3189 272
f 3180 3187 271
f 3181 3180 306
f 3177 3181 305
f 3178 3177 307
f 3185 3178 274
f 3186 3185 273
f 3175 3186 295
f 3176 3175 294
f 3173 3176 265
f 3174 3173 264
f 3226 3174 267
f 3227 3226 266
f 3235 3227 330
f 3245 3235 297
f 3246 3245 296
f 3243 3246 332
f 3244 3243 331
f 3211 3244 366
f 3212 3211 333
f 3225 3212 299
f 3197 3225 298
f 3198 3197 236
f 3195 3198 196
f 3196 3195 195
f 3224 3196 198
f 3234 3224 197
f 3223 3234 268
f 3143 3223 300
f 238 201 3116
f 239 238 3043
f 275 239 3041
f 276 275 3040
f 310 276 3045
f 311 310 3044
f 308 311 3048
f 309 308 3047
f 336 309 3053
f 334 336 3050
f 335 334 3049
f 369 335 3062
f 177 369 3055
f 174 177 3054
f 175 174 3056
f 215 175 3052
f 213 215 3051
f 214 213 3058
f 211 214 3057
f 212 211 3063
f 243 212 3070
f 279 243 3069
f 280 279 3080
f 312 280 3095
f 313 312 3094
f 241 313 3105
f 242 241 3104
f 277 242 3097
f 278 277 3096
f 209 278 3106
f 187 209 3082
f 186 187 3081
f 183 186 3072
f 184 183 3071
f 205 184 3083
f 203 205 3098
f 3098 3018 203
f 3083 3098 205
f 3071 3083 184
f 3072 3071 183
f 3081 3072 186
f 3082 3081 187
f 3106 3082 209
f 3096 3106 278
f 3097 3096 277
f 3104 3097 242
f 3105 3104 241
f 3094 3105 313
f 3095 3094 312
f 3080 3095 280
f 3069 3080 279
f 3070 3069 243
f 3063 3070 212
f 3057 3063 211
f 3058 3057 214
f 3051 3058 213
f 3052 3051 215
f 3056 3052 175
f 3054 3056 174
f 3055 3054 177
f 3062 3055 369
f 3049 3062 335
f 3050 3049 334
f 3053 3050 336
f 3047 3053 309
f 3048 3047 308
f 3044 3048 311
f 3045 3044 310
f 3040 3045 276
f 3041 3040 275
f 3043 3041 239
f 3116 3043 238
f 3250 1289 1801
f 3251 1801 1088
f 1289 3252 3253
f 3253 3254 1289
f 3254 3255 1289
f 1289 3250 3252
f 3255 3256 1289
f 1088 3257 3258
f 1088 3259 3257
f 1088 3260 3259
f 3258 3261 1088
f 1088 1287 3260
f 3261 3262 1088
f 3256 1803 1289
f 1088 3262 3251
f 1801 3251 3250
f 3262 3263 3264
f 3251 3264 3265
f 3265 3250 3251
f 3264 3251 3262
f 364 1551 3266
f 3267 365 364
f 454 365 3267
f 3268 327 454
f 3269 361 327
f 3270 362 361
f 3271 360 362
f 3272 328 360
f 3273 329 328
f 363 329 3273
f 3274 871 363
f 1803 3256 3275
f 3275 3276 1803
f 3266 1551 1803
f 3256 3255 3277
f 3277 3255 3254
f 3278 3254 3253
f 3253 3252 3279
f 3279 3252 3250
f 3250 3265 3279
f 3279 3280 3253
f 3253 3280 3278
f 3254 3278 3277
f 3277 3275 3256
f 3276 3266 1803
f 363 3281 3274
f 3273 3281 363
f 328 3272 3273
f 360 3271 3272
f 362 3270 3271
f 361 3269 3270
f 327 3268 3269
f 454 3282 3268
f 3267 3282 454
f 364 3283 3267
f 3266 3283 364
f 545 678 3284
f 3285 3286 546
f 547 546 3286
f 677 547 3287
f 3288 3289 679
f 864 679 3289
f 3290 3291 681
f 3292 865 681
f 3292 3293 683
f 866 683 3293
f 685 866 3294
f 3295 3296 3260
f 3260 1287 3295
f 685 3297 3295
f 3296 3298 3259
f 3259 3298 3299
f 3257 3299 3300
f 3300 3301 3261
f 3301 3263 3262
f 3262 3261 3301
f 3261 3258 3300
f 3300 3258 3257
f 3299 3257 3259
f 3259 3260 3296
f 1287 685 3295
f 3294 3297 685
f 3293 3294 866
f 683 865 3292
f 681 3291 3292
f 681 864 3290
f 3289 3290 864
f 679 677 3288
f 3287 3288 677
f 3286 3287 547
f 546 545 3285
f 3284 3285 545
f 3263 3302 3303
f 3264 3303 3304
f 3304 3278 3280
f 3304 3277 3278
f 3304 3275 3277
f 3280 3279 3304
f 3304 3276 3275
f 3302 3301 3300
f 3300 3299 3302
f 3299 3298 3302
f 3302 3263 3301
f 3298 3296 3302
f 3296 3295 3302
f 3279 3265 3304
f 3304 3265 3264
f 3303 3264 3263
f 3305 3306 3307
f 3305 3308 3309
f 3305 3310 3311
f 3305 3312 3313
f 3305 3314 3306
f 3305 3315 3308
f 3316 3317 3315
f 3291 3287 3286
f 3305 3318 3319
f 3305 3320 3321
f 3313 3310 3305
f 3309 3314 3305
f 3316 3322 3317
f 3323 3324 3325
f 3323 3326 3327
f 3291 3288 3287
f 3291 3290 3289
f 3268 3281 3273
f 3305 3328 3329
f 3305 3330 3331
f 3305 3332 3318
f 3311 3320 3305
f 3315 3305 3316
f 3316 3333 3334
f 3335 3336 3337
f 3335 3323 3338
f 3323 3339 3340
f 3323 3341 3342
f 3323 3343 3324
f 3323 3344 3326
f 3289 3288 3291
f 3268 3271 3270
f 3273 3272 3268
f 3305 3345 3328
f 3331 3346 3305
f 3321 3332 3305
f 3334 3322 3316
f 3347 3302 3292
f 3335 3348 3336
f 3340 3338 3323
f 3323 3349 3350
f 3342 3351 3323
f 3323 3352 3343
f 3323 3353 3354
f 3327 3355 3323
f 3292 3285 3284
f 3285 3292 3291
f 3272 3271 3268
f 3305 3356 3357
f 3305 3358 3359
f 3305 3360 3361
f 3305 3362 3363
f 3346 3345 3305
f 3307 3312 3305
f 3302 3293 3292
f 3302 3297 3294
f 3338 3348 3335
f 3323 3364 3365
f 3323 3366 3367
f 3323 3368 3349
f 3323 3369 3341
f 3323 3370 3371
f 3354 3352 3323
f 3355 3372 3323
f 3286 3285 3291
f 3270 3269 3268
f 3282 3305 3274
f 3357 3373 3305
f 3305 3374 3358
f 3363 3360 3305
f 3319 3330 3305
f 3375 3305 3282
f 3294 3293 3302
f 3323 3376 3339
f 3367 3364 3323
f 3323 3377 3378
f 3323 3379 3368
f 3371 3369 3323
f 3372 3353 3323
f 3284 3323 3292
f 3274 3281 3282
f 3359 3356 3305
f 3329 3362 3305
f 3304 3267 3283
f 3282 3304 3375
f 3380 3303 3302
f 3302 3295 3297
f 3365 3376 3323
f 3350 3377 3323
f 3323 3381 3370
f 3284 3344 3323
f 3305 3382 3274
f 3361 3374 3305
f 3282 3267 3304
f 3380 3375 3304
f 3292 3323 3347
f 3378 3366 3323
f 3325 3381 3323
f 3373 3382 3305
f 3283 3266 3304
f 3302 3347 3380
f 3351 3379 3323
f 3266 3276 3304
f 3337 3383 3335
f 3304 3303 3380
f 3268 3282 3281
f 869 871 3274
f 870 869 3382
f 1096 870 3373
f 1094 1096 3357
f 1095 1094 3356
f 1290 1095 3359
f 1092 1290 3358
f 1093 1092 3374
f 1090 1093 3361
f 1091 1090 3360
f 692 1091 3363
f 693 692 3362
f 868 693 3329
f 690 868 3328
f 691 690 3345
f 867 691 3346
f 550 867 3331
f 551 550 3330
f 689 551 3319
f 548 689 3318
f 549 548 3332
f 452 549 3321
f 453 452 3320
f 450 453 3311
f 451 450 3310
f 687 451 3313
f 688 687 3312
f 697 688 3307
f 698 697 3306
f 695 698 3314
f 696 695 3309
f 872 696 3308
f 873 872 3315
f 1291 873 3317
f 1097 1291 3322
f 1098 1097 3334
f 3334 3333 1098
f 3322 3334 1097
f 3317 3322 1291
f 3315 3317 873
f 3308 3315 872
f 3309 3308 696
f 3314 3309 695
f 3306 3314 698
f 3307 3306 697
f 3312 3307 688
f 3313 3312 687
f 3310 3313 451
f 3311 3310 450
f 3320 3311 453
f 3321 3320 452
f 3332 3321 549
f 3318 3332 548
f 3319 3318 689
f 3330 3319 551
f 3331 3330 550
f 3346 3331 867
f 3345 3346 691
f 3328 3345 690
f 3329 3328 868
f 3362 3329 693
f 3363 3362 692
f 3360 3363 1091
f 3361 3360 1090
f 3374 3361 1093
f 3358 3374 1092
f 3359 3358 1290
f 3356 3359 1095
f 3357 3356 1094
f 3373 3357 1096
f 3382 3373 870
f 3274 3382 869
f 707 556 3249
f 708 707 3213
f 456 708 3202
f 457 456 3201
f 554 457 3184
f 552 554 3183
f 553 552 3192
f 705 553 3194
f 706 705 3193
f 703 706 3204
f 704 703 3203
f 874 704 3206
f 701 874 3205
f 702 701 3214
f 699 702 3208
f 700 699 3207
f 1292 700 3210
f 1293 1292 3209
f 879 1293 3216
f 877 879 3215
f 878 877 3217
f 570 878 3231
f 571 570 3230
f 720 571 3233
f 718 720 3232
f 568 718 3220
f 569 568 3219
f 719 569 3222
f 876 719 3221
f 716 876 3238
f 566 716 3237
f 567 566 3240
f 564 567 3239
f 561 564 3247
f 562 561 3242
f 711 562 3241
f 3241 3151 711
f 3242 3241 562
f 3247 3242 561
f 3239 3247 564
f 3240 3239 567
f 3237 3240 566
f 3238 3237 716
f 3221 3238 876
f 3222 3221 719
f 3219 3222 569
f 3220 3219 568
f 3232 3220 718
f 3233 3232 720
f 3230 3233 571
f 3231 3230 570
f 3217 3231 878
f 3215 3217 877
f 3216 3215 879
f 3209 3216 1293
f 3210 3209 1292
f 3207 3210 700
f 3208 3207 699
f 3214 3208 702
f 3205 3214 701
f 3206 3205 874
f 3203 3206 704
f 3204 3203 703
f 3193 3204 706
f 3194 3193 705
f 3192 3194 553
f 3183 3192 552
f 3184 3183 554
f 3201 3184 457
f 3202 3201 456
f 3213 3202 708
f 3249 3213 707
f 3384 2163 2307
f 3385 2307 2159
f 2163 3386 3387
f 3387 3388 2163
f 3388 3389 2163
f 2163 3384 3386
f 3389 3390 2163
f 2159 3391 3392
f 2159 3393 3391
f 2159 3394 3393
f 3392 3395 2159
f 2159 2306 3394
f 3395 3396 2159
f 3390 2309 2163
f 2159 3396 3385
f 2307 3385 3384
f 3396 3397 3398
f 3385 3398 3399
f 3399 3384 3385
f 3398 3385 3396
f 3400 2248 2247
f 3401 2246 2248
f 3402 2041 2246
f 1379 2041 3402
f 1624 1379 3403
f 1625 1624 3404
f 3405 1623 1625
f 1380 1623 3405
f 1381 1380 3406
f 2040 1381 3407
f 2250 2040 3408
f 2309 3390 3409
f 3409 3410 2309
f 3411 2247 2309
f 3390 3389 3412
f 3412 3389 3388
f 3388 3387 3413
f 3413 3387 3386
f 3386 3384 3399
f 3399 3414 3386
f 3386 3414 3413
f 3413 3415 3388
f 3388 3415 3412
f 3412 3409 3390
f 3410 3411 2309
f 3408 3416 2250
f 3407 3408 2040
f 3406 3407 1381
f 3405 3406 1380
f 1625 3417 3405
f 3404 3417 1625
f 3403 3404 1624
f 3402 3403 1379
f 2246 3401 3402
f 2248 3400 3401
f 2247 3411 3400
f 3418 1610 1164
f 1611 1610 3418
f 3419 1612 1611
f 3420 1860 1612
f 3421 1165 1860
f 3422 1166 1165
f 3423 1374 1166
f 3424 954 1374
f 3425 2160 954
f 3426 2161 2160
f 2286 2161 3426
f 3427 3428 3394
f 3394 2306 3427
f 2286 3429 3427
f 3394 3428 3430
f 3393 3430 3431
f 3391 3431 3432
f 3392 3432 3433
f 3433 3397 3396
f 3396 3395 3433
f 3433 3395 3392
f 3432 3392 3391
f 3431 3391 3393
f 3430 3393 3394
f 2306 2286 3427
f 3426 3429 2286
f 2160 3425 3426
f 954 3424 3425
f 1374 3423 3424
f 1166 3422 3423
f 1165 3421 3422
f 1860 3420 3421
f 1612 3419 3420
f 1611 3434 3419
f 3418 3434 1611
f 1164 3435 3418
f 3397 3436 3437
f 3398 3437 3438
f 3438 3415 3413
f 3438 3412 3415
f 3438 3409 3412
f 3413 3414 3438
f 3438 3410 3409
f 3436 3433 3432
f 3432 3431 3436
f 3431 3430 3436
f 3436 3397 3433
f 3430 3428 3436
f 3428 3427 3436
f 3414 3399 3438
f 3438 3399 3398
f 3437 3398 3397
f 3423 3419 3434
f 3423 3420 3419
f 3423 3422 3421
f 3418 3426 3425
f 3438 3401 3400
f 3438 3417 3404
f 3438 3408 3407
f 3439 3440 3441
f 3441 3442 3443
f 3444 3445 3446
f 3421 3420 3423
f 3425 3424 3418
f 3438 3402 3401
f 3438 3405 3417
f 3407 3406 3438
f 3440 3447 3448
f 3440 3449 3450
f 3440 3451 3452
f 3441 3453 3439
f 3441 3454 3455
f 3441 3456 3442
f 3441 3457 3458
f 3444 3459 3460
f 3444 3461 3462
f 3444 3463 3445
f 3444 3426 3418
f 3424 3423 3418
f 3438 3403 3402
f 3406 3405 3438
f 3440 3464 3465
f 3440 3466 3467
f 3450 3447 3440
f 3439 3451 3440
f 3441 3468 3454
f 3458 3456 3441
f 3441 3469 3470
f 3441 3471 3472
f 3441 3473 3474
f 3444 3475 3476
f 3444 3477 3459
f 3444 3478 3479
f 3444 3480 3481
f 3462 3482 3444
f 3446 3483 3444
f 3434 3418 3423
f 3404 3403 3438
f 3440 3484 3485
f 3467 3464 3440
f 3452 3449 3440
f 3443 3468 3441
f 3441 3486 3469
f 3441 3487 3471
f 3474 3488 3441
f 3489 3490 3491
f 3489 3444 3492
f 3460 3475 3444
f 3444 3493 3494
f 3444 3495 3478
f 3444 3496 3497
f 3482 3480 3444
f 3444 3498 3463
f 3418 3435 3444
f 3400 3411 3438
f 3440 3416 3408
f 3465 3484 3440
f 3448 3499 3440
f 3470 3457 3441
f 3488 3487 3441
f 3489 3500 3490
f 3489 3501 3502
f 3492 3503 3489
f 3494 3477 3444
f 3479 3504 3444
f 3481 3496 3444
f 3435 3498 3444
f 3408 3438 3440
f 3499 3466 3440
f 3472 3486 3441
f 3505 3436 3426
f 3489 3506 3500
f 3503 3501 3489
f 3504 3493 3444
f 3483 3461 3444
f 3440 3507 3416
f 3455 3453 3441
f 3441 3508 3509
f 3436 3429 3426
f 3489 3510 3511
f 3502 3506 3489
f 3444 3512 3513
f 3497 3495 3444
f 3440 3514 3507
f 3509 3473 3441
f 3485 3514 3440
f 3505 3515 3437
f 3436 3427 3429
f 3491 3510 3489
f 3476 3512 3444
f 3515 3440 3438
f 3426 3444 3505
f 3513 3492 3444
f 3438 3437 3515
f 3511 3516 3489
f 3437 3436 3505
f 3411 3410 3438
f 2249 2250 3416
f 2038 2249 3507
f 2039 2038 3514
f 1881 2039 3485
f 1882 1881 3484
f 1879 1882 3465
f 1880 1879 3464
f 2037 1880 3467
f 1877 2037 3466
f 1878 1877 3499
f 1621 1878 3448
f 1622 1621 3447
f 1876 1622 3450
f 1619 1876 3449
f 1620 1619 3452
f 1875 1620 3451
f 1617 1875 3439
f 1618 1617 3453
f 1874 1618 3455
f 1377 1874 3454
f 1378 1377 3468
f 1616 1378 3443
f 1614 1616 3442
f 1615 1614 3456
f 1872 1615 3458
f 1873 1872 3457
f 2036 1873 3470
f 1870 2036 3469
f 1871 1870 3486
f 2035 1871 3472
f 1868 2035 3471
f 1869 1868 3487
f 2034 1869 3488
f 2311 2034 3474
f 2251 2311 3473
f 2252 2251 3509
f 3509 3508 2252
f 3473 3509 2251
f 3474 3473 2311
f 3488 3474 2034
f 3487 3488 1869
f 3471 3487 1868
f 3472 3471 2035
f 3486 3472 1871
f 3469 3486 1870
f 3470 3469 2036
f 3457 3470 1873
f 3458 3457 1872
f 3456 3458 1615
f 3442 3456 1614
f 3443 3442 1616
f 3468 3443 1378
f 3454 3468 1377
f 3455 3454 1874
f 3453 3455 1618
f 3439 3453 1617
f 3451 3439 1875
f 3452 3451 1620
f 3449 3452 1619
f 3450 3449 1876
f 3447 3450 1622
f 3448 3447 1621
f 3499 3448 1878
f 3466 3499 1877
f 3467 3466 2037
f 3464 3467 1880
f 3465 3464 1879
f 3484 3465 1882
f 3485 3484 1881
f 3514 3485 2039
f 3507 3514 2038
f 3416 3507 2249
f 3517 1630 2065
f 3518 2065 2174
f 2174 3519 3520
f 2174 3521 3519
f 2174 3522 3521
f 3520 3523 2174
f 2174 2289 3522
f 1630 3524 3525
f 3525 3526 1630
f 3526 3527 1630
f 1630 3517 3524
f 3527 3528 1630
f 3528 2066 1630
f 3523 3529 2174
f 2174 3529 3518
f 2065 3518 3517
f 3529 3530 3531
f 3518 3531 3532
f 3532 3517 3518
f 3531 3518 3529
f 3533 1886 2056
f 1887 1886 3533
f 1888 1887 3534
f 3535 2055 1888
f 3536 2057 2055
f 2171 2057 3536
f 3537 2059 2171
f 3538 2172 2059
f 3539 2061 2172
f 3540 2173 2061
f 3541 2063 2173
f 3542 3543 3522
f 3522 2289 3542
f 2063 3541 3542
f 3543 3544 3521
f 3544 3545 3519
f 3519 3545 3546
f 3546 3547 3523
f 3523 3547 3530
f 3530 3529 3523
f 3523 3520 3546
f 3546 3520 3519
f 3519 3521 3544
f 3521 3522 3543
f 2289 2063 3542
f 2173 3540 3541
f 2061 3539 3540
f 2172 3538 3539
f 2059 3537 3538
f 2171 3548 3537
f 3536 3548 2171
f 2055 3535 3536
f 1888 3549 3535
f 3534 3549 1888
f 3533 3534 1887
f 2056 3550 3533
f 3551 498 1889
f 3552 499 498
f 3553 625 499
f 415 625 3553
f 3554 495 415
f 3555 496 495
f 3556 494 496
f 416 494 3556
f 3557 417 416
f 3558 497 417
f 1188 497 3558
f 2066 3528 3559
f 3559 3560 2066
f 3561 1889 2066
f 3528 3527 3562
f 3562 3527 3526
f 3526 3525 3563
f 3563 3525 3524
f 3524 3517 3532
f 3532 3564 3524
f 3524 3564 3563
f 3563 3565 3526
f 3526 3565 3562
f 3562 3559 3528
f 3560 3561 2066
f 3558 3566 1188
f 417 3557 3558
f 416 3567 3557
f 3556 3567 416
f 496 3555 3556
f 495 3554 3555
f 415 3568 3554
f 3553 3568 415
f 499 3552 3553
f 498 3551 3552
f 1889 3561 3551
f 3530 3569 3570
f 3531 3570 3571
f 3569 3547 3546
f 3546 3545 3569
f 3545 3544 3569
f 3569 3530 3547
f 3544 3543 3569
f 3571 3565 3563
f 3571 3562 3565
f 3571 3559 3562
f 3563 3564 3571
f 3571 3560 3559
f 3564 3532 3571
f 3543 3542 3569
f 3571 3532 3531
f 3570 3531 3530
f 3572 3573 3574
f 3572 3575 3576
f 3572 3577 3578
f 3572 3579 3580
f 3572 3581 3582
f 3576 3573 3572
f 3572 3583 3584
f 3572 3585 3586
f 3587 3588 3585
f 3589 3590 3591
f 3592 3593 3594
f 3592 3595 3596
f 3537 3549 3534
f 3568 3558 3557
f 3572 3597 3598
f 3572 3599 3577
f 3582 3579 3572
f 3584 3575 3572
f 3585 3572 3587
f 3589 3600 3590
f 3589 3592 3601
f 3592 3602 3593
f 3592 3603 3604
f 3592 3605 3606
f 3592 3607 3608
f 3596 3609 3592
f 3592 3610 3611
f 3537 3535 3549
f 3537 3548 3536
f 3568 3556 3555
f 3557 3567 3568
f 3572 3612 3613
f 3598 3614 3572
f 3572 3615 3599
f 3572 3616 3617
f 3572 3618 3619
f 3574 3581 3572
f 3587 3620 3588
f 3587 3621 3622
f 3601 3600 3589
f 3594 3623 3592
f 3606 3603 3592
f 3608 3624 3592
f 3592 3625 3595
f 3592 3626 3627
f 3592 3628 3610
f 3592 3629 3630
f 3536 3535 3537
f 3567 3556 3568
f 3613 3631 3572
f 3572 3632 3597
f 3572 3633 3634
f 3617 3615 3572
f 3580 3618 3572
f 3622 3620 3587
f 3635 3572 3553
f 3623 3601 3592
f 3624 3605 3592
f 3627 3625 3592
f 3592 3636 3628
f 3630 3637 3592
f 3592 3638 3639
f 3538 3533 3550
f 3533 3538 3537
f 3555 3554 3568
f 3553 3572 3566
f 3614 3612 3572
f 3572 3640 3641
f 3578 3633 3572
f 3586 3583 3572
f 3571 3552 3551
f 3553 3571 3635
f 3642 3569 3538
f 3604 3602 3592
f 3592 3643 3644
f 3592 3645 3626
f 3637 3636 3592
f 3592 3646 3638
f 3534 3533 3537
f 3566 3558 3553
f 3641 3632 3572
f 3619 3616 3572
f 3553 3552 3571
f 3647 3635 3571
f 3647 3570 3569
f 3569 3539 3538
f 3569 3541 3540
f 3644 3607 3592
f 3611 3645 3592
f 3639 3648 3592
f 3550 3592 3538
f 3572 3649 3566
f 3634 3640 3572
f 3551 3561 3571
f 3569 3642 3647
f 3540 3539 3569
f 3609 3643 3592
f 3550 3646 3592
f 3631 3649 3572
f 3571 3570 3647
f 3569 3542 3541
f 3648 3629 3592
f 3561 3560 3571
f 3591 3650 3589
f 3538 3592 3642
f 3568 3553 3558
f 1628 1627 3650
f 2054 1628 3591
f 2170 2054 3590
f 2052 2170 3600
f 2053 2052 3601
f 2050 2053 3623
f 2051 2050 3594
f 2048 2051 3593
f 2049 2048 3602
f 2046 2049 3604
f 2047 2046 3603
f 2044 2047 3606
f 2045 2044 3605
f 2168 2045 3624
f 2169 2168 3608
f 2288 2169 3607
f 1884 2288 3644
f 1885 1884 3643
f 2042 1885 3609
f 2043 2042 3596
f 2166 2043 3595
f 2167 2166 3625
f 2287 2167 3627
f 2164 2287 3626
f 2165 2164 3645
f 2253 2165 3611
f 2254 2253 3610
f 2290 2254 3628
f 2257 2290 3636
f 2258 2257 3637
f 2255 2258 3630
f 2064 2255 3629
f 2062 2064 3648
f 2060 2062 3639
f 2058 2060 3638
f 2056 2058 3646
f 3646 3550 2056
f 3638 3646 2058
f 3639 3638 2060
f 3648 3639 2062
f 3629 3648 2064
f 3630 3629 2255
f 3637 3630 2258
f 3636 3637 2257
f 3628 3636 2290
f 3610 3628 2254
f 3611 3610 2253
f 3645 3611 2165
f 3626 3645 2164
f 3627 3626 2287
f 3625 3627 2167
f 3595 3625 2166
f 3596 3595 2043
f 3609 3596 2042
f 3643 3609 1885
f 3644 3643 1884
f 3607 3644 2288
f 3608 3607 2169
f 3624 3608 2168
f 3605 3624 2045
f 3606 3605 2044
f 3603 3606 2047
f 3604 3603 2046
f 3602 3604 2049
f 3593 3602 2048
f 3594 3593 2051
f 3623 3594 2050
f 3601 3623 2053
f 3600 3601 2052
f 3590 3600 2170
f 3591 3590 2054
f 3650 3591 1628
f 2153 2243 2368
f 2154 2153 2447
f 2028 2154 2419
f 2029 2028 2418
f 1604 2029 2394
f 1605 1604 2393
f 1851 1605 2388
f 1162 1851 2387
f 1163 1162 2389
f 1373 1163 2383
f 952 1373 2382
f 953 952 2391
f 1161 953 2390
f 623 1161 2395
f 624 623 2377
f 777 624 2376
f 621 777 2379
f 622 621 2378
f 776 622 2380
f 774 776 2375
f 775 774 2384
f 951 775 2386
f 1371 951 2385
f 1372 1371 2392
f 1369 1372 2397
f 1370 1369 2396
f 1856 1370 2399
f 1857 1856 2398
f 1854 1857 2411
f 1855 1854 2410
f 1852 1855 2421
f 1853 1852 2420
f 2156 1853 2423
f 2157 2156 2422
f 2244 2157 2441
f 1859 2244 2429
f 2429 2428 1859
f 2441 2429 2244
f 2422 2441 2157
f 2423 2422 2156
f 2420 2423 1853
f 2421 2420 1852
f 2410 2421 1855
f 2411 2410 1854
f 2398 2411 1857
f 2399 2398 1856
f 2396 2399 1370
f 2397 2396 1369
f 2392 2397 1372
f 2385 2392 1371
f 2386 2385 951
f 2384 2386 775
f 2375 2384 774
f 2380 2375 776
f 2378 2380 622
f 2379 2378 621
f 2376 2379 777
f 2377 2376 624
f 2395 2377 623
f 2390 2395 1161
f 2391 2390 953
f 2382 2391 952
f 2383 2382 1373
f 2389 2383 1163
f 2387 2389 1162
f 2388 2387 1851
f 2393 2388 1605
f 2394 2393 1604
f 2418 2394 2029
f 2419 2418 2028
f 2447 2419 2154
f 2368 2447 2153
f 2158 1608 3516
f 2245 2158 3511
f 1613 2245 3510
f 1867 1613 3491
f 2031 1867 3490
f 1865 2031 3500
f 1866 1865 3506
f 1863 1866 3502
f 1864 1863 3501
f 1861 1864 3503
f 1862 1861 3492
f 960 1862 3513
f 961 960 3512
f 785 961 3476
f 786 785 3475
f 959 786 3460
f 1173 959 3459
f 1174 1173 3477
f 1171 1174 3494
f 1172 1171 3493
f 1169 1172 3504
f 1170 1169 3479
f 957 1170 3478
f 958 957 3495
f 1168 958 3497
f 1167 1168 3496
f 955 1167 3481
f 783 955 3480
f 784 783 3482
f 956 784 3462
f 781 956 3461
f 782 781 3483
f 779 782 3446
f 780 779 3445
f 1375 780 3463
f 1164 1375 3498
f 3498 3435 1164
f 3463 3498 1375
f 3445 3463 780
f 3446 3445 779
f 3483 3446 782
f 3461 3483 781
f 3462 3461 956
f 3482 3462 784
f 3480 3482 783
f 3481 3480 955
f 3496 3481 1167
f 3497 3496 1168
f 3495 3497 958
f 3478 3495 957
f 3479 3478 1170
f 3504 3479 1169
f 3493 3504 1172
f 3494 3493 1171
f 3477 3494 1174
f 3459 3477 1173
f 3460 3459 959
f 3475 3460 786
f 3476 3475 785
f 3512 3476 961
f 3513 3512 960
f 3492 3513 1862
f 3503 3492 1861
f 3501 3503 1864
f 3502 3501 1863
f 3506 3502 1866
f 3500 3506 1865
f 3490 3500 2031
f 3491 3490 1867
f 3510 3491 1613
f 3511 3510 2245
f 3516 3511 2158
f 1186 1188 3566
f 1187 1186 3649
f 1389 1187 3631
f 1387 1389 3613
f 1184 1387 3612
f 1185 1184 3614
f 1388 1185 3598
f 1634 1388 3597
f 1890 1634 3632
f 1385 1890 3641
f 1386 1385 3640
f 1633 1386 3634
f 1182 1633 3633
f 1183 1182 3578
f 1384 1183 3577
f 1382 1384 3599
f 1383 1382 3615
f 1631 1383 3617
f 1632 1631 3616
f 1180 1632 3619
f 1181 1180 3618
f 1178 1181 3580
f 1179 1178 3579
f 1176 1179 3582
f 1177 1176 3581
f 963 1177 3574
f 964 963 3573
f 1175 964 3576
f 1638 1175 3575
f 966 1638 3584
f 967 966 3583
f 1189 967 3586
f 1390 1189 3585
f 1637 1390 3588
f 1635 1637 3620
f 1636 1635 3622
f 3622 3621 1636
f 3620 3622 1635
f 3588 3620 1637
f 3585 3588 1390
f 3586 3585 1189
f 3583 3586 967
f 3584 3583 966
f 3575 3584 1638
f 3576 3575 1175
f 3573 3576 964
f 3574 3573 963
f 3581 3574 1177
f 3582 3581 1176
f 3579 3582 1179
f 3580 3579 1178
f 3618 3580 1181
f 3619 3618 1180
f 3616 3619 1632
f 3617 3616 1631
f 3615 3617 1383
f 3599 3615 1382
f 3577 3599 1384
f 3578 3577 1183
f 3633 3578 1182
f 3634 3633 1633
f 3640 3634 1386
f 3641 3640 1385
f 3632 3641 1890
f 3597 3632 1634
f 3598 3597 1388
f 3614 3598 1185
f 3612 3614 1184
f 3613 3612 1387
f 3631 3613 1389
f 3649 3631 1187
f 3566 3649 1186
f 3651 2068 2067
f 3652 2067 2176
f 2176 3653 3654
f 2176 3655 3653
f 2176 3656 3655
f 3654 3657 2176
f 2176 983 3656
f 2068 3658 3659
f 3659 3660 2068
f 3660 3661 2068
f 2068 3651 3658
f 3661 3662 2068
f 3662 993 2068
f 3657 3663 2176
f 2176 3663 3652
f 2067 3652 3651
f 3663 3664 3665
f 3652 3665 3666
f 3666 3651 3652
f 3665 3652 3663
f 629 790 3667
f 630 629 3668
f 3669 631 630
f 3670 789 631
f 791 789 3670
f 3671 978 791
f 3672 793 978
f 1193 793 3672
f 3673 979 1193
f 1194 979 3673
f 3674 981 1194
f 3675 3676 3656
f 3656 983 3675
f 981 3674 3675
f 3676 3677 3655
f 3655 3677 3678
f 3653 3678 3679
f 3679 3680 3657
f 3657 3680 3664
f 3664 3663 3657
f 3657 3654 3679
f 3679 3654 3653
f 3678 3653 3655
f 3655 3656 3676
f 983 981 3675
f 1194 3681 3674
f 3673 3681 1194
f 1193 3682 3673
f 3672 3682 1193
f 978 3671 3672
f 791 3683 3671
f 3670 3683 791
f 631 3669 3670
f 630 3684 3669
f 3668 3684 630
f 3667 3668 629
f 423 422 3685
f 3686 506 423
f 3687 632 506
f 3688 418 632
f 3689 504 418
f 505 504 3689
f 3690 503 505
f 3691 419 503
f 3692 420 419
f 421 420 3692
f 3693 1399 421
f 993 3662 3694
f 3694 3695 993
f 3685 422 993
f 3694 3662 3661
f 3661 3660 3696
f 3660 3659 3697
f 3697 3659 3658
f 3658 3651 3666
f 3666 3698 3658
f 3658 3698 3697
f 3697 3696 3660
f 3696 3699 3661
f 3661 3699 3694
f 3695 3685 993
f 421 3700 3693
f 3692 3700 421
f 419 3691 3692
f 503 3690 3691
f 505 3701 3690
f 3689 3701 505
f 418 3688 3689
f 632 3687 3688
f 506 3686 3687
f 423 3702 3686
f 3685 3702 423
f 3664 3703 3704
f 3665 3704 3705
f 3703 3680 3679
f 3679 3678 3703
f 3678 3677 3703
f 3703 3664 3680
f 3677 3676 3703
f 3705 3696 3697
f 3705 3699 3696
f 3705 3694 3699
f 3697 3698 3705
f 3705 3695 3694
f 3698 3666 3705
f 3676 3675 3703
f 3705 3666 3665
f 3704 3665 3664
f 3706 3707 3708
f 3706 3709 3710
f 3706 3711 3707
f 3706 3712 3713
f 3710 3714 3706
f 3688 3700 3692
f 3706 3715 3711
f 3714 3712 3706
f 3700 3687 3686
f 3688 3690 3701
f 3692 3691 3688
f 3716 3717 3718
f 3716 3719 3720
f 3716 3721 3722
f 3716 3708 3723
f 3713 3715 3706
f 3703 3669 3684
f 3703 3672 3671
f 3703 3674 3681
f 3700 3688 3687
f 3691 3690 3688
f 3720 3717 3716
f 3716 3724 3725
f 3716 3726 3721
f 3708 3716 3706
f 3727 3728 3729
f 3703 3670 3669
f 3671 3683 3703
f 3681 3673 3703
f 3701 3689 3688
f 3716 3693 3700
f 3725 3719 3716
f 3723 3726 3716
f 3729 3730 3727
f 3727 3731 3732
f 3683 3670 3703
f 3673 3682 3703
f 3700 3702 3716
f 3716 3733 3734
f 3722 3724 3716
f 3706 3735 3736
f 3727 3737 3728
f 3727 3738 3739
f 3727 3740 3741
f 3732 3742 3727
f 3727 3743 3744
f 3727 3745 3746
f 3747 3748 3749
f 3682 3672 3703
f 3716 3750 3693
f 3716 3751 3752
f 3734 3753 3716
f 3736 3709 3706
f 3739 3737 3727
f 3742 3740 3727
f 3744 3754 3727
f 3746 3755 3727
f 3727 3756 3757
f 3758 3756 3727
f 3747 3759 3748
f 3747 3703 3668
f 3703 3675 3674
f 3716 3760 3750
f 3752 3761 3716
f 3716 3762 3763
f 3716 3764 3765
f 3718 3733 3716
f 3766 3716 3702
f 3741 3738 3727
f 3755 3743 3727
f 3727 3747 3758
f 3749 3767 3747
f 3747 3768 3769
f 3747 3770 3771
f 3684 3668 3703
f 3761 3760 3716
f 3716 3772 3773
f 3763 3774 3716
f 3753 3764 3716
f 3702 3705 3766
f 3766 3705 3704
f 3775 3704 3703
f 3754 3731 3727
f 3767 3758 3747
f 3771 3768 3747
f 3747 3776 3777
f 3747 3778 3779
f 3747 3780 3781
f 3668 3667 3747
f 3773 3751 3716
f 3765 3762 3716
f 3702 3685 3705
f 3703 3747 3775
f 3757 3745 3727
f 3777 3770 3747
f 3747 3782 3778
f 3667 3780 3747
f 3774 3772 3716
f 3704 3775 3766
f 3769 3759 3747
f 3781 3782 3747
f 3685 3695 3705
f 3779 3776 3747
f 3730 3783 3727
f 3686 3702 3700
f 626 502 3783
f 627 626 3730
f 977 627 3729
f 975 977 3728
f 976 975 3737
f 973 976 3739
f 974 973 3738
f 787 974 3741
f 788 787 3740
f 972 788 3742
f 970 972 3732
f 971 970 3731
f 1192 971 3754
f 968 1192 3744
f 969 968 3743
f 1190 969 3755
f 1191 1190 3746
f 1639 1191 3745
f 1197 1639 3757
f 988 1197 3756
f 989 988 3758
f 986 989 3767
f 987 986 3749
f 798 987 3748
f 799 798 3759
f 984 799 3769
f 985 984 3768
f 1195 985 3771
f 1196 1195 3770
f 982 1196 3777
f 796 982 3776
f 797 796 3779
f 980 797 3778
f 794 980 3782
f 792 794 3781
f 790 792 3780
f 3780 3667 790
f 3781 3780 792
f 3782 3781 794
f 3778 3782 980
f 3779 3778 797
f 3776 3779 796
f 3777 3776 982
f 3770 3777 1196
f 3771 3770 1195
f 3768 3771 985
f 3769 3768 984
f 3759 3769 799
f 3748 3759 798
f 3749 3748 987
f 3767 3749 986
f 3758 3767 989
f 3756 3758 988
f 3757 3756 1197
f 3745 3757 1639
f 3746 3745 1191
f 3755 3746 1190
f 3743 3755 969
f 3744 3743 968
f 3754 3744 1192
f 3731 3754 971
f 3732 3731 970
f 3742 3732 972
f 3740 3742 788
f 3741 3740 787
f 3738 3741 974
f 3739 3738 973
f 3737 3739 976
f 3728 3737 975
f 3729 3728 977
f 3730 3729 627
f 3783 3730 626
f 1397 1399 3693
f 1398 1397 3750
f 1395 1398 3760
f 1396 1395 3761
f 1645 1396 3752
f 1891 1645 3751
f 1644 1891 3773
f 1642 1644 3772
f 1643 1642 3774
f 1392 1643 3763
f 1393 1392 3762
f 1641 1393 3765
f 1200 1641 3764
f 1201 1200 3753
f 1391 1201 3734
f 801 1391 3733
f 802 801 3718
f 992 802 3717
f 990 992 3720
f 991 990 3719
f 1198 991 3725
f 1199 1198 3724
f 1640 1199 3722
f 2178 1640 3721
f 2070 2178 3726
f 2071 2070 3723
f 1892 2071 3708
f 1893 1892 3707
f 1648 1893 3711
f 1649 1648 3715
f 1400 1649 3713
f 1401 1400 3712
f 1646 1401 3714
f 1647 1646 3710
f 2259 1647 3709
f 2260 2259 3736
f 3736 3735 2260
f 3709 3736 2259
f 3710 3709 1647
f 3714 3710 1646
f 3712 3714 1401
f 3713 3712 1400
f 3715 3713 1649
f 3711 3715 1648
f 3707 3711 1893
f 3708 3707 1892
f 3723 3708 2071
f 3726 3723 2070
f 3721 3726 2178
f 3722 3721 1640
f 3724 3722 1199
f 3725 3724 1198
f 3719 3725 991
f 3720 3719 990
f 3717 3720 992
f 3718 3717 802
f 3733 3718 801
f 3734 3733 1391
f 3753 3734 1201
f 3764 3753 1200
f 3765 3764 1641
f 3762 3765 1393
f 3763 3762 1392
f 3774 3763 1643
f 3772 3774 1642
f 3773 3772 1644
f 3751 3773 1891
f 3752 3751 1645
f 3761 3752 1396
f 3760 3761 1395
f 3750 3760 1398
f 3693 3750 1397
f 3784 2262 2182
f 3785 2182 2261
f 2261 3786 3787
f 2261 3788 3786
f 2261 3789 3788
f 3787 3790 2261
f 2261 1656 3789
f 2262 3791 3792
f 3792 3793 2262
f 3793 3794 2262
f 2262 3784 3791
f 3794 3795 2262
f 3795 1202 2262
f 3790 3796 2261
f 2261 3796 3785
f 2182 3785 3784
f 3796 3797 3798
f 3785 3798 3799
f 3799 3784 3785
f 3798 3785 3796
f 3800 1653 633
f 3801 1654 1653
f 3802 1655 1654
f 3803 1897 1655
f 3804 995 1897
f 3805 996 995
f 3806 994 996
f 3807 803 994
f 3808 634 803
f 3809 635 634
f 3810 1408 635
f 3811 3812 3789
f 3789 1656 3811
f 1408 3810 3811
f 3812 3813 3788
f 3813 3814 3786
f 3814 3815 3787
f 3815 3816 3790
f 3790 3816 3797
f 3797 3796 3790
f 3790 3787 3815
f 3787 3786 3814
f 3786 3788 3813
f 3788 3789 3812
f 1656 1408 3811
f 635 3809 3810
f 634 3808 3809
f 803 3807 3808
f 994 3806 3807
f 996 3805 3806
f 995 3804 3805
f 1897 3803 3804
f 1655 3802 3803
f 1654 3801 3802
f 1653 3800 3801
f 633 3817 3800
f 3818 512 511
f 3819 639 512
f 3820 804 639
f 3821 507 804
f 3822 637 507
f 3823 638 637
f 636 638 3823
f 3824 508 636
f 3825 509 508
f 3826 510 509
f 3827 1681 510
f 1202 3795 3828
f 3828 3829 1202
f 3830 511 1202
f 3795 3794 3831
f 3794 3793 3832
f 3832 3793 3792
f 3833 3792 3791
f 3834 3791 3784
f 3784 3799 3834
f 3791 3834 3833
f 3792 3833 3832
f 3832 3831 3794
f 3831 3828 3795
f 3829 3830 1202
f 510 3826 3827
f 509 3825 3826
f 508 3824 3825
f 636 3835 3824
f 3823 3835 636
f 637 3822 3823
f 507 3821 3822
f 804 3820 3821
f 639 3819 3820
f 512 3818 3819
f 511 3830 3818
f 3797 3836 3837
f 3798 3837 3838
f 3836 3816 3815
f 3815 3814 3836
f 3814 3813 3836
f 3836 3797 3816
f 3813 3812 3836
f 3838 3832 3833
f 3838 3831 3832
f 3838 3828 3831
f 3833 3834 3838
f 3838 3829 3828
f 3834 3799 3838
f 3812 3811 3836
f 3838 3799 3798
f 3837 3798 3797
f 3839 3802 3801
f 3839 3806 3805
f 3839 3810 3809
f 3840 3819 3818
f 3840 3823 3822
f 3840 3826 3825
f 3841 3842 3843
f 3839 3803 3802
f 3805 3804 3839
f 3809 3808 3839
f 3840 3820 3819
f 3840 3835 3823
f 3825 3824 3840
f 3841 3844 3845
f 3841 3846 3842
f 3839 3847 3848
f 3804 3803 3839
f 3808 3807 3839
f 3840 3821 3820
f 3824 3835 3840
f 3845 3849 3841
f 3841 3850 3846
f 3841 3851 3852
f 3841 3853 3854
f 3841 3855 3856
f 3848 3841 3839
f 3839 3857 3858
f 3839 3859 3860
f 3807 3806 3839
f 3822 3821 3840
f 3840 3861 3862
f 3863 3864 3865
f 3863 3866 3867
f 3863 3868 3869
f 3843 3844 3841
f 3852 3870 3841
f 3856 3853 3841
f 3839 3871 3847
f 3839 3872 3857
f 3839 3873 3874
f 3860 3875 3839
f 3839 3811 3810
f 3818 3830 3840
f 3840 3876 3861
f 3863 3877 3876
f 3863 3878 3864
f 3863 3879 3866
f 3869 3880 3863
f 3863 3881 3882
f 3870 3850 3841
f 3841 3883 3884
f 3848 3855 3841
f 3874 3872 3839
f 3839 3885 3886
f 3875 3887 3839
f 3801 3800 3839
f 3840 3827 3826
f 3840 3888 3889
f 3840 3890 3891
f 3840 3892 3893
f 3876 3840 3863
f 3867 3878 3863
f 3880 3894 3863
f 3882 3895 3863
f 3895 3868 3863
f 3884 3851 3841
f 3858 3871 3839
f 3839 3896 3885
f 3839 3897 3859
f 3800 3817 3839
f 3840 3898 3827
f 3840 3899 3900
f 3889 3901 3840
f 3840 3902 3890
f 3893 3903 3840
f 3865 3877 3863
f 3854 3883 3841
f 3839 3904 3905
f 3887 3896 3839
f 3817 3906 3839
f 3840 3907 3898
f 3840 3908 3909
f 3840 3910 3911
f 3901 3899 3840
f 3903 3902 3840
f 3894 3879 3863
f 3912 3838 3837
f 3905 3873 3839
f 3906 3897 3839
f 3909 3907 3840
f 3840 3913 3914
f 3900 3910 3840
f 3862 3892 3840
f 3838 3912 3840
f 3837 3915 3912
f 3836 3811 3839
f 3886 3904 3839
f 3914 3908 3840
f 3891 3888 3840
f 3837 3836 3915
f 3849 3916 3841
f 3911 3913 3840
f 3839 3915 3836
f 3840 3829 3838
f 3830 3829 3840
f 1651 1407 3916
f 1652 1651 3849
f 1403 1652 3845
f 1404 1403 3844
f 1650 1404 3843
f 1896 1650 3842
f 1894 1896 3846
f 1895 1894 3850
f 2072 1895 3870
f 2073 2072 3852
f 2179 2073 3851
f 2291 2179 3884
f 1669 2291 3883
f 1667 1669 3854
f 1668 1667 3853
f 1665 1668 3856
f 1666 1665 3855
f 1905 1666 3848
f 1663 1905 3847
f 1664 1663 3871
f 1904 1664 3858
f 1902 1904 3857
f 1903 1902 3872
f 2180 1903 3874
f 2181 2180 3873
f 1661 2181 3905
f 1662 1661 3904
f 1900 1662 3886
f 1901 1900 3885
f 1898 1901 3896
f 1659 1898 3887
f 1660 1659 3875
f 1899 1660 3860
f 2074 1899 3859
f 1657 2074 3897
f 633 1657 3906
f 3906 3817 633
f 3897 3906 1657
f 3859 3897 2074
f 3860 3859 1899
f 3875 3860 1660
f 3887 3875 1659
f 3896 3887 1898
f 3885 3896 1901
f 3886 3885 1900
f 3904 3886 1662
f 3905 3904 1661
f 3873 3905 2181
f 3874 3873 2180
f 3872 3874 1903
f 3857 3872 1902
f 3858 3857 1904
f 3871 3858 1664
f 3847 3871 1663
f 3848 3847 1905
f 3855 3848 1666
f 3856 3855 1665
f 3853 3856 1668
f 3854 3853 1667
f 3883 3854 1669
f 3884 3883 2291
f 3851 3884 2179
f 3852 3851 2073
f 3870 3852 2072
f 3850 3870 1895
f 3846 3850 1894
f 3842 3846 1896
f 3843 3842 1650
f 3844 3843 1404
f 3845 3844 1403
f 3849 3845 1652
f 3916 3849 1651
f 3917 2208 2299
f 3918 2299 1457
f 2208 3919 3920
f 3920 3921 2208
f 3921 3922 2208
f 2208 3917 3919
f 3922 3923 2208
f 1457 3924 3925
f 1457 3926 3924
f 1457 3927 3926
f 3925 3928 1457
f 1457 2317 3927
f 3928 3929 1457
f 3923 2301 2208
f 1457 3929 3918
f 2299 3918 3917
f 3929 3930 3931
f 3918 3931 3932
f 3932 3917 3918
f 3931 3918 3929
f 3933 524 2273
f 525 524 3933
f 3934 650 525
f 3935 427 650
f 3936 521 427
f 522 521 3936
f 3937 520 522
f 428 520 3937
f 3938 429 428
f 3939 523 429
f 3940 1231 523
f 2301 3923 3941
f 3941 3942 2301
f 3943 2273 2301
f 3923 3922 3944
f 3944 3922 3921
f 3921 3920 3945
f 3945 3920 3919
f 3919 3917 3932
f 3932 3946 3919
f 3919 3946 3945
f 3945 3947 3921
f 3921 3947 3944
f 3944 3941 3923
f 3942 3943 2301
f 523 3939 3940
f 429 3938 3939
f 428 3948 3938
f 3937 3948 428
f 522 3949 3937
f 3936 3949 522
f 427 3935 3936
f 650 3934 3935
f 525 3950 3934
f 3933 3950 525
f 2273 3943 3933
f 3951 1462 2272
f 3952 1463 1462
f 3953 1723 1463
f 3954 1722 1723
f 3955 1460 1722
f 3956 1461 1460
f 3957 1945 1461
f 3958 1721 1945
f 3959 1458 1721
f 3960 1459 1458
f 3961 2205 1459
f 3962 3963 3927
f 3927 2317 3962
f 2205 3961 3962
f 3927 3963 3964
f 3926 3964 3965
f 3924 3965 3966
f 3966 3967 3928
f 3928 3967 3930
f 3930 3929 3928
f 3928 3925 3966
f 3966 3925 3924
f 3965 3924 3926
f 3964 3926 3927
f 2317 2205 3962
f 1459 3960 3961
f 1458 3959 3960
f 1721 3958 3959
f 1945 3957 3958
f 1461 3956 3957
f 1460 3955 3956
f 1722 3954 3955
f 1723 3953 3954
f 1463 3952 3953
f 1462 3951 3952
f 2272 3968 3951
f 3930 3969 3970
f 3931 3970 3971
f 3971 3947 3945
f 3971 3944 3947
f 3971 3941 3944
f 3945 3946 3971
f 3971 3942 3941
f 3969 3967 3966
f 3966 3965 3969
f 3965 3964 3969
f 3969 3930 3967
f 3964 3963 3969
f 3963 3962 3969
f 3946 3932 3971
f 3971 3932 3931
f 3970 3931 3930
f 3935 3939 3938
f 3972 3973 3974
f 3972 3975 3976
f 3935 3937 3949
f 3938 3948 3935
f 3976 3973 3972
f 3972 3977 3978
f 3972 3979 3980
f 3957 3953 3952
f 3948 3937 3935
f 3972 3981 3982
f 3974 3983 3972
f 3978 3984 3972
f 3980 3985 3972
f 3957 3954 3953
f 3957 3956 3955
f 3949 3936 3935
f 3934 3986 3940
f 3982 3987 3972
f 3984 3975 3972
f 3972 3988 3989
f 3985 3990 3972
f 3955 3954 3957
f 3940 3939 3934
f 3972 3991 3992
f 3983 3981 3972
f 3972 3993 3994
f 3972 3995 3996
f 3990 3988 3972
f 3958 3951 3968
f 3951 3958 3957
f 3986 3997 3940
f 3987 3991 3972
f 3972 3998 3993
f 3989 3995 3972
f 3972 3999 4000
f 3952 3951 3957
f 3986 4001 3997
f 3994 3977 3972
f 4000 3979 3972
f 3968 3972 3958
f 3986 4002 4001
f 3996 3998 3972
f 3968 4003 3972
f 3986 4004 4002
f 3986 4005 4006
f 3986 4007 4008
f 3986 4009 4010
f 3986 4011 4012
f 4013 4014 4015
f 4016 3969 3958
f 4017 3972 4018
f 3972 4019 4020
f 3972 4021 4022
f 4003 3999 3972
f 4006 4004 3986
f 4010 4007 3986
f 3986 4023 4024
f 3986 4025 4011
f 3986 4026 4027
f 3986 4028 4029
f 3986 4030 4031
f 4013 4032 4014
f 3969 3959 3958
f 3969 3961 3960
f 4017 4033 4034
f 4020 4018 3972
f 3992 4021 3972
f 4008 4005 3986
f 4024 4035 3986
f 4027 4025 3986
f 3986 4036 4028
f 3986 4037 4038
f 3986 4039 4030
f 4015 3986 4013
f 4013 4040 4041
f 4042 3986 3934
f 3960 3959 3969
f 4034 4043 4017
f 4022 4019 3972
f 4035 4009 3986
f 4029 4026 3986
f 3986 4044 4045
f 4031 4037 3986
f 4041 4032 4013
f 3971 3950 3933
f 3934 3971 4042
f 4046 4042 3971
f 4046 3970 3969
f 3969 3962 3961
f 4018 4033 4017
f 4012 4023 3986
f 4045 4047 3986
f 3986 4048 4049
f 4015 4039 3986
f 3934 3950 3971
f 3969 4016 4046
f 4043 4050 4017
f 4047 4036 3986
f 4038 4048 3986
f 3933 3943 3971
f 3958 3972 4016
f 4049 4044 3986
f 3971 3970 4046
f 3943 3942 3971
f 3935 3934 3939
f 821 1231 3940
f 822 821 3997
f 1230 822 4001
f 1470 1230 4002
f 1471 1470 4004
f 1468 1471 4006
f 1469 1468 4005
f 1466 1469 4008
f 1467 1466 4007
f 1731 1467 4010
f 1729 1731 4009
f 1730 1729 4035
f 1464 1730 4024
f 1465 1464 4023
f 1728 1465 4012
f 1726 1728 4011
f 1727 1726 4025
f 1724 1727 4027
f 1725 1724 4026
f 1950 1725 4029
f 2098 1950 4028
f 2099 2098 4036
f 2211 2099 4047
f 2209 2211 4045
f 2210 2209 4044
f 2096 2210 4049
f 2097 2096 4048
f 1474 2097 4038
f 1475 1474 4037
f 1734 1475 4031
f 1233 1734 4030
f 1234 1233 4039
f 1472 1234 4015
f 1473 1472 4014
f 1732 1473 4032
f 1733 1732 4041
f 4041 4040 1733
f 4032 4041 1732
f 4014 4032 1473
f 4015 4014 1472
f 4039 4015 1234
f 4030 4039 1233
f 4031 4030 1734
f 4037 4031 1475
f 4038 4037 1474
f 4048 4038 2097
f 4049 4048 2096
f 4044 4049 2210
f 4045 4044 2209
f 4047 4045 2211
f 4036 4047 2099
f 4028 4036 2098
f 4029 4028 1950
f 4026 4029 1725
f 4027 4026 1724
f 4025 4027 1727
f 4011 4025 1726
f 4012 4011 1728
f 4023 4012 1465
f 4024 4023 1464
f 4035 4024 1730
f 4009 4035 1729
f 4010 4009 1731
f 4007 4010 1467
f 4008 4007 1466
f 4005 4008 1469
f 4006 4005 1468
f 4004 4006 1471
f 4002 4004 1470
f 4001 4002 1230
f 3997 4001 822
f 3940 3997 821
f 4051 1488 1487
f 4052 1487 1740
f 1740 4053 4054
f 1740 4055 4053
f 1740 4056 4055
f 4054 4057 1740
f 1740 830 4056
f 1488 4058 4059
f 4059 4060 1488
f 4060 4061 1488
f 1488 4051 4058
f 4061 4062 1488
f 4062 356 1488
f 4057 4063 1740
f 1740 4063 4052
f 1487 4052 4051
f 4063 4064 4065
f 4052 4065 4066
f 4066 4051 4052
f 4065 4052 4063
f 4067 827 321
f 4068 828 827
f 4069 829 828
f 4070 1029 829
f 4071 431 1029
f 4072 432 431
f 430 432 4072
f 4073 355 430
f 4074 322 355
f 4075 323 322
f 4076 654 323
f 4077 4078 4056
f 4056 830 4077
f 654 4076 4077
f 4056 4078 4079
f 4055 4079 4080
f 4080 4081 4054
f 4054 4081 4082
f 4082 4064 4063
f 4063 4057 4082
f 4082 4057 4054
f 4054 4053 4080
f 4080 4053 4055
f 4079 4055 4056
f 830 654 4077
f 323 4075 4076
f 322 4074 4075
f 355 4073 4074
f 430 4083 4073
f 4072 4083 430
f 431 4071 4072
f 1029 4070 4071
f 829 4069 4070
f 828 4068 4069
f 827 4067 4068
f 321 4084 4067
f 4085 235 234
f 4086 262 235
f 4087 290 262
f 4088 230 290
f 4089 260 230
f 4090 261 260
f 4091 259 261
f 4092 231 259
f 4093 232 231
f 233 232 4093
f 4094 533 233
f 356 4062 4095
f 4095 4096 356
f 4097 234 356
f 4095 4062 4061
f 4061 4060 4098
f 4060 4059 4099
f 4099 4059 4058
f 4058 4051 4066
f 4066 4100 4058
f 4058 4100 4099
f 4099 4098 4060
f 4098 4101 4061
f 4061 4101 4095
f 4096 4097 356
f 233 4102 4094
f 4093 4102 233
f 231 4092 4093
f 259 4091 4092
f 261 4090 4091
f 260 4089 4090
f 230 4088 4089
f 290 4087 4088
f 262 4086 4087
f 235 4085 4086
f 234 4097 4085
f 4064 4103 4104
f 4065 4104 4105
f 4103 4082 4081
f 4081 4080 4103
f 4080 4079 4103
f 4103 4064 4082
f 4079 4078 4103
f 4105 4098 4099
f 4105 4101 4098
f 4105 4095 4101
f 4099 4100 4105
f 4105 4096 4095
f 4100 4066 4105
f 4078 4077 4103
f 4105 4066 4065
f 4104 4065 4064
f 4088 4102 4093
f 4106 4107 4108
f 4103 4069 4068
f 4103 4083 4072
f 4103 4076 4075
f 4102 4087 4086
f 4088 4091 4090
f 4093 4092 4088
f 4106 4109 4110
f 4108 4111 4106
f 4103 4070 4069
f 4072 4071 4103
f 4075 4074 4103
f 4102 4088 4087
f 4092 4091 4088
f 4111 4109 4106
f 4106 4112 4113
f 4071 4070 4103
f 4074 4073 4103
f 4090 4089 4088
f 4106 4094 4102
f 4113 4107 4106
f 4106 4114 4115
f 4073 4083 4103
f 4102 4085 4106
f 4115 4112 4106
f 4106 4116 4117
f 4118 4103 4067
f 4103 4077 4076
f 4106 4119 4094
f 4117 4114 4106
f 4118 4120 4121
f 4118 4122 4123
f 4068 4067 4103
f 4110 4119 4106
f 4106 4124 4125
f 4106 4126 4127
f 4106 4128 4129
f 4106 4130 4131
f 4106 4132 4133
f 4134 4135 4136
f 4123 4120 4118
f 4118 4137 4138
f 4067 4084 4118
f 4125 4116 4106
f 4127 4139 4106
f 4106 4140 4128
f 4133 4130 4106
f 4136 4141 4142
f 4136 4118 4134
f 4118 4143 4144
f 4118 4145 4146
f 4118 4147 4148
f 4138 4122 4118
f 4084 4149 4118
f 4139 4124 4106
f 4131 4140 4106
f 4136 4150 4141
f 4136 4151 4152
f 4118 4153 4134
f 4146 4143 4118
f 4148 4154 4118
f 4149 4137 4118
f 4129 4126 4106
f 4106 4155 4156
f 4157 4158 4155
f 4157 4159 4160
f 4136 4161 4162
f 4152 4150 4136
f 4136 4163 4164
f 4144 4153 4118
f 4121 4147 4118
f 4156 4132 4106
f 4160 4158 4157
f 4162 4165 4136
f 4136 4166 4167
f 4164 4151 4136
f 4154 4145 4118
f 4155 4106 4157
f 4157 4168 4169
f 4157 4170 4171
f 4172 4106 4085
f 4167 4161 4136
f 4135 4163 4136
f 4169 4159 4157
f 4157 4173 4170
f 4085 4105 4172
f 4172 4105 4104
f 4174 4104 4103
f 4136 4175 4176
f 4142 4166 4136
f 4171 4168 4157
f 4157 4177 4178
f 4085 4097 4105
f 4103 4118 4174
f 4136 4179 4180
f 4165 4175 4136
f 4178 4173 4157
f 4104 4174 4172
f 4136 4181 4182
f 4176 4179 4136
f 4097 4096 4105
f 4180 4181 4136
f 4182 4183 4136
f 4086 4085 4102
f 1951 1479 4183
f 1735 1951 4182
f 1736 1735 4181
f 1476 1736 4180
f 1477 1476 4179
f 825 1477 4176
f 826 825 4175
f 1028 826 4165
f 1026 1028 4162
f 1027 1026 4161
f 527 1027 4167
f 528 527 4166
f 653 528 4142
f 651 653 4141
f 652 651 4150
f 823 652 4152
f 824 823 4151
f 1235 824 4164
f 1486 1235 4163
f 1739 1486 4135
f 1484 1739 4134
f 1485 1484 4153
f 1482 1485 4144
f 1483 1482 4143
f 1738 1483 4146
f 1480 1738 4145
f 1481 1480 4154
f 835 1481 4148
f 836 835 4147
f 833 836 4121
f 834 833 4120
f 1030 834 4123
f 1237 1030 4122
f 1236 1237 4138
f 831 1236 4137
f 321 831 4149
f 4149 4084 321
f 4137 4149 831
f 4138 4137 1236
f 4122 4138 1237
f 4123 4122 1030
f 4120 4123 834
f 4121 4120 833
f 4147 4121 836
f 4148 4147 835
f 4154 4148 1481
f 4145 4154 1480
f 4146 4145 1738
f 4143 4146 1483
f 4144 4143 1482
f 4153 4144 1485
f 4134 4153 1484
f 4135 4134 1739
f 4163 4135 1486
f 4164 4163 1235
f 4151 4164 824
f 4152 4151 823
f 4150 4152 652
f 4141 4150 651
f 4142 4141 653
f 4166 4142 528
f 4167 4166 527
f 4161 4167 1027
f 4162 4161 1026
f 4165 4162 1028
f 4175 4165 826
f 4176 4175 825
f 4179 4176 1477
f 4180 4179 1476
f 4181 4180 1736
f 4182 4181 1735
f 4183 4182 1951
f 4184 2092 2194
f 4185 2194 1708
f 2092 4186 4187
f 4187 4188 2092
f 4188 4189 2092
f 2092 4184 4186
f 4189 4190 2092
f 1708 4191 4192
f 1708 4193 4191
f 1708 4194 4193
f 4192 4195 1708
f 1708 2193 4194
f 4195 4196 1708
f 4190 2296 2092
f 1708 4196 4185
f 2194 4185 4184
f 4196 4197 4198
f 4185 4198 4199
f 4199 4184 4185
f 4198 4185 4196
f 2198 2197 4200
f 2196 2198 4201
f 519 2196 4202
f 318 519 4203
f 353 318 4204
f 354 353 4205
f 352 354 4206
f 319 352 4207
f 4208 320 319
f 518 320 4208
f 820 518 4209
f 2296 4190 4210
f 4210 4211 2296
f 4200 2197 2296
f 4190 4189 4212
f 4212 4189 4188
f 4188 4187 4213
f 4213 4187 4186
f 4186 4184 4199
f 4199 4214 4186
f 4186 4214 4213
f 4213 4215 4188
f 4188 4215 4212
f 4212 4210 4190
f 4211 4200 2296
f 4209 4216 820
f 4208 4209 518
f 319 4217 4208
f 4207 4217 319
f 4206 4207 352
f 4205 4206 354
f 4204 4205 353
f 4203 4204 318
f 4202 4203 519
f 4201 4202 2196
f 4200 4201 2198
f 4218 1429 1011
f 1430 1429 4218
f 4219 1431 1430
f 4220 1707 1431
f 1012 1707 4220
f 4221 1013 1012
f 1216 1013 4221
f 4222 809 1216
f 4223 1709 809
f 4224 1710 1709
f 4225 2090 1710
f 4226 4227 4194
f 4194 2193 4226
f 2090 4225 4226
f 4194 4227 4228
f 4193 4228 4229
f 4229 4230 4192
f 4192 4230 4231
f 4195 4231 4197
f 4197 4196 4195
f 4231 4195 4192
f 4192 4191 4229
f 4229 4191 4193
f 4228 4193 4194
f 2193 2090 4226
f 1710 4224 4225
f 1709 4223 4224
f 809 4222 4223
f 1216 4232 4222
f 4221 4232 1216
f 1012 4233 4221
f 4220 4233 1012
f 1431 4219 4220
f 1430 4234 4219
f 4218 4234 1430
f 1011 4235 4218
f 4197 4236 4237
f 4198 4237 4238
f 4238 4215 4213
f 4238 4212 4215
f 4238 4210 4212
f 4213 4214 4238
f 4238 4211 4210
f 4236 4231 4230
f 4230 4229 4236
f 4229 4228 4236
f 4236 4197 4231
f 4228 4227 4236
f 4227 4226 4236
f 4214 4199 4238
f 4238 4199 4198
f 4237 4198 4197
f 4238 4202 4201
f 4238 4206 4205
f 4238 4209 4208
f 4238 4203 4202
f 4238 4207 4206
f 4208 4217 4238
f 4238 4204 4203
f 4217 4207 4238
f 4232 4219 4234
f 4205 4204 4238
f 4232 4220 4219
f 4232 4221 4233
f 4218 4224 4223
f 4201 4200 4238
f 4239 4216 4209
f 4240 4241 4242
f 4233 4220 4232
f 4223 4222 4218
f 4209 4238 4239
f 4240 4243 4244
f 4240 4245 4246
f 4240 4247 4241
f 4240 4224 4218
f 4222 4232 4218
f 4239 4248 4216
f 4240 4249 4243
f 4242 4245 4240
f 4240 4250 4251
f 4234 4218 4232
f 4239 4252 4248
f 4253 4254 4255
f 4253 4256 4257
f 4240 4258 4259
f 4246 4249 4240
f 4251 4260 4240
f 4240 4261 4262
f 4218 4235 4240
f 4239 4263 4252
f 4264 4265 4266
f 4264 4267 4268
f 4264 4269 4270
f 4255 4271 4253
f 4253 4272 4256
f 4253 4240 4273
f 4244 4258 4240
f 4240 4274 4275
f 4240 4276 4277
f 4260 4278 4240
f 4262 4279 4240
f 4235 4280 4240
f 4239 4281 4263
f 4239 4282 4283
f 4239 4284 4285
f 4264 4286 4287
f 4264 4288 4289
f 4266 4290 4264
f 4264 4291 4292
f 4270 4267 4264
f 4268 4291 4264
f 4253 4293 4254
f 4253 4294 4272
f 4240 4295 4273
f 4275 4247 4240
f 4278 4276 4240
f 4240 4296 4297
f 4280 4261 4240
f 4283 4281 4239
f 4239 4298 4284
f 4239 4299 4300
f 4239 4301 4302
f 4303 4239 4264
f 4264 4304 4305
f 4264 4306 4286
f 4290 4288 4264
f 4307 4236 4224
f 4257 4293 4253
f 4273 4308 4253
f 4277 4274 4240
f 4279 4296 4240
f 4285 4282 4239
f 4302 4299 4239
f 4239 4303 4309
f 4264 4310 4311
f 4264 4312 4313
f 4287 4304 4264
f 4292 4265 4264
f 4236 4225 4224
f 4308 4294 4253
f 4297 4250 4240
f 4300 4298 4239
f 4309 4314 4239
f 4313 4310 4264
f 4289 4306 4264
f 4315 4239 4238
f 4307 4315 4237
f 4236 4226 4225
f 4259 4295 4240
f 4314 4301 4239
f 4305 4312 4264
f 4237 4236 4307
f 4271 4316 4253
f 4264 4311 4303
f 4224 4240 4307
f 4238 4237 4315
f 4200 4211 4238
f 819 820 4216
f 1224 819 4248
f 1450 1224 4252
f 1448 1450 4263
f 1449 1448 4281
f 1446 1449 4283
f 1447 1446 4282
f 1716 1447 4285
f 1444 1716 4284
f 1445 1444 4298
f 1714 1445 4300
f 1715 1714 4299
f 1937 1715 4302
f 1935 1937 4301
f 1936 1935 4314
f 1933 1936 4309
f 1934 1933 4303
f 1931 1934 4311
f 1932 1931 4310
f 1712 1932 4313
f 1713 1712 4312
f 1442 1713 4305
f 1443 1442 4304
f 1711 1443 4287
f 1440 1711 4286
f 1441 1440 4306
f 1222 1441 4289
f 1223 1222 4288
f 1439 1223 4290
f 1437 1439 4266
f 1438 1437 4265
f 1435 1438 4292
f 1436 1435 4291
f 2200 1436 4268
f 1939 2200 4267
f 1940 1939 4270
f 4270 4269 1940
f 4267 4270 1939
f 4268 4267 2200
f 4291 4268 1436
f 4292 4291 1435
f 4265 4292 1438
f 4266 4265 1437
f 4290 4266 1439
f 4288 4290 1223
f 4289 4288 1222
f 4306 4289 1441
f 4286 4306 1440
f 4287 4286 1711
f 4304 4287 1443
f 4305 4304 1442
f 4312 4305 1713
f 4313 4312 1712
f 4310 4313 1932
f 4311 4310 1931
f 4303 4311 1934
f 4309 4303 1933
f 4314 4309 1936
f 4301 4314 1935
f 4302 4301 1937
f 4299 4302 1715
f 4300 4299 1714
f 4298 4300 1445
f 4284 4298 1444
f 4285 4284 1716
f 4282 4285 1447
f 4283 4282 1446
f 4281 4283 1449
f 4263 4281 1448
f 4252 4263 1450
f 4248 4252 1224
f 4216 4248 819
f 2270 2094 4050
f 2271 2270 4043
f 2203 2271 4034
f 2204 2203 4033
f 2269 2204 4018
f 2201 2269 4020
f 2202 2201 4019
f 1943 2202 4022
f 1944 1943 4021
f 1455 1944 3992
f 1456 1455 3991
f 1720 1456 3987
f 1228 1720 3982
f 1229 1228 3981
f 1023 1229 3983
f 1024 1023 3974
f 1227 1024 3973
f 1225 1227 3976
f 1226 1225 3975
f 1453 1226 3984
f 1454 1453 3978
f 1719 1454 3977
f 1942 1719 3994
f 1451 1942 3993
f 1452 1451 3998
f 1717 1452 3996
f 1718 1717 3995
f 1941 1718 3989
f 1949 1941 3988
f 1946 1949 3990
f 1947 1946 3985
f 2095 1947 3980
f 2206 2095 3979
f 2298 2206 4000
f 2297 2298 3999
f 2272 2297 4003
f 4003 3968 2272
f 3999 4003 2297
f 4000 3999 2298
f 3979 4000 2206
f 3980 3979 2095
f 3985 3980 1947
f 3990 3985 1946
f 3988 3990 1949
f 3989 3988 1941
f 3995 3989 1718
f 3996 3995 1717
f 3998 3996 1452
f 3993 3998 1451
f 3994 3993 1942
f 3977 3994 1719
f 3978 3977 1454
f 3984 3978 1453
f 3975 3984 1226
f 3976 3975 1225
f 3973 3976 1227
f 3974 3973 1024
f 3983 3974 1023
f 3981 3983 1229
f 3982 3981 1228
f 3987 3982 1720
f 3991 3987 1456
f 3992 3991 1455
f 4021 3992 1944
f 4022 4021 1943
f 4019 4022 2202
f 4020 4019 2201
f 4018 4020 2269
f 4033 4018 2204
f 4034 4033 2203
f 4043 4034 2271
f 4050 4043 2270
f 4317 640 2294
f 4318 2294 2268
f 640 4319 4320
f 4320 4321 640
f 4321 4322 640
f 640 4317 4319
f 4322 4323 640
f 2268 4324 4325
f 2268 4326 4324
f 2268 4327 4326
f 4325 4328 2268
f 2268 2312 4327
f 4328 4329 2268
f 4323 1425 640
f 2268 4329 4318
f 2294 4318 4317
f 4329 4330 4331
f 4318 4331 4332
f 4332 4317 4318
f 4331 4318 4329
f 4333 4334 646
f 807 646 4334
f 997 807 4335
f 643 997 4336
f 644 643 4337
f 4338 806 644
f 4338 4339 805
f 641 805 4339
f 4340 642 641
f 4341 1704 642
f 1928 1704 4341
f 1425 4323 4342
f 4342 4343 1425
f 4333 645 1425
f 4342 4323 4322
f 4344 4322 4321
f 4321 4320 4345
f 4345 4320 4319
f 4319 4317 4332
f 4332 4346 4319
f 4319 4346 4345
f 4345 4347 4321
f 4321 4347 4344
f 4322 4344 4342
f 4343 4333 1425
f 4341 4348 1928
f 642 4340 4341
f 641 4349 4340
f 4339 4349 641
f 805 806 4338
f 644 4350 4338
f 4337 4350 644
f 4336 4337 643
f 4335 4336 997
f 4334 4335 807
f 646 645 4333
f 2083 1409 4351
f 4352 2084 2083
f 4353 2085 2084
f 4354 2189 2085
f 1690 2189 4354
f 4355 1691 1690
f 4356 1689 1691
f 4357 1410 1689
f 4358 1411 1410
f 4359 1918 1411
f 4360 2293 1918
f 4361 4362 4327
f 4327 2312 4361
f 2293 4360 4361
f 4327 4362 4363
f 4363 4364 4324
f 4364 4365 4325
f 4365 4366 4328
f 4328 4366 4330
f 4330 4329 4328
f 4328 4325 4365
f 4325 4324 4364
f 4324 4326 4363
f 4363 4326 4327
f 2312 2293 4361
f 1918 4359 4360
f 1411 4358 4359
f 1410 4357 4358
f 1689 4356 4357
f 1691 4355 4356
f 1690 4367 4355
f 4354 4367 1690
f 2085 4353 4354
f 2084 4352 4353
f 2083 4368 4352
f 4351 4368 2083
f 4330 4369 4370
f 4331 4370 4371
f 4371 4347 4345
f 4371 4344 4347
f 4371 4342 4344
f 4345 4346 4371
f 4371 4343 4342
f 4369 4366 4365
f 4365 4364 4369
f 4364 4363 4369
f 4369 4330 4366
f 4363 4362 4369
f 4362 4361 4369
f 4346 4332 4371
f 4371 4332 4331
f 4370 4331 4330
f 4372 4335 4334
f 4372 4338 4350
f 4372 4341 4340
f 4373 4353 4352
f 4373 4356 4355
f 4373 4360 4359
f 4372 4336 4335
f 4372 4339 4338
f 4340 4349 4372
f 4373 4354 4353
f 4355 4367 4373
f 4359 4358 4373
f 4372 4337 4336
f 4349 4339 4372
f 4367 4354 4373
f 4358 4357 4373
f 4350 4337 4372
f 4372 4374 4375
f 4372 4376 4377
f 4378 4379 4380
f 4378 4381 4382
f 4378 4373 4383
f 4357 4356 4373
f 4334 4333 4372
f 4372 4384 4385
f 4377 4374 4372
f 4378 4386 4387
f 4378 4388 4389
f 4382 4379 4378
f 4383 4390 4378
f 4373 4391 4392
f 4373 4393 4394
f 4373 4361 4360
f 4372 4348 4341
f 4372 4395 4396
f 4385 4397 4372
f 4372 4398 4399
f 4375 4400 4372
f 4387 4401 4378
f 4380 4388 4378
f 4392 4383 4373
f 4394 4402 4373
f 4373 4403 4404
f 4352 4368 4373
f 4372 4405 4348
f 4372 4406 4395
f 4397 4407 4372
f 4400 4398 4372
f 4376 4408 4409
f 4376 4410 4411
f 4376 4412 4413
f 4378 4414 4415
f 4401 4416 4378
f 4390 4381 4378
f 4373 4417 4418
f 4373 4419 4420
f 4402 4421 4373
f 4404 4422 4373
f 4368 4351 4373
f 4372 4423 4405
f 4372 4424 4425
f 4407 4406 4372
f 4399 4426 4372
f 4376 4427 4428
f 4411 4408 4376
f 4376 4429 4430
f 4376 4431 4412
f 4376 4432 4433
f 4416 4414 4378
f 4418 4391 4373
f 4421 4419 4373
f 4373 4434 4435
f 4373 4436 4437
f 4422 4438 4373
f 4373 4439 4440
f 4351 4441 4373
f 4425 4423 4372
f 4426 4384 4372
f 4428 4442 4376
f 4376 4443 4444
f 4430 4410 4376
f 4433 4431 4376
f 4413 4429 4376
f 4389 4386 4378
f 4435 4393 4373
f 4438 4436 4373
f 4441 4439 4373
f 4372 4445 4424
f 4442 4377 4376
f 4376 4446 4443
f 4420 4417 4373
f 4440 4403 4373
f 4396 4445 4372
f 4409 4446 4376
f 4447 4448 4370
f 4369 4361 4373
f 4437 4434 4373
f 4444 4427 4376
f 4371 4448 4372
f 4448 4371 4370
f 4415 4449 4378
f 4372 4343 4371
f 4373 4447 4369
f 4370 4369 4447
f 4333 4343 4372
f 1703 1928 4348
f 1423 1703 4405
f 1424 1423 4423
f 1927 1424 4425
f 1701 1927 4424
f 1702 1701 4445
f 1926 1702 4396
f 1214 1926 4395
f 1009 1214 4406
f 1010 1009 4407
f 1215 1010 4397
f 1213 1215 4385
f 1007 1213 4384
f 1008 1007 4426
f 1005 1008 4399
f 1006 1005 4398
f 1003 1006 4400
f 1004 1003 4375
f 1212 1004 4374
f 1428 1212 4377
f 1706 1428 4442
f 1426 1706 4428
f 1427 1426 4427
f 1705 1427 4444
f 1001 1705 4443
f 1002 1001 4446
f 999 1002 4409
f 1000 999 4408
f 1210 1000 4411
f 1211 1210 4410
f 1208 1211 4430
f 1209 1208 4429
f 1206 1209 4413
f 1207 1206 4412
f 2088 1207 4431
f 2089 2088 4433
f 4433 4432 2089
f 4431 4433 2088
f 4412 4431 1207
f 4413 4412 1206
f 4429 4413 1209
f 4430 4429 1208
f 4410 4430 1211
f 4411 4410 1210
f 4408 4411 1000
f 4409 4408 999
f 4446 4409 1002
f 4443 4446 1001
f 4444 4443 1705
f 4427 4444 1427
f 4428 4427 1426
f 4442 4428 1706
f 4377 4442 1428
f 4374 4377 1212
f 4375 4374 1004
f 4400 4375 1003
f 4398 4400 1006
f 4399 4398 1005
f 4426 4399 1008
f 4384 4426 1007
f 4385 4384 1213
f 4397 4385 1215
f 4407 4397 1010
f 4406 4407 1009
f 4395 4406 1214
f 4396 4395 1926
f 4445 4396 1702
f 4424 4445 1701
f 4425 4424 1927
f 4423 4425 1424
f 4405 4423 1423
f 4348 4405 1703
f 2191 1930 4316
f 2192 2191 4271
f 1221 2192 4255
f 816 1221 4254
f 817 816 4293
f 1021 817 4257
f 1219 1021 4256
f 1217 1219 4272
f 1218 1217 4294
f 1433 1218 4308
f 814 1433 4273
f 815 814 4295
f 516 815 4259
f 517 516 4258
f 649 517 4244
f 514 649 4243
f 515 514 4249
f 425 515 4246
f 426 425 4245
f 513 426 4242
f 1019 513 4241
f 1020 1019 4247
f 812 1020 4275
f 813 812 4274
f 1018 813 4277
f 1017 1018 4276
f 810 1017 4278
f 811 810 4260
f 1015 811 4251
f 1016 1015 4250
f 1014 1016 4297
f 808 1014 4296
f 647 808 4279
f 648 647 4262
f 1432 648 4261
f 1011 1432 4280
f 4280 4235 1011
f 4261 4280 1432
f 4262 4261 648
f 4279 4262 647
f 4296 4279 808
f 4297 4296 1014
f 4250 4297 1016
f 4251 4250 1015
f 4260 4251 811
f 4278 4260 810
f 4276 4278 1017
f 4277 4276 1018
f 4274 4277 813
f 4275 4274 812
f 4247 4275 1020
f 4241 4247 1019
f 4242 4241 513
f 4245 4242 426
f 4246 4245 425
f 4249 4246 515
f 4243 4249 514
f 4244 4243 649
f 4258 4244 517
f 4259 4258 516
f 4295 4259 815
f 4273 4295 814
f 4308 4273 1433
f 4294 4308 1218
f 4272 4294 1217
f 4256 4272 1219
f 4257 4256 1021
f 4293 4257 817
f 4254 4293 816
f 4255 4254 1221
f 4271 4255 2192
f 4316 4271 2191
f 1679 1681 3827
f 1680 1679 3898
f 1910 1680 3907
f 2075 1910 3909
f 2076 2075 3908
f 1677 2076 3914
f 1678 1677 3913
f 1675 1678 3911
f 1676 1675 3910
f 1909 1676 3900
f 1673 1909 3899
f 1674 1673 3901
f 1671 1674 3889
f 1672 1671 3888
f 1908 1672 3891
f 1906 1908 3890
f 1907 1906 3902
f 2265 1907 3903
f 1687 2265 3893
f 1688 1687 3892
f 1917 1688 3862
f 2079 1917 3861
f 1685 2079 3876
f 1686 1685 3877
f 1916 1686 3865
f 1683 1916 3864
f 1684 1683 3878
f 1915 1684 3867
f 1913 1915 3866
f 1914 1913 3879
f 1911 1914 3894
f 1912 1911 3880
f 2077 1912 3869
f 2078 2077 3868
f 2263 2078 3895
f 2264 2263 3882
f 3882 3881 2264
f 3895 3882 2263
f 3868 3895 2078
f 3869 3868 2077
f 3880 3869 1912
f 3894 3880 1911
f 3879 3894 1914
f 3866 3879 1913
f 3867 3866 1915
f 3878 3867 1684
f 3864 3878 1683
f 3865 3864 1916
f 3877 3865 1686
f 3876 3877 1685
f 3861 3876 2079
f 3862 3861 1917
f 3892 3862 1688
f 3893 3892 1687
f 3903 3893 2265
f 3902 3903 1907
f 3890 3902 1906
f 3891 3890 1908
f 3888 3891 1672
f 3889 3888 1671
f 3901 3889 1674
f 3899 3901 1673
f 3900 3899 1909
f 3910 3900 1676
f 3911 3910 1675
f 3913 3911 1678
f 3914 3913 1677
f 3908 3914 2076
f 3909 3908 2075
f 3907 3909 1910
f 3898 3907 1680
f 3827 3898 1679
f 2267 2082 4449
f 2187 2267 4415
f 2188 2187 4414
f 2185 2188 4416
f 2186 2185 4401
f 2266 2186 4387
f 2292 2266 4386
f 1205 2292 4389
f 1422 1205 4388
f 1420 1422 4380
f 1421 1420 4379
f 1418 1421 4382
f 1419 1418 4381
f 1416 1419 4390
f 1417 1416 4383
f 1923 1417 4392
f 1924 1923 4391
f 1699 1924 4418
f 1700 1699 4417
f 1414 1700 4420
f 1415 1414 4419
f 1412 1415 4421
f 1413 1412 4402
f 1698 1413 4394
f 1922 1698 4393
f 1696 1922 4435
f 1697 1696 4434
f 1694 1697 4437
f 1695 1694 4436
f 1920 1695 4438
f 1921 1920 4422
f 1692 1921 4404
f 1693 1692 4403
f 1919 1693 4440
f 2086 1919 4439
f 1409 2086 4441
f 4441 4351 1409
f 4439 4441 2086
f 4440 4439 1919
f 4403 4440 1693
f 4404 4403 1692
f 4422 4404 1921
f 4438 4422 1920
f 4436 4438 1695
f 4437 4436 1694
f 4434 4437 1697
f 4435 4434 1696
f 4393 4435 1922
f 4394 4393 1698
f 4402 4394 1413
f 4421 4402 1412
f 4419 4421 1415
f 4420 4419 1414
f 4417 4420 1700
f 4418 4417 1699
f 4391 4418 1924
f 4392 4391 1923
f 4383 4392 1417
f 4390 4383 1416
f 4381 4390 1419
f 4382 4381 1418
f 4379 4382 1421
f 4380 4379 1420
f 4388 4380 1422
f 4389 4388 1205
f 4386 4389 2292
f 4387 4386 2266
f 4401 4387 2186
f 4416 4401 2185
f 4414 4416 2188
f 4415 4414 2187
f 4449 4415 2267
f 4450 438 2276
f 4451 2276 2275
f 438 4452 4453
f 4453 4454 438
f 4454 4455 438
f 438 4450 4452
f 4455 4456 438
f 2275 4457 4458
f 2275 4459 4457
f 2275 4460 4459
f 4458 4461 2275
f 2275 2313 4460
f 4461 4462 2275
f 4456 1060 438
f 2275 4462 4451
f 2276 4451 4450
f 4462 4463 4464
f 4451 4464 4465
f 4465 4450 4451
f 4464 4451 4462
f 4466 444 443
f 4467 536 444
f 4468 661 536
f 4469 441 661
f 4470 442 441
f 4471 535 442
f 534 535 4471
f 4472 439 534
f 4473 440 439
f 4474 1255 440
f 4475 1524 1255
f 1060 4456 4476
f 4476 4477 1060
f 4478 443 1060
f 4476 4456 4455
f 4479 4455 4454
f 4454 4453 4480
f 4480 4453 4452
f 4481 4452 4450
f 4450 4465 4481
f 4452 4481 4480
f 4480 4482 4454
f 4454 4482 4479
f 4455 4479 4476
f 4477 4478 1060
f 1255 4474 4475
f 440 4473 4474
f 439 4472 4473
f 534 4483 4472
f 4471 4483 534
f 442 4470 4471
f 441 4469 4470
f 661 4468 4469
f 536 4467 4468
f 444 4466 4467
f 443 4478 4466
f 4484 1516 847
f 1517 1516 4484
f 4485 1518 1517
f 4486 1772 1518
f 4487 1058 1772
f 4488 1059 1058
f 1057 1059 4488
f 4489 848 1057
f 4490 849 848
f 4491 1519 849
f 4492 2302 1519
f 4493 4494 4460
f 4460 2313 4493
f 2302 4492 4493
f 4494 4495 4459
f 4495 4496 4457
f 4457 4496 4497
f 4458 4497 4498
f 4461 4498 4463
f 4463 4462 4461
f 4498 4461 4458
f 4497 4458 4457
f 4457 4459 4495
f 4459 4460 4494
f 2313 2302 4493
f 1519 4491 4492
f 849 4490 4491
f 848 4489 4490
f 1057 4499 4489
f 4488 4499 1057
f 1058 4487 4488
f 1772 4486 4487
f 1518 4485 4486
f 1517 4500 4485
f 4484 4500 1517
f 847 4501 4484
f 4463 4502 4503
f 4464 4503 4504
f 4504 4482 4480
f 4504 4479 4482
f 4504 4476 4479
f 4480 4481 4504
f 4504 4477 4476
f 4502 4498 4497
f 4497 4496 4502
f 4496 4495 4502
f 4502 4463 4498
f 4495 4494 4502
f 4494 4493 4502
f 4481 4465 4504
f 4504 4465 4464
f 4503 4464 4463
f 4505 4467 4466
f 4505 4471 4470
f 4505 4474 4473
f 4505 4468 4467
f 4505 4483 4471
f 4473 4472 4505
f 4505 4469 4468
f 4472 4483 4505
f 4470 4469 4505
f 4466 4478 4505
f 4506 4485 4500
f 4506 4499 4488
f 4506 4492 4491
f 4505 4475 4474
f 4506 4486 4485
f 4488 4487 4506
f 4491 4490 4506
f 4505 4507 4475
f 4487 4486 4506
f 4490 4489 4506
f 4505 4508 4507
f 4505 4509 4510
f 4505 4511 4512
f 4505 4513 4514
f 4505 4515 4516
f 4505 4517 4518
f 4517 4519 4520
f 4489 4499 4506
f 4505 4521 4508
f 4510 4522 4505
f 4514 4511 4505
f 4505 4523 4524
f 4516 4525 4505
f 4517 4526 4518
f 4517 4527 4528
f 4517 4529 4519
f 4517 4530 4531
f 4517 4532 4533
f 4534 4506 4535
f 4506 4493 4492
f 4505 4536 4521
f 4505 4537 4538
f 4512 4509 4505
f 4525 4523 4505
f 4528 4526 4517
f 4531 4529 4517
f 4533 4539 4517
f 4534 4540 4541
f 4534 4542 4543
f 4506 4544 4535
f 4506 4545 4546
f 4506 4547 4548
f 4506 4549 4550
f 4506 4551 4552
f 4506 4553 4554
f 4500 4484 4506
f 4538 4536 4505
f 4524 4513 4505
f 4520 4527 4517
f 4517 4555 4532
f 4534 4556 4557
f 4534 4558 4540
f 4543 4559 4534
f 4534 4560 4561
f 4546 4544 4506
f 4506 4562 4547
f 4506 4563 4564
f 4506 4565 4549
f 4506 4566 4567
f 4506 4568 4569
f 4506 4570 4571
f 4554 4551 4506
f 4484 4501 4506
f 4522 4537 4505
f 4539 4530 4517
f 4541 4556 4534
f 4561 4542 4534
f 4534 4572 4573
f 4535 4574 4534
f 4564 4562 4506
f 4567 4565 4506
f 4571 4568 4506
f 4501 4553 4506
f 4518 4515 4505
f 4517 4575 4576
f 4517 4577 4578
f 4579 4580 4503
f 4559 4558 4534
f 4574 4572 4534
f 4550 4563 4506
f 4552 4570 4506
f 4576 4555 4517
f 4578 4581 4517
f 4581 4575 4517
f 4580 4504 4503
f 4502 4493 4506
f 4573 4560 4534
f 4569 4566 4506
f 4504 4580 4505
f 4506 4579 4502
f 4548 4545 4506
f 4505 4477 4504
f 4557 4582 4534
f 4503 4502 4579
f 4478 4477 4505
f 1781 1524 4475
f 1984 1781 4507
f 2119 1984 4508
f 1982 2119 4521
f 1983 1982 4536
f 2117 1983 4538
f 2118 2117 4537
f 1263 2118 4522
f 1072 1263 4510
f 1073 1072 4509
f 1261 1073 4512
f 1262 1261 4511
f 1070 1262 4514
f 1071 1070 4513
f 1260 1071 4524
f 1258 1260 4523
f 1259 1258 4525
f 1068 1259 4516
f 1069 1068 4515
f 1066 1069 4518
f 1067 1066 4526
f 851 1067 4528
f 852 851 4527
f 1065 852 4520
f 1063 1065 4519
f 1064 1063 4529
f 1061 1064 4531
f 1062 1061 4530
f 1256 1062 4539
f 1257 1256 4533
f 1985 1257 4532
f 1986 1985 4555
f 2120 1986 4576
f 2121 2120 4575
f 2217 2121 4581
f 2123 2217 4578
f 4578 4577 2123
f 4581 4578 2217
f 4575 4581 2121
f 4576 4575 2120
f 4555 4576 1986
f 4532 4555 1985
f 4533 4532 1257
f 4539 4533 1256
f 4530 4539 1062
f 4531 4530 1061
f 4529 4531 1064
f 4519 4529 1063
f 4520 4519 1065
f 4527 4520 852
f 4528 4527 851
f 4526 4528 1067
f 4518 4526 1066
f 4515 4518 1069
f 4516 4515 1068
f 4525 4516 1259
f 4523 4525 1258
f 4524 4523 1260
f 4513 4524 1071
f 4514 4513 1070
f 4511 4514 1262
f 4512 4511 1261
f 4509 4512 1073
f 4510 4509 1072
f 4522 4510 1263
f 4537 4522 2118
f 4538 4537 2117
f 4536 4538 1983
f 4521 4536 1982
f 4508 4521 2119
f 4507 4508 1984
f 4475 4507 1781
f 4583 1275 2124
f 4584 2124 1992
f 1992 4585 4586
f 1992 4587 4585
f 1992 4588 4587
f 4586 4589 1992
f 1992 2314 4588
f 1275 4590 4591
f 4591 4592 1275
f 4592 4593 1275
f 1275 4583 4590
f 4593 4594 1275
f 4594 1996 1275
f 4589 4595 1992
f 1992 4595 4584
f 2124 4584 4583
f 4595 4596 4597
f 4584 4597 4598
f 4598 4583 4584
f 4597 4584 4595
f 1264 1526 4599
f 1265 1264 4600
f 1266 1265 4601
f 1525 1266 4602
f 1527 1525 4603
f 1782 1527 4604
f 1529 1782 4605
f 1530 1529 4606
f 4607 1993 1530
f 1994 1993 4607
f 2220 1994 4608
f 4609 4610 4588
f 4588 2314 4609
f 2220 4611 4609
f 4588 4610 4612
f 4612 4613 4585
f 4613 4614 4586
f 4586 4614 4615
f 4589 4615 4596
f 4596 4595 4589
f 4615 4589 4586
f 4586 4585 4613
f 4585 4587 4612
f 4612 4587 4588
f 2314 2220 4609
f 4608 4611 2220
f 4607 4608 1994
f 1530 4616 4607
f 4606 4616 1530
f 4605 4606 1529
f 4604 4605 1782
f 4603 4604 1527
f 4602 4603 1525
f 4601 4602 1266
f 4600 4601 1265
f 4599 4600 1264
f 4617 1544 1543
f 4618 1542 1544
f 4619 448 1542
f 4620 291 448
f 4621 325 291
f 4622 326 325
f 4623 324 326
f 4624 292 324
f 4625 293 292
f 447 293 4625
f 4626 671 447
f 1996 4594 4627
f 4627 4628 1996
f 4629 1543 1996
f 4594 4593 4630
f 4630 4593 4592
f 4592 4591 4631
f 4631 4591 4590
f 4632 4590 4583
f 4583 4598 4632
f 4590 4632 4631
f 4631 4633 4592
f 4592 4633 4630
f 4630 4627 4594
f 4628 4629 1996
f 447 4634 4626
f 4625 4634 447
f 292 4624 4625
f 324 4623 4624
f 326 4622 4623
f 325 4621 4622
f 291 4620 4621
f 448 4619 4620
f 1542 4618 4619
f 1544 4617 4618
f 1543 4629 4617
f 4596 4635 4636
f 4597 4636 4637
f 4635 4615 4614
f 4614 4613 4635
f 4613 4612 4635
f 4635 4596 4615
f 4612 4610 4635
f 4637 4633 4631
f 4637 4630 4633
f 4637 4627 4630
f 4631 4632 4637
f 4637 4628 4627
f 4632 4598 4637
f 4610 4609 4635
f 4637 4598 4597
f 4636 4597 4596
f 4638 4639 4640
f 4639 4638 4641
f 4640 4642 4643
f 4640 4643 4638
f 4640 4644 4645
f 4640 4646 4647
f 4606 4602 4601
f 4637 4618 4617
f 4637 4622 4621
f 4637 4634 4625
f 4640 4648 4642
f 4645 4649 4640
f 4640 4650 4651
f 4647 4652 4640
f 4640 4653 4654
f 4606 4603 4602
f 4606 4605 4604
f 4600 4608 4607
f 4637 4619 4618
f 4637 4623 4622
f 4625 4624 4637
f 4639 4655 4656
f 4649 4648 4640
f 4652 4650 4640
f 4640 4657 4658
f 4640 4659 4653
f 4604 4603 4606
f 4607 4616 4600
f 4637 4620 4619
f 4624 4623 4637
f 4639 4660 4661
f 4639 4662 4663
f 4639 4664 4655
f 4651 4644 4640
f 4654 4657 4640
f 4640 4665 4666
f 4640 4667 4668
f 4669 4670 4671
f 4672 4673 4674
f 4672 4675 4676
f 4672 4608 4600
f 4616 4606 4600
f 4621 4620 4637
f 4639 4677 4660
f 4663 4678 4639
f 4656 4679 4639
f 4658 4646 4640
f 4668 4665 4640
f 4671 4680 4669
f 4669 4681 4682
f 4669 4672 4683
f 4672 4684 4673
f 4672 4685 4686
f 4672 4687 4675
f 4672 4688 4689
f 4672 4690 4691
f 4672 4692 4693
f 4601 4600 4606
f 4617 4629 4637
f 4639 4626 4634
f 4639 4694 4677
f 4679 4662 4639
f 4639 4695 4696
f 4666 4659 4640
f 4697 4635 4608
f 4680 4698 4669
f 4669 4699 4700
f 4669 4701 4681
f 4672 4702 4683
f 4672 4703 4704
f 4686 4684 4672
f 4672 4705 4706
f 4689 4687 4672
f 4693 4690 4672
f 4600 4599 4672
f 4634 4637 4639
f 4678 4694 4639
f 4641 4695 4639
f 4707 4639 4637
f 4697 4707 4636
f 4635 4611 4608
f 4700 4670 4669
f 4683 4701 4669
f 4704 4708 4672
f 4672 4709 4710
f 4706 4685 4672
f 4676 4711 4672
f 4672 4712 4713
f 4599 4692 4672
f 4639 4714 4626
f 4696 4664 4639
f 4636 4635 4697
f 4635 4609 4611
f 4682 4699 4669
f 4710 4703 4672
f 4711 4705 4672
f 4691 4712 4672
f 4661 4714 4639
f 4608 4672 4697
f 4708 4702 4672
f 4713 4688 4672
f 4637 4636 4707
f 4674 4709 4672
f 4698 4715 4669
f 4629 4628 4637
f 2218 1988 4715
f 2219 2218 4698
f 1795 2219 4680
f 1792 1795 4671
f 1793 1792 4670
f 1540 1793 4700
f 1541 1540 4699
f 1791 1541 4682
f 1789 1791 4681
f 1790 1789 4701
f 1787 1790 4683
f 1788 1787 4702
f 1991 1788 4708
f 1989 1991 4704
f 1990 1989 4703
f 1272 1990 4710
f 1273 1272 4709
f 1539 1273 4674
f 1537 1539 4673
f 1538 1537 4684
f 1785 1538 4686
f 1786 1785 4685
f 1784 1786 4706
f 1535 1784 4705
f 1536 1535 4711
f 1783 1536 4676
f 1533 1783 4675
f 1534 1533 4687
f 1531 1534 4689
f 1532 1531 4688
f 1270 1532 4713
f 1271 1270 4712
f 1268 1271 4691
f 1269 1268 4690
f 1528 1269 4693
f 1526 1528 4692
f 4692 4599 1526
f 4693 4692 1528
f 4690 4693 1269
f 4691 4690 1268
f 4712 4691 1271
f 4713 4712 1270
f 4688 4713 1532
f 4689 4688 1531
f 4687 4689 1534
f 4675 4687 1533
f 4676 4675 1783
f 4711 4676 1536
f 4705 4711 1535
f 4706 4705 1784
f 4685 4706 1786
f 4686 4685 1785
f 4684 4686 1538
f 4673 4684 1537
f 4674 4673 1539
f 4709 4674 1273
f 4710 4709 1272
f 4703 4710 1990
f 4704 4703 1989
f 4708 4704 1991
f 4702 4708 1788
f 4683 4702 1787
f 4701 4683 1790
f 4681 4701 1789
f 4682 4681 1791
f 4699 4682 1541
f 4700 4699 1540
f 4670 4700 1793
f 4671 4670 1792
f 4680 4671 1795
f 4698 4680 2219
f 4715 4698 2218
f 670 671 4626
f 1078 670 4714
f 1279 1078 4661
f 1546 1279 4660
f 1076 1546 4677
f 855 1076 4694
f 856 855 4678
f 1077 856 4663
f 1074 1077 4662
f 1075 1074 4679
f 1278 1075 4656
f 1276 1278 4655
f 1277 1276 4664
f 358 1277 4696
f 359 358 4695
f 445 359 4641
f 446 445 4638
f 541 446 4643
f 539 541 4642
f 540 539 4648
f 668 540 4649
f 666 668 4645
f 667 666 4644
f 537 667 4651
f 538 537 4650
f 664 538 4652
f 665 664 4647
f 854 665 4646
f 662 854 4658
f 663 662 4657
f 853 663 4654
f 1545 853 4653
f 1797 1545 4659
f 1799 1797 4666
f 1280 1799 4665
f 1281 1280 4668
f 4668 4667 1281
f 4665 4668 1280
f 4666 4665 1799
f 4659 4666 1797
f 4653 4659 1545
f 4654 4653 853
f 4657 4654 663
f 4658 4657 662
f 4646 4658 854
f 4647 4646 665
f 4652 4647 664
f 4650 4652 538
f 4651 4650 537
f 4644 4651 667
f 4645 4644 666
f 4649 4645 668
f 4648 4649 540
f 4642 4648 539
f 4643 4642 541
f 4638 4643 446
f 4641 4638 445
f 4695 4641 359
f 4696 4695 358
f 4664 4696 1277
f 4655 4664 1276
f 4656 4655 1278
f 4679 4656 1075
f 4662 4679 1074
f 4663 4662 1077
f 4678 4663 856
f 4694 4678 855
f 4677 4694 1076
f 4660 4677 1546
f 4661 4660 1279
f 4714 4661 1078
f 4626 4714 670
f 544 543 3383
f 863 544 3337
f 675 863 3336
f 676 675 3348
f 861 676 3338
f 862 861 3340
f 1086 862 3339
f 1087 1086 3376
f 1084 1087 3365
f 1085 1084 3364
f 1285 1085 3367
f 1286 1285 3366
f 859 1286 3378
f 860 859 3377
f 1083 860 3350
f 1284 1083 3349
f 673 1284 3368
f 674 673 3379
f 857 674 3351
f 858 857 3342
f 1081 858 3341
f 1082 1081 3369
f 1547 1082 3371
f 1079 1547 3370
f 1080 1079 3381
f 1282 1080 3325
f 1283 1282 3324
f 1550 1283 3343
f 1800 1550 3352
f 1549 1800 3354
f 1089 1549 3353
f 686 1089 3372
f 684 686 3355
f 682 684 3327
f 680 682 3326
f 678 680 3344
f 3344 3284 678
f 3326 3344 680
f 3327 3326 682
f 3355 3327 684
f 3372 3355 686
f 3353 3372 1089
f 3354 3353 1549
f 3352 3354 1800
f 3343 3352 1550
f 3324 3343 1283
f 3325 3324 1282
f 3381 3325 1080
f 3370 3381 1079
f 3371 3370 1547
f 3369 3371 1082
f 3341 3369 1081
f 3342 3341 858
f 3351 3342 857
f 3379 3351 674
f 3368 3379 673
f 3349 3368 1284
f 3350 3349 1083
f 3377 3350 860
f 3378 3377 859
f 3366 3378 1286
f 3367 3366 1285
f 3364 3367 1085
f 3365 3364 1084
f 3376 3365 1087
f 3339 3376 1086
f 3340 3339 862
f 3338 3340 861
f 3348 3338 676
f 3336 3348 675
f 3337 3336 863
f 3383 3337 544
f 4716 4717 4718
f 4719 4718 4720
f 4720 4721 4719
f 4718 4719 4716
f 4721 2213 2102
f 4719 2102 2212
f 2213 4722 4723
f 4723 4724 2213
f 4724 4725 2213
f 2213 4721 4722
f 4725 4726 2213
f 2212 4727 4728
f 2212 4729 4727
f 2212 4730 4729
f 4728 4731 2212
f 2212 841 4730
f 4731 4716 2212
f 4726 1507 2213
f 2212 4716 4719
f 2102 4719 4721
f 1251 1250 4732
f 4733 1513 1251
f 4734 1760 1513
f 4735 1246 1760
f 4736 1511 1246
f 4737 1512 1511
f 4738 1510 1512
f 4739 1247 1510
f 4740 1248 1247
f 1249 1248 4740
f 4741 2274 1249
f 1507 4726 4742
f 4742 4743 1507
f 4732 1250 1507
f 4742 4726 4725
f 4725 4724 4744
f 4724 4723 4745
f 4745 4723 4722
f 4746 4722 4721
f 4721 4720 4746
f 4722 4746 4745
f 4745 4744 4724
f 4744 4747 4725
f 4725 4747 4742
f 4743 4732 1507
f 1249 4748 4741
f 4740 4748 1249
f 1247 4739 4740
f 1510 4738 4739
f 1512 4737 4738
f 1511 4736 4737
f 1246 4735 4736
f 1760 4734 4735
f 1513 4733 4734
f 1251 4749 4733
f 4732 4749 1251
f 4750 1751 655
f 4751 1752 1751
f 1753 1752 4751
f 4752 1954 1753
f 4753 1047 1954
f 4754 1048 1047
f 4755 1046 1048
f 840 1046 4755
f 4756 656 840
f 657 656 4756
f 4757 1500 657
f 4758 4759 4730
f 4730 841 4758
f 1500 4757 4758
f 4730 4759 4760
f 4760 4761 4727
f 4727 4761 4762
f 4762 4763 4731
f 4731 4763 4717
f 4717 4716 4731
f 4731 4728 4762
f 4762 4728 4727
f 4727 4729 4760
f 4760 4729 4730
f 841 1500 4758
f 657 4764 4757
f 4756 4764 657
f 840 4765 4756
f 4755 4765 840
f 1048 4754 4755
f 1047 4753 4754
f 1954 4752 4753
f 1753 4766 4752
f 4751 4766 1753
f 1751 4750 4751
f 655 4767 4750
f 4717 4768 4769
f 4718 4769 4770
f 4770 4744 4745
f 4770 4747 4744
f 4770 4742 4747
f 4745 4746 4770
f 4770 4743 4742
f 4768 4763 4762
f 4762 4761 4768
f 4761 4760 4768
f 4768 4717 4763
f 4760 4759 4768
f 4759 4758 4768
f 4746 4720 4770
f 4770 4720 4718
f 4769 4718 4717
f 4771 4766 4751
f 4771 4755 4754
f 4771 4757 4764
f 4771 4752 4766
f 4754 4753 4771
f 4764 4756 4771
f 4753 4752 4771
f 4756 4765 4771
f 4765 4755 4771
f 4772 4733 4749
f 4772 4737 4736
f 4772 4748 4740
f 4772 4773 4774
f 4772 4775 4776
f 4772 4777 4778
f 4771 4758 4757
f 4772 4734 4733
f 4772 4738 4737
f 4740 4739 4772
f 4772 4779 4773
f 4772 4780 4781
f 4778 4775 4772
f 4772 4782 4783
f 4772 4784 4785
f 4772 4786 4787
f 4788 4789 4786
f 4771 4790 4791
f 4751 4750 4771
f 4772 4735 4734
f 4739 4738 4772
f 4781 4779 4772
f 4772 4792 4793
f 4783 4777 4772
f 4785 4794 4772
f 4787 4795 4772
f 4788 4796 4789
f 4791 4797 4771
f 4750 4767 4771
f 4736 4735 4772
f 4793 4780 4772
f 4794 4782 4772
f 4772 4798 4799
f 4786 4772 4788
f 4771 4800 4801
f 4771 4802 4803
f 4771 4804 4805
f 4767 4790 4771
f 4749 4732 4772
f 4776 4792 4772
f 4795 4798 4772
f 4771 4806 4800
f 4803 4807 4771
f 4771 4808 4809
f 4771 4810 4811
f 4771 4812 4813
f 4797 4804 4771
f 4772 4741 4748
f 4799 4784 4772
f 4788 4814 4815
f 4788 4816 4817
f 4818 4819 4820
f 4818 4821 4822
f 4818 4823 4824
f 4771 4825 4806
f 4809 4802 4771
f 4771 4826 4810
f 4805 4812 4771
f 4772 4827 4741
f 4815 4796 4788
f 4788 4828 4829
f 4788 4830 4831
f 4817 4832 4788
f 4833 4770 4769
f 4818 4834 4835
f 4818 4836 4819
f 4818 4837 4838
f 4824 4821 4818
f 4818 4839 4840
f 4818 4801 4841
f 4807 4825 4771
f 4813 4826 4771
f 4774 4827 4772
f 4788 4842 4843
f 4788 4844 4828
f 4832 4830 4788
f 4769 4845 4833
f 4768 4758 4771
f 4820 4834 4818
f 4822 4837 4818
f 4841 4839 4818
f 4811 4808 4771
f 4843 4814 4788
f 4831 4844 4788
f 4770 4833 4772
f 4771 4845 4768
f 4838 4836 4818
f 4801 4818 4771
f 4829 4842 4788
f 4769 4768 4845
f 4818 4846 4847
f 4840 4823 4818
f 4772 4743 4770
f 4835 4846 4818
f 4847 4848 4818
f 4732 4743 4772
f 1508 2274 4741
f 1509 1508 4827
f 1962 1509 4774
f 1960 1962 4773
f 1961 1960 4779
f 2105 1961 4781
f 2106 2105 4780
f 1505 2106 4793
f 1506 1505 4792
f 1758 1506 4776
f 1759 1758 4775
f 1958 1759 4778
f 1959 1958 4777
f 1957 1959 4783
f 1955 1957 4782
f 1956 1955 4794
f 1514 1956 4785
f 1515 1514 4784
f 1055 1515 4799
f 1056 1055 4798
f 1254 1056 4795
f 1252 1254 4787
f 1253 1252 4786
f 1767 1253 4789
f 1768 1767 4796
f 1964 1768 4815
f 1965 1964 4814
f 1765 1965 4843
f 1766 1765 4842
f 1963 1766 4829
f 1763 1963 4828
f 1764 1763 4844
f 1761 1764 4831
f 1762 1761 4830
f 2107 1762 4832
f 2108 2107 4817
f 4817 4816 2108
f 4832 4817 2107
f 4830 4832 1762
f 4831 4830 1761
f 4844 4831 1764
f 4828 4844 1763
f 4829 4828 1963
f 4842 4829 1766
f 4843 4842 1765
f 4814 4843 1965
f 4815 4814 1964
f 4796 4815 1768
f 4789 4796 1767
f 4786 4789 1253
f 4787 4786 1252
f 4795 4787 1254
f 4798 4795 1056
f 4799 4798 1055
f 4784 4799 1515
f 4785 4784 1514
f 4794 4785 1956
f 4782 4794 1955
f 4783 4782 1957
f 4777 4783 1959
f 4778 4777 1958
f 4775 4778 1759
f 4776 4775 1758
f 4792 4776 1506
f 4793 4792 1505
f 4780 4793 2106
f 4781 4780 2105
f 4779 4781 1961
f 4773 4779 1960
f 4774 4773 1962
f 4827 4774 1509
f 4741 4827 1508
f 2112 1771 4582
f 1967 2112 4557
f 1968 1967 4556
f 2111 1968 4541
f 2109 2111 4540
f 2110 2109 4558
f 2214 2110 4559
f 2115 2214 4543
f 2215 2115 4542
f 2113 2215 4561
f 2114 2113 4560
f 1980 2114 4573
f 1981 1980 4572
f 1779 1981 4574
f 1780 1779 4535
f 1979 1780 4544
f 1777 1979 4546
f 1778 1777 4545
f 1978 1778 4548
f 1976 1978 4547
f 1977 1976 4562
f 1775 1977 4564
f 1776 1775 4563
f 1975 1776 4550
f 1973 1975 4549
f 1974 1973 4565
f 1971 1974 4567
f 1972 1971 4566
f 1969 1972 4569
f 1970 1969 4568
f 1774 1970 4571
f 1522 1774 4570
f 1523 1522 4552
f 1773 1523 4551
f 1520 1773 4554
f 847 1520 4553
f 4553 4501 847
f 4554 4553 1520
f 4551 4554 1773
f 4552 4551 1523
f 4570 4552 1522
f 4571 4570 1774
f 4568 4571 1970
f 4569 4568 1969
f 4566 4569 1972
f 4567 4566 1971
f 4565 4567 1974
f 4549 4565 1973
f 4550 4549 1975
f 4563 4550 1776
f 4564 4563 1775
f 4562 4564 1977
f 4547 4562 1976
f 4548 4547 1978
f 4545 4548 1778
f 4546 4545 1777
f 4544 4546 1979
f 4535 4544 1780
f 4574 4535 1779
f 4572 4574 1981
f 4573 4572 1980
f 4560 4573 2114
f 4561 4560 2113
f 4542 4561 2215
f 4543 4542 2115
f 4559 4543 2214
f 4558 4559 2110
f 4540 4558 2109
f 4541 4540 2111
f 4556 4541 1968
f 4557 4556 1967
f 4582 4557 2112
f 532 533 4094
f 530 532 4119
f 531 530 4110
f 436 531 4109
f 437 436 4111
f 434 437 4108
f 435 434 4107
f 529 435 4113
f 839 529 4112
f 1040 839 4115
f 1041 1040 4114
f 837 1041 4117
f 838 837 4116
f 1039 838 4125
f 1037 1039 4124
f 1038 1037 4139
f 1035 1038 4127
f 1036 1035 4126
f 1238 1036 4129
f 1033 1238 4128
f 1034 1033 4140
f 1031 1034 4131
f 1032 1031 4130
f 1045 1032 4133
f 1241 1045 4132
f 1043 1241 4156
f 1044 1043 4155
f 1239 1044 4158
f 1240 1239 4160
f 1492 1240 4159
f 1490 1492 4169
f 1491 1490 4168
f 1742 1491 4171
f 2100 1742 4170
f 1952 2100 4173
f 1953 1952 4178
f 4178 4177 1953
f 4173 4178 1952
f 4170 4173 2100
f 4171 4170 1742
f 4168 4171 1491
f 4169 4168 1490
f 4159 4169 1492
f 4160 4159 1240
f 4158 4160 1239
f 4155 4158 1044
f 4156 4155 1043
f 4132 4156 1241
f 4133 4132 1045
f 4130 4133 1032
f 4131 4130 1031
f 4140 4131 1034
f 4128 4140 1033
f 4129 4128 1238
f 4126 4129 1036
f 4127 4126 1035
f 4139 4127 1038
f 4124 4139 1037
f 4125 4124 1039
f 4116 4125 838
f 4117 4116 837
f 4114 4117 1041
f 4115 4114 1040
f 4112 4115 839
f 4113 4112 529
f 4107 4113 435
f 4108 4107 434
f 4111 4108 437
f 4109 4111 436
f 4110 4109 531
f 4119 4110 530
f 4094 4119 532
f 2101 1750 4848
f 1746 2101 4847
f 1747 1746 4846
f 1498 1747 4835
f 1499 1498 4834
f 1745 1499 4820
f 1743 1745 4819
f 1744 1743 4836
f 1496 1744 4838
f 1497 1496 4837
f 1494 1497 4822
f 1495 1494 4821
f 1503 1495 4824
f 1757 1503 4823
f 1755 1757 4840
f 1756 1755 4839
f 1501 1756 4841
f 1502 1501 4801
f 1754 1502 4800
f 1052 1754 4806
f 1053 1052 4825
f 1245 1053 4807
f 1243 1245 4803
f 1244 1243 4802
f 1050 1244 4809
f 1051 1050 4808
f 1242 1051 4811
f 845 1242 4810
f 846 845 4826
f 844 846 4813
f 659 844 4812
f 660 659 4805
f 842 660 4804
f 843 842 4797
f 1049 843 4791
f 655 1049 4790
f 4790 4767 655
f 4791 4790 1049
f 4797 4791 843
f 4804 4797 842
f 4805 4804 660
f 4812 4805 659
f 4813 4812 844
f 4826 4813 846
f 4810 4826 845
f 4811 4810 1242
f 4808 4811 1051
f 4809 4808 1050
f 4802 4809 1244
f 4803 4802 1243
f 4807 4803 1245
f 4825 4807 1053
f 4806 4825 1052
f 4800 4806 1754
f 4801 4800 1502
f 4841 4801 1501
f 4839 4841 1756
f 4840 4839 1755
f 4823 4840 1757
f 4824 4823 1503
f 4821 4824 1495
f 4822 4821 1494
f 4837 4822 1497
f 4838 4837 1496
f 4836 4838 1744
f 4819 4836 1743
f 4820 4819 1745
f 4834 4820 1499
f 4835 4834 1498
f 4846 4835 1747
f 4847 4846 1746
f 4848 4847 2101
f 4849 4850 156
f 2149 2145 156
f 156 4850 2149
f 86 4851 4849
f 150 4852 4851
f 153 4853 4852
f 85 4854 4853
f 114 4855 4854
f 1833 4856 162
f 4855 114 162
f 162 4856 4855
f 4857 4856 2580
f 1833 2008 2580
f 2580 4856 1833
f 2506 4858 4857
f 2577 4859 4858
f 2582 4860 4859
f 2519 4861 4860
f 2532 4862 4861
f 1131 4863 2583
f 4862 2532 2583
f 2583 4863 4862
f 4864 4863 2712
f 1131 1327 2712
f 2712 4863 1131
f 2646 4865 4864
f 2708 4866 4865
f 2714 4867 4866
f 2687 4868 4867
f 2639 4869 4868
f 2649 4870 4869
f 2283 4871 2717
f 4870 2649 2717
f 2717 4871 4870
f 4871 2283 2829
f 2829 4872 4871
f 2829 2797 4872
f 2283 2132 2829
f 2773 4873 4872
f 2848 4874 4873
f 2847 4875 4874
f 2779 4876 4875
f 2800 4877 4876
f 1562 4878 2850
f 4877 2800 2850
f 2850 4878 4877
f 4879 4878 2948
f 1562 1811 2948
f 2948 4878 1562
f 2924 4880 4879
f 2982 4881 4880
f 2981 4882 4881
f 2911 4883 4882
f 2906 4884 4883
f 588 4885 2983
f 4884 2906 2983
f 2983 4885 4884
f 4886 4885 3092
f 588 882 3092
f 3092 4885 588
f 3046 4887 4886
f 3112 4888 4887
f 3115 4889 4888
f 3042 4890 4889
f 3039 4891 4890
f 200 4892 3116
f 4891 3039 3116
f 3116 4892 4891
f 4893 4892 3228
f 200 368 3228
f 3228 4892 200
f 3172 4894 4893
f 3236 4895 4894
f 3248 4896 4895
f 3218 4897 4896
f 3182 4898 4897
f 709 4899 3249
f 4898 3182 3249
f 3249 4899 4898
f 4900 4899 3333
f 709 1098 3333
f 3333 4899 709
f 3305 4901 4900
f 3375 4902 4901
f 3380 4903 4902
f 3347 4904 4903
f 3323 4905 4904
f 3335 4906 4905
f 1798 4907 3383
f 4906 3335 3383
f 3383 4907 4906
f 4907 1798 4667
f 4667 4908 4907
f 4667 4640 4908
f 1798 1281 4667
f 4639 4909 4908
f 4707 4910 4909
f 4697 4911 4910
f 4672 4912 4911
f 4669 4913 4912
f 1987 4914 4715
f 4913 4669 4715
f 4715 4914 4913
f 4915 4914 4577
f 1987 2123 4577
f 4577 4914 1987
f 4505 4916 4915
f 4580 4917 4916
f 4579 4918 4917
f 4506 4919 4918
f 4534 4920 4919
f 1770 4921 4582
f 4920 4534 4582
f 4582 4921 4920
f 4922 4921 4816
f 1770 2108 4816
f 4816 4921 1770
f 4772 4923 4922
f 4833 4924 4923
f 4845 4925 4924
f 4771 4926 4925
f 4818 4927 4926
f 1749 4928 4848
f 4927 4818 4848
f 4848 4928 4927
f 4929 4928 4177
f 1749 1953 4177
f 4177 4928 1749
f 4106 4930 4929
f 4172 4931 4930
f 4174 4932 4931
f 4118 4933 4932
f 4136 4934 4933
f 1737 4935 4183
f 4934 4136 4183
f 4183 4935 4934
f 4936 4935 4040
f 1737 1733 4040
f 4040 4935 1737
f 3986 4937 4936
f 4042 4938 4937
f 4046 4939 4938
f 4016 4940 4939
f 3972 4941 4940
f 4017 4942 4941
f 2199 4943 4050
f 4942 4017 4050
f 4050 4943 4942
f 4943 2199 4269
f 4269 4944 4943
f 4269 4264 4944
f 2199 1940 4269
f 4239 4945 4944
f 4315 4946 4945
f 4307 4947 4946
f 4240 4948 4947
f 4253 4949 4948
f 1929 4950 4316
f 4949 4253 4316
f 4316 4950 4949
f 4951 4950 4432
f 1929 2089 4432
f 4432 4950 1929
f 4372 4952 4951
f 4448 4953 4952
f 4447 4954 4953
f 4373 4955 4954
f 4378 4956 4955
f 2081 4957 4449
f 4956 4378 4449
f 4449 4957 4956
f 4958 4957 3881
f 2081 2264 3881
f 3881 4957 2081
f 3840 4959 4958
f 3912 4960 4959
f 3915 4961 4960
f 3839 4962 4961
f 3841 4963 4962
f 1406 4964 3916
f 4963 3841 3916
f 3916 4964 4963
f 4965 4964 3735
f 1406 2260 3735
f 3735 4964 1406
f 3716 4966 4965
f 3766 4967 4966
f 3775 4968 4967
f 3747 4969 4968
f 3727 4970 4969
f 628 4971 3783
f 4970 3727 3783
f 3783 4971 4970
f 4972 4971 3621
f 628 1636 3621
f 3621 4971 628
f 3572 4973 4972
f 3635 4974 4973
f 3647 4975 4974
f 3642 4976 4975
f 3592 4977 4976
f 3589 4978 4977
f 2310 4979 3650
f 4978 3589 3650
f 3650 4979 4978
f 4979 2310 3508
f 3508 4980 4979
f 3508 3441 4980
f 2310 2252 3508
f 3440 4981 4980
f 3515 4982 4981
f 3505 4983 4982
f 3444 4984 4983
f 3489 4985 4984
f 1607 4986 3516
f 4985 3489 3516
f 3516 4986 4985
f 4987 4986 2428
f 1607 1859 2428
f 2428 4986 1607
f 2373 4988 4987
f 2431 4989 4988
f 2430 4990 4989
f 2381 4991 4990
f 2400 4992 4991
f 2149 4850 2450
f 4992 2400 2450
f 2450 4850 4992
f 2450 2150 2149
f 4991 2381 2400
f 4990 2430 2381
f 4989 2431 2430
f 4988 2373 2431
f 4987 2374 2373
f 2428 2374 4987
f 3516 1608 1607
f 4984 3444 3489
f 4983 3505 3444
f 4982 3515 3505
f 4981 3440 3515
f 4980 3441 3440
f 3650 1627 2310
f 4977 3592 3589
f 4976 3642 3592
f 4975 3647 3642
f 4974 3635 3647
f 4973 3572 3635
f 4972 3587 3572
f 3621 3587 4972
f 3783 502 628
f 4969 3747 3727
f 4968 3775 3747
f 4967 3766 3775
f 4966 3716 3766
f 4965 3706 3716
f 3735 3706 4965
f 3916 1407 1406
f 4962 3839 3841
f 4961 3915 3839
f 4960 3912 3915
f 4959 3840 3912
f 4958 3863 3840
f 3881 3863 4958
f 4449 2082 2081
f 4955 4373 4378
f 4954 4447 4373
f 4953 4448 4447
f 4952 4372 4448
f 4951 4376 4372
f 4432 4376 4951
f 4316 1930 1929
f 4948 4240 4253
f 4947 4307 4240
f 4946 4315 4307
f 4945 4239 4315
f 4944 4264 4239
f 4050 2094 2199
f 4941 3972 4017
f 4940 4016 3972
f 4939 4046 4016
f 4938 4042 4046
f 4937 3986 4042
f 4936 4013 3986
f 4040 4013 4936
f 4183 1479 1737
f 4933 4118 4136
f 4932 4174 4118
f 4931 4172 4174
f 4930 4106 4172
f 4929 4157 4106
f 4177 4157 4929
f 4848 1750 1749
f 4926 4771 4818
f 4925 4845 4771
f 4924 4833 4845
f 4923 4772 4833
f 4922 4788 4772
f 4816 4788 4922
f 4582 1771 1770
f 4919 4506 4534
f 4918 4579 4506
f 4917 4580 4579
f 4916 4505 4580
f 4915 4517 4505
f 4577 4517 4915
f 4715 1988 1987
f 4912 4672 4669
f 4911 4697 4672
f 4910 4707 4697
f 4909 4639 4707
f 4908 4640 4639
f 3383 543 1798
f 4905 3323 3335
f 4904 3347 3323
f 4903 3380 3347
f 4902 3375 3380
f 4901 3305 3375
f 4900 3316 3305
f 3333 3316 4900
f 3249 556 709
f 4897 3218 3182
f 4896 3248 3218
f 4895 3236 3248
f 4894 3172 3236
f 4893 3179 3172
f 3228 3179 4893
f 3116 201 200
f 4890 3042 3039
f 4889 3115 3042
f 4888 3112 3115
f 4887 3046 3112
f 4886 3059 3046
f 3092 3059 4886
f 2983 589 588
f 4883 2911 2906
f 4882 2981 2911
f 4881 2982 2981
f 4880 2924 2982
f 4879 2931 2924
f 2948 2931 4879
f 2850 1563 1562
f 4876 2779 2800
f 4875 2847 2779
f 4874 2848 2847
f 4873 2773 2848
f 4872 2797 2773
f 2717 746 2283
f 4869 2639 2649
f 4868 2687 2639
f 4867 2714 2687
f 4866 2708 2714
f 4865 2646 2708
f 4864 2698 2646
f 2712 2698 4864
f 2583 919 1131
f 4861 2519 2532
f 4860 2582 2519
f 4859 2577 2582
f 4858 2506 2577
f 4857 2529 2506
f 2580 2529 4857
f 162 1834 1833
f 4854 85 114
f 4853 153 85
f 4852 150 153
f 4851 86 150
f 4849 125 86
f 156 125 4849
f 4993 4994 199
f 4995 4993 176
f 4996 4995 173
f 4997 4996 371
f 4998 4997 576
f 4999 4998 372
f 5000 4999 384
f 5001 5000 587
f 5002 5001 283
f 5003 5002 220
f 5004 5003 728
f 5005 5004 1101
f 5006 5005 1804
f 5007 5006 1103
f 5008 5007 1810
f 5009 5008 1564
f 5010 5009 473
f 5011 5010 1818
f 5012 5011 2224
f 5013 5012 2225
f 5014 5013 1312
f 5015 5014 2130
f 5016 5015 745
f 5017 5016 345
f 5018 5017 749
f 5019 5018 1321
f 5020 5019 1118
f 5021 5020 406
f 5022 5021 910
f 5023 5022 918
f 5024 5023 913
f 5025 5024 764
f 5026 5025 2006
f 5027 5026 1827
f 5028 5027 493
f 5029 5028 1341
f 5030 5029 1832
f 5031 5030 1348
f 5032 5031 940
f 5033 5032 2236
f 5034 5033 2235
f 5035 5034 2012
f 5036 5035 1142
f 5037 5036 2148
f 5038 5037 2017
f 5039 5038 769
f 5040 5039 2152
f 5041 5040 2305
f 5042 5041 1850
f 5043 5042 620
f 5044 5043 1858
f 5045 5044 1609
f 5046 5045 778
f 5047 5046 2032
f 5048 5047 2308
f 5049 5048 2162
f 5050 5049 1376
f 5051 5050 2033
f 5052 5051 1626
f 5053 5052 1883
f 5054 5053 2256
f 5055 5054 2175
f 5056 5055 1629
f 5057 5056 962
f 5058 5057 965
f 5059 5058 501
f 5060 5059 500
f 5061 5060 795
f 5062 5061 2177
f 5063 5062 2069
f 5064 5063 1394
f 5065 5064 800
f 5066 5065 1405
f 5067 5066 1402
f 5068 5067 1658
f 5069 5068 2184
f 5070 5069 2183
f 5071 5070 1670
f 5072 5071 1682
f 5073 5072 2080
f 5074 5073 1204
f 5075 5074 1203
f 5076 5075 2190
f 5077 5076 2295
f 5078 5077 1925
f 5079 5078 998
f 5080 5079 2087
f 5081 5080 1220
f 5082 5081 424
f 5083 5082 1434
f 5084 5083 2195
f 5085 5084 2091
f 5086 5085 818
f 5087 5086 1938
f 5088 5087 2093
f 5089 5088 1022
f 5090 5089 1948
f 5091 5090 2300
f 5092 5091 2207
f 5093 5092 1025
f 5094 5093 1232
f 5095 5094 1478
f 5096 5095 526
f 5097 5096 832
f 5098 5097 1741
f 5099 5098 1489
f 5100 5099 433
f 5101 5100 1042
f 5102 5101 1748
f 5103 5102 1493
f 5104 5103 658
f 5105 5104 2104
f 5106 5105 2103
f 5107 5106 1504
f 5108 5107 1054
f 5109 5108 1769
f 5110 5109 1966
f 5111 5110 1521
f 5112 5111 2216
f 5113 5112 2277
f 5114 5113 2116
f 5115 5114 850
f 5116 5115 2122
f 5117 5116 1794
f 5118 5117 1267
f 5119 5118 1796
f 5120 5119 1995
f 5121 5120 1274
f 5122 5121 669
f 5123 5122 357
f 5124 5123 542
f 5125 5124 672
f 5126 5125 1548
f 5127 5126 1802
f 5128 5127 1288
f 5129 5128 449
f 5130 5129 694
f 5131 5130 555
f 5132 5131 455
f 5133 5132 565
f 5134 5133 721
f 5135 5134 574
f 5136 5135 194
f 4994 5136 263
f 263 199 4994
f 194 263 5136
f 574 194 5135
f 721 574 5134
f 565 721 5133
f 455 565 5132
f 555 455 5131
f 694 555 5130
f 449 694 5129
f 1288 449 5128
f 1802 1288 5127
f 1548 1802 5126
f 672 1548 5125
f 542 672 5124
f 357 542 5123
f 669 357 5122
f 1274 669 5121
f 1995 1274 5120
f 1796 1995 5119
f 1267 1796 5118
f 1794 1267 5117
f 2122 1794 5116
f 850 2122 5115
f 2116 850 5114
f 2277 2116 5113
f 2216 2277 5112
f 1521 2216 5111
f 1966 1521 5110
f 1769 1966 5109
f 1054 1769 5108
f 1504 1054 5107
f 2103 1504 5106
f 2104 2103 5105
f 658 2104 5104
f 1493 658 5103
f 1748 1493 5102
f 1042 1748 5101
f 433 1042 5100
f 1489 433 5099
f 1741 1489 5098
f 832 1741 5097
f 526 832 5096
f 1478 526 5095
f 1232 1478 5094
f 1025 1232 5093
f 2207 1025 5092
f 2300 2207 5091
f 1948 2300 5090
f 1022 1948 5089
f 2093 1022 5088
f 1938 2093 5087
f 818 1938 5086
f 2091 818 5085
f 2195 2091 5084
f 1434 2195 5083
f 424 1434 5082
f 1220 424 5081
f 2087 1220 5080
f 998 2087 5079
f 1925 998 5078
f 2295 1925 5077
f 2190 2295 5076
f 1203 2190 5075
f 1204 1203 5074
f 2080 1204 5073
f 1682 2080 5072
f 1670 1682 5071
f 2183 1670 5070
f 2184 2183 5069
f 1658 2184 5068
f 1402 1658 5067
f 1405 1402 5066
f 800 1405 5065
f 1394 800 5064
f 2069 1394 5063
f 2177 2069 5062
f 795 2177 5061
f 500 795 5060
f 501 500 5059
f 965 501 5058
f 962 965 5057
f 1629 962 5056
f 2175 1629 5055
f 2256 2175 5054
f 1883 2256 5053
f 1626 1883 5052
f 2033 1626 5051
f 1376 2033 5050
f 2162 1376 5049
f 2308 2162 5048
f 2032 2308 5047
f 778 2032 5046
f 1609 778 5045
f 1858 1609 5044
f 620 1858 5043
f 1850 620 5042
f 2305 1850 5041
f 2152 2305 5040
f 769 2152 5039
f 2017 769 5038
f 2148 2017 5037
f 1142 2148 5036
f 2012 1142 5035
f 2235 2012 5034
f 2236 2235 5033
f 940 2236 5032
f 1348 940 5031
f 1832 1348 5030
f 1341 1832 5029
f 493 1341 5028
f 1827 493 5027
f 2006 1827 5026
f 764 2006 5025
f 913 764 5024
f 918 913 5023
f 910 918 5022
f 406 910 5021
f 1118 406 5020
f 1321 1118 5019
f 749 1321 5018
f 345 749 5017
f 745 345 5016
f 2130 745 5015
f 1312 2130 5014
f 2225 1312 5013
f 2224 2225 5012
f 1818 2224 5011
f 473 1818 5010
f 1564 473 5009
f 1810 1564 5008
f 1103 1810 5007
f 1804 1103 5006
f 1101 1804 5005
f 728 1101 5004
f 220 728 5003
f 283 220 5002
f 587 283 5001
f 384 587 5000
f 372 384 4999
f 576 372 4998
f 371 576 4997
f 173 371 4996
f 176 173 4995
f 199 176 4993
f 4966 5063 5064
f 4967 5062 5063
f 4970 5059 5060
f 4971 5058 5059
f 4867 5018 5019
f 4868 5017 5018
f 4964 5065 5066
f 4965 5064 5065
f 5063 4966 4967
f 4968 5061 5062
f 5059 4970 4971
f 4972 5057 5058
f 4974 5055 5056
f 4975 5054 5055
f 4866 5019 5020
f 5018 4867 4868
f 4869 5016 5017
f 4870 5015 5016
f 4963 5066 5067
f 5065 4964 4965
f 5062 4967 4968
f 4969 5060 5061
f 5058 4971 4972
f 4973 5056 5057
f 5055 4974 4975
f 4976 5053 5054
f 4864 5021 5022
f 4865 5020 5021
f 5019 4866 4867
f 5016 4869 4870
f 4882 5003 5004
f 4883 5002 5003
f 4884 5001 5002
f 4885 5000 5001
f 4930 5099 5100
f 4931 5098 5099
f 4932 5097 5098
f 4933 5096 5097
f 5066 4963 4964
f 5061 4968 4969
f 5057 4972 4973
f 5054 4975 4976
f 4858 5027 5028
f 4859 5026 5027
f 4860 5025 5026
f 4861 5024 5025
f 4862 5023 5024
f 4863 5022 5023
f 5021 4864 4865
f 5017 4868 4869
f 5003 4882 4883
f 5001 4884 4885
f 4890 4995 4996
f 4891 4993 4995
f 5099 4930 4931
f 5097 4932 4933
f 4948 5081 5082
f 4949 5080 5081
f 4959 5070 5071
f 4960 5069 5070
f 4961 5068 5069
f 4962 5067 5068
f 5064 4965 4966
f 5056 4973 4974
f 5027 4858 4859
f 5025 4860 4861
f 5023 4862 4863
f 5020 4865 4866
f 5002 4883 4884
f 4886 4999 5000
f 4887 4998 4999
f 4888 4997 4998
f 4995 4890 4891
f 4892 4994 4993
f 5098 4931 4932
f 4934 5095 5096
f 4935 5094 5095
f 4936 5093 5094
f 4943 5086 5087
f 4944 5085 5086
f 4947 5082 5083
f 5081 4948 4949
f 4951 5078 5079
f 4952 5077 5078
f 4953 5076 5077
f 4954 5075 5076
f 4955 5074 5075
f 4956 5073 5074
f 5070 4959 4960
f 5068 4961 4962
f 5060 4969 4970
f 4977 5052 5053
f 4985 5044 5045
f 4986 5043 5044
f 4856 5029 5030
f 4857 5028 5029
f 5026 4859 4860
f 5022 4863 4864
f 4875 5010 5011
f 4876 5009 5010
f 4877 5008 5009
f 4878 5007 5008
f 4879 5006 5007
f 4880 5005 5006
f 5000 4885 4886
f 4998 4887 4888
f 4889 4996 4997
f 4993 4891 4892
f 4894 5135 5136
f 4895 5134 5135
f 4924 5105 5106
f 4925 5104 5105
f 4926 5103 5104
f 4927 5102 5103
f 4928 5101 5102
f 4929 5100 5101
f 5096 4933 4934
f 5094 4935 4936
f 5086 4943 4944
f 4945 5084 5085
f 4946 5083 5084
f 5082 4947 4948
f 4950 5079 5080
f 5078 4951 4952
f 5076 4953 4954
f 5074 4955 4956
f 4957 5072 5073
f 4958 5071 5072
f 5069 4960 4961
f 5053 4976 4977
f 4984 5045 5046
f 5044 4985 4986
f 4987 5042 5043
f 4988 5041 5042
f 4991 5038 5039
f 4992 5037 5038
f 4850 5036 5037
f 4849 5035 5036
f 4852 5033 5034
f 4853 5032 5033
f 4854 5031 5032
f 4855 5030 5031
f 5029 4856 4857
f 5024 4861 4862
f 4874 5011 5012
f 5010 4875 4876
f 5008 4877 4878
f 5006 4879 4880
f 4999 4886 4887
f 4996 4889 4890
f 5135 4894 4895
f 4896 5133 5134
f 4897 5132 5133
f 4898 5131 5132
f 4899 5130 5131
f 4900 5129 5130
f 4915 5114 5115
f 4916 5113 5114
f 4917 5112 5113
f 4918 5111 5112
f 4921 5108 5109
f 4922 5107 5108
f 5105 4924 4925
f 5103 4926 4927
f 5101 4928 4929
f 5095 4934 4935
f 5085 4944 4945
f 5083 4946 4947
f 5079 4950 4951
f 5075 4954 4955
f 5072 4957 4958
f 5067 4962 4963
f 4978 5051 5052
f 4979 5050 5051
f 4980 5049 5050
f 4981 5048 5049
f 4982 5047 5048
f 4983 5046 5047
f 5045 4984 4985
f 5042 4987 4988
f 4989 5040 5041
f 4990 5039 5040
f 5038 4991 4992
f 5036 4850 4849
f 5033 4852 4853
f 5031 4854 4855
f 5028 4857 4858
f 4871 5014 5015
f 5011 4874 4875
f 5007 4878 4879
f 4881 5004 5005
f 4997 4888 4889
f 4893 5136 4994
f 5134 4895 4896
f 5132 4897 4898
f 5130 4899 4900
f 4901 5128 5129
f 4902 5127 5128
f 4903 5126 5127
f 4904 5125 5126
f 4909 5120 5121
f 4910 5119 5120
f 5114 4915 4916
f 5112 4917 4918
f 4919 5110 5111
f 4920 5109 5110
f 5108 4921 4922
f 4923 5106 5107
f 5104 4925 4926
f 5100 4929 4930
f 4937 5092 5093
f 4938 5091 5092
f 4939 5090 5091
f 4940 5089 5090
f 5084 4945 4946
f 5077 4952 4953
f 5071 4958 4959
f 5051 4978 4979
f 5049 4980 4981
f 5047 4982 4983
f 5043 4986 4987
f 5040 4989 4990
f 5037 4992 4850
f 4851 5034 5035
f 5032 4853 4854
f 5015 4870 4871
f 4872 5013 5014
f 4873 5012 5013
f 5009 4876 4877
f 5004 4881 4882
f 5136 4893 4894
f 5131 4898 4899
f 5128 4901 4902
f 5126 4903 4904
f 4905 5124 5125
f 4906 5123 5124
f 4907 5122 5123
f 4908 5121 5122
f 5120 4909 4910
f 4911 5118 5119
f 5113 4916 4917
f 5110 4919 4920
f 5107 4922 4923
f 5102 4927 4928
f 5092 4937 4938
f 5090 4939 4940
f 4941 5088 5089
f 4942 5087 5088
f 5080 4949 4950
f 5052 4977 4978
f 5048 4981 4982
f 5041 4988 4989
f 5035 4849 4851
f 5030 4855 4856
f 5013 4872 4873
f 5005 4880 4881
f 5133 4896 4897
f 5127 4902 4903
f 5124 4905 4906
f 5122 4907 4908
f 5119 4910 4911
f 4912 5117 5118
f 4913 5116 5117
f 4914 5115 5116
f 5111 4918 4919
f 5106 4923 4924
f 5091 4938 4939
f 5088 4941 4942
f 5073 4956 4957
f 5046 4983 4984
f 5034 4851 4852
f 5012 4873 4874
f 5129 4900 4901
f 5123 4906 4907
f 5118 4911 4912
f 5116 4913 4914
f 5109 4920 4921
f 5089 4940 4941
f 5050 4979 4980
f 5014 4871 4872
f 5125 4904 4905
f 5117 4912 4913
f 5093 4936 4937
f 5039 4990 4991
f 5121 4908 4909
f 5087 4942 4943
f 5115 4914 4915
f 4994 4892 4893

