# https://github.com/mikedh/trimesh
v -0.00013976 0.00119580 0.01500000
v 0.00049276 0.00208581 0.01460770
v 0.00005030 0.00223664 0.01485640
v 0.00072558 0.00123017 0.01450000
v 0.00068448 0.00201440 0.01450000
v -0.00012770 0.00083859 0.01500000
v 0.00011810 0.00094286 0.01485640
v 0.00054237 0.00113911 0.01460770
v -0.00020505 0.00231464 0.01500000
v -0.00017971 0.00195813 0.00500000
v -0.00020505 0.00231464 0.00500000
v 0.00005030 0.00223664 0.00514362
v 0.00049276 0.00208581 0.00539229
v 0.00054237 0.00113911 0.00539229
v 0.00011810 0.00094286 0.00514362
v 0.00068448 0.00201440 0.00550000
v 0.00072558 0.00123017 0.00550000
v -0.00012770 0.00083859 0.00500000
v -0.00035461 0.00235713 0.01500000
v -0.00035461 0.00235713 0.00500000
v -0.00074014 0.00245520 0.00500000
v -0.00106172 0.00252346 0.00500000
v -0.00106172 0.00252346 0.01500000
v -0.00074014 0.00245520 0.01500000
v -0.00135582 0.00257389 0.00500000
v -0.00135582 0.00257389 0.01500000
v -0.00064516 0.00064287 0.00500000
v -0.00064516 0.00064287 0.01500000
v -0.00095784 0.00054137 0.01500000
v -0.00027200 0.00078070 0.00500000
v -0.00027200 0.00078070 0.01500000
v -0.00095784 0.00054137 0.00500000
v -0.00124506 0.00046048 0.01500000
v -0.00124506 0.00046048 0.00500000
v -0.01883570 -0.01487540 0.01500000
v -0.01314340 -0.02313160 0.01500000
v -0.01312940 -0.02312770 0.01500000
v -0.01317090 -0.02314110 0.01500000
v -0.01315730 -0.02313600 0.01500000
v -0.01322280 -0.02316700 0.01500000
v -0.01321030 -0.02315970 0.01500000
v -0.01949540 -0.01535910 0.01500000
v -0.01346730 -0.02334360 0.01500000
v -0.01345570 -0.02333480 0.01500000
v -0.01311530 -0.02312440 0.01500000
v -0.01319740 -0.02315290 0.01500000
v -0.01318430 -0.02314670 0.01500000
v -0.01324700 -0.02318320 0.01500000
v -0.01359730 -0.02362290 0.01500000
v -0.01359750 -0.02360840 0.01500000
v -0.01489090 -0.01075460 0.01500000
v -0.00687736 -0.01675020 0.01500000
v -0.00686678 -0.01674030 0.01500000
v -0.01307220 -0.02311820 0.01500000
v -0.01305770 -0.02311740 0.01500000
v -0.01310100 -0.02312170 0.01500000
v -0.01359650 -0.02363740 0.01500000
v -0.01359700 -0.02359380 0.01500000
v -0.01359300 -0.02366620 0.01500000
v -0.01359510 -0.02365180 0.01500000
v -0.01758270 -0.01382400 0.01500000
v -0.01089450 -0.02126030 0.01500000
v -0.01088280 -0.02125170 0.01500000
v -0.01819770 -0.01436330 0.01500000
v -0.01077100 -0.02280040 0.01500000
v -0.01091820 -0.02243080 0.01500000
v -0.01699170 -0.01325830 0.01500000
v -0.01076400 -0.02119900 0.01500000
v -0.01074980 -0.02119600 0.01500000
v -0.00688750 -0.01676060 0.01500000
v -0.00685579 -0.01673080 0.01500000
v -0.02861580 -0.01867870 0.01500000
v -0.02751030 -0.02865020 0.01500000
v -0.02749760 -0.02864310 0.01500000
v -0.02755780 -0.02868350 0.01500000
v -0.02754650 -0.02867440 0.01500000
v -0.02757930 -0.02870310 0.01500000
v -0.02756880 -0.02869300 0.01500000
v -0.01298530 -0.02312250 0.01500000
v -0.01297110 -0.02312540 0.01500000
v -0.01302860 -0.02311760 0.01500000
v -0.01301410 -0.02311860 0.01500000
v -0.01304310 -0.02311720 0.01500000
v -0.01323510 -0.02317480 0.01500000
v -0.01349980 -0.02337260 0.01500000
v -0.01348940 -0.02336250 0.01500000
v -0.01351920 -0.02339420 0.01500000
v -0.01350970 -0.02338320 0.01500000
v -0.01356570 -0.02346770 0.01500000
v -0.01355930 -0.02345470 0.01500000
v -0.01359600 -0.02357930 0.01500000
v -0.01359040 -0.02368050 0.01500000
v -0.01347050 -0.02401610 0.01500000
v -0.01357390 -0.02373610 0.01500000
v -0.01090580 -0.02126930 0.01500000
v -0.01087070 -0.02124360 0.01500000
v -0.01121920 -0.02175280 0.01500000
v -0.01122090 -0.02173840 0.01500000
v -0.01121400 -0.02178140 0.01500000
v -0.01121690 -0.02176710 0.01500000
v -0.01120640 -0.02180940 0.01500000
v -0.01121050 -0.02179550 0.01500000
v -0.01119640 -0.02183670 0.01500000
v -0.01120170 -0.02182310 0.01500000
v -0.01105200 -0.02213060 0.01500000
v -0.01077810 -0.02120250 0.01500000
v -0.01073540 -0.02119370 0.01500000
v -0.00682052 -0.01670520 0.01500000
v -0.00680808 -0.01669770 0.01500000
v -0.00684440 -0.01672170 0.01500000
v -0.00683264 -0.01671320 0.01500000
v -0.01537460 -0.01141430 0.01500000
v -0.00708064 -0.01738590 0.01500000
v -0.00708811 -0.01737340 0.01500000
v -0.00706416 -0.01740980 0.01500000
v -0.00707266 -0.01739800 0.01500000
v -0.01166040 -0.00244737 0.01500000
v -0.00158340 -0.00340129 0.01500000
v -0.00159300 -0.00339039 0.01500000
v -0.01325670 0.00792409 0.01500000
v -0.00406550 0.01199590 0.01500000
v -0.00406330 0.01201030 0.01500000
v -0.00406841 0.01195240 0.01500000
v -0.00406805 0.01196700 0.01500000
v -0.00406725 0.01192340 0.01500000
v -0.00406814 0.01193790 0.01500000
v -0.02748460 -0.02863660 0.01500000
v -0.02747130 -0.02863070 0.01500000
v -0.02753480 -0.02866580 0.01500000
v -0.02766260 -0.02883770 0.01500000
v -0.02765780 -0.02882400 0.01500000
v -0.02307470 -0.01732270 0.01500000
v -0.01887540 -0.02667020 0.01500000
v -0.01887680 -0.02665580 0.01500000
v -0.01290240 -0.02314860 0.01500000
v -0.01288940 -0.02315500 0.01500000
v -0.01292930 -0.02313750 0.01500000
v -0.01291570 -0.02314280 0.01500000
v -0.01295700 -0.02312880 0.01500000
v -0.01294300 -0.02313290 0.01500000
v -0.01299970 -0.02312020 0.01500000
v -0.01308660 -0.02311970 0.01500000
v -0.01347860 -0.02335280 0.01500000
v -0.01353680 -0.02341740 0.01500000
v -0.01352830 -0.02340560 0.01500000
v -0.01355230 -0.02344190 0.01500000
v -0.01354480 -0.02342950 0.01500000
v -0.01357150 -0.02348100 0.01500000
v -0.01358150 -0.02350830 0.01500000
v -0.01357680 -0.02349450 0.01500000
v -0.01358330 -0.02370870 0.01500000
v -0.01358720 -0.02369470 0.01500000
v -0.01357890 -0.02372250 0.01500000
v -0.01085830 -0.02123610 0.01500000
v -0.01084550 -0.02122910 0.01500000
v -0.01112940 -0.02147180 0.01500000
v -0.01111920 -0.02146140 0.01500000
v -0.01114840 -0.02149370 0.01500000
v -0.01113920 -0.02148260 0.01500000
v -0.01122150 -0.02168030 0.01500000
v -0.01122010 -0.02166590 0.01500000
v -0.01122250 -0.02170940 0.01500000
v -0.01122230 -0.02169480 0.01500000
v -0.01122200 -0.02172390 0.01500000
v -0.01071740 -0.02294640 0.01500000
v -0.01072100 -0.02119190 0.01500000
v -0.01070650 -0.02119080 0.01500000
v -0.01080570 -0.02121140 0.01500000
v -0.00668509 -0.01665570 0.01500000
v -0.00667066 -0.01665400 0.01500000
v -0.00678229 -0.01668430 0.01500000
v -0.00676899 -0.01667850 0.01500000
v -0.00679532 -0.01669070 0.01500000
v -0.00707518 -0.01701490 0.01500000
v -0.00706684 -0.01700300 0.01500000
v -0.00713033 -0.01716340 0.01500000
v -0.00712827 -0.01714900 0.01500000
v -0.00709503 -0.01736060 0.01500000
v -0.01361850 -0.00865779 0.01500000
v -0.00498681 -0.01409140 0.01500000
v -0.00497229 -0.01409190 0.01500000
v -0.01325670 -0.00792409 0.01500000
v -0.00400049 -0.01215560 0.01500000
v -0.00400894 -0.01214380 0.01500000
v -0.01236780 -0.00563823 0.01500000
v -0.00295153 -0.00902075 0.01500000
v -0.00294727 -0.00900686 0.01500000
v -0.01263080 -0.00641288 0.01500000
v -0.00295825 -0.00904902 0.01500000
v -0.00295519 -0.00903481 0.01500000
v -0.00160213 -0.00337909 0.01500000
v -0.00161077 -0.00336741 0.01500000
v -0.00405306 0.01205260 0.01500000
v -0.00404845 0.01206640 0.01500000
v -0.00406049 0.01202450 0.01500000
v -0.00405707 0.01203860 0.01500000
v -0.00406708 0.01198150 0.01500000
v -0.01292730 0.00717531 0.01500000
v -0.00372335 0.01138770 0.01500000
v -0.00373712 0.01139230 0.01500000
v -0.01537460 0.01141430 0.01500000
v -0.00690642 0.01678270 0.01500000
v -0.00691515 0.01679430 0.01500000
v -0.00680808 0.01669770 0.01500000
v -0.00682052 0.01670520 0.01500000
v -0.00678229 0.01668430 0.01500000
v -0.00679532 0.01669070 0.01500000
v -0.03269740 0.01858960 0.01500000
v -0.03347040 0.02858040 0.01500000
v -0.03348470 0.02858280 0.01500000
v -0.03344150 0.02857730 0.01500000
v -0.03345600 0.02857850 0.01500000
v -0.03311240 0.02860750 0.01500000
v -0.03312680 0.02860570 0.01500000
v -0.04100460 -0.01535910 0.01500000
v -0.04726490 -0.02317480 0.01500000
v -0.04725300 -0.02318320 0.01500000
v -0.04728970 -0.02315970 0.01500000
v -0.04727720 -0.02316700 0.01500000
v -0.04731570 -0.02314670 0.01500000
v -0.04730260 -0.02315290 0.01500000
v -0.04166430 -0.01487540 0.01500000
v -0.04748590 -0.02311860 0.01500000
v -0.04747140 -0.02311760 0.01500000
v -0.04762340 -0.02316190 0.01500000
v -0.04761060 -0.02315500 0.01500000
v -0.02745780 -0.02862540 0.01500000
v -0.02744410 -0.02862060 0.01500000
v -0.02752270 -0.02865770 0.01500000
v -0.02761680 -0.02874730 0.01500000
v -0.02760820 -0.02873570 0.01500000
v -0.02763270 -0.02877170 0.01500000
v -0.02762500 -0.02875940 0.01500000
v -0.02764630 -0.02879730 0.01500000
v -0.02763980 -0.02878440 0.01500000
v -0.02766690 -0.02885160 0.01500000
v -0.02765230 -0.02881060 0.01500000
v -0.02767360 -0.02887990 0.01500000
v -0.02767060 -0.02886570 0.01500000
v -0.01887770 -0.02664130 0.01500000
v -0.01887790 -0.02662680 0.01500000
v -0.01286410 -0.02316940 0.01500000
v -0.01285200 -0.02317730 0.01500000
v -0.01287660 -0.02316190 0.01500000
v -0.01359430 -0.02356490 0.01500000
v -0.01083250 -0.02122260 0.01500000
v -0.01081920 -0.02121670 0.01500000
v -0.01110860 -0.02145150 0.01500000
v -0.01091680 -0.02127890 0.01500000
v -0.01118060 -0.02154210 0.01500000
v -0.01117330 -0.02152950 0.01500000
v -0.01119340 -0.02156810 0.01500000
v -0.01118730 -0.02155500 0.01500000
v -0.01121810 -0.02165150 0.01500000
v -0.01118410 -0.02186300 0.01500000
v -0.00921366 -0.02157610 0.01500000
v -0.01049970 -0.02124680 0.01500000
v -0.01069200 -0.02119030 0.01500000
v -0.01067750 -0.02119040 0.01500000
v -0.01079200 -0.02120670 0.01500000
v -0.01642600 -0.01266730 0.01500000
v -0.00905104 -0.01948600 0.01500000
v -0.00904749 -0.01947190 0.01500000
v -0.00664165 -0.01665250 0.01500000
v -0.00662712 -0.01665270 0.01500000
v -0.00665617 -0.01665300 0.01500000
v -0.00675545 -0.01667320 0.01500000
v -0.00674170 -0.01666850 0.01500000
v -0.00691515 -0.01679430 0.01500000
v -0.00712559 -0.01713470 0.01500000
v -0.00712231 -0.01712060 0.01500000
v -0.00712976 -0.01725030 0.01500000
v -0.00713140 -0.01723590 0.01500000
v -0.00710140 -0.01734760 0.01500000
v -0.00710721 -0.01733430 0.01500000
v -0.00500134 -0.01409150 0.01500000
v -0.00495781 -0.01409300 0.01500000
v -0.00511472 -0.01411440 0.01500000
v -0.00510106 -0.01410940 0.01500000
v -0.01292730 -0.00717531 0.01500000
v -0.00378983 -0.01141660 0.01500000
v -0.00377705 -0.01140970 0.01500000
v -0.00404845 -0.01206640 0.01500000
v -0.00405306 -0.01205260 0.01500000
v -0.00402430 -0.01211920 0.01500000
v -0.00403117 -0.01210640 0.01500000
v -0.00401688 -0.01213170 0.01500000
v -0.00286753 -0.00876143 0.01500000
v -0.00287368 -0.00934522 0.01500000
v -0.00288332 -0.00933436 0.01500000
v -0.00283076 -0.00938430 0.01500000
v -0.00284210 -0.00937523 0.01500000
v -0.00124394 -0.00816730 0.01500000
v -0.00259480 -0.00852844 0.01500000
v -0.00258040 -0.00852653 0.01500000
v -0.00157334 -0.00341177 0.01500000
v -0.00151689 -0.00345727 0.01500000
v -0.00152893 -0.00344915 0.01500000
v -0.00149181 -0.00347193 0.01500000
v -0.00150451 -0.00346487 0.01500000
v -0.00146558 -0.00348441 0.01500000
v -0.00147883 -0.00347845 0.01500000
v -0.00404326 0.01208000 0.01500000
v -0.00375067 0.01139760 0.01500000
v -0.00376399 0.01140340 0.01500000
v -0.00370940 0.01138360 0.01500000
v -0.00365225 0.01137350 0.01500000
v -0.00366669 0.01137510 0.01500000
v -0.01361850 0.00865779 0.01500000
v -0.00514133 0.01412600 0.01500000
v -0.00515424 0.01413270 0.01500000
v -0.00505900 0.01409810 0.01500000
v -0.00507318 0.01410130 0.01500000
v -0.00689720 0.01677140 0.01500000
v -0.00706684 0.01700300 0.01500000
v -0.00683264 0.01671320 0.01500000
v -0.00684440 0.01672170 0.01500000
v -0.01819770 0.01436330 0.01500000
v -0.01122090 0.02173840 0.01500000
v -0.01121920 0.02175280 0.01500000
v -0.03355410 0.02860390 0.01500000
v -0.03356730 0.02860990 0.01500000
v -0.03352690 0.02859370 0.01500000
v -0.03354060 0.02859850 0.01500000
v -0.03349890 0.02858580 0.01500000
v -0.03351300 0.02858950 0.01500000
v -0.03339800 0.02857750 0.01500000
v -0.03341250 0.02857680 0.01500000
v -0.03309810 0.02860980 0.01500000
v -0.03338350 0.02857870 0.01500000
v -0.04704430 -0.02333480 0.01500000
v -0.04703270 -0.02334360 0.01500000
v -0.04735660 -0.02313160 0.01500000
v -0.04734270 -0.02313600 0.01500000
v -0.04738470 -0.02312440 0.01500000
v -0.04737060 -0.02312770 0.01500000
v -0.04750030 -0.02312020 0.01500000
v -0.04745690 -0.02311720 0.01500000
v -0.04752890 -0.02312540 0.01500000
v -0.04751470 -0.02312250 0.01500000
v -0.04759760 -0.02314860 0.01500000
v -0.04758430 -0.02314280 0.01500000
v -0.02743020 -0.02861640 0.01500000
v -0.02759900 -0.02872440 0.01500000
v -0.02758940 -0.02871350 0.01500000
v -0.02699410 -0.01846510 0.01500000
v -0.02445440 -0.02816490 0.01500000
v -0.02444080 -0.02815990 0.01500000
v -0.02459360 -0.02826670 0.01500000
v -0.02458420 -0.02825560 0.01500000
v -0.02461900 -0.02830210 0.01500000
v -0.02461100 -0.02828990 0.01500000
v -0.02466520 -0.02842350 0.01500000
v -0.02466240 -0.02840930 0.01500000
v -0.02383710 -0.01761920 0.01500000
v -0.02101520 -0.02730780 0.01500000
v -0.02100170 -0.02731330 0.01500000
v -0.02232590 -0.01699330 0.01500000
v -0.01815670 -0.02621250 0.01500000
v -0.01814360 -0.02621880 0.01500000
v -0.01819740 -0.02619690 0.01500000
v -0.01818360 -0.02620150 0.01500000
v -0.01873720 -0.02635270 0.01500000
v -0.01872530 -0.02634450 0.01500000
v -0.01876000 -0.02637080 0.01500000
v -0.01874880 -0.02636150 0.01500000
v -0.01883340 -0.02646020 0.01500000
v -0.01882590 -0.02644770 0.01500000
v -0.01887750 -0.02661220 0.01500000
v -0.01887650 -0.02659770 0.01500000
v -0.02159220 -0.01663150 0.01500000
v -0.01615190 -0.02519100 0.01500000
v -0.01614870 -0.02517680 0.01500000
v -0.02017560 -0.01581360 0.01500000
v -0.01545590 -0.02481520 0.01500000
v -0.01544270 -0.02482130 0.01500000
v -0.01284020 -0.02318580 0.01500000
v -0.01359200 -0.02355060 0.01500000
v -0.01116550 -0.02151720 0.01500000
v -0.01115720 -0.02150530 0.01500000
v -0.01121550 -0.02163720 0.01500000
v -0.01119050 -0.02185000 0.01500000
v -0.00996275 -0.02157050 0.01500000
v -0.01053750 -0.02122510 0.01500000
v -0.01052460 -0.02123180 0.01500000
v -0.01056410 -0.02121340 0.01500000
v -0.01055070 -0.02121900 0.01500000
v -0.01061980 -0.02119710 0.01500000
v -0.01060560 -0.02120030 0.01500000
v -0.01064850 -0.02119250 0.01500000
v -0.01063410 -0.02119450 0.01500000
v -0.01066300 -0.02119120 0.01500000
v -0.00905400 -0.01950020 0.01500000
v -0.00904333 -0.01945800 0.01500000
v -0.00905807 -0.01952900 0.01500000
v -0.00905634 -0.01951460 0.01500000
v -0.00905919 -0.01954350 0.01500000
v -0.00905882 -0.01958700 0.01500000
v -0.00905956 -0.01957250 0.01500000
v -0.00902489 -0.01971250 0.01500000
v -0.00903101 -0.01969930 0.01500000
v -0.00707358 -0.01925900 0.01500000
v -0.00841334 -0.01905360 0.01500000
v -0.00840004 -0.01905950 0.01500000
v -0.01588670 -0.01205230 0.01500000
v -0.00859853 -0.01903190 0.01500000
v -0.00858414 -0.01902990 0.01500000
v -0.00862698 -0.01903770 0.01500000
v -0.00861282 -0.01903450 0.01500000
v -0.00898068 -0.01934420 0.01500000
v -0.00897114 -0.01933320 0.01500000
v -0.00656949 -0.01665960 0.01500000
v -0.00655532 -0.01666280 0.01500000
v -0.00661262 -0.01665350 0.01500000
v -0.00672777 -0.01666440 0.01500000
v -0.00690642 -0.01678270 0.01500000
v -0.00689720 -0.01677140 0.01500000
v -0.00710326 -0.01706570 0.01500000
v -0.00709706 -0.01705260 0.01500000
v -0.00711395 -0.01709270 0.01500000
v -0.00710889 -0.01707910 0.01500000
v -0.00711843 -0.01710660 0.01500000
v -0.00713178 -0.01717780 0.01500000
v -0.00713283 -0.01720690 0.01500000
v -0.00713261 -0.01719230 0.01500000
v -0.00713242 -0.01722140 0.01500000
v -0.00711245 -0.01732070 0.01500000
v -0.01443640 -0.01007440 0.01500000
v -0.00544026 -0.01478070 0.01500000
v -0.00544519 -0.01476700 0.01500000
v -0.00541490 -0.01483290 0.01500000
v -0.00542207 -0.01482020 0.01500000
v -0.00501585 -0.01409220 0.01500000
v -0.00508721 -0.01410510 0.01500000
v -0.00507318 -0.01410130 0.01500000
v -0.00512815 -0.01411990 0.01500000
v -0.00516686 -0.01413990 0.01500000
v -0.00515424 -0.01413270 0.01500000
v -0.00366669 -0.01137510 0.01500000
v -0.00365225 -0.01137350 0.01500000
v -0.00375067 -0.01139760 0.01500000
v -0.00373712 -0.01139230 0.01500000
v -0.00376399 -0.01140340 0.01500000
v -0.00386949 -0.01147920 0.01500000
v -0.00385931 -0.01146890 0.01500000
v -0.00406330 -0.01201030 0.01500000
v -0.00406550 -0.01199590 0.01500000
v -0.00405707 -0.01203860 0.01500000
v -0.00406049 -0.01202450 0.01500000
v -0.00404326 -0.01208000 0.01500000
v -0.00403750 -0.01209330 0.01500000
v -0.00398211 -0.01217810 0.01500000
v -0.00399154 -0.01216710 0.01500000
v -0.00286281 -0.00874769 0.01500000
v -0.00285750 -0.00873417 0.01500000
v -0.00295502 -0.00919317 0.01500000
v -0.00295811 -0.00917897 0.01500000
v -0.00293070 -0.00926147 0.01500000
v -0.00293673 -0.00924825 0.01500000
v -0.00291700 -0.00928709 0.01500000
v -0.00292413 -0.00927443 0.01500000
v -0.00286358 -0.00935567 0.01500000
v -0.00289249 -0.00932309 0.01500000
v -0.00285305 -0.00936568 0.01500000
v -0.00252237 -0.00852508 0.01500000
v -0.00189547 -0.00853699 0.01500000
v -0.00260910 -0.00853095 0.01500000
v -0.00256593 -0.00852524 0.01500000
v -0.00161890 -0.00335537 0.01500000
v -0.00154062 -0.00344053 0.01500000
v -0.00155194 -0.00343141 0.01500000
v -0.01157130 0.00163417 0.01500000
v -0.00143944 0.00259767 0.01500000
v -0.00145267 0.00260367 0.01500000
v -0.00139839 0.00258310 0.01500000
v -0.00141228 0.00258737 0.01500000
v -0.00400049 0.01215560 0.01500000
v -0.00399154 0.01216710 0.01500000
v -0.00403117 0.01210640 0.01500000
v -0.00402430 0.01211920 0.01500000
v -0.00403750 0.01209330 0.01500000
v -0.00406363 0.01189460 0.01500000
v -0.00406575 0.01190900 0.01500000
v -0.00405757 0.01186620 0.01500000
v -0.00406090 0.01188030 0.01500000
v -0.00392722 0.01156250 0.01500000
v -0.00393335 0.01157570 0.01500000
v -0.00377705 0.01140970 0.01500000
v -0.00363776 0.01137250 0.01500000
v -0.00368104 0.01137730 0.01500000
v -0.00360871 0.01137230 0.01500000
v -0.00362324 0.01137210 0.01500000
v -0.00512815 0.01411990 0.01500000
v -0.00516686 0.01413990 0.01500000
v -0.00510106 0.01410940 0.01500000
v -0.00511472 0.01411440 0.01500000
v -0.00508721 0.01410510 0.01500000
v -0.00503031 0.01409360 0.01500000
v -0.00504471 0.01409550 0.01500000
v -0.00710140 0.01734760 0.01500000
v -0.00709503 0.01736060 0.01500000
v -0.00711245 0.01732070 0.01500000
v -0.00710721 0.01733430 0.01500000
v -0.00713140 0.01723590 0.01500000
v -0.00712976 0.01725030 0.01500000
v -0.00713283 0.01720690 0.01500000
v -0.00713242 0.01722140 0.01500000
v -0.00712559 0.01713470 0.01500000
v -0.00712827 0.01714900 0.01500000
v -0.00711843 0.01710660 0.01500000
v -0.00712231 0.01712060 0.01500000
v -0.00708300 0.01702720 0.01500000
v -0.00709030 0.01703970 0.01500000
v -0.00707518 0.01701490 0.01500000
v -0.00685579 0.01673080 0.01500000
v -0.00686678 0.01674030 0.01500000
v -0.01588670 0.01205230 0.01500000
v -0.00848287 0.01903310 0.01500000
v -0.00849721 0.01903080 0.01500000
v -0.00842687 0.01904830 0.01500000
v -0.00844061 0.01904360 0.01500000
v -0.01121690 0.02176710 0.01500000
v -0.01121400 0.02178140 0.01500000
v -0.01122250 0.02170940 0.01500000
v -0.01122200 0.02172390 0.01500000
v -0.01949540 0.01535910 0.01500000
v -0.01323510 0.02317480 0.01500000
v -0.01324700 0.02318320 0.01500000
v -0.01883570 0.01487540 0.01500000
v -0.01310100 0.02312170 0.01500000
v -0.01311530 0.02312440 0.01500000
v -0.01287660 0.02316190 0.01500000
v -0.01288940 0.02315500 0.01500000
v -0.01285200 0.02317730 0.01500000
v -0.01286410 0.02316940 0.01500000
v -0.03025000 0.01875000 0.01500000
v -0.02991730 0.02881610 0.01500000
v -0.02992920 0.02880780 0.01500000
v -0.02984550 0.02888770 0.01500000
v -0.02985440 0.02887620 0.01500000
v -0.02982930 0.02891170 0.01500000
v -0.02983720 0.02889950 0.01500000
v -0.03359300 0.02862350 0.01500000
v -0.03360540 0.02863110 0.01500000
v -0.03358030 0.02861640 0.01500000
v -0.03342700 0.02857680 0.01500000
v -0.03294220 0.02868350 0.01500000
v -0.03295350 0.02867440 0.01500000
v -0.04757270 -0.00717531 0.01500000
v -0.05671020 -0.01141660 0.01500000
v -0.05669770 -0.01142410 0.01500000
v -0.05676290 -0.01139230 0.01500000
v -0.05674930 -0.01139760 0.01500000
v -0.04732910 -0.02314110 0.01500000
v -0.04757070 -0.02313750 0.01500000
v -0.04755700 -0.02313290 0.01500000
v -0.02780260 -0.01858960 0.01500000
v -0.02684870 -0.02866660 0.01500000
v -0.02683820 -0.02867670 0.01500000
v -0.02688260 -0.02863920 0.01500000
v -0.02687090 -0.02864790 0.01500000
v -0.02691970 -0.02861640 0.01500000
v -0.02690700 -0.02862350 0.01500000
v -0.02698700 -0.02858950 0.01500000
v -0.02697310 -0.02859370 0.01500000
v -0.02772650 -0.02918830 0.01500000
v -0.02767610 -0.02889420 0.01500000
v -0.02619180 -0.01830560 0.01500000
v -0.02441300 -0.02815150 0.01500000
v -0.02439880 -0.02814830 0.01500000
v -0.02442700 -0.02815540 0.01500000
v -0.02454210 -0.02821560 0.01500000
v -0.02453060 -0.02820680 0.01500000
v -0.02456400 -0.02823470 0.01500000
v -0.02455330 -0.02822500 0.01500000
v -0.02457440 -0.02824490 0.01500000
v -0.02460260 -0.02827810 0.01500000
v -0.02463320 -0.02832740 0.01500000
v -0.02462640 -0.02831460 0.01500000
v -0.02465500 -0.02838120 0.01500000
v -0.02465040 -0.02836740 0.01500000
v -0.02465900 -0.02839520 0.01500000
v -0.02539710 -0.01811110 0.01500000
v -0.02394670 -0.02811150 0.01500000
v -0.02393330 -0.02811720 0.01500000
v -0.02168480 -0.02754550 0.01500000
v -0.02167770 -0.02753290 0.01500000
v -0.02096290 -0.02733300 0.01500000
v -0.02095060 -0.02734070 0.01500000
v -0.02098850 -0.02731930 0.01500000
v -0.02097560 -0.02732590 0.01500000
v -0.02104280 -0.02729870 0.01500000
v -0.02102890 -0.02730300 0.01500000
v -0.02121520 -0.02729480 0.01500000
v -0.02120100 -0.02729180 0.01500000
v -0.01807190 -0.02626790 0.01500000
v -0.01806120 -0.02627780 0.01500000
v -0.01810620 -0.02624110 0.01500000
v -0.01809440 -0.02624950 0.01500000
v -0.01813080 -0.02622570 0.01500000
v -0.01811830 -0.02623310 0.01500000
v -0.01817000 -0.02620670 0.01500000
v -0.01838380 -0.02619240 0.01500000
v -0.01836970 -0.02618910 0.01500000
v -0.01868750 -0.02632280 0.01500000
v -0.01867430 -0.02631660 0.01500000
v -0.01871300 -0.02633670 0.01500000
v -0.01870040 -0.02632950 0.01500000
v -0.01878110 -0.02639070 0.01500000
v -0.01877080 -0.02638050 0.01500000
v -0.01880050 -0.02641230 0.01500000
v -0.01879100 -0.02640130 0.01500000
v -0.01884030 -0.02647290 0.01500000
v -0.01881800 -0.02643550 0.01500000
v -0.01885240 -0.02649930 0.01500000
v -0.01884660 -0.02648600 0.01500000
v -0.01887490 -0.02658330 0.01500000
v -0.01887270 -0.02656900 0.01500000
v -0.01604570 -0.02500500 0.01500000
v -0.01603470 -0.02499550 0.01500000
v -0.01612400 -0.02510870 0.01500000
v -0.01611730 -0.02509580 0.01500000
v -0.01613560 -0.02513530 0.01500000
v -0.01613010 -0.02512190 0.01500000
v -0.01614490 -0.02516280 0.01500000
v -0.01614060 -0.02514890 0.01500000
v -0.01615640 -0.02521970 0.01500000
v -0.01615450 -0.02520530 0.01500000
v -0.01539280 -0.02485100 0.01500000
v -0.01538120 -0.02485980 0.01500000
v -0.01542980 -0.02482790 0.01500000
v -0.01541710 -0.02483510 0.01500000
v -0.01555380 -0.02478910 0.01500000
v -0.01553940 -0.02479110 0.01500000
v -0.01558280 -0.02478710 0.01500000
v -0.01556830 -0.02478780 0.01500000
v -0.01282880 -0.02319480 0.01500000
v -0.01232860 -0.02357290 0.01500000
v -0.01358910 -0.02353630 0.01500000
v -0.01358560 -0.02352220 0.01500000
v -0.01120400 -0.02159520 0.01500000
v -0.01119900 -0.02158150 0.01500000
v -0.01121230 -0.02162300 0.01500000
v -0.00961063 -0.02175560 0.01500000
v -0.01051200 -0.02123900 0.01500000
v -0.01059160 -0.02120410 0.01500000
v -0.01057780 -0.02120850 0.01500000
v -0.00903859 -0.01944430 0.01500000
v -0.00905968 -0.01955800 0.01500000
v -0.00905549 -0.01961590 0.01500000
v -0.00905746 -0.01960150 0.01500000
v -0.00904971 -0.01964440 0.01500000
v -0.00905290 -0.01963020 0.01500000
v -0.00903656 -0.01968590 0.01500000
v -0.00904153 -0.01967220 0.01500000
v -0.00730364 -0.01953260 0.01500000
v -0.00744961 -0.01947900 0.01500000
v -0.00856968 -0.01902850 0.01500000
v -0.00898974 -0.01935550 0.01500000
v -0.00879846 -0.01914140 0.01500000
v -0.00902737 -0.01941750 0.01500000
v -0.00902092 -0.01940450 0.01500000
v -0.00658377 -0.01665700 0.01500000
v -0.00654132 -0.01666670 0.01500000
v -0.00659816 -0.01665490 0.01500000
v -0.00709030 -0.01703970 0.01500000
v -0.00708300 -0.01702720 0.01500000
v -0.00712464 -0.01727890 0.01500000
v -0.00712750 -0.01726470 0.01500000
v -0.00711711 -0.01730700 0.01500000
v -0.00545641 -0.01472490 0.01500000
v -0.00545894 -0.01471060 0.01500000
v -0.00544952 -0.01475310 0.01500000
v -0.00545327 -0.01473910 0.01500000
v -0.00543476 -0.01479410 0.01500000
v -0.00542869 -0.01480730 0.01500000
v -0.00539897 -0.01485720 0.01500000
v -0.00540719 -0.01484520 0.01500000
v -0.00537136 -0.01489080 0.01500000
v -0.00538104 -0.01488000 0.01500000
v -0.00494339 -0.01409480 0.01500000
v -0.00504471 -0.01409550 0.01500000
v -0.00503031 -0.01409360 0.01500000
v -0.00505900 -0.01409810 0.01500000
v -0.00514133 -0.01412600 0.01500000
v -0.00528003 -0.01425070 0.01500000
v -0.00527203 -0.01423850 0.01500000
v -0.00368104 -0.01137730 0.01500000
v -0.00363776 -0.01137250 0.01500000
v -0.00370940 -0.01138360 0.01500000
v -0.00369529 -0.01138020 0.01500000
v -0.00372335 -0.01138770 0.01500000
v -0.00381445 -0.01143200 0.01500000
v -0.00380231 -0.01142410 0.01500000
v -0.00384869 -0.01145900 0.01500000
v -0.00383766 -0.01144950 0.01500000
v -0.00404400 -0.01182480 0.01500000
v -0.00403831 -0.01181140 0.01500000
v -0.00406708 -0.01198150 0.01500000
v -0.00406805 -0.01196700 0.01500000
v -0.00284520 -0.00870786 0.01500000
v -0.00283821 -0.00869512 0.01500000
v -0.00296254 -0.00907775 0.01500000
v -0.00296070 -0.00906333 0.01500000
v -0.00296436 -0.00910674 0.01500000
v -0.00296376 -0.00909222 0.01500000
v -0.00296059 -0.00916466 0.01500000
v -0.00296246 -0.00915025 0.01500000
v -0.00294218 -0.00923479 0.01500000
v -0.00149797 -0.00852122 0.01500000
v -0.00262329 -0.00853408 0.01500000
v -0.01178490 -0.00325590 0.01500000
v -0.00188258 -0.00559955 0.01500000
v -0.00186880 -0.00559496 0.01500000
v -0.00193539 -0.00562365 0.01500000
v -0.00192258 -0.00561678 0.01500000
v -0.01157130 -0.00163417 0.01500000
v -0.00160688 -0.00275239 0.01500000
v -0.00159985 -0.00273967 0.01500000
v -0.00167320 -0.00316247 0.01500000
v -0.00167255 -0.00314796 0.01500000
v -0.00162651 -0.00334299 0.01500000
v -0.00163359 -0.00333031 0.01500000
v -0.01151780 -0.00081786 0.01500000
v -0.00131291 -0.00043490 0.01500000
v -0.00132574 -0.00042809 0.01500000
v -0.00157560 0.00270349 0.01500000
v -0.00158420 0.00271520 0.01500000
v -0.00146563 0.00261024 0.01500000
v -0.00147830 0.00261735 0.01500000
v -0.00138434 0.00257943 0.01500000
v -0.00142597 0.00259223 0.01500000
v -0.00400894 0.01214380 0.01500000
v -0.00398211 0.01217810 0.01500000
v -0.00401688 0.01213170 0.01500000
v -0.00404911 0.01183840 0.01500000
v -0.00405363 0.01185220 0.01500000
v -0.00403831 0.01181140 0.01500000
v -0.00385931 0.01146890 0.01500000
v -0.00386949 0.01147920 0.01500000
v -0.00383766 0.01144950 0.01500000
v -0.00384869 0.01145900 0.01500000
v -0.00380231 0.01142410 0.01500000
v -0.00381445 0.01143200 0.01500000
v -0.00378983 0.01141660 0.01500000
v -0.00369529 0.01138020 0.01500000
v -0.00517915 0.01414760 0.01500000
v -0.00708811 0.01737340 0.01500000
v -0.00712117 0.01729300 0.01500000
v -0.00711711 0.01730700 0.01500000
v -0.00712750 0.01726470 0.01500000
v -0.00713033 0.01716340 0.01500000
v -0.00713178 0.01717780 0.01500000
v -0.00709706 0.01705260 0.01500000
v -0.00710326 0.01706570 0.01500000
v -0.00687736 0.01675020 0.01500000
v -0.00688750 0.01676060 0.01500000
v -0.00852613 0.01902800 0.01500000
v -0.00854065 0.01902750 0.01500000
v -0.00846864 0.01903600 0.01500000
v -0.00851164 0.01902910 0.01500000
v -0.00845454 0.01903950 0.01500000
v -0.01120640 0.02180940 0.01500000
v -0.01120170 0.02182310 0.01500000
v -0.01121050 0.02179550 0.01500000
v -0.01122150 0.02168030 0.01500000
v -0.01122230 0.02169480 0.01500000
v -0.01113920 0.02148260 0.01500000
v -0.01114840 0.02149370 0.01500000
v -0.01354480 0.02342950 0.01500000
v -0.01355230 0.02344190 0.01500000
v -0.01322280 0.02316700 0.01500000
v -0.01345570 0.02333480 0.01500000
v -0.01314340 0.02313160 0.01500000
v -0.01315730 0.02313600 0.01500000
v -0.01308660 0.02311970 0.01500000
v -0.01312940 0.02312770 0.01500000
v -0.01304310 0.02311720 0.01500000
v -0.01305770 0.02311740 0.01500000
v -0.01290240 0.02314860 0.01500000
v -0.01291570 0.02314280 0.01500000
v -0.02997990 0.02877960 0.01500000
v -0.02999330 0.02877390 0.01500000
v -0.02994140 0.02879990 0.01500000
v -0.02995390 0.02879260 0.01500000
v -0.02990580 0.02882500 0.01500000
v -0.02986380 0.02886510 0.01500000
v -0.02987370 0.02885440 0.01500000
v -0.03106790 0.01873220 0.01500000
v -0.03061610 0.02884410 0.01500000
v -0.03062630 0.02885440 0.01500000
v -0.03059420 0.02882500 0.01500000
v -0.03060530 0.02883430 0.01500000
v -0.03052010 0.02877960 0.01500000
v -0.03053320 0.02878580 0.01500000
v -0.03361740 0.02863920 0.01500000
v -0.03362910 0.02864790 0.01500000
v -0.03306980 0.02861640 0.01500000
v -0.03308390 0.02861280 0.01500000
v -0.03304220 0.02862540 0.01500000
v -0.03305590 0.02862060 0.01500000
v -0.03301540 0.02863660 0.01500000
v -0.03302870 0.02863070 0.01500000
v -0.03298970 0.02865020 0.01500000
v -0.03300240 0.02864310 0.01500000
v -0.03296520 0.02866580 0.01500000
v -0.03297730 0.02865770 0.01500000
v -0.03292070 0.02870310 0.01500000
v -0.03293120 0.02869300 0.01500000
v -0.03350590 0.01846510 0.01500000
v -0.03595790 0.02821560 0.01500000
v -0.03596940 0.02820680 0.01500000
v -0.03593600 0.02823470 0.01500000
v -0.03594670 0.02822500 0.01500000
v -0.03666290 0.01761920 0.01500000
v -0.03948480 0.02730780 0.01500000
v -0.03949830 0.02731330 0.01500000
v -0.03817410 0.01699330 0.01500000
v -0.04235640 0.02621880 0.01500000
v -0.04236920 0.02622570 0.01500000
v -0.04230260 0.02619690 0.01500000
v -0.04231640 0.02620150 0.01500000
v -0.04166430 0.01487540 0.01500000
v -0.04745690 0.02311720 0.01500000
v -0.04747140 0.02311760 0.01500000
v -0.04892870 0.00163417 0.01500000
v -0.05882750 0.00314796 0.01500000
v -0.05882870 0.00313349 0.01500000
v -0.04883960 0.00244737 0.01500000
v -0.05897110 0.00344915 0.01500000
v -0.05895940 0.00344053 0.01500000
v -0.05668550 -0.01143200 0.01500000
v -0.05667380 -0.01144050 0.01500000
v -0.05672290 -0.01140970 0.01500000
v -0.05673600 -0.01140340 0.01500000
v -0.05679060 -0.01138360 0.01500000
v -0.05677660 -0.01138770 0.01500000
v -0.04741340 -0.02311970 0.01500000
v -0.04739900 -0.02312170 0.01500000
v -0.04744230 -0.02311740 0.01500000
v -0.04742780 -0.02311820 0.01500000
v -0.04754300 -0.02312880 0.01500000
v -0.04850220 -0.02379380 0.01500000
v -0.04817140 -0.02357290 0.01500000
v -0.03817410 -0.01699330 0.01500000
v -0.04207480 -0.02620600 0.01500000
v -0.04206140 -0.02621170 0.01500000
v -0.02679270 -0.02873310 0.01500000
v -0.02678510 -0.02874550 0.01500000
v -0.02680950 -0.02870940 0.01500000
v -0.02680080 -0.02872110 0.01500000
v -0.02682820 -0.02868720 0.01500000
v -0.02681860 -0.02869810 0.01500000
v -0.02685960 -0.02865700 0.01500000
v -0.02689460 -0.02863110 0.01500000
v -0.02695940 -0.02859850 0.01500000
v -0.02694590 -0.02860390 0.01500000
v -0.02738760 -0.02860750 0.01500000
v -0.02737320 -0.02860570 0.01500000
v -0.02408880 -0.02808720 0.01500000
v -0.02407430 -0.02808690 0.01500000
v -0.02411780 -0.02808970 0.01500000
v -0.02410330 -0.02808810 0.01500000
v -0.02414640 -0.02809460 0.01500000
v -0.02448100 -0.02817670 0.01500000
v -0.02446780 -0.02817050 0.01500000
v -0.02451870 -0.02819850 0.01500000
v -0.02450640 -0.02819070 0.01500000
v -0.02464530 -0.02835380 0.01500000
v -0.02463950 -0.02834050 0.01500000
v -0.02478090 -0.02948520 0.01500000
v -0.02472360 -0.02909160 0.01500000
v -0.02379940 -0.02822580 0.01500000
v -0.02379100 -0.02823770 0.01500000
v -0.02387090 -0.02815400 0.01500000
v -0.02385940 -0.02816290 0.01500000
v -0.02396030 -0.02810640 0.01500000
v -0.02392020 -0.02812350 0.01500000
v -0.02167000 -0.02752060 0.01500000
v -0.02166180 -0.02750860 0.01500000
v -0.02169750 -0.02757170 0.01500000
v -0.02169140 -0.02755850 0.01500000
v -0.02089430 -0.02738640 0.01500000
v -0.02088430 -0.02739690 0.01500000
v -0.02092690 -0.02735750 0.01500000
v -0.02091560 -0.02736670 0.01500000
v -0.02093860 -0.02734880 0.01500000
v -0.02122920 -0.02729850 0.01500000
v -0.02118670 -0.02728930 0.01500000
v -0.01805100 -0.02628810 0.01500000
v -0.01804130 -0.02629890 0.01500000
v -0.01808290 -0.02625850 0.01500000
v -0.01822550 -0.02618950 0.01500000
v -0.01821140 -0.02619290 0.01500000
v -0.01825410 -0.02618450 0.01500000
v -0.01823970 -0.02618670 0.01500000
v -0.01828300 -0.02618190 0.01500000
v -0.01826850 -0.02618290 0.01500000
v -0.01831210 -0.02618190 0.01500000
v -0.01829760 -0.02618160 0.01500000
v -0.01839780 -0.02619640 0.01500000
v -0.01835540 -0.02618640 0.01500000
v -0.01843860 -0.02621170 0.01500000
v -0.01880950 -0.02642380 0.01500000
v -0.01886230 -0.02652660 0.01500000
v -0.01885770 -0.02651290 0.01500000
v -0.01886980 -0.02655470 0.01500000
v -0.01605630 -0.02501490 0.01500000
v -0.01602320 -0.02498650 0.01500000
v -0.01608540 -0.02504730 0.01500000
v -0.01607610 -0.02503610 0.01500000
v -0.01610240 -0.02507080 0.01500000
v -0.01609410 -0.02505890 0.01500000
v -0.01611010 -0.02508310 0.01500000
v -0.01537000 -0.02486900 0.01500000
v -0.01535920 -0.02487860 0.01500000
v -0.01540480 -0.02484280 0.01500000
v -0.01548300 -0.02480480 0.01500000
v -0.01546930 -0.02480970 0.01500000
v -0.01552510 -0.02479360 0.01500000
v -0.01551090 -0.02479670 0.01500000
v -0.01573770 -0.02481990 0.01500000
v -0.01572450 -0.02481400 0.01500000
v -0.01120840 -0.02160900 0.01500000
v -0.00904592 -0.01965840 0.01500000
v -0.00849439 -0.02063940 0.01500000
v -0.00867948 -0.02028730 0.01500000
v -0.00781915 -0.01933180 0.01500000
v -0.00838701 -0.01906590 0.01500000
v -0.00845454 -0.01903950 0.01500000
v -0.00844061 -0.01904360 0.01500000
v -0.00851164 -0.01902910 0.01500000
v -0.00849721 -0.01903080 0.01500000
v -0.00855518 -0.01902770 0.01500000
v -0.00854065 -0.01902750 0.01500000
v -0.00870793 -0.01906940 0.01500000
v -0.00869504 -0.01906270 0.01500000
v -0.00877822 -0.01912060 0.01500000
v -0.00876745 -0.01911080 0.01500000
v -0.00878856 -0.01913080 0.01500000
v -0.00899831 -0.01936720 0.01500000
v -0.00901391 -0.01939170 0.01500000
v -0.00900637 -0.01937930 0.01500000
v -0.00652748 -0.01667110 0.01500000
v -0.00671367 -0.01666090 0.01500000
v -0.00669943 -0.01665800 0.01500000
v -0.00712117 -0.01729300 0.01500000
v -0.01401200 -0.00937500 0.01500000
v -0.00543603 -0.01452550 0.01500000
v -0.00543009 -0.01451230 0.01500000
v -0.00546086 -0.01469620 0.01500000
v -0.00546216 -0.01468170 0.01500000
v -0.00539025 -0.01486880 0.01500000
v -0.00492905 -0.01409710 0.01500000
v -0.00517915 -0.01414760 0.01500000
v -0.00526352 -0.01422680 0.01500000
v -0.00525452 -0.01421530 0.01500000
v -0.00360871 -0.01137230 0.01500000
v -0.00359421 -0.01137320 0.01500000
v -0.00362324 -0.01137210 0.01500000
v -0.00382624 -0.01144050 0.01500000
v -0.00388849 -0.01150120 0.01500000
v -0.00387922 -0.01149000 0.01500000
v -0.00390554 -0.01152470 0.01500000
v -0.00389726 -0.01151280 0.01500000
v -0.00393335 -0.01157570 0.01500000
v -0.00283069 -0.00868269 0.01500000
v -0.00282265 -0.00867059 0.01500000
v -0.00285163 -0.00872088 0.01500000
v -0.00296371 -0.00913578 0.01500000
v -0.00296435 -0.00912126 0.01500000
v -0.00294705 -0.00922110 0.01500000
v -0.00295133 -0.00920722 0.01500000
v -0.00281904 -0.00939288 0.01500000
v -0.00253689 -0.00852452 0.01500000
v -0.00255141 -0.00852457 0.01500000
v -0.01213890 -0.00485286 0.01500000
v -0.00266488 -0.00854704 0.01500000
v -0.00265120 -0.00854213 0.01500000
v -0.00189616 -0.00560472 0.01500000
v -0.00185483 -0.00559096 0.01500000
v -0.00190950 -0.00561047 0.01500000
v -0.00145267 -0.00260367 0.01500000
v -0.00143944 -0.00259767 0.01500000
v -0.00159228 -0.00272727 0.01500000
v -0.00158420 -0.00271520 0.01500000
v -0.00167127 -0.00313349 0.01500000
v -0.00164430 -0.00287684 0.01500000
v -0.00167324 -0.00317700 0.01500000
v -0.00166722 -0.00323473 0.01500000
v -0.00166965 -0.00322041 0.01500000
v -0.00164012 -0.00331733 0.01500000
v -0.00164609 -0.00330409 0.01500000
v -0.00156285 -0.00342182 0.01500000
v -0.00138491 -0.00038618 0.01500000
v -0.00139559 -0.00037634 0.01500000
v -0.00133826 -0.00042073 0.01500000
v -0.00135047 -0.00041285 0.01500000
v -0.00128644 -0.00044686 0.01500000
v -0.00129980 -0.00044117 0.01500000
v -0.00125904 -0.00045653 0.01500000
v -0.00127284 -0.00045199 0.01500000
v -0.00159228 0.00272727 0.01500000
v -0.00159985 0.00273967 0.01500000
v -0.00137014 0.00257635 0.01500000
v -0.00404400 0.01182480 0.01500000
v -0.00391330 0.01153700 0.01500000
v -0.00392053 0.01154960 0.01500000
v -0.00389726 0.01151280 0.01500000
v -0.00390554 0.01152470 0.01500000
v -0.00387922 0.01149000 0.01500000
v -0.00388849 0.01150120 0.01500000
v -0.00382624 0.01144050 0.01500000
v -0.00357976 0.01137460 0.01500000
v -0.00359421 0.01137320 0.01500000
v -0.00522472 0.01418360 0.01500000
v -0.00523510 0.01419370 0.01500000
v -0.00520270 0.01416460 0.01500000
v -0.00521391 0.01417390 0.01500000
v -0.00519111 0.01415590 0.01500000
v -0.00498681 0.01409140 0.01500000
v -0.00500134 0.01409150 0.01500000
v -0.00494339 0.01409480 0.01500000
v -0.00495781 0.01409300 0.01500000
v -0.00477167 0.01609070 0.01500000
v -0.00539897 0.01485720 0.01500000
v -0.00539025 0.01486880 0.01500000
v -0.01443640 0.01007440 0.01500000
v -0.00542869 0.01480730 0.01500000
v -0.00542207 0.01482020 0.01500000
v -0.00546086 0.01469620 0.01500000
v -0.00545894 0.01471060 0.01500000
v -0.00712464 0.01727890 0.01500000
v -0.00710889 0.01707910 0.01500000
v -0.00711395 0.01709270 0.01500000
v -0.00671367 0.01666090 0.01500000
v -0.00672777 0.01666440 0.01500000
v -0.01489090 0.01075460 0.01500000
v -0.00661262 0.01665350 0.01500000
v -0.00662712 0.01665270 0.01500000
v -0.00856968 0.01902850 0.01500000
v -0.00858414 0.01902990 0.01500000
v -0.00855518 0.01902770 0.01500000
v -0.00840004 0.01905950 0.01500000
v -0.00841334 0.01905360 0.01500000
v -0.01699170 0.01325830 0.01500000
v -0.01056410 0.02121340 0.01500000
v -0.01057780 0.02120850 0.01500000
v -0.00867388 0.02103630 0.01500000
v -0.01055070 0.02121900 0.01500000
v -0.00961063 0.02175560 0.01500000
v -0.00996275 0.02157050 0.01500000
v -0.01119640 0.02183670 0.01500000
v -0.01119050 0.02185000 0.01500000
v -0.01122010 0.02166590 0.01500000
v -0.01121550 0.02163720 0.01500000
v -0.01121810 0.02165150 0.01500000
v -0.01115720 0.02150530 0.01500000
v -0.01116550 0.02151720 0.01500000
v -0.01357150 0.02348100 0.01500000
v -0.01357680 0.02349450 0.01500000
v -0.01353680 0.02341740 0.01500000
v -0.01355930 0.02345470 0.01500000
v -0.01346730 0.02334360 0.01500000
v -0.01321030 0.02315970 0.01500000
v -0.01317090 0.02314110 0.01500000
v -0.01318430 0.02314670 0.01500000
v -0.01307220 0.02311820 0.01500000
v -0.01302860 0.02311760 0.01500000
v -0.01299970 0.02312020 0.01500000
v -0.01301410 0.02311860 0.01500000
v -0.01297110 0.02312540 0.01500000
v -0.01298530 0.02312250 0.01500000
v -0.01292930 0.02313750 0.01500000
v -0.02996680 0.02878580 0.01500000
v -0.03000690 0.02876880 0.01500000
v -0.02988390 0.02884410 0.01500000
v -0.02989470 0.02883430 0.01500000
v -0.03065450 0.02888770 0.01500000
v -0.03066280 0.02889950 0.01500000
v -0.03063620 0.02886510 0.01500000
v -0.03055860 0.02879990 0.01500000
v -0.03057080 0.02880780 0.01500000
v -0.03054610 0.02879260 0.01500000
v -0.03365130 0.02866660 0.01500000
v -0.03366180 0.02867670 0.01500000
v -0.03364040 0.02865700 0.01500000
v -0.03430820 0.01830560 0.01500000
v -0.03608700 0.02815150 0.01500000
v -0.03610120 0.02814830 0.01500000
v -0.03598130 0.02819850 0.01500000
v -0.03947110 0.02730300 0.01500000
v -0.03951150 0.02731930 0.01500000
v -0.04234330 0.02621250 0.01500000
v -0.04238170 0.02623310 0.01500000
v -0.04228860 0.02619290 0.01500000
v -0.04233000 0.02620670 0.01500000
v -0.04226030 0.02618670 0.01500000
v -0.04227450 0.02618950 0.01500000
v -0.04752890 0.02312540 0.01500000
v -0.04754300 0.02312880 0.01500000
v -0.04744230 0.02311740 0.01500000
v -0.04748590 0.02311860 0.01500000
v -0.05882680 0.00316247 0.01500000
v -0.05885570 0.00287684 0.01500000
v -0.05898310 0.00345727 0.01500000
v -0.05894810 0.00343141 0.01500000
v -0.04898220 0.00081786 0.01500000
v -0.05917430 0.00042809 0.01500000
v -0.05916170 0.00042073 0.01500000
v -0.05666230 -0.01144950 0.01500000
v -0.05686220 -0.01137250 0.01500000
v -0.05684770 -0.01137350 0.01500000
v -0.04407400 -0.01266730 0.01500000
v -0.05171140 -0.01913080 0.01500000
v -0.05170150 -0.01914140 0.01500000
v -0.05179210 -0.01906940 0.01500000
v -0.05177950 -0.01907670 0.01500000
v -0.04230230 -0.01436330 0.01500000
v -0.04931940 -0.02154210 0.01500000
v -0.04931270 -0.02155500 0.01500000
v -0.04764800 -0.02317730 0.01500000
v -0.04763590 -0.02316940 0.01500000
v -0.04790550 -0.02337960 0.01500000
v -0.03742530 -0.01732270 0.01500000
v -0.04175120 -0.02636150 0.01500000
v -0.04174000 -0.02637080 0.01500000
v -0.04182570 -0.02631660 0.01500000
v -0.04234330 -0.02621250 0.01500000
v -0.04233000 -0.02620670 0.01500000
v -0.02677810 -0.02875820 0.01500000
v -0.02677160 -0.02877120 0.01500000
v -0.02693270 -0.02860990 0.01500000
v -0.02701530 -0.02858280 0.01500000
v -0.02700110 -0.02858580 0.01500000
v -0.02704400 -0.02857850 0.01500000
v -0.02702960 -0.02858040 0.01500000
v -0.02711650 -0.02857870 0.01500000
v -0.02740190 -0.02860980 0.01500000
v -0.02741610 -0.02861280 0.01500000
v -0.02405980 -0.02808720 0.01500000
v -0.02413210 -0.02809190 0.01500000
v -0.02449380 -0.02818340 0.01500000
v -0.02468940 -0.02876460 0.01500000
v -0.02282010 -0.02920360 0.01500000
v -0.02376910 -0.02827540 0.01500000
v -0.02380820 -0.02821430 0.01500000
v -0.02378320 -0.02825000 0.01500000
v -0.02384830 -0.02817230 0.01500000
v -0.02383760 -0.02818220 0.01500000
v -0.02388270 -0.02814560 0.01500000
v -0.02390740 -0.02813040 0.01500000
v -0.02400220 -0.02809450 0.01500000
v -0.02398810 -0.02809790 0.01500000
v -0.02165300 -0.02749700 0.01500000
v -0.02164380 -0.02748570 0.01500000
v -0.02171220 -0.02761270 0.01500000
v -0.02170790 -0.02759880 0.01500000
v -0.02172160 -0.02765520 0.01500000
v -0.02171900 -0.02764090 0.01500000
v -0.02087480 -0.02740790 0.01500000
v -0.02086570 -0.02741920 0.01500000
v -0.02090480 -0.02737630 0.01500000
v -0.02112870 -0.02728570 0.01500000
v -0.02111420 -0.02728630 0.01500000
v -0.02115780 -0.02728620 0.01500000
v -0.02114330 -0.02728560 0.01500000
v -0.02117230 -0.02728750 0.01500000
v -0.01834100 -0.02618430 0.01500000
v -0.01832660 -0.02618270 0.01500000
v -0.01842520 -0.02620600 0.01500000
v -0.01841160 -0.02620090 0.01500000
v -0.01886640 -0.02654060 0.01500000
v -0.01877010 -0.02770380 0.01500000
v -0.01879590 -0.02730680 0.01500000
v -0.01606640 -0.02502530 0.01500000
v -0.01615850 -0.02524870 0.01500000
v -0.01615780 -0.02523420 0.01500000
v -0.01615810 -0.02527770 0.01500000
v -0.01615860 -0.02526320 0.01500000
v -0.01615290 -0.02532090 0.01500000
v -0.01615520 -0.02530660 0.01500000
v -0.01549690 -0.02480050 0.01500000
v -0.01559730 -0.02478710 0.01500000
v -0.01565510 -0.02479300 0.01500000
v -0.01564070 -0.02479060 0.01500000
v -0.01571100 -0.02480860 0.01500000
v -0.01569720 -0.02480380 0.01500000
v -0.01199780 -0.02379380 0.01500000
v -0.01259450 -0.02337960 0.01500000
v -0.01158420 -0.02365680 0.01500000
v -0.00947105 -0.02182410 0.01500000
v -0.01024740 -0.02140610 0.01500000
v -0.00884393 -0.02000260 0.01500000
v -0.00811943 -0.01919800 0.01500000
v -0.00842687 -0.01904830 0.01500000
v -0.00848287 -0.01903310 0.01500000
v -0.00846864 -0.01903600 0.01500000
v -0.00852613 -0.01902800 0.01500000
v -0.00865483 -0.01904600 0.01500000
v -0.00864100 -0.01904160 0.01500000
v -0.00868188 -0.01905660 0.01500000
v -0.00866847 -0.01905100 0.01500000
v -0.00872052 -0.01907670 0.01500000
v -0.00875627 -0.01910160 0.01500000
v -0.00874471 -0.01909280 0.01500000
v -0.00903327 -0.01943080 0.01500000
v -0.00645617 -0.01825220 0.01500000
v -0.00667705 -0.01792140 0.01500000
v -0.00544141 -0.01453900 0.01500000
v -0.00542359 -0.01449930 0.01500000
v -0.00546285 -0.01466720 0.01500000
v -0.00357587 -0.01401950 0.01500000
v -0.00461156 -0.01417720 0.01500000
v -0.00429002 -0.01424570 0.01500000
v -0.00491483 -0.01410010 0.01500000
v -0.00520270 -0.01416460 0.01500000
v -0.00519111 -0.01415590 0.01500000
v -0.00522472 -0.01418360 0.01500000
v -0.00521391 -0.01417390 0.01500000
v -0.00524504 -0.01420430 0.01500000
v -0.00523510 -0.01419370 0.01500000
v -0.00357976 -0.01137460 0.01500000
v -0.00406841 -0.01195240 0.01500000
v -0.00395113 -0.01220870 0.01500000
v -0.00396189 -0.01219900 0.01500000
v -0.00281410 -0.00865885 0.01500000
v -0.00290117 -0.00931144 0.01500000
v -0.00290934 -0.00929943 0.01500000
v -0.00198047 -0.01000620 0.01500000
v -0.00229278 -0.00975981 0.01500000
v -0.00134285 -0.00851076 0.01500000
v -0.00222421 -0.00853690 0.01500000
v -0.00263733 -0.00853781 0.01500000
v -0.00267833 -0.00855252 0.01500000
v -0.00274142 -0.00858825 0.01500000
v -0.00272944 -0.00858004 0.01500000
v -0.00280505 -0.00864748 0.01500000
v -0.00197188 -0.00564742 0.01500000
v -0.00196006 -0.00563898 0.01500000
v -0.00146563 -0.00261024 0.01500000
v -0.00142597 -0.00259223 0.01500000
v -0.00149065 -0.00262499 0.01500000
v -0.00147830 -0.00261735 0.01500000
v -0.00154694 -0.00267070 0.01500000
v -0.00153648 -0.00266061 0.01500000
v -0.00156652 -0.00269215 0.01500000
v -0.00155695 -0.00268122 0.01500000
v -0.00157560 -0.00270349 0.01500000
v -0.00163718 -0.00283387 0.01500000
v -0.00163359 -0.00281979 0.01500000
v -0.00164253 -0.00286242 0.01500000
v -0.00167266 -0.00319151 0.01500000
v -0.00167146 -0.00320599 0.01500000
v -0.00166055 -0.00326300 0.01500000
v -0.00166419 -0.00324894 0.01500000
v -0.00165149 -0.00329060 0.01500000
v -0.00165631 -0.00327690 0.01500000
v -0.00137381 -0.00039556 0.01500000
v -0.00140585 -0.00036606 0.01500000
v -0.00136232 -0.00040445 0.01500000
v -0.01151780 0.00081786 0.01500000
v -0.00129980 0.00044117 0.01500000
v -0.00128644 0.00044686 0.01500000
v -0.00138491 0.00038618 0.01500000
v -0.00137381 0.00039556 0.01500000
v -0.00160688 0.00275239 0.01500000
v -0.00152560 0.00265098 0.01500000
v -0.00153648 0.00266061 0.01500000
v -0.00397222 0.01218880 0.01500000
v -0.00254619 0.01147990 0.01500000
v -0.00294315 0.01145410 0.01500000
v -0.00525452 0.01421530 0.01500000
v -0.00526352 0.01422680 0.01500000
v -0.00524504 0.01420430 0.01500000
v -0.00501585 0.01409220 0.01500000
v -0.00497229 0.01409190 0.01500000
v -0.00458262 0.01578740 0.01500000
v -0.00538104 0.01488000 0.01500000
v -0.00537136 0.01489080 0.01500000
v -0.00540719 0.01484520 0.01500000
v -0.00541490 0.01483290 0.01500000
v -0.00544026 0.01478070 0.01500000
v -0.00543476 0.01479410 0.01500000
v -0.00545641 0.01472490 0.01500000
v -0.00545327 0.01473910 0.01500000
v -0.00708064 0.01738590 0.01500000
v -0.00707266 0.01739800 0.01500000
v -0.00713261 0.01719230 0.01500000
v -0.00675545 0.01667320 0.01500000
v -0.00676899 0.01667850 0.01500000
v -0.00674170 0.01666850 0.01500000
v -0.00664165 0.01665250 0.01500000
v -0.00665617 0.01665300 0.01500000
v -0.00659816 0.01665490 0.01500000
v -0.01642600 0.01266730 0.01500000
v -0.00878856 0.01913080 0.01500000
v -0.00879846 0.01914140 0.01500000
v -0.00859853 0.01903190 0.01500000
v -0.01024740 0.02140610 0.01500000
v -0.01120840 0.02160900 0.01500000
v -0.01121230 0.02162300 0.01500000
v -0.01119900 0.02158150 0.01500000
v -0.01120400 0.02159520 0.01500000
v -0.01118060 0.02154210 0.01500000
v -0.01118730 0.02155500 0.01500000
v -0.01117330 0.02152950 0.01500000
v -0.01359700 0.02359380 0.01500000
v -0.01359750 0.02360840 0.01500000
v -0.01356570 0.02346770 0.01500000
v -0.01358150 0.02350830 0.01500000
v -0.01351920 0.02339420 0.01500000
v -0.01352830 0.02340560 0.01500000
v -0.01349980 0.02337260 0.01500000
v -0.01350970 0.02338320 0.01500000
v -0.01319740 0.02315290 0.01500000
v -0.01295700 0.02312880 0.01500000
v -0.01284020 0.02318580 0.01500000
v -0.02017560 0.01581360 0.01500000
v -0.01539280 0.02485100 0.01500000
v -0.01540480 0.02484280 0.01500000
v -0.01537000 0.02486900 0.01500000
v -0.01538120 0.02485980 0.01500000
v -0.01458490 0.02557140 0.01500000
v -0.01489080 0.02531710 0.01500000
v -0.02307470 0.01732270 0.01500000
v -0.01886640 0.02654060 0.01500000
v -0.01886980 0.02655470 0.01500000
v -0.01885770 0.02651290 0.01500000
v -0.01886230 0.02652660 0.01500000
v -0.02480750 0.02963840 0.01500000
v -0.02466740 0.02843790 0.01500000
v -0.02466900 0.02845240 0.01500000
v -0.02861580 0.01867870 0.01500000
v -0.02765780 0.02882400 0.01500000
v -0.02766260 0.02883770 0.01500000
v -0.02758940 0.02871350 0.01500000
v -0.02759900 0.02872440 0.01500000
v -0.02756880 0.02869300 0.01500000
v -0.02757930 0.02870310 0.01500000
v -0.02753480 0.02866580 0.01500000
v -0.02754650 0.02867440 0.01500000
v -0.02751030 0.02865020 0.01500000
v -0.02752270 0.02865770 0.01500000
v -0.02747130 0.02863070 0.01500000
v -0.02748460 0.02863660 0.01500000
v -0.02780260 0.01858960 0.01500000
v -0.02697310 0.02859370 0.01500000
v -0.02698700 0.02858950 0.01500000
v -0.02694590 0.02860390 0.01500000
v -0.02695940 0.02859850 0.01500000
v -0.02691970 0.02861640 0.01500000
v -0.02693270 0.02860990 0.01500000
v -0.02687090 0.02864790 0.01500000
v -0.02688260 0.02863920 0.01500000
v -0.02684870 0.02866660 0.01500000
v -0.02685960 0.02865700 0.01500000
v -0.02676560 0.02878440 0.01500000
v -0.02677160 0.02877120 0.01500000
v -0.03007750 0.02875230 0.01500000
v -0.03009190 0.02875080 0.01500000
v -0.03004880 0.02875710 0.01500000
v -0.03006310 0.02875440 0.01500000
v -0.03002070 0.02876430 0.01500000
v -0.03003470 0.02876040 0.01500000
v -0.02943210 0.01873220 0.01500000
v -0.02979350 0.02899100 0.01500000
v -0.02979800 0.02897720 0.01500000
v -0.03108860 0.03012230 0.01500000
v -0.03070200 0.02897720 0.01500000
v -0.03070650 0.02899100 0.01500000
v -0.03064560 0.02887620 0.01500000
v -0.03067070 0.02891170 0.01500000
v -0.03058270 0.02881610 0.01500000
v -0.03050670 0.02877390 0.01500000
v -0.03045120 0.02875710 0.01500000
v -0.03046530 0.02876040 0.01500000
v -0.03367180 0.02868720 0.01500000
v -0.03289180 0.02873570 0.01500000
v -0.03290100 0.02872440 0.01500000
v -0.03286730 0.02877170 0.01500000
v -0.03287500 0.02875940 0.01500000
v -0.03636790 0.02809190 0.01500000
v -0.03638220 0.02808970 0.01500000
v -0.03607300 0.02815540 0.01500000
v -0.03635360 0.02809460 0.01500000
v -0.03604560 0.02816490 0.01500000
v -0.03605920 0.02815990 0.01500000
v -0.03599360 0.02819070 0.01500000
v -0.03600620 0.02818340 0.01500000
v -0.03952440 0.02732590 0.01500000
v -0.03942900 0.02729190 0.01500000
v -0.03944320 0.02729500 0.01500000
v -0.03940030 0.02728750 0.01500000
v -0.03941470 0.02728940 0.01500000
v -0.04242810 0.02626790 0.01500000
v -0.04243880 0.02627780 0.01500000
v -0.03742530 0.01732270 0.01500000
v -0.04181250 0.02632280 0.01500000
v -0.04182570 0.02631660 0.01500000
v -0.04751470 0.02312250 0.01500000
v -0.04755700 0.02313290 0.01500000
v -0.04750030 0.02312020 0.01500000
v -0.04757270 0.00717531 0.01500000
v -0.05668550 0.01143200 0.01500000
v -0.05669770 0.01142410 0.01500000
v -0.04871510 0.00325590 0.01500000
v -0.05863120 0.00559496 0.01500000
v -0.05864520 0.00559096 0.01500000
v -0.05910160 0.00258310 0.01500000
v -0.05911570 0.00257943 0.01500000
v -0.05882680 0.00317700 0.01500000
v -0.05883040 0.00322041 0.01500000
v -0.05882850 0.00320599 0.01500000
v -0.05899550 0.00346487 0.01500000
v -0.05902120 0.00347845 0.01500000
v -0.05900820 0.00347193 0.01500000
v -0.05909410 0.00036606 0.01500000
v -0.05908430 0.00035534 0.01500000
v -0.05914950 0.00041285 0.01500000
v -0.05913770 0.00040445 0.01500000
v -0.05920020 0.00044117 0.01500000
v -0.05918710 0.00043490 0.01500000
v -0.05922720 0.00045199 0.01500000
v -0.05921360 0.00044686 0.01500000
v -0.04871510 -0.00325590 0.01500000
v -0.05865930 -0.00558756 0.01500000
v -0.05864520 -0.00559096 0.01500000
v -0.05665130 -0.01145900 0.01500000
v -0.05680470 -0.01138020 0.01500000
v -0.05683330 -0.01137510 0.01500000
v -0.05681900 -0.01137730 0.01500000
v -0.05689130 -0.01137230 0.01500000
v -0.05687680 -0.01137210 0.01500000
v -0.05692020 -0.01137460 0.01500000
v -0.05690580 -0.01137320 0.01500000
v -0.05172180 -0.01912060 0.01500000
v -0.05152890 -0.01933320 0.01500000
v -0.05180500 -0.01906270 0.01500000
v -0.05176720 -0.01908450 0.01500000
v -0.04932670 -0.02152950 0.01500000
v -0.04930660 -0.02156810 0.01500000
v -0.04291730 -0.01382400 0.01500000
v -0.04939140 -0.02145150 0.01500000
v -0.04959420 -0.02126930 0.01500000
v -0.04958320 -0.02127890 0.01500000
v -0.04702140 -0.02335280 0.01500000
v -0.04765980 -0.02318580 0.01500000
v -0.04767120 -0.02319480 0.01500000
v -0.04172920 -0.02638050 0.01500000
v -0.04171890 -0.02639070 0.01500000
v -0.04231640 -0.02620150 0.01500000
v -0.04230260 -0.02619690 0.01500000
v -0.03188420 -0.01867870 0.01500000
v -0.03295350 -0.02867440 0.01500000
v -0.03294220 -0.02868350 0.01500000
v -0.03269740 -0.01858960 0.01500000
v -0.03339800 -0.02857750 0.01500000
v -0.03338350 -0.02857870 0.01500000
v -0.02941140 -0.03012230 0.01500000
v -0.02979800 -0.02897720 0.01500000
v -0.02979350 -0.02899100 0.01500000
v -0.02943210 -0.01873220 0.01500000
v -0.03004880 -0.02875710 0.01500000
v -0.03003470 -0.02876040 0.01500000
v -0.02676560 -0.02878440 0.01500000
v -0.02707300 -0.02857680 0.01500000
v -0.02705850 -0.02857730 0.01500000
v -0.02710200 -0.02857750 0.01500000
v -0.02708750 -0.02857680 0.01500000
v -0.02404530 -0.02808810 0.01500000
v -0.02480750 -0.02963840 0.01500000
v -0.02346600 -0.02882420 0.01500000
v -0.02381760 -0.02820320 0.01500000
v -0.02382740 -0.02819250 0.01500000
v -0.02389490 -0.02813770 0.01500000
v -0.02397410 -0.02810180 0.01500000
v -0.02401650 -0.02809180 0.01500000
v -0.02162410 -0.02746440 0.01500000
v -0.02161350 -0.02745450 0.01500000
v -0.02163420 -0.02747490 0.01500000
v -0.02170300 -0.02758510 0.01500000
v -0.02171590 -0.02762670 0.01500000
v -0.02172480 -0.02768410 0.01500000
v -0.02172350 -0.02766960 0.01500000
v -0.01980810 -0.02826700 0.01500000
v -0.02068330 -0.02769120 0.01500000
v -0.02049020 -0.02795720 0.01500000
v -0.02085710 -0.02743100 0.01500000
v -0.02107100 -0.02729190 0.01500000
v -0.02105680 -0.02729500 0.01500000
v -0.02109970 -0.02728750 0.01500000
v -0.02108530 -0.02728940 0.01500000
v -0.02461180 -0.01788220 0.01500000
v -0.02124310 -0.02730270 0.01500000
v -0.02150230 -0.02738720 0.01500000
v -0.02148860 -0.02738250 0.01500000
v -0.02157940 -0.02742740 0.01500000
v -0.02156730 -0.02741930 0.01500000
v -0.01883040 -0.02697990 0.01500000
v -0.01615700 -0.02529220 0.01500000
v -0.01593710 -0.02635210 0.01500000
v -0.01600430 -0.02596000 0.01500000
v -0.01415930 -0.02547830 0.01500000
v -0.01513510 -0.02509710 0.01500000
v -0.01489080 -0.02531710 0.01500000
v -0.01562630 -0.02478880 0.01500000
v -0.01561180 -0.02478760 0.01500000
v -0.01568330 -0.02479960 0.01500000
v -0.01566930 -0.02479600 0.01500000
v -0.02087500 -0.01623800 0.01500000
v -0.01576340 -0.02483350 0.01500000
v -0.01575070 -0.02482640 0.01500000
v -0.01186610 -0.02387650 0.01500000
v -0.00901100 -0.01973800 0.01500000
v -0.00901821 -0.01972540 0.01500000
v -0.00842589 -0.02077900 0.01500000
v -0.00873278 -0.01908450 0.01500000
v -0.00687036 -0.01765550 0.01500000
v -0.00541654 -0.01448660 0.01500000
v -0.00544620 -0.01455280 0.01500000
v -0.00545401 -0.01458070 0.01500000
v -0.00545041 -0.01456670 0.01500000
v -0.00545702 -0.01459490 0.01500000
v -0.00546120 -0.01462370 0.01500000
v -0.00545942 -0.01460930 0.01500000
v -0.00546292 -0.01465270 0.01500000
v -0.00546237 -0.01463820 0.01500000
v -0.00467864 -0.01566510 0.01500000
v -0.00493289 -0.01535920 0.01500000
v -0.00490075 -0.01410370 0.01500000
v -0.00528750 -0.01426310 0.01500000
v -0.00371048 -0.01240880 0.01500000
v -0.00356538 -0.01137670 0.01500000
v -0.00294315 -0.01145410 0.01500000
v -0.00392053 -0.01154960 0.01500000
v -0.00391330 -0.01153700 0.01500000
v -0.00392722 -0.01156250 0.01500000
v -0.00406090 -0.01188030 0.01500000
v -0.00405757 -0.01186620 0.01500000
v -0.00406575 -0.01190900 0.01500000
v -0.00406363 -0.01189460 0.01500000
v -0.00406814 -0.01193790 0.01500000
v -0.00406725 -0.01192340 0.01500000
v -0.00397222 -0.01218880 0.01500000
v -0.00393996 -0.01221800 0.01500000
v -0.00255879 -0.00956665 0.01500000
v -0.00270447 -0.00856519 0.01500000
v -0.00269153 -0.00855858 0.01500000
v -0.00271711 -0.00857235 0.01500000
v -0.00276429 -0.00860616 0.01500000
v -0.00275305 -0.00859696 0.01500000
v -0.00279553 -0.00863651 0.01500000
v -0.00210438 -0.00636729 0.01500000
v -0.00211228 -0.00635509 0.01500000
v -0.00184071 -0.00558756 0.01500000
v -0.00182645 -0.00558476 0.01500000
v -0.00194789 -0.00563105 0.01500000
v -0.00199440 -0.00566577 0.01500000
v -0.00198334 -0.00565635 0.01500000
v -0.00209845 -0.00583703 0.01500000
v -0.00209459 -0.00582303 0.01500000
v -0.00139839 -0.00258310 0.01500000
v -0.00138434 -0.00257943 0.01500000
v -0.00141228 -0.00258737 0.01500000
v -0.00150267 -0.00263316 0.01500000
v -0.00152560 -0.00265098 0.01500000
v -0.00161929 -0.00277865 0.01500000
v -0.00161336 -0.00276539 0.01500000
v -0.00164016 -0.00284809 0.01500000
v -0.00162941 -0.00280588 0.01500000
v -0.00131291 0.00043490 0.01500000
v -0.00127284 0.00045199 0.01500000
v -0.00136232 0.00040445 0.01500000
v -0.00135047 0.00041285 0.01500000
v -0.01166040 0.00244737 0.01500000
v -0.00152893 0.00344915 0.01500000
v -0.00151689 0.00345727 0.01500000
v -0.00161890 0.00335537 0.01500000
v -0.00161077 0.00336741 0.01500000
v -0.00162464 0.00279216 0.01500000
v -0.00162941 0.00280588 0.01500000
v -0.00161336 0.00276539 0.01500000
v -0.00151432 0.00264182 0.01500000
v -0.00154694 0.00267070 0.01500000
v -0.00149065 0.00262499 0.01500000
v -0.00150267 0.00263316 0.01500000
v -0.01178490 0.00325590 0.01500000
v -0.00184071 0.00558756 0.01500000
v -0.00185483 0.00559096 0.01500000
v -0.00396189 0.01219900 0.01500000
v -0.00395113 0.01220870 0.01500000
v -0.00327008 0.01141960 0.01500000
v -0.00322930 0.01333940 0.01500000
v -0.00371048 0.01240880 0.01500000
v -0.00527203 0.01423850 0.01500000
v -0.00491483 0.01410010 0.01500000
v -0.00492905 0.01409710 0.01500000
v -0.00389794 0.01431290 0.01500000
v -0.00429002 0.01424570 0.01500000
v -0.00493289 0.01535920 0.01500000
v -0.00536122 0.01490130 0.01500000
v -0.00467864 0.01566510 0.01500000
v -0.00544519 0.01476700 0.01500000
v -0.00546216 0.01468170 0.01500000
v -0.01401200 0.00937500 0.01500000
v -0.00541654 0.01448660 0.01500000
v -0.00542359 0.01449930 0.01500000
v -0.00706416 0.01740980 0.01500000
v -0.00667066 0.01665400 0.01500000
v -0.00656949 0.01665960 0.01500000
v -0.00658377 0.01665700 0.01500000
v -0.00654132 0.01666670 0.01500000
v -0.00655532 0.01666280 0.01500000
v -0.00897114 0.01933320 0.01500000
v -0.00898068 0.01934420 0.01500000
v -0.00877822 0.01912060 0.01500000
v -0.00873278 0.01908450 0.01500000
v -0.00874471 0.01909280 0.01500000
v -0.00870793 0.01906940 0.01500000
v -0.00872052 0.01907670 0.01500000
v -0.00861282 0.01903450 0.01500000
v -0.00862698 0.01903770 0.01500000
v -0.00903101 0.01969930 0.01500000
v -0.00902489 0.01971250 0.01500000
v -0.00904592 0.01965840 0.01500000
v -0.00904153 0.01967220 0.01500000
v -0.00905290 0.01963020 0.01500000
v -0.00904971 0.01964440 0.01500000
v -0.01066300 0.02119120 0.01500000
v -0.01067750 0.02119040 0.01500000
v -0.01063410 0.02119450 0.01500000
v -0.01064850 0.02119250 0.01500000
v -0.01060560 0.02120030 0.01500000
v -0.01061980 0.02119710 0.01500000
v -0.01059160 0.02120410 0.01500000
v -0.00947105 0.02182410 0.01500000
v -0.01099100 0.02317640 0.01500000
v -0.01105200 0.02213060 0.01500000
v -0.01091820 0.02243080 0.01500000
v -0.01119340 0.02156810 0.01500000
v -0.01758270 0.01382400 0.01500000
v -0.01110860 0.02145150 0.01500000
v -0.01090580 0.02126930 0.01500000
v -0.01091680 0.02127890 0.01500000
v -0.01359650 0.02363740 0.01500000
v -0.01359510 0.02365180 0.01500000
v -0.01359730 0.02362290 0.01500000
v -0.01347860 0.02335280 0.01500000
v -0.01348940 0.02336250 0.01500000
v -0.01294300 0.02313290 0.01500000
v -0.01548300 0.02480480 0.01500000
v -0.01549690 0.02480050 0.01500000
v -0.01541710 0.02483510 0.01500000
v -0.01513510 0.02509710 0.01500000
v -0.02159220 0.01663150 0.01500000
v -0.01602320 0.02498650 0.01500000
v -0.01603470 0.02499550 0.01500000
v -0.01887270 0.02656900 0.01500000
v -0.01887490 0.02658330 0.01500000
v -0.01884030 0.02647290 0.01500000
v -0.01884660 0.02648600 0.01500000
v -0.02232590 0.01699330 0.01500000
v -0.01826850 0.02618290 0.01500000
v -0.01828300 0.02618190 0.01500000
v -0.01814360 0.02621880 0.01500000
v -0.01815670 0.02621250 0.01500000
v -0.02472360 0.02909160 0.01500000
v -0.02466990 0.02846680 0.01500000
v -0.02478090 0.02948520 0.01500000
v -0.02515940 0.02970090 0.01500000
v -0.02466520 0.02842350 0.01500000
v -0.02699410 0.01846510 0.01500000
v -0.02463950 0.02834050 0.01500000
v -0.02464530 0.02835380 0.01500000
v -0.02461100 0.02828990 0.01500000
v -0.02461900 0.02830210 0.01500000
v -0.02766690 0.02885160 0.01500000
v -0.02767060 0.02886570 0.01500000
v -0.02765230 0.02881060 0.01500000
v -0.02761680 0.02874730 0.01500000
v -0.02762500 0.02875940 0.01500000
v -0.02760820 0.02873570 0.01500000
v -0.02755780 0.02868350 0.01500000
v -0.02745780 0.02862540 0.01500000
v -0.02749760 0.02864310 0.01500000
v -0.02700110 0.02858580 0.01500000
v -0.02701530 0.02858280 0.01500000
v -0.02690700 0.02862350 0.01500000
v -0.02689460 0.02863110 0.01500000
v -0.02682820 0.02868720 0.01500000
v -0.02683820 0.02867670 0.01500000
v -0.02680080 0.02872110 0.01500000
v -0.02680950 0.02870940 0.01500000
v -0.02678510 0.02874550 0.01500000
v -0.02679270 0.02873310 0.01500000
v -0.02677810 0.02875820 0.01500000
v -0.03010640 0.02875000 0.01500000
v -0.03012100 0.02874970 0.01500000
v -0.02981510 0.02893710 0.01500000
v -0.02982190 0.02892430 0.01500000
v -0.02980310 0.02896360 0.01500000
v -0.02946930 0.02997800 0.01500000
v -0.02960710 0.02960480 0.01500000
v -0.03089290 0.02960480 0.01500000
v -0.03071050 0.02900490 0.01500000
v -0.03103070 0.02997800 0.01500000
v -0.03144580 0.03011020 0.01500000
v -0.03069690 0.02896360 0.01500000
v -0.03067810 0.02892430 0.01500000
v -0.03047930 0.02876430 0.01500000
v -0.03049310 0.02876880 0.01500000
v -0.03042250 0.02875230 0.01500000
v -0.03043690 0.02875440 0.01500000
v -0.03039360 0.02875000 0.01500000
v -0.03040810 0.02875080 0.01500000
v -0.03369050 0.02870940 0.01500000
v -0.03369920 0.02872110 0.01500000
v -0.03291060 0.02871350 0.01500000
v -0.03288320 0.02874730 0.01500000
v -0.03639670 0.02808810 0.01500000
v -0.03641120 0.02808720 0.01500000
v -0.03601900 0.02817670 0.01500000
v -0.03603220 0.02817050 0.01500000
v -0.03571910 0.02948520 0.01500000
v -0.03577640 0.02909160 0.01500000
v -0.03510290 0.01811110 0.01500000
v -0.03656670 0.02811720 0.01500000
v -0.03657980 0.02812350 0.01500000
v -0.03961570 0.02739690 0.01500000
v -0.03962520 0.02740790 0.01500000
v -0.03953710 0.02733300 0.01500000
v -0.03954940 0.02734070 0.01500000
v -0.03945720 0.02729870 0.01500000
v -0.03937130 0.02728570 0.01500000
v -0.03938580 0.02728630 0.01500000
v -0.03934220 0.02728620 0.01500000
v -0.03935670 0.02728560 0.01500000
v -0.03928480 0.02729480 0.01500000
v -0.03929900 0.02729180 0.01500000
v -0.04244900 0.02628810 0.01500000
v -0.04245870 0.02629890 0.01500000
v -0.04240560 0.02624950 0.01500000
v -0.04241710 0.02625850 0.01500000
v -0.04239380 0.02624110 0.01500000
v -0.04221700 0.02618190 0.01500000
v -0.04223150 0.02618290 0.01500000
v -0.04218790 0.02618190 0.01500000
v -0.04220240 0.02618160 0.01500000
v -0.04214460 0.02618640 0.01500000
v -0.04215900 0.02618430 0.01500000
v -0.04211620 0.02619240 0.01500000
v -0.04213030 0.02618910 0.01500000
v -0.04208840 0.02620090 0.01500000
v -0.04210220 0.02619640 0.01500000
v -0.04206140 0.02621170 0.01500000
v -0.04172920 0.02638050 0.01500000
v -0.04174000 0.02637080 0.01500000
v -0.04758430 0.02314280 0.01500000
v -0.04759760 0.02314860 0.01500000
v -0.04757070 0.02313750 0.01500000
v -0.04742780 0.02311820 0.01500000
v -0.04738470 0.02312440 0.01500000
v -0.04739900 0.02312170 0.01500000
v -0.04735660 0.02313160 0.01500000
v -0.04737060 0.02312770 0.01500000
v -0.05676290 0.01139230 0.01500000
v -0.05677660 0.01138770 0.01500000
v -0.05672290 0.01140970 0.01500000
v -0.05673600 0.01140340 0.01500000
v -0.05671020 0.01141660 0.01500000
v -0.04786920 0.00641288 0.01500000
v -0.05761670 0.00933436 0.01500000
v -0.05760750 0.00932309 0.01500000
v -0.05865930 0.00558756 0.01500000
v -0.05867350 0.00558476 0.01500000
v -0.05860380 0.00560472 0.01500000
v -0.05861740 0.00559955 0.01500000
v -0.05857740 0.00561678 0.01500000
v -0.05859050 0.00561047 0.01500000
v -0.05908770 0.00258737 0.01500000
v -0.05912990 0.00257635 0.01500000
v -0.05906060 0.00259767 0.01500000
v -0.05907400 0.00259223 0.01500000
v -0.05902170 0.00261735 0.01500000
v -0.05903440 0.00261024 0.01500000
v -0.05899730 0.00263316 0.01500000
v -0.05900940 0.00262499 0.01500000
v -0.05893350 0.00269215 0.01500000
v -0.05894300 0.00268122 0.01500000
v -0.05885750 0.00286242 0.01500000
v -0.05882730 0.00319151 0.01500000
v -0.05907500 0.00034422 0.01500000
v -0.05906610 0.00033271 0.01500000
v -0.05924100 0.00045653 0.01500000
v -0.05863120 -0.00559496 0.01500000
v -0.05861740 -0.00559955 0.01500000
v -0.05867350 -0.00558476 0.01500000
v -0.05664070 -0.01146890 0.01500000
v -0.04512540 -0.01141430 0.01500000
v -0.05359360 -0.01678270 0.01500000
v -0.05358480 -0.01679430 0.01500000
v -0.05151930 -0.01934420 0.01500000
v -0.05173260 -0.01911080 0.01500000
v -0.05175530 -0.01909280 0.01500000
v -0.05174370 -0.01910160 0.01500000
v -0.05187300 -0.01903770 0.01500000
v -0.05185900 -0.01904160 0.01500000
v -0.04350830 -0.01325830 0.01500000
v -0.04985150 -0.02119250 0.01500000
v -0.04983700 -0.02119120 0.01500000
v -0.04928080 -0.02175280 0.01500000
v -0.04928310 -0.02176710 0.01500000
v -0.04927750 -0.02170940 0.01500000
v -0.04927800 -0.02172390 0.01500000
v -0.04927990 -0.02166590 0.01500000
v -0.04927850 -0.02168030 0.01500000
v -0.04928450 -0.02163720 0.01500000
v -0.04928190 -0.02165150 0.01500000
v -0.04929160 -0.02160900 0.01500000
v -0.04928770 -0.02162300 0.01500000
v -0.04930100 -0.02158150 0.01500000
v -0.04934280 -0.02150530 0.01500000
v -0.04933450 -0.02151720 0.01500000
v -0.04936080 -0.02148260 0.01500000
v -0.04935160 -0.02149370 0.01500000
v -0.04938080 -0.02146140 0.01500000
v -0.04937060 -0.02147180 0.01500000
v -0.04695520 -0.02342950 0.01500000
v -0.04694770 -0.02344190 0.01500000
v -0.04697170 -0.02340560 0.01500000
v -0.04696320 -0.02341740 0.01500000
v -0.04032440 -0.01581360 0.01500000
v -0.04504410 -0.02481520 0.01500000
v -0.04503070 -0.02480970 0.01500000
v -0.04170900 -0.02640130 0.01500000
v -0.04169950 -0.02641230 0.01500000
v -0.04179960 -0.02632950 0.01500000
v -0.04178700 -0.02633670 0.01500000
v -0.04181250 -0.02632280 0.01500000
v -0.04217340 -0.02618270 0.01500000
v -0.04215900 -0.02618430 0.01500000
v -0.04228860 -0.02619290 0.01500000
v -0.04241710 -0.02625850 0.01500000
v -0.04240560 -0.02624950 0.01500000
v -0.03510290 -0.01811110 0.01500000
v -0.03659260 -0.02813040 0.01500000
v -0.03657980 -0.02812350 0.01500000
v -0.03662910 -0.02815400 0.01500000
v -0.03661730 -0.02814560 0.01500000
v -0.03667260 -0.02819250 0.01500000
v -0.03666240 -0.02818220 0.01500000
v -0.03350590 -0.01846510 0.01500000
v -0.03594670 -0.02822500 0.01500000
v -0.03593600 -0.02823470 0.01500000
v -0.03596940 -0.02820680 0.01500000
v -0.03595790 -0.02821560 0.01500000
v -0.03293120 -0.02869300 0.01500000
v -0.03292070 -0.02870310 0.01500000
v -0.03306980 -0.02861640 0.01500000
v -0.03305590 -0.02862060 0.01500000
v -0.03312680 -0.02860570 0.01500000
v -0.03364040 -0.02865700 0.01500000
v -0.03362910 -0.02864790 0.01500000
v -0.03366180 -0.02867670 0.01500000
v -0.03365130 -0.02866660 0.01500000
v -0.03370730 -0.02873310 0.01500000
v -0.03369920 -0.02872110 0.01500000
v -0.02960710 -0.02960480 0.01500000
v -0.02978950 -0.02900490 0.01500000
v -0.02946930 -0.02997800 0.01500000
v -0.02905420 -0.03011020 0.01500000
v -0.02980310 -0.02896360 0.01500000
v -0.02982930 -0.02891170 0.01500000
v -0.02982190 -0.02892430 0.01500000
v -0.02984550 -0.02888770 0.01500000
v -0.02983720 -0.02889950 0.01500000
v -0.02987370 -0.02885440 0.01500000
v -0.02986380 -0.02886510 0.01500000
v -0.02994140 -0.02879990 0.01500000
v -0.02992920 -0.02880780 0.01500000
v -0.03002070 -0.02876430 0.01500000
v -0.03000690 -0.02876880 0.01500000
v -0.02676020 -0.02879790 0.01500000
v -0.02651610 -0.02937550 0.01500000
v -0.02466900 -0.02845240 0.01500000
v -0.02466740 -0.02843790 0.01500000
v -0.02466990 -0.02846680 0.01500000
v -0.02325360 -0.02916060 0.01500000
v -0.02377590 -0.02826250 0.01500000
v -0.02160250 -0.02744490 0.01500000
v -0.02172880 -0.02875200 0.01500000
v -0.02171300 -0.02835450 0.01500000
v -0.02084900 -0.02744300 0.01500000
v -0.02159120 -0.02743590 0.01500000
v -0.02155490 -0.02741180 0.01500000
v -0.01887330 -0.02668460 0.01500000
v -0.01691060 -0.02702070 0.01500000
v -0.01784120 -0.02653950 0.01500000
v -0.01601150 -0.02497800 0.01500000
v -0.01607280 -0.02563840 0.01500000
v -0.01534870 -0.02488880 0.01500000
v -0.00900325 -0.01975030 0.01500000
v -0.00705517 -0.01742120 0.01500000
v -0.00518743 -0.01673090 0.01500000
v -0.00623393 -0.01677950 0.01500000
v -0.00515293 -0.01511490 0.01500000
v -0.00389794 -0.01431290 0.01500000
v -0.00346611 -0.01262870 0.01500000
v -0.00405363 -0.01185220 0.01500000
v -0.00404911 -0.01183840 0.01500000
v -0.00186113 -0.01010590 0.01500000
v -0.00277513 -0.00861582 0.01500000
v -0.00278555 -0.00862595 0.01500000
v -0.00209597 -0.00637913 0.01500000
v -0.00211964 -0.00634257 0.01500000
v -0.00207768 -0.00640170 0.01500000
v -0.00208706 -0.00639061 0.01500000
v -0.00205753 -0.00642262 0.01500000
v -0.00206783 -0.00641238 0.01500000
v -0.00203567 -0.00644176 0.01500000
v -0.00204681 -0.00643242 0.01500000
v -0.00201227 -0.00645896 0.01500000
v -0.00202415 -0.00645061 0.01500000
v -0.00200004 -0.00646680 0.01500000
v -0.00108940 -0.00699642 0.01500000
v -0.00142576 -0.00678402 0.01500000
v -0.00181209 -0.00558258 0.01500000
v -0.00201527 -0.00568597 0.01500000
v -0.00200505 -0.00567565 0.01500000
v -0.00204317 -0.00571942 0.01500000
v -0.00203435 -0.00570788 0.01500000
v -0.00205930 -0.00574358 0.01500000
v -0.00205149 -0.00573133 0.01500000
v -0.00207331 -0.00576903 0.01500000
v -0.00206658 -0.00575615 0.01500000
v -0.00209014 -0.00580920 0.01500000
v -0.00208510 -0.00579557 0.01500000
v -0.00137014 -0.00257635 0.01500000
v -0.00151432 -0.00264182 0.01500000
v -0.00162464 -0.00279216 0.01500000
v -0.00148568 -0.00022929 0.01500000
v -0.00148959 -0.00021530 0.01500000
v -0.00147609 -0.00025671 0.01500000
v -0.00148118 -0.00024311 0.01500000
v -0.00145741 -0.00029606 0.01500000
v -0.00146420 -0.00028322 0.01500000
v -0.00144224 -0.00032083 0.01500000
v -0.00145009 -0.00030861 0.01500000
v -0.00141567 -0.00035534 0.01500000
v -0.00027200 -0.00078070 0.01500000
v -0.00064516 -0.00064287 0.01500000
v -0.00125904 0.00045653 0.01500000
v -0.00133826 0.00042073 0.01500000
v -0.00132574 0.00042809 0.01500000
v -0.00140585 0.00036606 0.01500000
v -0.00139559 0.00037634 0.01500000
v -0.00142501 0.00034422 0.01500000
v -0.00141567 0.00035534 0.01500000
v -0.00154062 0.00344053 0.01500000
v -0.00150451 0.00346487 0.01500000
v -0.00156285 0.00342182 0.01500000
v -0.00155194 0.00343141 0.01500000
v -0.00160213 0.00337909 0.01500000
v -0.00159300 0.00339039 0.01500000
v -0.00165149 0.00329060 0.01500000
v -0.00164609 0.00330409 0.01500000
v -0.00166055 0.00326300 0.01500000
v -0.00165631 0.00327690 0.01500000
v -0.00164253 0.00286242 0.01500000
v -0.00164430 0.00287684 0.01500000
v -0.00161929 0.00277865 0.01500000
v -0.00163359 0.00281979 0.01500000
v -0.00155695 0.00268122 0.01500000
v -0.00199440 0.00566577 0.01500000
v -0.00200505 0.00567565 0.01500000
v -0.00182645 0.00558476 0.01500000
v -0.00186880 0.00559496 0.01500000
v -0.01213890 0.00485286 0.01500000
v -0.00266488 0.00854704 0.01500000
v -0.00267833 0.00855252 0.01500000
v -0.00262329 0.00853408 0.01500000
v -0.00263733 0.00853781 0.01500000
v -0.00104636 0.00742994 0.01500000
v -0.00258040 0.00852653 0.01500000
v -0.01263080 0.00641288 0.01500000
v -0.00295133 0.00920722 0.01500000
v -0.00294705 0.00922110 0.01500000
v -0.01236780 0.00563823 0.01500000
v -0.00294727 0.00900686 0.01500000
v -0.00286281 0.00874769 0.01500000
v -0.00286753 0.00876143 0.01500000
v -0.00393996 0.01221800 0.01500000
v -0.00356538 0.01137670 0.01500000
v -0.00346611 0.01262870 0.01500000
v -0.00528003 0.01425070 0.01500000
v -0.00461156 0.01417720 0.01500000
v -0.00515293 0.01511490 0.01500000
v -0.00544952 0.01475310 0.01500000
v -0.00545401 0.01458070 0.01500000
v -0.00545702 0.01459490 0.01500000
v -0.00544620 0.01455280 0.01500000
v -0.00545041 0.01456670 0.01500000
v -0.00543009 0.01451230 0.01500000
v -0.00543603 0.01452550 0.01500000
v -0.00528750 0.01426310 0.01500000
v -0.00668509 0.01665570 0.01500000
v -0.00669943 0.01665800 0.01500000
v -0.00652748 0.01667110 0.01500000
v -0.00623393 0.01677950 0.01500000
v -0.00651385 0.01667610 0.01500000
v -0.00899831 0.01936720 0.01500000
v -0.00900637 0.01937930 0.01500000
v -0.00898974 0.01935550 0.01500000
v -0.00875627 0.01910160 0.01500000
v -0.00876745 0.01911080 0.01500000
v -0.00868188 0.01905660 0.01500000
v -0.00869504 0.01906270 0.01500000
v -0.00865483 0.01904600 0.01500000
v -0.00866847 0.01905100 0.01500000
v -0.00864100 0.01904160 0.01500000
v -0.00900325 0.01975030 0.01500000
v -0.00903656 0.01968590 0.01500000
v -0.00901821 0.01972540 0.01500000
v -0.00905956 0.01957250 0.01500000
v -0.00905882 0.01958700 0.01500000
v -0.00905807 0.01952900 0.01500000
v -0.00905919 0.01954350 0.01500000
v -0.00905104 0.01948600 0.01500000
v -0.00905400 0.01950020 0.01500000
v -0.00904333 0.01945800 0.01500000
v -0.00904749 0.01947190 0.01500000
v -0.01069200 0.02119030 0.01500000
v -0.01052460 0.02123180 0.01500000
v -0.01053750 0.02122510 0.01500000
v -0.01049970 0.02124680 0.01500000
v -0.01118410 0.02186300 0.01500000
v -0.01111920 0.02146140 0.01500000
v -0.01112940 0.02147180 0.01500000
v -0.01083250 0.02122260 0.01500000
v -0.01084550 0.02122910 0.01500000
v -0.01080570 0.02121140 0.01500000
v -0.01081920 0.02121670 0.01500000
v -0.01358720 0.02369470 0.01500000
v -0.01358330 0.02370870 0.01500000
v -0.01359300 0.02366620 0.01500000
v -0.01359040 0.02368050 0.01500000
v -0.01359600 0.02357930 0.01500000
v -0.01358910 0.02353630 0.01500000
v -0.01359200 0.02355060 0.01500000
v -0.01199780 0.02379380 0.01500000
v -0.01232860 0.02357290 0.01500000
v -0.01552510 0.02479360 0.01500000
v -0.01553940 0.02479110 0.01500000
v -0.01551090 0.02479670 0.01500000
v -0.01542980 0.02482790 0.01500000
v -0.01535920 0.02487860 0.01500000
v -0.01446260 0.02566740 0.01500000
v -0.01604570 0.02500500 0.01500000
v -0.01605630 0.02501490 0.01500000
v -0.01887650 0.02659770 0.01500000
v -0.01887750 0.02661220 0.01500000
v -0.01885240 0.02649930 0.01500000
v -0.01882590 0.02644770 0.01500000
v -0.01883340 0.02646020 0.01500000
v -0.01880050 0.02641230 0.01500000
v -0.01880950 0.02642380 0.01500000
v -0.01878110 0.02639070 0.01500000
v -0.01879100 0.02640130 0.01500000
v -0.01876000 0.02637080 0.01500000
v -0.01877080 0.02638050 0.01500000
v -0.01873720 0.02635270 0.01500000
v -0.01874880 0.02636150 0.01500000
v -0.01871300 0.02633670 0.01500000
v -0.01872530 0.02634450 0.01500000
v -0.01868750 0.02632280 0.01500000
v -0.01870040 0.02632950 0.01500000
v -0.01842520 0.02620600 0.01500000
v -0.01843860 0.02621170 0.01500000
v -0.01835540 0.02618640 0.01500000
v -0.01836970 0.02618910 0.01500000
v -0.01832660 0.02618270 0.01500000
v -0.01834100 0.02618430 0.01500000
v -0.01829760 0.02618160 0.01500000
v -0.01831210 0.02618190 0.01500000
v -0.01825410 0.02618450 0.01500000
v -0.01822550 0.02618950 0.01500000
v -0.01823970 0.02618670 0.01500000
v -0.01818360 0.02620150 0.01500000
v -0.01819740 0.02619690 0.01500000
v -0.01817000 0.02620670 0.01500000
v -0.02468940 0.02876460 0.01500000
v -0.02466240 0.02840930 0.01500000
v -0.02463320 0.02832740 0.01500000
v -0.02465040 0.02836740 0.01500000
v -0.02462640 0.02831460 0.01500000
v -0.02767360 0.02887990 0.01500000
v -0.02763980 0.02878440 0.01500000
v -0.02764630 0.02879730 0.01500000
v -0.02763270 0.02877170 0.01500000
v -0.02743020 0.02861640 0.01500000
v -0.02744410 0.02862060 0.01500000
v -0.02740190 0.02860980 0.01500000
v -0.02741610 0.02861280 0.01500000
v -0.02710200 0.02857750 0.01500000
v -0.02711650 0.02857870 0.01500000
v -0.02707300 0.02857680 0.01500000
v -0.02708750 0.02857680 0.01500000
v -0.02704400 0.02857850 0.01500000
v -0.02705850 0.02857730 0.01500000
v -0.02702960 0.02858040 0.01500000
v -0.02681860 0.02869810 0.01500000
v -0.02980880 0.02895020 0.01500000
v -0.02970860 0.02929220 0.01500000
v -0.03079140 0.02929220 0.01500000
v -0.03069120 0.02895020 0.01500000
v -0.03068490 0.02893710 0.01500000
v -0.03037900 0.02874970 0.01500000
v -0.03371490 0.02874550 0.01500000
v -0.03372190 0.02875820 0.01500000
v -0.03370730 0.02873310 0.01500000
v -0.03368140 0.02869810 0.01500000
v -0.03188420 0.01867870 0.01500000
v -0.03285370 0.02879730 0.01500000
v -0.03286020 0.02878440 0.01500000
v -0.03282940 0.02886570 0.01500000
v -0.03283310 0.02885160 0.01500000
v -0.03277350 0.02918830 0.01500000
v -0.03282390 0.02889420 0.01500000
v -0.03642570 0.02808690 0.01500000
v -0.03644020 0.02808720 0.01500000
v -0.03588900 0.02828990 0.01500000
v -0.03589740 0.02827810 0.01500000
v -0.03586680 0.02832740 0.01500000
v -0.03587360 0.02831460 0.01500000
v -0.03581060 0.02876460 0.01500000
v -0.03669180 0.02821430 0.01500000
v -0.03670060 0.02822580 0.01500000
v -0.03667260 0.02819250 0.01500000
v -0.03668240 0.02820320 0.01500000
v -0.03660510 0.02813770 0.01500000
v -0.03661730 0.02814560 0.01500000
v -0.03659260 0.02813040 0.01500000
v -0.03960570 0.02738640 0.01500000
v -0.03963430 0.02741920 0.01500000
v -0.03956140 0.02734880 0.01500000
v -0.03957310 0.02735750 0.01500000
v -0.03931330 0.02728930 0.01500000
v -0.03932770 0.02728750 0.01500000
v -0.03588820 0.01788220 0.01500000
v -0.03925690 0.02730270 0.01500000
v -0.03899770 0.02738720 0.01500000
v -0.03901140 0.02738250 0.01500000
v -0.04224590 0.02618450 0.01500000
v -0.04217340 0.02618270 0.01500000
v -0.04178700 0.02633670 0.01500000
v -0.04179960 0.02632950 0.01500000
v -0.04175120 0.02636150 0.01500000
v -0.04176280 0.02635270 0.01500000
v -0.04172990 0.02770380 0.01500000
v -0.04170410 0.02730680 0.01500000
v -0.03890780 0.01663150 0.01500000
v -0.04434300 0.02529220 0.01500000
v -0.04434190 0.02527770 0.01500000
v -0.04456290 0.02635210 0.01500000
v -0.04449570 0.02596000 0.01500000
v -0.04032440 0.01581360 0.01500000
v -0.04476230 0.02481990 0.01500000
v -0.04477550 0.02481400 0.01500000
v -0.04761060 0.02315500 0.01500000
v -0.04741340 0.02311970 0.01500000
v -0.04725300 0.02318320 0.01500000
v -0.04726490 0.02317480 0.01500000
v -0.05674930 0.01139760 0.01500000
v -0.05679060 0.01138360 0.01500000
v -0.05665130 0.01145900 0.01500000
v -0.05666230 0.01144950 0.01500000
v -0.05762630 0.00934522 0.01500000
v -0.05759880 0.00931144 0.01500000
v -0.05764690 0.00936568 0.01500000
v -0.05763640 0.00935567 0.01500000
v -0.05766920 0.00938430 0.01500000
v -0.05765790 0.00937523 0.01500000
v -0.05868790 0.00558258 0.01500000
v -0.05855210 0.00563105 0.01500000
v -0.05856460 0.00562365 0.01500000
v -0.05851670 0.00565635 0.01500000
v -0.05852810 0.00564742 0.01500000
v -0.05904730 0.00260367 0.01500000
v -0.05897440 0.00265098 0.01500000
v -0.05898570 0.00264182 0.01500000
v -0.05892440 0.00270349 0.01500000
v -0.05895310 0.00267070 0.01500000
v -0.05890770 0.00272727 0.01500000
v -0.05891580 0.00271520 0.01500000
v -0.05887540 0.00279216 0.01500000
v -0.05888070 0.00277865 0.01500000
v -0.05883580 0.00324894 0.01500000
v -0.05883280 0.00323473 0.01500000
v -0.05884850 0.00329060 0.01500000
v -0.05884370 0.00327690 0.01500000
v -0.05885990 0.00331733 0.01500000
v -0.05885390 0.00330409 0.01500000
v -0.05892670 0.00341177 0.01500000
v -0.05891660 0.00340129 0.01500000
v -0.05903440 0.00348441 0.01500000
v -0.05910440 0.00037634 0.01500000
v -0.05912620 0.00039556 0.01500000
v -0.04883960 -0.00244737 0.01500000
v -0.05885570 -0.00287684 0.01500000
v -0.05882870 -0.00313349 0.01500000
v -0.04892870 -0.00163417 0.01500000
v -0.05907400 -0.00259223 0.01500000
v -0.05906060 -0.00259767 0.01500000
v -0.05910160 -0.00258310 0.01500000
v -0.05908770 -0.00258737 0.01500000
v -0.05860380 -0.00560472 0.01500000
v -0.05859050 -0.00561047 0.01500000
v -0.05868790 -0.00558258 0.01500000
v -0.04786920 -0.00641288 0.01500000
v -0.05758300 -0.00928709 0.01500000
v -0.05759070 -0.00929943 0.01500000
v -0.05795380 -0.01147990 0.01500000
v -0.05755680 -0.01145410 0.01500000
v -0.05336760 -0.01722140 0.01500000
v -0.05336860 -0.01723590 0.01500000
v -0.05360280 -0.01677140 0.01500000
v -0.05343320 -0.01700300 0.01500000
v -0.05151030 -0.01935550 0.01500000
v -0.05183150 -0.01905100 0.01500000
v -0.05181810 -0.01905660 0.01500000
v -0.05184520 -0.01904600 0.01500000
v -0.04986590 -0.02119450 0.01500000
v -0.04982250 -0.02119040 0.01500000
v -0.04989440 -0.02120030 0.01500000
v -0.04988020 -0.02119710 0.01500000
v -0.05182610 -0.02103630 0.01500000
v -0.04996250 -0.02122510 0.01500000
v -0.04994930 -0.02121900 0.01500000
v -0.04928600 -0.02178140 0.01500000
v -0.04928950 -0.02179550 0.01500000
v -0.04927910 -0.02173840 0.01500000
v -0.04927770 -0.02169480 0.01500000
v -0.04929600 -0.02159520 0.01500000
v -0.04692110 -0.02372250 0.01500000
v -0.04692610 -0.02373610 0.01500000
v -0.04692850 -0.02348100 0.01500000
v -0.04692320 -0.02349450 0.01500000
v -0.04694070 -0.02345470 0.01500000
v -0.04699030 -0.02338320 0.01500000
v -0.04698080 -0.02339420 0.01500000
v -0.04701060 -0.02336250 0.01500000
v -0.04501700 -0.02480480 0.01500000
v -0.04500310 -0.02480050 0.01500000
v -0.04169050 -0.02642380 0.01500000
v -0.04177470 -0.02634450 0.01500000
v -0.04176280 -0.02635270 0.01500000
v -0.04211620 -0.02619240 0.01500000
v -0.04210220 -0.02619640 0.01500000
v -0.04218790 -0.02618190 0.01500000
v -0.04214460 -0.02618640 0.01500000
v -0.04226030 -0.02618670 0.01500000
v -0.04224590 -0.02618450 0.01500000
v -0.04227450 -0.02618950 0.01500000
v -0.04242810 -0.02626790 0.01500000
v -0.04239380 -0.02624110 0.01500000
v -0.03656670 -0.02811720 0.01500000
v -0.03655330 -0.02811150 0.01500000
v -0.03664060 -0.02816290 0.01500000
v -0.03660510 -0.02813770 0.01500000
v -0.03665170 -0.02817230 0.01500000
v -0.03585470 -0.02835380 0.01500000
v -0.03584960 -0.02836740 0.01500000
v -0.03590640 -0.02826670 0.01500000
v -0.03589740 -0.02827810 0.01500000
v -0.03592560 -0.02824490 0.01500000
v -0.03430820 -0.01830560 0.01500000
v -0.03610120 -0.02814830 0.01500000
v -0.03636790 -0.02809190 0.01500000
v -0.03635360 -0.02809460 0.01500000
v -0.03296520 -0.02866580 0.01500000
v -0.03302870 -0.02863070 0.01500000
v -0.03301540 -0.02863660 0.01500000
v -0.03308390 -0.02861280 0.01500000
v -0.03304220 -0.02862540 0.01500000
v -0.03355410 -0.02860390 0.01500000
v -0.03354060 -0.02859850 0.01500000
v -0.03361740 -0.02863920 0.01500000
v -0.03360540 -0.02863110 0.01500000
v -0.03367180 -0.02868720 0.01500000
v -0.03369050 -0.02870940 0.01500000
v -0.03368140 -0.02869810 0.01500000
v -0.02970860 -0.02929220 0.01500000
v -0.02980880 -0.02895020 0.01500000
v -0.02981510 -0.02893710 0.01500000
v -0.02985440 -0.02887620 0.01500000
v -0.02988390 -0.02884410 0.01500000
v -0.02990580 -0.02882500 0.01500000
v -0.02989470 -0.02883430 0.01500000
v -0.02991730 -0.02881610 0.01500000
v -0.02999330 -0.02877390 0.01500000
v -0.02997990 -0.02877960 0.01500000
v -0.03007750 -0.02875230 0.01500000
v -0.03006310 -0.02875440 0.01500000
v -0.03010640 -0.02875000 0.01500000
v -0.03009190 -0.02875080 0.01500000
v -0.02171310 -0.02802580 0.01500000
v -0.02024380 -0.02826950 0.01500000
v -0.02154210 -0.02740480 0.01500000
v -0.02152910 -0.02739840 0.01500000
v -0.01762130 -0.02678390 0.01500000
v -0.01614990 -0.02533520 0.01500000
v -0.01591510 -0.02650600 0.01500000
v -0.01458490 -0.02557140 0.01500000
v -0.01336880 -0.02432870 0.01500000
v -0.00651385 -0.01667610 0.01500000
v -0.00592131 -0.01688120 0.01500000
v -0.00458262 -0.01578740 0.01500000
v -0.00318127 -0.01290640 0.01500000
v -0.00254619 -0.01147990 0.01500000
v -0.00327008 -0.01141960 0.01500000
v -0.00280696 -0.00940096 0.01500000
v -0.00212647 -0.00632975 0.01500000
v -0.00171050 -0.00661973 0.01500000
v -0.00054912 -0.00509060 0.01500000
v -0.00148539 -0.00556064 0.01500000
v -0.00115844 -0.00552637 0.01500000
v -0.00202505 -0.00569672 0.01500000
v -0.00207949 -0.00578217 0.01500000
v -0.01194440 -0.00405824 0.01500000
v -0.00210171 -0.00585119 0.01500000
v -0.00215815 -0.00611787 0.01500000
v -0.00215537 -0.00610361 0.01500000
v -0.00216039 -0.00621917 0.01500000
v -0.00216192 -0.00620472 0.01500000
v -0.00051783 -0.00390998 0.01500000
v -0.00087454 -0.00373390 0.01500000
v -0.00149290 -0.00020116 0.01500000
v -0.00149561 -0.00018688 0.01500000
v -0.00147042 -0.00027009 0.01500000
v -0.00142501 -0.00034422 0.01500000
v -0.00143387 -0.00033271 0.01500000
v -0.00095784 -0.00054137 0.01500000
v -0.00143387 0.00033271 0.01500000
v -0.00145009 0.00030861 0.01500000
v -0.00144224 0.00032083 0.01500000
v -0.00148959 0.00021530 0.01500000
v -0.00148568 0.00022929 0.01500000
v -0.00149561 0.00018688 0.01500000
v -0.00149290 0.00020116 0.01500000
v -0.00149918 0.00015806 0.01500000
v -0.00149770 0.00017251 0.01500000
v -0.00158340 0.00340129 0.01500000
v -0.00164012 0.00331733 0.01500000
v -0.00167324 0.00317700 0.01500000
v -0.00167266 0.00319151 0.01500000
v -0.00167255 0.00314796 0.01500000
v -0.00167320 0.00316247 0.01500000
v -0.00167127 0.00313349 0.01500000
v -0.00164016 0.00284809 0.01500000
v -0.00163718 0.00283387 0.01500000
v -0.00156652 0.00269215 0.01500000
v -0.00201527 0.00568597 0.01500000
v -0.00202505 0.00569672 0.01500000
v -0.00198334 0.00565635 0.01500000
v -0.00188258 0.00559955 0.01500000
v -0.00189616 0.00560472 0.01500000
v -0.00181209 0.00558258 0.01500000
v -0.00271711 0.00857235 0.01500000
v -0.00272944 0.00858004 0.01500000
v -0.00269153 0.00855858 0.01500000
v -0.00270447 0.00856519 0.01500000
v -0.00265120 0.00854213 0.01500000
v -0.00260910 0.00853095 0.01500000
v -0.00259480 0.00852844 0.01500000
v -0.00253689 0.00852452 0.01500000
v -0.00255141 0.00852457 0.01500000
v -0.00285305 0.00936568 0.01500000
v -0.00284210 0.00937523 0.01500000
v -0.00292413 0.00927443 0.01500000
v -0.00291700 0.00928709 0.01500000
v -0.00294218 0.00923479 0.01500000
v -0.00293673 0.00924825 0.01500000
v -0.00295502 0.00919317 0.01500000
v -0.00296254 0.00907775 0.01500000
v -0.00296376 0.00909222 0.01500000
v -0.00295825 0.00904902 0.01500000
v -0.00296070 0.00906333 0.01500000
v -0.00374402 0.01433490 0.01500000
v -0.00318127 0.01290640 0.01500000
v -0.00546292 0.01465270 0.01500000
v -0.00546285 0.01466720 0.01500000
v -0.00546120 0.01462370 0.01500000
v -0.00546237 0.01463820 0.01500000
v -0.00545942 0.01460930 0.01500000
v -0.00544141 0.01453900 0.01500000
v -0.00705517 0.01742120 0.01500000
v -0.00667705 0.01792140 0.01500000
v -0.00901391 0.01939170 0.01500000
v -0.00902092 0.01940450 0.01500000
v -0.00744961 0.01947900 0.01500000
v -0.00781915 0.01933180 0.01500000
v -0.00867948 0.02028730 0.01500000
v -0.00905746 0.01960150 0.01500000
v -0.00905549 0.01961590 0.01500000
v -0.00905968 0.01955800 0.01500000
v -0.00905634 0.01951460 0.01500000
v -0.01074980 0.02119600 0.01500000
v -0.01076400 0.02119900 0.01500000
v -0.01073540 0.02119370 0.01500000
v -0.01070650 0.02119080 0.01500000
v -0.01072100 0.02119190 0.01500000
v -0.01051200 0.02123900 0.01500000
v -0.01077100 0.02280040 0.01500000
v -0.01087070 0.02124360 0.01500000
v -0.01088280 0.02125170 0.01500000
v -0.01085830 0.02123610 0.01500000
v -0.01357890 0.02372250 0.01500000
v -0.01359430 0.02356490 0.01500000
v -0.01358560 0.02352220 0.01500000
v -0.01259450 0.02337960 0.01500000
v -0.01565510 0.02479300 0.01500000
v -0.01566930 0.02479600 0.01500000
v -0.01555380 0.02478910 0.01500000
v -0.01556830 0.02478780 0.01500000
v -0.01545590 0.02481520 0.01500000
v -0.01546930 0.02480970 0.01500000
v -0.01544270 0.02482130 0.01500000
v -0.01534870 0.02488880 0.01500000
v -0.01615640 0.02521970 0.01500000
v -0.01615780 0.02523420 0.01500000
v -0.01610240 0.02507080 0.01500000
v -0.01611010 0.02508310 0.01500000
v -0.01608540 0.02504730 0.01500000
v -0.01609410 0.02505890 0.01500000
v -0.01606640 0.02502530 0.01500000
v -0.01607610 0.02503610 0.01500000
v -0.02087500 0.01623800 0.01500000
v -0.01598690 0.02496250 0.01500000
v -0.01599930 0.02497000 0.01500000
v -0.01887790 0.02662680 0.01500000
v -0.01881800 0.02643550 0.01500000
v -0.01867430 0.02631660 0.01500000
v -0.01838380 0.02619240 0.01500000
v -0.01839780 0.02619640 0.01500000
v -0.01821140 0.02619290 0.01500000
v -0.01809440 0.02624950 0.01500000
v -0.01810620 0.02624110 0.01500000
v -0.01807190 0.02626790 0.01500000
v -0.01808290 0.02625850 0.01500000
v -0.01805100 0.02628810 0.01500000
v -0.01806120 0.02627780 0.01500000
v -0.02539710 0.01811110 0.01500000
v -0.02390740 0.02813040 0.01500000
v -0.02392020 0.02812350 0.01500000
v -0.02382740 0.02819250 0.01500000
v -0.02383760 0.02818220 0.01500000
v -0.02379940 0.02822580 0.01500000
v -0.02380820 0.02821430 0.01500000
v -0.02378320 0.02825000 0.01500000
v -0.02379100 0.02823770 0.01500000
v -0.02465900 0.02839520 0.01500000
v -0.02465500 0.02838120 0.01500000
v -0.02459360 0.02826670 0.01500000
v -0.02460260 0.02827810 0.01500000
v -0.02619180 0.01830560 0.01500000
v -0.02439880 0.02814830 0.01500000
v -0.02413210 0.02809190 0.01500000
v -0.02414640 0.02809460 0.01500000
v -0.02737320 0.02860570 0.01500000
v -0.02634000 0.02973220 0.01500000
v -0.02651610 0.02937550 0.01500000
v -0.02941140 0.03012230 0.01500000
v -0.03372840 0.02877120 0.01500000
v -0.03373440 0.02878440 0.01500000
v -0.03283740 0.02883770 0.01500000
v -0.03284220 0.02882400 0.01500000
v -0.03282640 0.02887990 0.01500000
v -0.03645470 0.02808810 0.01500000
v -0.03591580 0.02825560 0.01500000
v -0.03592560 0.02824490 0.01500000
v -0.03588100 0.02830210 0.01500000
v -0.03590640 0.02826670 0.01500000
v -0.03586050 0.02834050 0.01500000
v -0.03583480 0.02842350 0.01500000
v -0.03583760 0.02840930 0.01500000
v -0.03583100 0.02845240 0.01500000
v -0.03583260 0.02843790 0.01500000
v -0.03569250 0.02963840 0.01500000
v -0.03670900 0.02823770 0.01500000
v -0.03665170 0.02817230 0.01500000
v -0.03666240 0.02818220 0.01500000
v -0.03662910 0.02815400 0.01500000
v -0.03664060 0.02816290 0.01500000
v -0.03767990 0.02920360 0.01500000
v -0.03877520 0.02768410 0.01500000
v -0.03877650 0.02766960 0.01500000
v -0.03877120 0.02875200 0.01500000
v -0.03878700 0.02835450 0.01500000
v -0.04069190 0.02826700 0.01500000
v -0.03981670 0.02769120 0.01500000
v -0.04000980 0.02795720 0.01500000
v -0.03964290 0.02743100 0.01500000
v -0.03958440 0.02736670 0.01500000
v -0.04207480 0.02620600 0.01500000
v -0.04177470 0.02634450 0.01500000
v -0.04170900 0.02640130 0.01500000
v -0.04171890 0.02639070 0.01500000
v -0.04169050 0.02642380 0.01500000
v -0.04169950 0.02641230 0.01500000
v -0.04164230 0.02651290 0.01500000
v -0.04164760 0.02649930 0.01500000
v -0.04162210 0.02662680 0.01500000
v -0.04162250 0.02661220 0.01500000
v -0.04166960 0.02697990 0.01500000
v -0.03962500 0.01623800 0.01500000
v -0.04446530 0.02499550 0.01500000
v -0.04447680 0.02498650 0.01500000
v -0.04443360 0.02502530 0.01500000
v -0.04444370 0.02501490 0.01500000
v -0.04441460 0.02504730 0.01500000
v -0.04442390 0.02503610 0.01500000
v -0.04438990 0.02508310 0.01500000
v -0.04439760 0.02507080 0.01500000
v -0.04434220 0.02523420 0.01500000
v -0.04434360 0.02521970 0.01500000
v -0.04434480 0.02530660 0.01500000
v -0.04434140 0.02526320 0.01500000
v -0.04442720 0.02563840 0.01500000
v -0.04501700 0.02480480 0.01500000
v -0.04503070 0.02480970 0.01500000
v -0.04478900 0.02480860 0.01500000
v -0.04480280 0.02480380 0.01500000
v -0.04727720 0.02316700 0.01500000
v -0.04728970 0.02315970 0.01500000
v -0.04230230 0.01436330 0.01500000
v -0.04972900 0.02280040 0.01500000
v -0.04958180 0.02243080 0.01500000
v -0.04461330 0.01205230 0.01500000
v -0.05179210 0.01906940 0.01500000
v -0.05180500 0.01906270 0.01500000
v -0.04688150 0.00865779 0.01500000
v -0.05533310 0.01413990 0.01500000
v -0.05534580 0.01413270 0.01500000
v -0.05683330 0.01137510 0.01500000
v -0.05684770 0.01137350 0.01500000
v -0.05680470 0.01138020 0.01500000
v -0.05667380 0.01144050 0.01500000
v -0.05662080 0.01149000 0.01500000
v -0.05663050 0.01147920 0.01500000
v -0.05660270 0.01151280 0.01500000
v -0.05661150 0.01150120 0.01500000
v -0.05756930 0.00926147 0.01500000
v -0.05756330 0.00924825 0.01500000
v -0.05758300 0.00928709 0.01500000
v -0.05757590 0.00927443 0.01500000
v -0.05759070 0.00929943 0.01500000
v -0.05768100 0.00939288 0.01500000
v -0.05851950 0.01000620 0.01500000
v -0.05820720 0.00975981 0.01500000
v -0.04836110 0.00485286 0.01500000
v -0.05783510 0.00854704 0.01500000
v -0.05784880 0.00854213 0.01500000
v -0.05780850 0.00855858 0.01500000
v -0.05782170 0.00855252 0.01500000
v -0.05841290 0.00639061 0.01500000
v -0.05840400 0.00637913 0.01500000
v -0.05844250 0.00642262 0.01500000
v -0.05843220 0.00641238 0.01500000
v -0.05847580 0.00645061 0.01500000
v -0.05846430 0.00644176 0.01500000
v -0.05850000 0.00646680 0.01500000
v -0.05848770 0.00645896 0.01500000
v -0.05870240 0.00558101 0.01500000
v -0.05853990 0.00563898 0.01500000
v -0.05849490 0.00567565 0.01500000
v -0.05850560 0.00566577 0.01500000
v -0.05845680 0.00571942 0.01500000
v -0.05846560 0.00570788 0.01500000
v -0.05896350 0.00266061 0.01500000
v -0.05888660 0.00276539 0.01500000
v -0.05889310 0.00275239 0.01500000
v -0.05885980 0.00284809 0.01500000
v -0.05886280 0.00283387 0.01500000
v -0.05883950 0.00326300 0.01500000
v -0.05893720 0.00342182 0.01500000
v -0.05890700 0.00339039 0.01500000
v -0.05998220 0.00390998 0.01500000
v -0.05962550 0.00373390 0.01500000
v -0.05911510 0.00038618 0.01500000
v -0.06022800 0.00078070 0.01500000
v -0.05985480 0.00064287 0.01500000
v -0.04898220 -0.00081786 0.01500000
v -0.05911510 -0.00038618 0.01500000
v -0.05912620 -0.00039556 0.01500000
v -0.05882730 -0.00319151 0.01500000
v -0.05882850 -0.00320599 0.01500000
v -0.05882750 -0.00314796 0.01500000
v -0.05895310 -0.00267070 0.01500000
v -0.05894300 -0.00268122 0.01500000
v -0.05904730 -0.00260367 0.01500000
v -0.05912990 -0.00257635 0.01500000
v -0.05911570 -0.00257943 0.01500000
v -0.05851670 -0.00565635 0.01500000
v -0.05850560 -0.00566577 0.01500000
v -0.05856460 -0.00562365 0.01500000
v -0.05855210 -0.00563105 0.01500000
v -0.05757590 -0.00927443 0.01500000
v -0.05759880 -0.00931144 0.01500000
v -0.04724330 -0.00792409 0.01500000
v -0.05657280 -0.01156250 0.01500000
v -0.05656660 -0.01157570 0.01500000
v -0.05663050 -0.01147920 0.01500000
v -0.05662080 -0.01149000 0.01500000
v -0.05722990 -0.01141960 0.01500000
v -0.04606360 -0.01007440 0.01500000
v -0.05510100 -0.01485720 0.01500000
v -0.05510980 -0.01486880 0.01500000
v -0.05337020 -0.01725030 0.01500000
v -0.05337250 -0.01726470 0.01500000
v -0.05342480 -0.01701490 0.01500000
v -0.04560910 -0.01075460 0.01500000
v -0.05362260 -0.01675020 0.01500000
v -0.05361250 -0.01676060 0.01500000
v -0.05371770 -0.01668430 0.01500000
v -0.05370470 -0.01669070 0.01500000
v -0.05395870 -0.01666670 0.01500000
v -0.05394470 -0.01666280 0.01500000
v -0.05150170 -0.01936720 0.01500000
v -0.05149360 -0.01937930 0.01500000
v -0.04972190 -0.02120250 0.01500000
v -0.04970800 -0.02120670 0.01500000
v -0.04975020 -0.02119600 0.01500000
v -0.04973600 -0.02119900 0.01500000
v -0.04977900 -0.02119190 0.01500000
v -0.04976460 -0.02119370 0.01500000
v -0.04993590 -0.02121340 0.01500000
v -0.04950900 -0.02317640 0.01500000
v -0.04944800 -0.02213060 0.01500000
v -0.04958180 -0.02243080 0.01500000
v -0.04929360 -0.02180940 0.01500000
v -0.04691670 -0.02370870 0.01500000
v -0.04702950 -0.02401610 0.01500000
v -0.04690700 -0.02366620 0.01500000
v -0.04690960 -0.02368050 0.01500000
v -0.04690350 -0.02363740 0.01500000
v -0.04690490 -0.02365180 0.01500000
v -0.04690250 -0.02360840 0.01500000
v -0.04690270 -0.02362290 0.01500000
v -0.04690400 -0.02357930 0.01500000
v -0.04690300 -0.02359380 0.01500000
v -0.04693430 -0.02346770 0.01500000
v -0.04691850 -0.02350830 0.01500000
v -0.04700020 -0.02337260 0.01500000
v -0.04490270 -0.02478710 0.01500000
v -0.04488820 -0.02478760 0.01500000
v -0.04498910 -0.02479670 0.01500000
v -0.04164230 -0.02651290 0.01500000
v -0.04163770 -0.02652660 0.01500000
v -0.04165340 -0.02648600 0.01500000
v -0.04164760 -0.02649930 0.01500000
v -0.04213030 -0.02618910 0.01500000
v -0.04208840 -0.02620090 0.01500000
v -0.04223150 -0.02618290 0.01500000
v -0.04221700 -0.02618190 0.01500000
v -0.04243880 -0.02627780 0.01500000
v -0.04245870 -0.02629890 0.01500000
v -0.04244900 -0.02628810 0.01500000
v -0.03666290 -0.01761920 0.01500000
v -0.03957310 -0.02735750 0.01500000
v -0.03956140 -0.02734880 0.01500000
v -0.03879700 -0.02758510 0.01500000
v -0.03879210 -0.02759880 0.01500000
v -0.03652590 -0.02810180 0.01500000
v -0.03651190 -0.02809790 0.01500000
v -0.03669180 -0.02821430 0.01500000
v -0.03668240 -0.02820320 0.01500000
v -0.03841730 -0.02900610 0.01500000
v -0.03670060 -0.02822580 0.01500000
v -0.03584500 -0.02838120 0.01500000
v -0.03584100 -0.02839520 0.01500000
v -0.03586050 -0.02834050 0.01500000
v -0.03591580 -0.02825560 0.01500000
v -0.03588900 -0.02828990 0.01500000
v -0.03601900 -0.02817670 0.01500000
v -0.03600620 -0.02818340 0.01500000
v -0.03604560 -0.02816490 0.01500000
v -0.03603220 -0.02817050 0.01500000
v -0.03291060 -0.02871350 0.01500000
v -0.03297730 -0.02865770 0.01500000
v -0.03300240 -0.02864310 0.01500000
v -0.03298970 -0.02865020 0.01500000
v -0.03309810 -0.02860980 0.01500000
v -0.03311240 -0.02860750 0.01500000
v -0.03352690 -0.02859370 0.01500000
v -0.03351300 -0.02858950 0.01500000
v -0.03358030 -0.02861640 0.01500000
v -0.03356730 -0.02860990 0.01500000
v -0.03372840 -0.02877120 0.01500000
v -0.03372190 -0.02875820 0.01500000
v -0.02996680 -0.02878580 0.01500000
v -0.02995390 -0.02879260 0.01500000
v -0.03025000 -0.01875000 0.01500000
v -0.03012100 -0.02874970 0.01500000
v -0.02634000 -0.02973220 0.01500000
v -0.02664970 -0.02907510 0.01500000
v -0.02591340 -0.02982030 0.01500000
v -0.02403080 -0.02808960 0.01500000
v -0.02316700 -0.02928970 0.01500000
v -0.02363030 -0.02853950 0.01500000
v -0.02172550 -0.02771310 0.01500000
v -0.02172540 -0.02769860 0.01500000
v -0.02173920 -0.02890720 0.01500000
v -0.02151580 -0.02739250 0.01500000
v -0.01803200 -0.02631000 0.01500000
v -0.01734360 -0.02706870 0.01500000
v -0.01599930 -0.02497000 0.01500000
v -0.01614630 -0.02534930 0.01500000
v -0.01326100 -0.02471160 0.01500000
v -0.00637346 -0.01838390 0.01500000
v -0.00553840 -0.01698900 0.01500000
v -0.00536122 -0.01490130 0.01500000
v -0.00307299 -0.01301790 0.01500000
v -0.00225655 -0.01115450 0.01500000
v -0.00213275 -0.00631665 0.01500000
v -0.00213846 -0.00630329 0.01500000
v -0.00096029 -0.00708305 0.01500000
v -0.00178315 -0.00558005 0.01500000
v -0.00215824 -0.00623354 0.01500000
v -0.00216284 -0.00619022 0.01500000
v -0.00117489 -0.00360027 0.01500000
v -0.00149770 -0.00017251 0.01500000
v -0.00012770 -0.00083859 0.01500000
v -0.00146420 0.00028322 0.01500000
v -0.00145741 0.00029606 0.01500000
v -0.00147609 0.00025671 0.01500000
v -0.00147042 0.00027009 0.01500000
v -0.00148118 0.00024311 0.01500000
v -0.01150000 -0.00000000 0.01500000
v -0.00150029 0.00012903 0.01500000
v -0.00150005 0.00014356 0.01500000
v -0.00149181 0.00347193 0.01500000
v -0.00157334 0.00341177 0.01500000
v -0.00163359 0.00333031 0.01500000
v -0.00162651 0.00334299 0.01500000
v -0.00166722 0.00323473 0.01500000
v -0.00166419 0.00324894 0.01500000
v -0.00167146 0.00320599 0.01500000
v -0.00166965 0.00322041 0.01500000
v -0.00207949 0.00578217 0.01500000
v -0.00208510 0.00579557 0.01500000
v -0.00206658 0.00575615 0.01500000
v -0.00207331 0.00576903 0.01500000
v -0.00203435 0.00570788 0.01500000
v -0.00204317 0.00571942 0.01500000
v -0.00196006 0.00563898 0.01500000
v -0.00197188 0.00564742 0.01500000
v -0.00190950 0.00561047 0.01500000
v -0.00179765 0.00558101 0.01500000
v -0.00207768 0.00640170 0.01500000
v -0.00206783 0.00641238 0.01500000
v -0.00274142 0.00858825 0.01500000
v -0.00275305 0.00859696 0.01500000
v -0.00256593 0.00852524 0.01500000
v -0.00283076 0.00938430 0.01500000
v -0.00281904 0.00939288 0.01500000
v -0.00288332 0.00933436 0.01500000
v -0.00287368 0.00934522 0.01500000
v -0.00293070 0.00926147 0.01500000
v -0.00290934 0.00929943 0.01500000
v -0.00296246 0.00915025 0.01500000
v -0.00296059 0.00916466 0.01500000
v -0.00296435 0.00912126 0.01500000
v -0.00296371 0.00913578 0.01500000
v -0.00296436 0.00910674 0.01500000
v -0.00295153 0.00902075 0.01500000
v -0.00307299 0.01301790 0.01500000
v -0.00490075 0.01410370 0.01500000
v -0.00592131 0.01688120 0.01500000
v -0.00902737 0.01941750 0.01500000
v -0.00903327 0.01943080 0.01500000
v -0.00811943 0.01919800 0.01500000
v -0.00849439 0.02063940 0.01500000
v -0.00901100 0.01973800 0.01500000
v -0.00903859 0.01944430 0.01500000
v -0.01077810 0.02120250 0.01500000
v -0.01079200 0.02120670 0.01500000
v -0.01089450 0.02126030 0.01500000
v -0.01282880 0.02319480 0.01500000
v -0.01568330 0.02479960 0.01500000
v -0.01569720 0.02480380 0.01500000
v -0.01558280 0.02478710 0.01500000
v -0.01559730 0.02478710 0.01500000
v -0.01615450 0.02520530 0.01500000
v -0.01615850 0.02524870 0.01500000
v -0.01611730 0.02509580 0.01500000
v -0.01612400 0.02510870 0.01500000
v -0.01841160 0.02620090 0.01500000
v -0.01811830 0.02623310 0.01500000
v -0.01813080 0.02622570 0.01500000
v -0.01804130 0.02629890 0.01500000
v -0.01784120 0.02653950 0.01500000
v -0.01803200 0.02631000 0.01500000
v -0.02383710 0.01761920 0.01500000
v -0.02118670 0.02728930 0.01500000
v -0.02120100 0.02729180 0.01500000
v -0.02115780 0.02728620 0.01500000
v -0.02117230 0.02728750 0.01500000
v -0.02112870 0.02728570 0.01500000
v -0.02114330 0.02728560 0.01500000
v -0.02087480 0.02740790 0.01500000
v -0.02088430 0.02739690 0.01500000
v -0.02167000 0.02752060 0.01500000
v -0.02167770 0.02753290 0.01500000
v -0.02163420 0.02747490 0.01500000
v -0.02164380 0.02748570 0.01500000
v -0.02393330 0.02811720 0.01500000
v -0.02394670 0.02811150 0.01500000
v -0.02384830 0.02817230 0.01500000
v -0.02385940 0.02816290 0.01500000
v -0.02381760 0.02820320 0.01500000
v -0.02208270 0.02900610 0.01500000
v -0.02377590 0.02826250 0.01500000
v -0.02458420 0.02825560 0.01500000
v -0.02456400 0.02823470 0.01500000
v -0.02457440 0.02824490 0.01500000
v -0.02451870 0.02819850 0.01500000
v -0.02453060 0.02820680 0.01500000
v -0.02448100 0.02817670 0.01500000
v -0.02449380 0.02818340 0.01500000
v -0.02442700 0.02815540 0.01500000
v -0.02444080 0.02815990 0.01500000
v -0.02664970 0.02907510 0.01500000
v -0.02978950 0.02900490 0.01500000
v -0.03270520 0.02950990 0.01500000
v -0.03373980 0.02879790 0.01500000
v -0.03398390 0.02937550 0.01500000
v -0.03284770 0.02881060 0.01500000
v -0.03646920 0.02808960 0.01500000
v -0.03584960 0.02836740 0.01500000
v -0.03585470 0.02835380 0.01500000
v -0.03584100 0.02839520 0.01500000
v -0.03584500 0.02838120 0.01500000
v -0.03583010 0.02846680 0.01500000
v -0.03673090 0.02827540 0.01500000
v -0.03653970 0.02810640 0.01500000
v -0.03655330 0.02811150 0.01500000
v -0.03651190 0.02809790 0.01500000
v -0.03652590 0.02810180 0.01500000
v -0.03878100 0.02764090 0.01500000
v -0.03878410 0.02762670 0.01500000
v -0.03877840 0.02765520 0.01500000
v -0.03878690 0.02802580 0.01500000
v -0.03965100 0.02744300 0.01500000
v -0.03959520 0.02737630 0.01500000
v -0.03927080 0.02729850 0.01500000
v -0.03895790 0.02740480 0.01500000
v -0.03897090 0.02739840 0.01500000
v -0.03892060 0.02742740 0.01500000
v -0.03893270 0.02741930 0.01500000
v -0.04165970 0.02647290 0.01500000
v -0.04166660 0.02646020 0.01500000
v -0.04165340 0.02648600 0.01500000
v -0.04162510 0.02658330 0.01500000
v -0.04162730 0.02656900 0.01500000
v -0.04162350 0.02659770 0.01500000
v -0.04162320 0.02665580 0.01500000
v -0.04162230 0.02664130 0.01500000
v -0.04162670 0.02668460 0.01500000
v -0.04450070 0.02497000 0.01500000
v -0.04451310 0.02496250 0.01500000
v -0.04445430 0.02500500 0.01500000
v -0.04448850 0.02497800 0.01500000
v -0.04438270 0.02509580 0.01500000
v -0.04440590 0.02505890 0.01500000
v -0.04436990 0.02512190 0.01500000
v -0.04437600 0.02510870 0.01500000
v -0.04434150 0.02524870 0.01500000
v -0.04434550 0.02520530 0.01500000
v -0.04458490 0.02650600 0.01500000
v -0.04504410 0.02481520 0.01500000
v -0.04505730 0.02482130 0.01500000
v -0.04496060 0.02479110 0.01500000
v -0.04497490 0.02479360 0.01500000
v -0.04493170 0.02478780 0.01500000
v -0.04494620 0.02478910 0.01500000
v -0.04490270 0.02478710 0.01500000
v -0.04491720 0.02478710 0.01500000
v -0.04487370 0.02478880 0.01500000
v -0.04488820 0.02478760 0.01500000
v -0.04483070 0.02479600 0.01500000
v -0.04484490 0.02479300 0.01500000
v -0.04481670 0.02479960 0.01500000
v -0.04762340 0.02316190 0.01500000
v -0.04732910 0.02314110 0.01500000
v -0.04734270 0.02313600 0.01500000
v -0.04730260 0.02315290 0.01500000
v -0.04930660 0.02156810 0.01500000
v -0.04931270 0.02155500 0.01500000
v -0.04944800 0.02213060 0.01500000
v -0.05181810 0.01905660 0.01500000
v -0.05183150 0.01905100 0.01500000
v -0.05541280 0.01410510 0.01500000
v -0.05542680 0.01410130 0.01500000
v -0.05537190 0.01411990 0.01500000
v -0.05538530 0.01411440 0.01500000
v -0.05535870 0.01412600 0.01500000
v -0.05681900 0.01137730 0.01500000
v -0.05686220 0.01137250 0.01500000
v -0.05664070 0.01146890 0.01500000
v -0.05657950 0.01154960 0.01500000
v -0.05658670 0.01153700 0.01500000
v -0.04724330 0.00792409 0.01500000
v -0.05643290 0.01198150 0.01500000
v -0.05643190 0.01196700 0.01500000
v -0.05643950 0.01202450 0.01500000
v -0.05643670 0.01201030 0.01500000
v -0.05645670 0.01208000 0.01500000
v -0.05645150 0.01206640 0.01500000
v -0.05646880 0.01210640 0.01500000
v -0.05646250 0.01209330 0.01500000
v -0.05650850 0.01216710 0.01500000
v -0.05649950 0.01215560 0.01500000
v -0.05755300 0.00922110 0.01500000
v -0.05754870 0.00920722 0.01500000
v -0.05755780 0.00923479 0.01500000
v -0.05794120 0.00956665 0.01500000
v -0.05789090 0.00853095 0.01500000
v -0.05790520 0.00852844 0.01500000
v -0.05786270 0.00853781 0.01500000
v -0.05787670 0.00853408 0.01500000
v -0.05779550 0.00856519 0.01500000
v -0.05773570 0.00860616 0.01500000
v -0.05774700 0.00859696 0.01500000
v -0.05837350 0.00632975 0.01500000
v -0.05836720 0.00631665 0.01500000
v -0.05842230 0.00640170 0.01500000
v -0.05839560 0.00636729 0.01500000
v -0.05845320 0.00643242 0.01500000
v -0.05925610 0.00816730 0.01500000
v -0.05851250 0.00647411 0.01500000
v -0.05941060 0.00699642 0.01500000
v -0.05907420 0.00678402 0.01500000
v -0.05847500 0.00569672 0.01500000
v -0.05848470 0.00568597 0.01500000
v -0.05842670 0.00576903 0.01500000
v -0.05843340 0.00575615 0.01500000
v -0.05840990 0.00580920 0.01500000
v -0.05841490 0.00579557 0.01500000
v -0.05840150 0.00583703 0.01500000
v -0.05840540 0.00582303 0.01500000
v -0.04855560 0.00405824 0.01500000
v -0.05833960 0.00621917 0.01500000
v -0.05833810 0.00620472 0.01500000
v -0.05890020 0.00273967 0.01500000
v -0.05889790 0.00337909 0.01500000
v -0.05932510 0.00360027 0.01500000
v -0.05903580 0.00028322 0.01500000
v -0.05902960 0.00027009 0.01500000
v -0.05904990 0.00030861 0.01500000
v -0.05904260 0.00029606 0.01500000
v -0.05905780 0.00032083 0.01500000
v -0.05954220 0.00054137 0.01500000
v -0.05913770 -0.00040445 0.01500000
v -0.05914950 -0.00041285 0.01500000
v -0.05898310 -0.00345727 0.01500000
v -0.05899550 -0.00346487 0.01500000
v -0.05895940 -0.00344053 0.01500000
v -0.05897110 -0.00344915 0.01500000
v -0.05893720 -0.00342182 0.01500000
v -0.05894810 -0.00343141 0.01500000
v -0.05890700 -0.00339039 0.01500000
v -0.05891660 -0.00340129 0.01500000
v -0.05882680 -0.00317700 0.01500000
v -0.05883040 -0.00322041 0.01500000
v -0.05882680 -0.00316247 0.01500000
v -0.05885980 -0.00284809 0.01500000
v -0.05885750 -0.00286242 0.01500000
v -0.05886640 -0.00281979 0.01500000
v -0.05886280 -0.00283387 0.01500000
v -0.05893350 -0.00269215 0.01500000
v -0.05892440 -0.00270349 0.01500000
v -0.05897440 -0.00265098 0.01500000
v -0.05896350 -0.00266061 0.01500000
v -0.05903440 -0.00261024 0.01500000
v -0.05848470 -0.00568597 0.01500000
v -0.05847500 -0.00569672 0.01500000
v -0.05849490 -0.00567565 0.01500000
v -0.05853990 -0.00563898 0.01500000
v -0.05852810 -0.00564742 0.01500000
v -0.05857740 -0.00561678 0.01500000
v -0.05870240 -0.00558101 0.01500000
v -0.04813220 -0.00563823 0.01500000
v -0.05779550 -0.00856519 0.01500000
v -0.05778290 -0.00857235 0.01500000
v -0.05761670 -0.00933436 0.01500000
v -0.05762630 -0.00934522 0.01500000
v -0.05760750 -0.00932309 0.01500000
v -0.05756330 -0.00924825 0.01500000
v -0.05756930 -0.00926147 0.01500000
v -0.05754870 -0.00920722 0.01500000
v -0.05755300 -0.00922110 0.01500000
v -0.05754190 -0.00917897 0.01500000
v -0.05754500 -0.00919317 0.01500000
v -0.05650850 -0.01216710 0.01500000
v -0.05651790 -0.01217810 0.01500000
v -0.05646170 -0.01181140 0.01500000
v -0.05645600 -0.01182480 0.01500000
v -0.05658670 -0.01153700 0.01500000
v -0.05657950 -0.01154960 0.01500000
v -0.05660270 -0.01151280 0.01500000
v -0.05659450 -0.01152470 0.01500000
v -0.05693460 -0.01137670 0.01500000
v -0.05509280 -0.01484520 0.01500000
v -0.05511900 -0.01488000 0.01500000
v -0.05504670 -0.01473910 0.01500000
v -0.05505050 -0.01475310 0.01500000
v -0.05504300 -0.01459490 0.01500000
v -0.05504060 -0.01460930 0.01500000
v -0.05339860 -0.01734760 0.01500000
v -0.05340500 -0.01736060 0.01500000
v -0.05337540 -0.01727890 0.01500000
v -0.05337880 -0.01729300 0.01500000
v -0.05336720 -0.01720690 0.01500000
v -0.05337170 -0.01714900 0.01500000
v -0.05336970 -0.01716340 0.01500000
v -0.05337770 -0.01712060 0.01500000
v -0.05337440 -0.01713470 0.01500000
v -0.05373100 -0.01667850 0.01500000
v -0.05369190 -0.01669770 0.01500000
v -0.05375830 -0.01666850 0.01500000
v -0.05374450 -0.01667320 0.01500000
v -0.05382930 -0.01665400 0.01500000
v -0.05381490 -0.01665570 0.01500000
v -0.05393050 -0.01665960 0.01500000
v -0.05391620 -0.01665700 0.01500000
v -0.05397250 -0.01667110 0.01500000
v -0.05426610 -0.01677950 0.01500000
v -0.05398610 -0.01667610 0.01500000
v -0.05148610 -0.01939170 0.01500000
v -0.04969430 -0.02121140 0.01500000
v -0.04980800 -0.02119030 0.01500000
v -0.04979350 -0.02119080 0.01500000
v -0.04992220 -0.02120850 0.01500000
v -0.04990840 -0.02120410 0.01500000
v -0.05088940 -0.02175560 0.01500000
v -0.05053730 -0.02157050 0.01500000
v -0.04931590 -0.02186300 0.01500000
v -0.04929830 -0.02182310 0.01500000
v -0.04930360 -0.02183670 0.01500000
v -0.04968080 -0.02121670 0.01500000
v -0.04691280 -0.02369470 0.01500000
v -0.04690800 -0.02355060 0.01500000
v -0.04690570 -0.02356490 0.01500000
v -0.04691440 -0.02352220 0.01500000
v -0.04691090 -0.02353630 0.01500000
v -0.04698090 -0.02506260 0.01500000
v -0.04485930 -0.02479060 0.01500000
v -0.04484490 -0.02479300 0.01500000
v -0.04491720 -0.02478710 0.01500000
v -0.04487370 -0.02478880 0.01500000
v -0.04496060 -0.02479110 0.01500000
v -0.04494620 -0.02478910 0.01500000
v -0.04497490 -0.02479360 0.01500000
v -0.04426950 -0.02667410 0.01500000
v -0.04434140 -0.02526320 0.01500000
v -0.04434190 -0.02527770 0.01500000
v -0.04163360 -0.02654060 0.01500000
v -0.04163020 -0.02655470 0.01500000
v -0.04168200 -0.02643550 0.01500000
v -0.04167410 -0.02644770 0.01500000
v -0.04220240 -0.02618160 0.01500000
v -0.04238170 -0.02623310 0.01500000
v -0.03947110 -0.02730300 0.01500000
v -0.03945720 -0.02729870 0.01500000
v -0.03958440 -0.02736670 0.01500000
v -0.03954940 -0.02734070 0.01500000
v -0.04025620 -0.02826950 0.01500000
v -0.04000980 -0.02795720 0.01500000
v -0.03877840 -0.02765520 0.01500000
v -0.03877650 -0.02766960 0.01500000
v -0.03880250 -0.02757170 0.01500000
v -0.03878780 -0.02761270 0.01500000
v -0.03653970 -0.02810640 0.01500000
v -0.03649780 -0.02809450 0.01500000
v -0.03569250 -0.02963840 0.01500000
v -0.03583260 -0.02843790 0.01500000
v -0.03583100 -0.02845240 0.01500000
v -0.03583760 -0.02840930 0.01500000
v -0.03587360 -0.02831460 0.01500000
v -0.03586680 -0.02832740 0.01500000
v -0.03588100 -0.02830210 0.01500000
v -0.03599360 -0.02819070 0.01500000
v -0.03598130 -0.02819850 0.01500000
v -0.03607300 -0.02815540 0.01500000
v -0.03605920 -0.02815990 0.01500000
v -0.03608700 -0.02815150 0.01500000
v -0.03290100 -0.02872440 0.01500000
v -0.03349890 -0.02858580 0.01500000
v -0.03359300 -0.02862350 0.01500000
v -0.03371490 -0.02874550 0.01500000
v -0.03373440 -0.02878440 0.01500000
v -0.02779480 -0.02950990 0.01500000
v -0.02626740 -0.02986960 0.01500000
v -0.02172490 -0.02772760 0.01500000
v -0.01723210 -0.02717700 0.01500000
v -0.01598690 -0.02496250 0.01500000
v -0.01322300 -0.02486240 0.01500000
v -0.00538763 -0.01702700 0.01500000
v -0.00239082 -0.01148580 0.01500000
v -0.00214360 -0.00628970 0.01500000
v -0.00214816 -0.00627591 0.01500000
v -0.00197463 -0.00648088 0.01500000
v -0.00076477 -0.00546914 0.01500000
v -0.00179765 -0.00558101 0.01500000
v -0.00216314 -0.00617570 0.01500000
v -0.00216281 -0.00616118 0.01500000
v -0.00145209 -0.00348979 0.01500000
v -0.00149918 -0.00015806 0.01500000
v -0.00124506 -0.00046048 0.01500000
v -0.00147883 0.00347845 0.01500000
v -0.00146558 0.00348441 0.01500000
v -0.00209845 0.00583703 0.01500000
v -0.00210171 0.00585119 0.01500000
v -0.00209014 0.00580920 0.01500000
v -0.00209459 0.00582303 0.01500000
v -0.00205149 0.00573133 0.01500000
v -0.00205930 0.00574358 0.01500000
v -0.00194789 0.00563105 0.01500000
v -0.00192258 0.00561678 0.01500000
v -0.00076477 0.00546914 0.01500000
v -0.00115844 0.00552637 0.01500000
v -0.00205753 0.00642262 0.01500000
v -0.00204681 0.00643242 0.01500000
v -0.00208706 0.00639061 0.01500000
v -0.00286358 0.00935567 0.01500000
v -0.00289249 0.00932309 0.01500000
v -0.00290117 0.00931144 0.01500000
v -0.00295811 0.00917897 0.01500000
v -0.00295519 0.00903481 0.01500000
v -0.00553840 0.01698900 0.01500000
v -0.00645617 0.01825220 0.01500000
v -0.00687036 0.01765550 0.01500000
v -0.00730364 0.01953260 0.01500000
v -0.01571100 0.02480860 0.01500000
v -0.01572450 0.02481400 0.01500000
v -0.01562630 0.02478880 0.01500000
v -0.01564070 0.02479060 0.01500000
v -0.01591510 0.02650600 0.01500000
v -0.01615290 0.02532090 0.01500000
v -0.01614990 0.02533520 0.01500000
v -0.01615860 0.02526320 0.01500000
v -0.01615190 0.02519100 0.01500000
v -0.01614490 0.02516280 0.01500000
v -0.01614870 0.02517680 0.01500000
v -0.01613560 0.02513530 0.01500000
v -0.01614060 0.02514890 0.01500000
v -0.01613010 0.02512190 0.01500000
v -0.01601150 0.02497800 0.01500000
v -0.01887770 0.02664130 0.01500000
v -0.02122920 0.02729850 0.01500000
v -0.02124310 0.02730270 0.01500000
v -0.02121520 0.02729480 0.01500000
v -0.02109970 0.02728750 0.01500000
v -0.02111420 0.02728630 0.01500000
v -0.02107100 0.02729190 0.01500000
v -0.02108530 0.02728940 0.01500000
v -0.02100170 0.02731330 0.01500000
v -0.02101520 0.02730780 0.01500000
v -0.02093860 0.02734880 0.01500000
v -0.02095060 0.02734070 0.01500000
v -0.02090480 0.02737630 0.01500000
v -0.02091560 0.02736670 0.01500000
v -0.02089430 0.02738640 0.01500000
v -0.02085710 0.02743100 0.01500000
v -0.02086570 0.02741920 0.01500000
v -0.02171590 0.02762670 0.01500000
v -0.02171900 0.02764090 0.01500000
v -0.02170300 0.02758510 0.01500000
v -0.02170790 0.02759880 0.01500000
v -0.02168480 0.02754550 0.01500000
v -0.02169140 0.02755850 0.01500000
v -0.02166180 0.02750860 0.01500000
v -0.02162410 0.02746440 0.01500000
v -0.02165300 0.02749700 0.01500000
v -0.02389490 0.02813770 0.01500000
v -0.02387090 0.02815400 0.01500000
v -0.02388270 0.02814560 0.01500000
v -0.02454210 0.02821560 0.01500000
v -0.02455330 0.02822500 0.01500000
v -0.02450640 0.02819070 0.01500000
v -0.02445440 0.02816490 0.01500000
v -0.02446780 0.02817050 0.01500000
v -0.02441300 0.02815150 0.01500000
v -0.02404530 0.02808810 0.01500000
v -0.02405980 0.02808720 0.01500000
v -0.02401650 0.02809180 0.01500000
v -0.02403080 0.02808960 0.01500000
v -0.02738760 0.02860750 0.01500000
v -0.02676020 0.02879790 0.01500000
v -0.03260710 0.02989540 0.01500000
v -0.03703400 0.02882420 0.01500000
v -0.03887590 0.02746440 0.01500000
v -0.03888650 0.02745450 0.01500000
v -0.03884700 0.02749700 0.01500000
v -0.03885620 0.02748570 0.01500000
v -0.03883000 0.02752060 0.01500000
v -0.03883820 0.02750860 0.01500000
v -0.03879210 0.02759880 0.01500000
v -0.03879700 0.02758510 0.01500000
v -0.03878780 0.02761270 0.01500000
v -0.03876080 0.02890720 0.01500000
v -0.04025620 0.02826950 0.01500000
v -0.03894510 0.02741180 0.01500000
v -0.03898420 0.02739250 0.01500000
v -0.03890880 0.02743590 0.01500000
v -0.04167410 0.02644770 0.01500000
v -0.04168200 0.02643550 0.01500000
v -0.04163360 0.02654060 0.01500000
v -0.04163770 0.02652660 0.01500000
v -0.04163020 0.02655470 0.01500000
v -0.04162460 0.02667020 0.01500000
v -0.04473660 0.02483350 0.01500000
v -0.04434810 0.02519100 0.01500000
v -0.04435010 0.02533520 0.01500000
v -0.04434710 0.02532090 0.01500000
v -0.04435370 0.02534930 0.01500000
v -0.04509520 0.02484280 0.01500000
v -0.04510720 0.02485100 0.01500000
v -0.04507020 0.02482790 0.01500000
v -0.04508290 0.02483510 0.01500000
v -0.04498910 0.02479670 0.01500000
v -0.04500310 0.02480050 0.01500000
v -0.04485930 0.02479060 0.01500000
v -0.04763590 0.02316940 0.01500000
v -0.04764800 0.02317730 0.01500000
v -0.04731570 0.02314670 0.01500000
v -0.04703270 0.02334360 0.01500000
v -0.04704430 0.02333480 0.01500000
v -0.04931940 0.02154210 0.01500000
v -0.04932670 0.02152950 0.01500000
v -0.04978260 0.02294640 0.01500000
v -0.05194480 0.01902770 0.01500000
v -0.05195940 0.01902750 0.01500000
v -0.05184520 0.01904600 0.01500000
v -0.05185900 0.01904160 0.01500000
v -0.04560910 0.01075460 0.01500000
v -0.05369190 0.01669770 0.01500000
v -0.05370470 0.01669070 0.01500000
v -0.04606360 0.01007440 0.01500000
v -0.05507130 0.01480730 0.01500000
v -0.05506520 0.01479410 0.01500000
v -0.05582140 0.01566510 0.01500000
v -0.05556710 0.01535920 0.01500000
v -0.05545530 0.01409550 0.01500000
v -0.05546970 0.01409360 0.01500000
v -0.05544100 0.01409810 0.01500000
v -0.05539890 0.01410940 0.01500000
v -0.05687680 0.01137210 0.01500000
v -0.05689130 0.01137230 0.01500000
v -0.05657280 0.01156250 0.01500000
v -0.05659450 0.01152470 0.01500000
v -0.05645600 0.01182480 0.01500000
v -0.05646170 0.01181140 0.01500000
v -0.05644640 0.01185220 0.01500000
v -0.05645090 0.01183840 0.01500000
v -0.05643910 0.01188030 0.01500000
v -0.05644240 0.01186620 0.01500000
v -0.05643160 0.01195240 0.01500000
v -0.05643190 0.01193790 0.01500000
v -0.05643450 0.01199590 0.01500000
v -0.05644690 0.01205260 0.01500000
v -0.05644290 0.01203860 0.01500000
v -0.05647570 0.01211920 0.01500000
v -0.05651790 0.01217810 0.01500000
v -0.05649110 0.01214380 0.01500000
v -0.05754500 0.00919317 0.01500000
v -0.05863890 0.01010590 0.01500000
v -0.05791960 0.00852653 0.01500000
v -0.05777060 0.00858004 0.01500000
v -0.05778290 0.00857235 0.01500000
v -0.05775860 0.00858825 0.01500000
v -0.05838040 0.00634257 0.01500000
v -0.05836150 0.00630329 0.01500000
v -0.05838770 0.00635509 0.01500000
v -0.05878950 0.00661973 0.01500000
v -0.05844070 0.00574358 0.01500000
v -0.05844850 0.00573133 0.01500000
v -0.05842050 0.00578217 0.01500000
v -0.05839830 0.00585119 0.01500000
v -0.05834190 0.00611787 0.01500000
v -0.05834460 0.00610361 0.01500000
v -0.05834180 0.00623354 0.01500000
v -0.05833720 0.00619022 0.01500000
v -0.05886640 0.00281979 0.01500000
v -0.05887060 0.00280588 0.01500000
v -0.05887350 0.00334299 0.01500000
v -0.05886640 0.00333031 0.01500000
v -0.05888920 0.00336741 0.01500000
v -0.05888110 0.00335537 0.01500000
v -0.05904790 0.00348979 0.01500000
v -0.05900230 0.00017251 0.01500000
v -0.05900080 0.00015806 0.01500000
v -0.05900710 0.00020116 0.01500000
v -0.05900440 0.00018688 0.01500000
v -0.05901430 0.00022929 0.01500000
v -0.05901040 0.00021530 0.01500000
v -0.05902390 0.00025671 0.01500000
v -0.05901880 0.00024311 0.01500000
v -0.06037230 0.00083859 0.01500000
v -0.05921360 -0.00044686 0.01500000
v -0.05922720 -0.00045199 0.01500000
v -0.05917430 -0.00042809 0.01500000
v -0.05918710 -0.00043490 0.01500000
v -0.05916170 -0.00042073 0.01500000
v -0.05900820 -0.00347193 0.01500000
v -0.05902120 -0.00347845 0.01500000
v -0.05892670 -0.00341177 0.01500000
v -0.05889790 -0.00337909 0.01500000
v -0.05887350 -0.00334299 0.01500000
v -0.05888110 -0.00335537 0.01500000
v -0.05885990 -0.00331733 0.01500000
v -0.05886640 -0.00333031 0.01500000
v -0.05884370 -0.00327690 0.01500000
v -0.05884850 -0.00329060 0.01500000
v -0.05883580 -0.00324894 0.01500000
v -0.05883950 -0.00326300 0.01500000
v -0.05890770 -0.00272727 0.01500000
v -0.05890020 -0.00273967 0.01500000
v -0.05902170 -0.00261735 0.01500000
v -0.05900940 -0.00262499 0.01500000
v -0.05840150 -0.00583703 0.01500000
v -0.05839830 -0.00585119 0.01500000
v -0.05846560 -0.00570788 0.01500000
v -0.05973520 -0.00546914 0.01500000
v -0.05934160 -0.00552637 0.01500000
v -0.04836110 -0.00485286 0.01500000
v -0.05842230 -0.00640170 0.01500000
v -0.05843220 -0.00641238 0.01500000
v -0.05840400 -0.00637913 0.01500000
v -0.05841290 -0.00639061 0.01500000
v -0.05775860 -0.00858825 0.01500000
v -0.05774700 -0.00859696 0.01500000
v -0.05780850 -0.00855858 0.01500000
v -0.05777060 -0.00858004 0.01500000
v -0.05763640 -0.00935567 0.01500000
v -0.05755780 -0.00923479 0.01500000
v -0.05763720 -0.00874769 0.01500000
v -0.05763250 -0.00876143 0.01500000
v -0.05766930 -0.00868269 0.01500000
v -0.05766180 -0.00869512 0.01500000
v -0.05652780 -0.01218880 0.01500000
v -0.05653810 -0.01219900 0.01500000
v -0.05649110 -0.01214380 0.01500000
v -0.05649950 -0.01215560 0.01500000
v -0.05646880 -0.01210640 0.01500000
v -0.05647570 -0.01211920 0.01500000
v -0.05643290 -0.01198150 0.01500000
v -0.05643450 -0.01199590 0.01500000
v -0.05643160 -0.01195240 0.01500000
v -0.05643190 -0.01196700 0.01500000
v -0.05643640 -0.01189460 0.01500000
v -0.05643430 -0.01190900 0.01500000
v -0.05661150 -0.01150120 0.01500000
v -0.04688150 -0.00865779 0.01500000
v -0.05545530 -0.01409550 0.01500000
v -0.05544100 -0.01409810 0.01500000
v -0.05551320 -0.01409140 0.01500000
v -0.05549870 -0.01409150 0.01500000
v -0.05508510 -0.01483290 0.01500000
v -0.05507130 -0.01480730 0.01500000
v -0.05507790 -0.01482020 0.01500000
v -0.05505480 -0.01476700 0.01500000
v -0.05505970 -0.01478070 0.01500000
v -0.05504110 -0.01471060 0.01500000
v -0.05504360 -0.01472490 0.01500000
v -0.05503880 -0.01462370 0.01500000
v -0.05503760 -0.01463820 0.01500000
v -0.04648800 -0.00937500 0.01500000
v -0.05508350 -0.01448660 0.01500000
v -0.05507640 -0.01449930 0.01500000
v -0.05339280 -0.01733430 0.01500000
v -0.05341190 -0.01737340 0.01500000
v -0.05338290 -0.01730700 0.01500000
v -0.05336740 -0.01719230 0.01500000
v -0.05336820 -0.01717780 0.01500000
v -0.05341700 -0.01702720 0.01500000
v -0.05367950 -0.01670520 0.01500000
v -0.05378630 -0.01666090 0.01500000
v -0.05377220 -0.01666440 0.01500000
v -0.05380060 -0.01665800 0.01500000
v -0.05385840 -0.01665250 0.01500000
v -0.05384380 -0.01665300 0.01500000
v -0.05388740 -0.01665350 0.01500000
v -0.05387290 -0.01665270 0.01500000
v -0.05390180 -0.01665490 0.01500000
v -0.05147910 -0.01940450 0.01500000
v -0.05193030 -0.01902850 0.01500000
v -0.05191590 -0.01902990 0.01500000
v -0.05200280 -0.01903080 0.01500000
v -0.05198840 -0.01902910 0.01500000
v -0.05203140 -0.01903600 0.01500000
v -0.05201710 -0.01903310 0.01500000
v -0.05207410 -0.02077900 0.01500000
v -0.05148180 -0.01972540 0.01500000
v -0.05148900 -0.01973800 0.01500000
v -0.05144120 -0.01958700 0.01500000
v -0.05144250 -0.01960150 0.01500000
v -0.05144030 -0.01955800 0.01500000
v -0.05144040 -0.01957250 0.01500000
v -0.05144900 -0.01948600 0.01500000
v -0.05144600 -0.01950020 0.01500000
v -0.05146140 -0.01944430 0.01500000
v -0.04998800 -0.02123900 0.01500000
v -0.04997540 -0.02123180 0.01500000
v -0.05025260 -0.02140610 0.01500000
v -0.04972900 -0.02280040 0.01500000
v -0.04930950 -0.02185000 0.01500000
v -0.04961720 -0.02125170 0.01500000
v -0.04960550 -0.02126030 0.01500000
v -0.04964170 -0.02123610 0.01500000
v -0.04962930 -0.02124360 0.01500000
v -0.04966750 -0.02122260 0.01500000
v -0.04965450 -0.02122910 0.01500000
v -0.04713120 -0.02432870 0.01500000
v -0.04483070 -0.02479600 0.01500000
v -0.04481670 -0.02479960 0.01500000
v -0.04493170 -0.02478780 0.01500000
v -0.04513000 -0.02486900 0.01500000
v -0.04511880 -0.02485980 0.01500000
v -0.04434300 -0.02529220 0.01500000
v -0.04434480 -0.02530660 0.01500000
v -0.04434150 -0.02524870 0.01500000
v -0.04162230 -0.02664130 0.01500000
v -0.04162320 -0.02665580 0.01500000
v -0.04162510 -0.02658330 0.01500000
v -0.04162350 -0.02659770 0.01500000
v -0.04162730 -0.02656900 0.01500000
v -0.04166660 -0.02646020 0.01500000
v -0.04165970 -0.02647290 0.01500000
v -0.04236920 -0.02622570 0.01500000
v -0.04235640 -0.02621880 0.01500000
v -0.03588820 -0.01788220 0.01500000
v -0.03897090 -0.02739840 0.01500000
v -0.03895790 -0.02740480 0.01500000
v -0.03927080 -0.02729850 0.01500000
v -0.03925690 -0.02730270 0.01500000
v -0.03931330 -0.02728930 0.01500000
v -0.03929900 -0.02729180 0.01500000
v -0.03934220 -0.02728620 0.01500000
v -0.03932770 -0.02728750 0.01500000
v -0.03948480 -0.02730780 0.01500000
v -0.03944320 -0.02729500 0.01500000
v -0.03951150 -0.02731930 0.01500000
v -0.03949830 -0.02731330 0.01500000
v -0.03953710 -0.02733300 0.01500000
v -0.03952440 -0.02732590 0.01500000
v -0.03981670 -0.02769120 0.01500000
v -0.03878100 -0.02764090 0.01500000
v -0.03877520 -0.02768410 0.01500000
v -0.03878410 -0.02762670 0.01500000
v -0.03881520 -0.02754550 0.01500000
v -0.03880860 -0.02755850 0.01500000
v -0.03883000 -0.02752060 0.01500000
v -0.03882230 -0.02753290 0.01500000
v -0.03724640 -0.02916060 0.01500000
v -0.03703400 -0.02882420 0.01500000
v -0.03577640 -0.02909160 0.01500000
v -0.03583010 -0.02846680 0.01500000
v -0.03571910 -0.02948520 0.01500000
v -0.03534060 -0.02970090 0.01500000
v -0.03583480 -0.02842350 0.01500000
v -0.03641120 -0.02808720 0.01500000
v -0.03639670 -0.02808810 0.01500000
v -0.03646920 -0.02808960 0.01500000
v -0.03645470 -0.02808810 0.01500000
v -0.03282640 -0.02887990 0.01500000
v -0.03282390 -0.02889420 0.01500000
v -0.03289180 -0.02873570 0.01500000
v -0.03288320 -0.02874730 0.01500000
v -0.03348470 -0.02858280 0.01500000
v -0.03347040 -0.02858040 0.01500000
v -0.03106790 -0.01873220 0.01500000
v -0.03063620 -0.02886510 0.01500000
v -0.03062630 -0.02885440 0.01500000
v -0.02789290 -0.02989540 0.01500000
v -0.01876420 -0.02785920 0.01500000
v -0.00198748 -0.00647411 0.01500000
v -0.00216188 -0.00614668 0.01500000
v -0.00216032 -0.00613224 0.01500000
v -0.00135582 -0.00257389 0.01500000
v -0.00017971 -0.00195813 0.01500000
v -0.00106172 -0.00252346 0.01500000
v -0.00150005 -0.00014356 0.01500000
v -0.00145209 0.00348979 0.01500000
v -0.00087454 0.00373390 0.01500000
v -0.01194440 0.00405824 0.01500000
v -0.00216188 0.00614668 0.01500000
v -0.00216281 0.00616118 0.01500000
v -0.00215815 0.00611787 0.01500000
v -0.00216032 0.00613224 0.01500000
v -0.00193539 0.00562365 0.01500000
v -0.00148539 0.00556064 0.01500000
v -0.00197463 0.00648088 0.01500000
v -0.00203567 0.00644176 0.01500000
v -0.00202415 0.00645061 0.01500000
v -0.00211228 0.00635509 0.01500000
v -0.00210438 0.00636729 0.01500000
v -0.00214816 0.00627591 0.01500000
v -0.00214360 0.00628970 0.01500000
v -0.00215824 0.00623354 0.01500000
v -0.00276429 0.00860616 0.01500000
v -0.00149797 0.00852122 0.01500000
v -0.00189547 0.00853699 0.01500000
v -0.00198298 0.01044190 0.01500000
v -0.00255879 0.00956665 0.01500000
v -0.00229278 0.00975981 0.01500000
v -0.00285163 0.00872088 0.01500000
v -0.00285750 0.00873417 0.01500000
v -0.00283821 0.00869512 0.01500000
v -0.00284520 0.00870786 0.01500000
v -0.00282265 0.00867059 0.01500000
v -0.00283069 0.00868269 0.01500000
v -0.00280505 0.00864748 0.01500000
v -0.00281410 0.00865885 0.01500000
v -0.00538763 0.01702700 0.01500000
v -0.00659318 0.01866580 0.01500000
v -0.00838701 0.01906590 0.01500000
v -0.00842589 0.02077900 0.01500000
v -0.00884393 0.02000260 0.01500000
v -0.01357390 0.02373610 0.01500000
v -0.01573770 0.02481990 0.01500000
v -0.01561180 0.02478760 0.01500000
v -0.01600430 0.02596000 0.01500000
v -0.01614630 0.02534930 0.01500000
v -0.01593710 0.02635210 0.01500000
v -0.01623050 0.02667410 0.01500000
v -0.01615520 0.02530660 0.01500000
v -0.01615700 0.02529220 0.01500000
v -0.01615810 0.02527770 0.01500000
v -0.01887330 0.02668460 0.01500000
v -0.01879590 0.02730680 0.01500000
v -0.01887680 0.02665580 0.01500000
v -0.01887540 0.02667020 0.01500000
v -0.02461180 0.01788220 0.01500000
v -0.02155490 0.02741180 0.01500000
v -0.02156730 0.02741930 0.01500000
v -0.02104280 0.02729870 0.01500000
v -0.02105680 0.02729500 0.01500000
v -0.02102890 0.02730300 0.01500000
v -0.02097560 0.02732590 0.01500000
v -0.02098850 0.02731930 0.01500000
v -0.02096290 0.02733300 0.01500000
v -0.02092690 0.02735750 0.01500000
v -0.02024380 0.02826950 0.01500000
v -0.02049020 0.02795720 0.01500000
v -0.02172490 0.02772760 0.01500000
v -0.02171220 0.02761270 0.01500000
v -0.02172160 0.02765520 0.01500000
v -0.02169750 0.02757170 0.01500000
v -0.02160250 0.02744490 0.01500000
v -0.02397410 0.02810180 0.01500000
v -0.02398810 0.02809790 0.01500000
v -0.02396030 0.02810640 0.01500000
v -0.02325360 0.02916060 0.01500000
v -0.02346600 0.02882420 0.01500000
v -0.02410330 0.02808810 0.01500000
v -0.02411780 0.02808970 0.01500000
v -0.02407430 0.02808690 0.01500000
v -0.02829190 0.03007030 0.01500000
v -0.02772650 0.02918830 0.01500000
v -0.03256460 0.03004490 0.01500000
v -0.03416000 0.02973220 0.01500000
v -0.03385030 0.02907510 0.01500000
v -0.03458660 0.02982030 0.01500000
v -0.03724640 0.02916060 0.01500000
v -0.03671680 0.02825000 0.01500000
v -0.03648350 0.02809180 0.01500000
v -0.03886580 0.02747490 0.01500000
v -0.03889750 0.02744490 0.01500000
v -0.03882230 0.02753290 0.01500000
v -0.03880860 0.02755850 0.01500000
v -0.03881520 0.02754550 0.01500000
v -0.03880250 0.02757170 0.01500000
v -0.03877450 0.02771310 0.01500000
v -0.03877460 0.02769860 0.01500000
v -0.03877510 0.02772760 0.01500000
v -0.04358940 0.02702070 0.01500000
v -0.04265880 0.02653950 0.01500000
v -0.04435940 0.02514890 0.01500000
v -0.04436440 0.02513530 0.01500000
v -0.04435130 0.02517680 0.01500000
v -0.04603740 0.02566740 0.01500000
v -0.04513000 0.02486900 0.01500000
v -0.04514080 0.02487860 0.01500000
v -0.04511880 0.02485980 0.01500000
v -0.04702140 0.02335280 0.01500000
v -0.04697170 0.02340560 0.01500000
v -0.04698080 0.02339420 0.01500000
v -0.04692850 0.02348100 0.01500000
v -0.04693430 0.02346770 0.01500000
v -0.04691850 0.02350830 0.01500000
v -0.04692320 0.02349450 0.01500000
v -0.04100460 0.01535910 0.01500000
v -0.04702950 0.02401610 0.01500000
v -0.04692610 0.02373610 0.01500000
v -0.04934280 0.02150530 0.01500000
v -0.04935160 0.02149370 0.01500000
v -0.04933450 0.02151720 0.01500000
v -0.04930100 0.02158150 0.01500000
v -0.04928450 0.02163720 0.01500000
v -0.04928770 0.02162300 0.01500000
v -0.04927910 0.02173840 0.01500000
v -0.04927800 0.02172390 0.01500000
v -0.04928600 0.02178140 0.01500000
v -0.04928310 0.02176710 0.01500000
v -0.04930360 0.02183670 0.01500000
v -0.04929830 0.02182310 0.01500000
v -0.04931590 0.02186300 0.01500000
v -0.04350830 0.01325830 0.01500000
v -0.04979350 0.02119080 0.01500000
v -0.04980800 0.02119030 0.01500000
v -0.04291730 0.01382400 0.01500000
v -0.04969430 0.02121140 0.01500000
v -0.04407400 0.01266730 0.01500000
v -0.05144370 0.01951460 0.01500000
v -0.05144600 0.01950020 0.01500000
v -0.05128630 0.02157610 0.01500000
v -0.05200560 0.02063940 0.01500000
v -0.05182050 0.02028730 0.01500000
v -0.05193030 0.01902850 0.01500000
v -0.05197390 0.01902800 0.01500000
v -0.05190150 0.01903190 0.01500000
v -0.05191590 0.01902990 0.01500000
v -0.05187300 0.01903770 0.01500000
v -0.05188720 0.01903450 0.01500000
v -0.05174370 0.01910160 0.01500000
v -0.05175530 0.01909280 0.01500000
v -0.05151930 0.01934420 0.01500000
v -0.05152890 0.01933320 0.01500000
v -0.05371770 0.01668430 0.01500000
v -0.05373100 0.01667850 0.01500000
v -0.05505970 0.01478070 0.01500000
v -0.05505480 0.01476700 0.01500000
v -0.05508510 0.01483290 0.01500000
v -0.05507790 0.01482020 0.01500000
v -0.05511900 0.01488000 0.01500000
v -0.05510980 0.01486880 0.01500000
v -0.05534710 0.01511490 0.01500000
v -0.05548420 0.01409220 0.01500000
v -0.05526490 0.01419370 0.01500000
v -0.05527530 0.01418360 0.01500000
v -0.04648800 0.00937500 0.01500000
v -0.05521250 0.01426310 0.01500000
v -0.05522000 0.01425070 0.01500000
v -0.05690580 0.01137320 0.01500000
v -0.05656660 0.01157570 0.01500000
v -0.05643430 0.01190900 0.01500000
v -0.05643640 0.01189460 0.01500000
v -0.05643270 0.01192340 0.01500000
v -0.05652780 0.01218880 0.01500000
v -0.05654890 0.01220870 0.01500000
v -0.05653810 0.01219900 0.01500000
v -0.05754850 0.00902075 0.01500000
v -0.05755270 0.00900686 0.01500000
v -0.05753750 0.00907775 0.01500000
v -0.05753930 0.00906333 0.01500000
v -0.05753560 0.00910674 0.01500000
v -0.05753620 0.00909222 0.01500000
v -0.05754190 0.00917897 0.01500000
v -0.05769300 0.00940096 0.01500000
v -0.05797760 0.00852508 0.01500000
v -0.04813220 0.00563823 0.01500000
v -0.05769490 0.00864748 0.01500000
v -0.05953970 0.00708305 0.01500000
v -0.05995090 0.00509060 0.01500000
v -0.05901460 0.00556064 0.01500000
v -0.05934160 0.00552637 0.01500000
v -0.05833690 0.00617570 0.01500000
v -0.05833720 0.00616118 0.01500000
v -0.06032030 0.00195813 0.01500000
v -0.05943830 0.00252346 0.01500000
v -0.05900000 0.00014356 0.01500000
v -0.05925490 0.00046048 0.01500000
v -0.05920020 -0.00044117 0.01500000
v -0.05924100 -0.00045653 0.01500000
v -0.05910440 -0.00037634 0.01500000
v -0.05907500 -0.00034422 0.01500000
v -0.05908430 -0.00035534 0.01500000
v -0.05900230 -0.00017251 0.01500000
v -0.05900440 -0.00018688 0.01500000
v -0.05900000 -0.00014356 0.01500000
v -0.05900080 -0.00015806 0.01500000
v -0.05903440 -0.00348441 0.01500000
v -0.05888920 -0.00336741 0.01500000
v -0.05885390 -0.00330409 0.01500000
v -0.05883280 -0.00323473 0.01500000
v -0.05891580 -0.00271520 0.01500000
v -0.05889310 -0.00275239 0.01500000
v -0.05899730 -0.00263316 0.01500000
v -0.05898570 -0.00264182 0.01500000
v -0.04855560 -0.00405824 0.01500000
v -0.05845680 -0.00571942 0.01500000
v -0.05901460 -0.00556064 0.01500000
v -0.05945360 -0.00742994 0.01500000
v -0.05852540 -0.00648088 0.01500000
v -0.05848770 -0.00645896 0.01500000
v -0.05850000 -0.00646680 0.01500000
v -0.05846430 -0.00644176 0.01500000
v -0.05847580 -0.00645061 0.01500000
v -0.05844250 -0.00642262 0.01500000
v -0.05845320 -0.00643242 0.01500000
v -0.05838040 -0.00634257 0.01500000
v -0.05838770 -0.00635509 0.01500000
v -0.05772490 -0.00861582 0.01500000
v -0.05771440 -0.00862595 0.01500000
v -0.05773570 -0.00860616 0.01500000
v -0.05782170 -0.00855252 0.01500000
v -0.05786270 -0.00853781 0.01500000
v -0.05784880 -0.00854213 0.01500000
v -0.05791960 -0.00852653 0.01500000
v -0.05790520 -0.00852844 0.01500000
v -0.05765790 -0.00937523 0.01500000
v -0.05766920 -0.00938430 0.01500000
v -0.05764690 -0.00936568 0.01500000
v -0.05753630 -0.00913578 0.01500000
v -0.05753750 -0.00915025 0.01500000
v -0.05764250 -0.00873417 0.01500000
v -0.05755270 -0.00900686 0.01500000
v -0.05765480 -0.00870786 0.01500000
v -0.05764840 -0.00872088 0.01500000
v -0.05654890 -0.01220870 0.01500000
v -0.05656000 -0.01221800 0.01500000
v -0.05648310 -0.01213170 0.01500000
v -0.05645150 -0.01206640 0.01500000
v -0.05645670 -0.01208000 0.01500000
v -0.05643670 -0.01201030 0.01500000
v -0.05643950 -0.01202450 0.01500000
v -0.05643270 -0.01192340 0.01500000
v -0.05643190 -0.01193790 0.01500000
v -0.05644240 -0.01186620 0.01500000
v -0.05643910 -0.01188030 0.01500000
v -0.05645090 -0.01183840 0.01500000
v -0.05644640 -0.01185220 0.01500000
v -0.05535870 -0.01412600 0.01500000
v -0.05534580 -0.01413270 0.01500000
v -0.05542680 -0.01410130 0.01500000
v -0.05541280 -0.01410510 0.01500000
v -0.05546970 -0.01409360 0.01500000
v -0.05548420 -0.01409220 0.01500000
v -0.05554220 -0.01409300 0.01500000
v -0.05552770 -0.01409190 0.01500000
v -0.05557090 -0.01409710 0.01500000
v -0.05555660 -0.01409480 0.01500000
v -0.05506520 -0.01479410 0.01500000
v -0.05503710 -0.01466720 0.01500000
v -0.05503780 -0.01468170 0.01500000
v -0.05503710 -0.01465270 0.01500000
v -0.05341940 -0.01738590 0.01500000
v -0.05342730 -0.01739800 0.01500000
v -0.05338750 -0.01732070 0.01500000
v -0.05338600 -0.01709270 0.01500000
v -0.05338160 -0.01710660 0.01500000
v -0.05339670 -0.01706570 0.01500000
v -0.05339110 -0.01707910 0.01500000
v -0.05340970 -0.01703970 0.01500000
v -0.05340290 -0.01705260 0.01500000
v -0.05364420 -0.01673080 0.01500000
v -0.05363320 -0.01674030 0.01500000
v -0.05366740 -0.01671320 0.01500000
v -0.05365560 -0.01672170 0.01500000
v -0.05147260 -0.01941750 0.01500000
v -0.05146670 -0.01943080 0.01500000
v -0.05190150 -0.01903190 0.01500000
v -0.05188720 -0.01903450 0.01500000
v -0.05194480 -0.01902770 0.01500000
v -0.05197390 -0.01902800 0.01500000
v -0.05195940 -0.01902750 0.01500000
v -0.05182050 -0.02028730 0.01500000
v -0.05149680 -0.01975030 0.01500000
v -0.05200560 -0.02063940 0.01500000
v -0.05145850 -0.01967220 0.01500000
v -0.05146340 -0.01968590 0.01500000
v -0.05144710 -0.01963020 0.01500000
v -0.05145030 -0.01964440 0.01500000
v -0.05144450 -0.01961590 0.01500000
v -0.05144080 -0.01954350 0.01500000
v -0.05144370 -0.01951460 0.01500000
v -0.05144190 -0.01952900 0.01500000
v -0.05145250 -0.01947190 0.01500000
v -0.05145670 -0.01945800 0.01500000
v -0.05102900 -0.02182410 0.01500000
v -0.04603740 -0.02566740 0.01500000
v -0.04723900 -0.02471160 0.01500000
v -0.04507020 -0.02482790 0.01500000
v -0.04505730 -0.02482130 0.01500000
v -0.04510720 -0.02485100 0.01500000
v -0.04509520 -0.02484280 0.01500000
v -0.04514080 -0.02487860 0.01500000
v -0.04458490 -0.02650600 0.01500000
v -0.04434710 -0.02532090 0.01500000
v -0.04435010 -0.02533520 0.01500000
v -0.03890780 -0.01663150 0.01500000
v -0.04434220 -0.02523420 0.01500000
v -0.04435940 -0.02514890 0.01500000
v -0.04435510 -0.02516280 0.01500000
v -0.04450070 -0.02497000 0.01500000
v -0.04448850 -0.02497800 0.01500000
v -0.03962500 -0.01623800 0.01500000
v -0.04451310 -0.02496250 0.01500000
v -0.04162210 -0.02662680 0.01500000
v -0.04162460 -0.02667020 0.01500000
v -0.04162250 -0.02661220 0.01500000
v -0.03894510 -0.02741180 0.01500000
v -0.03893270 -0.02741930 0.01500000
v -0.03928480 -0.02729480 0.01500000
v -0.03937130 -0.02728570 0.01500000
v -0.03935670 -0.02728560 0.01500000
v -0.03940030 -0.02728750 0.01500000
v -0.03938580 -0.02728630 0.01500000
v -0.03942900 -0.02729190 0.01500000
v -0.04035590 -0.02838890 0.01500000
v -0.03877510 -0.02772760 0.01500000
v -0.03883820 -0.02750860 0.01500000
v -0.03885620 -0.02748570 0.01500000
v -0.03884700 -0.02749700 0.01500000
v -0.03648350 -0.02809180 0.01500000
v -0.03672410 -0.02826250 0.01500000
v -0.03671680 -0.02825000 0.01500000
v -0.03686970 -0.02853950 0.01500000
v -0.03581060 -0.02876460 0.01500000
v -0.03638220 -0.02808970 0.01500000
v -0.03644020 -0.02808720 0.01500000
v -0.03282940 -0.02886570 0.01500000
v -0.03277350 -0.02918830 0.01500000
v -0.03283740 -0.02883770 0.01500000
v -0.03283310 -0.02885160 0.01500000
v -0.03284770 -0.02881060 0.01500000
v -0.03284220 -0.02882400 0.01500000
v -0.03286730 -0.02877170 0.01500000
v -0.03286020 -0.02878440 0.01500000
v -0.03287500 -0.02875940 0.01500000
v -0.03342700 -0.02857680 0.01500000
v -0.03341250 -0.02857680 0.01500000
v -0.03345600 -0.02857850 0.01500000
v -0.03344150 -0.02857730 0.01500000
v -0.03416000 -0.02973220 0.01500000
v -0.03398390 -0.02937550 0.01500000
v -0.03047930 -0.02876430 0.01500000
v -0.03046530 -0.02876040 0.01500000
v -0.03061610 -0.02884410 0.01500000
v -0.03060530 -0.02883430 0.01500000
v -0.03065450 -0.02888770 0.01500000
v -0.03064560 -0.02887620 0.01500000
v -0.03068490 -0.02893710 0.01500000
v -0.03067810 -0.02892430 0.01500000
v -0.03070650 -0.02899100 0.01500000
v -0.03070200 -0.02897720 0.01500000
v -0.02793540 -0.03004490 0.01500000
v -0.02014410 -0.02838890 0.01500000
v -0.01446260 -0.02566740 0.01500000
v -0.00215212 -0.00626193 0.01500000
v -0.00038037 -0.00398264 0.01500000
v -0.00074014 -0.00245520 0.01500000
v -0.00150029 -0.00012903 0.01500000
v -0.00216192 0.00620472 0.01500000
v -0.00216039 0.00621917 0.01500000
v -0.00216314 0.00617570 0.01500000
v -0.00216284 0.00619022 0.01500000
v -0.00215537 0.00610361 0.01500000
v -0.00061159 0.00544251 0.01500000
v -0.00142576 0.00678402 0.01500000
v -0.00201227 0.00645896 0.01500000
v -0.00200004 0.00646680 0.01500000
v -0.00209597 0.00637913 0.01500000
v -0.00212647 0.00632975 0.01500000
v -0.00211964 0.00634257 0.01500000
v -0.00215212 0.00626193 0.01500000
v -0.00213846 0.00630329 0.01500000
v -0.00215548 0.00624780 0.01500000
v -0.00277513 0.00861582 0.01500000
v -0.00278555 0.00862595 0.01500000
v -0.00222421 0.00853690 0.01500000
v -0.00280696 0.00940096 0.01500000
v -0.00637346 0.01838390 0.01500000
v -0.01071740 0.02294640 0.01500000
v -0.01186610 0.02387650 0.01500000
v -0.01351910 0.02506260 0.01500000
v -0.01347050 0.02401610 0.01500000
v -0.01575070 0.02482640 0.01500000
v -0.01607280 0.02563840 0.01500000
v -0.01762130 0.02678390 0.01500000
v -0.02154210 0.02740480 0.01500000
v -0.02157940 0.02742740 0.01500000
v -0.02148860 0.02738250 0.01500000
v -0.02068330 0.02769120 0.01500000
v -0.02171300 0.02835450 0.01500000
v -0.02172350 0.02766960 0.01500000
v -0.02161350 0.02745450 0.01500000
v -0.02400220 0.02809450 0.01500000
v -0.02363030 0.02853950 0.01500000
v -0.02408880 0.02808720 0.01500000
v -0.02767610 0.02889420 0.01500000
v -0.02779480 0.02950990 0.01500000
v -0.03423260 0.02986960 0.01500000
v -0.03672410 0.02826250 0.01500000
v -0.03649780 0.02809450 0.01500000
v -0.04287870 0.02678390 0.01500000
v -0.04435510 0.02516280 0.01500000
v -0.04560920 0.02531710 0.01500000
v -0.04515130 0.02488880 0.01500000
v -0.04591510 0.02557140 0.01500000
v -0.04474930 0.02482640 0.01500000
v -0.04634070 0.02547830 0.01500000
v -0.04701060 0.02336250 0.01500000
v -0.04699030 0.02338320 0.01500000
v -0.04700020 0.02337260 0.01500000
v -0.04695520 0.02342950 0.01500000
v -0.04696320 0.02341740 0.01500000
v -0.04694070 0.02345470 0.01500000
v -0.04690700 0.02366620 0.01500000
v -0.04690490 0.02365180 0.01500000
v -0.04691280 0.02369470 0.01500000
v -0.04690960 0.02368050 0.01500000
v -0.04692110 0.02372250 0.01500000
v -0.04961720 0.02125170 0.01500000
v -0.04962930 0.02124360 0.01500000
v -0.04959420 0.02126930 0.01500000
v -0.04960550 0.02126030 0.01500000
v -0.04936080 0.02148260 0.01500000
v -0.04937060 0.02147180 0.01500000
v -0.04929160 0.02160900 0.01500000
v -0.04929600 0.02159520 0.01500000
v -0.04927990 0.02166590 0.01500000
v -0.04928190 0.02165150 0.01500000
v -0.04927770 0.02169480 0.01500000
v -0.04927850 0.02168030 0.01500000
v -0.04928080 0.02175280 0.01500000
v -0.04927750 0.02170940 0.01500000
v -0.04928950 0.02179550 0.01500000
v -0.04929360 0.02180940 0.01500000
v -0.04930950 0.02185000 0.01500000
v -0.05000030 0.02124680 0.01500000
v -0.04993590 0.02121340 0.01500000
v -0.04994930 0.02121900 0.01500000
v -0.04986590 0.02119450 0.01500000
v -0.04988020 0.02119710 0.01500000
v -0.04982250 0.02119040 0.01500000
v -0.04983700 0.02119120 0.01500000
v -0.04977900 0.02119190 0.01500000
v -0.04972190 0.02120250 0.01500000
v -0.04973600 0.02119900 0.01500000
v -0.04970800 0.02120670 0.01500000
v -0.05144900 0.01948600 0.01500000
v -0.05145250 0.01947190 0.01500000
v -0.05144120 0.01958700 0.01500000
v -0.05144040 0.01957250 0.01500000
v -0.05165610 0.02000260 0.01500000
v -0.05200280 0.01903080 0.01500000
v -0.05201710 0.01903310 0.01500000
v -0.05198840 0.01902910 0.01500000
v -0.05173260 0.01911080 0.01500000
v -0.05176720 0.01908450 0.01500000
v -0.05170150 0.01914140 0.01500000
v -0.05171140 0.01913080 0.01500000
v -0.05151030 0.01935550 0.01500000
v -0.05388740 0.01665350 0.01500000
v -0.05390180 0.01665490 0.01500000
v -0.05374450 0.01667320 0.01500000
v -0.04512540 0.01141430 0.01500000
v -0.05342480 0.01701490 0.01500000
v -0.05343320 0.01700300 0.01500000
v -0.05510100 0.01485720 0.01500000
v -0.05509280 0.01484520 0.01500000
v -0.05512860 0.01489080 0.01500000
v -0.05591740 0.01578740 0.01500000
v -0.05549870 0.01409150 0.01500000
v -0.05529730 0.01416460 0.01500000
v -0.05530890 0.01415590 0.01500000
v -0.05525500 0.01420430 0.01500000
v -0.05528610 0.01417390 0.01500000
v -0.05692020 0.01137460 0.01500000
v -0.05648310 0.01213170 0.01500000
v -0.05766930 0.00868269 0.01500000
v -0.05767740 0.00867059 0.01500000
v -0.05765480 0.00870786 0.01500000
v -0.05766180 0.00869512 0.01500000
v -0.05764250 0.00873417 0.01500000
v -0.05764840 0.00872088 0.01500000
v -0.05754180 0.00904902 0.01500000
v -0.05753630 0.00913578 0.01500000
v -0.05753570 0.00912126 0.01500000
v -0.05753940 0.00916466 0.01500000
v -0.05753750 0.00915025 0.01500000
v -0.05860450 0.00853699 0.01500000
v -0.05793410 0.00852524 0.01500000
v -0.05771440 0.00862595 0.01500000
v -0.05772490 0.00861582 0.01500000
v -0.05770450 0.00863651 0.01500000
v -0.05835180 0.00627591 0.01500000
v -0.05834790 0.00626193 0.01500000
v -0.05835640 0.00628970 0.01500000
v -0.05852540 0.00648088 0.01500000
v -0.05871680 0.00558005 0.01500000
v -0.05833810 0.00614668 0.01500000
v -0.05833970 0.00613224 0.01500000
v -0.05975990 0.00245520 0.01500000
v -0.04900000 -0.00000000 0.01500000
v -0.05909410 -0.00036606 0.01500000
v -0.05906610 -0.00033271 0.01500000
v -0.05904990 -0.00030861 0.01500000
v -0.05905780 -0.00032083 0.01500000
v -0.05900710 -0.00020116 0.01500000
v -0.05901040 -0.00021530 0.01500000
v -0.05833690 -0.00617570 0.01500000
v -0.05833720 -0.00619022 0.01500000
v -0.05833810 -0.00614668 0.01500000
v -0.05833720 -0.00616118 0.01500000
v -0.05834460 -0.00610361 0.01500000
v -0.05840990 -0.00580920 0.01500000
v -0.05840540 -0.00582303 0.01500000
v -0.05842670 -0.00576903 0.01500000
v -0.05842050 -0.00578217 0.01500000
v -0.05844070 -0.00574358 0.01500000
v -0.05843340 -0.00575615 0.01500000
v -0.05844850 -0.00573133 0.01500000
v -0.05988840 -0.00544251 0.01500000
v -0.05907420 -0.00678402 0.01500000
v -0.05851250 -0.00647411 0.01500000
v -0.05839560 -0.00636729 0.01500000
v -0.05836720 -0.00631665 0.01500000
v -0.05837350 -0.00632975 0.01500000
v -0.05835640 -0.00628970 0.01500000
v -0.05836150 -0.00630329 0.01500000
v -0.05834790 -0.00626193 0.01500000
v -0.05835180 -0.00627591 0.01500000
v -0.05834180 -0.00623354 0.01500000
v -0.05770450 -0.00863651 0.01500000
v -0.05783510 -0.00854704 0.01500000
v -0.05787670 -0.00853408 0.01500000
v -0.05789090 -0.00853095 0.01500000
v -0.05768100 -0.00939288 0.01500000
v -0.05753940 -0.00916466 0.01500000
v -0.05753750 -0.00907775 0.01500000
v -0.05753620 -0.00909222 0.01500000
v -0.05754480 -0.00903481 0.01500000
v -0.05754180 -0.00904902 0.01500000
v -0.05754850 -0.00902075 0.01500000
v -0.05678950 -0.01240880 0.01500000
v -0.05646250 -0.01209330 0.01500000
v -0.05644290 -0.01203860 0.01500000
v -0.05644690 -0.01205260 0.01500000
v -0.05727070 -0.01333940 0.01500000
v -0.05525500 -0.01420430 0.01500000
v -0.05524550 -0.01421530 0.01500000
v -0.05527530 -0.01418360 0.01500000
v -0.05526490 -0.01419370 0.01500000
v -0.05529730 -0.01416460 0.01500000
v -0.05528610 -0.01417390 0.01500000
v -0.05532080 -0.01414760 0.01500000
v -0.05530890 -0.01415590 0.01500000
v -0.05537190 -0.01411990 0.01500000
v -0.05533310 -0.01413990 0.01500000
v -0.05539890 -0.01410940 0.01500000
v -0.05538530 -0.01411440 0.01500000
v -0.05558520 -0.01410010 0.01500000
v -0.05572830 -0.01609070 0.01500000
v -0.05534710 -0.01511490 0.01500000
v -0.05556710 -0.01535920 0.01500000
v -0.05512860 -0.01489080 0.01500000
v -0.05503910 -0.01469620 0.01500000
v -0.05504960 -0.01456670 0.01500000
v -0.05504600 -0.01458070 0.01500000
v -0.05505860 -0.01453900 0.01500000
v -0.05505380 -0.01455280 0.01500000
v -0.05506990 -0.01451230 0.01500000
v -0.05343580 -0.01740980 0.01500000
v -0.05205940 -0.01904360 0.01500000
v -0.05204550 -0.01903950 0.01500000
v -0.04461330 -0.01205230 0.01500000
v -0.05305040 -0.01947900 0.01500000
v -0.05268080 -0.01933180 0.01500000
v -0.05165610 -0.02000260 0.01500000
v -0.05147510 -0.01971250 0.01500000
v -0.05146900 -0.01969930 0.01500000
v -0.05145410 -0.01965840 0.01500000
v -0.05000030 -0.02124680 0.01500000
v -0.04727700 -0.02486240 0.01500000
v -0.04480280 -0.02480380 0.01500000
v -0.04508290 -0.02483510 0.01500000
v -0.04591510 -0.02557140 0.01500000
v -0.04560920 -0.02531710 0.01500000
v -0.04449570 -0.02596000 0.01500000
v -0.04435370 -0.02534930 0.01500000
v -0.04456290 -0.02635210 0.01500000
v -0.04434360 -0.02521970 0.01500000
v -0.04435130 -0.02517680 0.01500000
v -0.04434810 -0.02519100 0.01500000
v -0.04436990 -0.02512190 0.01500000
v -0.04436440 -0.02513530 0.01500000
v -0.04445430 -0.02500500 0.01500000
v -0.04444370 -0.02501490 0.01500000
v -0.04265880 -0.02653950 0.01500000
v -0.04162670 -0.02668460 0.01500000
v -0.04170410 -0.02730680 0.01500000
v -0.04246800 -0.02631000 0.01500000
v -0.03898420 -0.02739250 0.01500000
v -0.03901140 -0.02738250 0.01500000
v -0.03941470 -0.02728940 0.01500000
v -0.03960570 -0.02738640 0.01500000
v -0.03959520 -0.02737630 0.01500000
v -0.03962520 -0.02740790 0.01500000
v -0.03961570 -0.02739690 0.01500000
v -0.03964290 -0.02743100 0.01500000
v -0.03963430 -0.02741920 0.01500000
v -0.03965100 -0.02744300 0.01500000
v -0.03878700 -0.02835450 0.01500000
v -0.03889750 -0.02744490 0.01500000
v -0.03670900 -0.02823770 0.01500000
v -0.03733300 -0.02928970 0.01500000
v -0.03642570 -0.02808690 0.01500000
v -0.03285370 -0.02879730 0.01500000
v -0.03385030 -0.02907510 0.01500000
v -0.03220810 -0.03007030 0.01500000
v -0.03039360 -0.02875000 0.01500000
v -0.03042250 -0.02875230 0.01500000
v -0.03040810 -0.02875080 0.01500000
v -0.03045120 -0.02875710 0.01500000
v -0.03043690 -0.02875440 0.01500000
v -0.03049310 -0.02876880 0.01500000
v -0.03053320 -0.02878580 0.01500000
v -0.03052010 -0.02877960 0.01500000
v -0.03055860 -0.02879990 0.01500000
v -0.03054610 -0.02879260 0.01500000
v -0.03058270 -0.02881610 0.01500000
v -0.03057080 -0.02880780 0.01500000
v -0.03069120 -0.02895020 0.01500000
v -0.03067070 -0.02891170 0.01500000
v -0.03069690 -0.02896360 0.01500000
v -0.00374402 -0.01433490 0.01500000
v -0.00215548 -0.00624780 0.01500000
v -0.00035461 -0.00235713 0.01500000
v -0.00051783 0.00390998 0.01500000
v -0.00117489 0.00360027 0.01500000
v -0.00042970 0.00433663 0.01500000
v -0.00178315 0.00558005 0.01500000
v -0.00108940 0.00699642 0.01500000
v -0.00198748 0.00647411 0.01500000
v -0.00213275 0.00631665 0.01500000
v -0.00279553 0.00863651 0.01500000
v -0.00134285 0.00851076 0.01500000
v -0.00198047 0.01000620 0.01500000
v -0.01336880 0.02432870 0.01500000
v -0.01576340 0.02483350 0.01500000
v -0.01734360 0.02706870 0.01500000
v -0.01877010 0.02770380 0.01500000
v -0.01883040 0.02697990 0.01500000
v -0.02159120 0.02743590 0.01500000
v -0.02151580 0.02739250 0.01500000
v -0.02152910 0.02739840 0.01500000
v -0.02150230 0.02738720 0.01500000
v -0.02014410 0.02838890 0.01500000
v -0.02172880 0.02875200 0.01500000
v -0.02316700 0.02928970 0.01500000
v -0.02626740 0.02986960 0.01500000
v -0.02789290 0.02989540 0.01500000
v -0.03733300 0.02928970 0.01500000
v -0.03686970 0.02853950 0.01500000
v -0.04173580 0.02785920 0.01500000
v -0.04246800 0.02631000 0.01500000
v -0.04315640 0.02706870 0.01500000
v -0.04536490 0.02509710 0.01500000
v -0.04713120 0.02432870 0.01500000
v -0.04765980 0.02318580 0.01500000
v -0.04694770 0.02344190 0.01500000
v -0.04690800 0.02355060 0.01500000
v -0.04691090 0.02353630 0.01500000
v -0.04690250 0.02360840 0.01500000
v -0.04690300 0.02359380 0.01500000
v -0.04690350 0.02363740 0.01500000
v -0.04690270 0.02362290 0.01500000
v -0.04691670 0.02370870 0.01500000
v -0.04966750 0.02122260 0.01500000
v -0.04968080 0.02121670 0.01500000
v -0.04964170 0.02123610 0.01500000
v -0.04938080 0.02146140 0.01500000
v -0.04939140 0.02145150 0.01500000
v -0.05053730 0.02157050 0.01500000
v -0.04992220 0.02120850 0.01500000
v -0.04996250 0.02122510 0.01500000
v -0.04989440 0.02120030 0.01500000
v -0.04990840 0.02120410 0.01500000
v -0.04985150 0.02119250 0.01500000
v -0.04975020 0.02119600 0.01500000
v -0.04976460 0.02119370 0.01500000
v -0.05145670 0.01945800 0.01500000
v -0.05144080 0.01954350 0.01500000
v -0.05144190 0.01952900 0.01500000
v -0.05144030 0.01955800 0.01500000
v -0.05144450 0.01961590 0.01500000
v -0.05144250 0.01960150 0.01500000
v -0.05145410 0.01965840 0.01500000
v -0.05145030 0.01964440 0.01500000
v -0.05146900 0.01969930 0.01500000
v -0.05148180 0.01972540 0.01500000
v -0.05147510 0.01971250 0.01500000
v -0.05207410 0.02077900 0.01500000
v -0.05203140 0.01903600 0.01500000
v -0.05177950 0.01907670 0.01500000
v -0.05172180 0.01912060 0.01500000
v -0.05146670 0.01943080 0.01500000
v -0.05147260 0.01941750 0.01500000
v -0.05387290 0.01665270 0.01500000
v -0.05391620 0.01665700 0.01500000
v -0.05380060 0.01665800 0.01500000
v -0.05381490 0.01665570 0.01500000
v -0.05377220 0.01666440 0.01500000
v -0.05378630 0.01666090 0.01500000
v -0.05375830 0.01666850 0.01500000
v -0.05362260 0.01675020 0.01500000
v -0.05363320 0.01674030 0.01500000
v -0.05358480 0.01679430 0.01500000
v -0.05336740 0.01719230 0.01500000
v -0.05336820 0.01717780 0.01500000
v -0.05505050 0.01475310 0.01500000
v -0.05504670 0.01473910 0.01500000
v -0.05513880 0.01490130 0.01500000
v -0.05692410 0.01401950 0.01500000
v -0.05588840 0.01417720 0.01500000
v -0.05621000 0.01424570 0.01500000
v -0.05554220 0.01409300 0.01500000
v -0.05555660 0.01409480 0.01500000
v -0.05551320 0.01409140 0.01500000
v -0.05552770 0.01409190 0.01500000
v -0.05532080 0.01414760 0.01500000
v -0.05523650 0.01422680 0.01500000
v -0.05524550 0.01421530 0.01500000
v -0.05522800 0.01423850 0.01500000
v -0.05768590 0.00865885 0.01500000
v -0.05763250 0.00876143 0.01500000
v -0.05754480 0.00903481 0.01500000
v -0.05900200 0.00852122 0.01500000
v -0.05834450 0.00624780 0.01500000
v -0.05973520 0.00546914 0.01500000
v -0.05914420 0.00257389 0.01500000
v -0.06014540 0.00235713 0.01500000
v -0.05899970 0.00012903 0.01500000
v -0.06036020 -0.00119580 0.01500000
v -0.05954220 -0.00054137 0.01500000
v -0.05985480 -0.00064287 0.01500000
v -0.05903580 -0.00028322 0.01500000
v -0.05904260 -0.00029606 0.01500000
v -0.05902390 -0.00025671 0.01500000
v -0.05902960 -0.00027009 0.01500000
v -0.05901430 -0.00022929 0.01500000
v -0.05899970 -0.00012903 0.01500000
v -0.05887540 -0.00279216 0.01500000
v -0.05887060 -0.00280588 0.01500000
v -0.05888660 -0.00276539 0.01500000
v -0.05888070 -0.00277865 0.01500000
v -0.05943830 -0.00252346 0.01500000
v -0.05914420 -0.00257389 0.01500000
v -0.05833810 -0.00620472 0.01500000
v -0.05833960 -0.00621917 0.01500000
v -0.05834190 -0.00611787 0.01500000
v -0.05841490 -0.00579557 0.01500000
v -0.05871680 -0.00558005 0.01500000
v -0.05941060 -0.00699642 0.01500000
v -0.05834450 -0.00624780 0.01500000
v -0.05769490 -0.00864748 0.01500000
v -0.05794860 -0.00852457 0.01500000
v -0.05793410 -0.00852524 0.01500000
v -0.05900200 -0.00852122 0.01500000
v -0.05860450 -0.00853699 0.01500000
v -0.05851700 -0.01044190 0.01500000
v -0.05794120 -0.00956665 0.01500000
v -0.05820720 -0.00975981 0.01500000
v -0.05753570 -0.00912126 0.01500000
v -0.05753930 -0.00906333 0.01500000
v -0.05753560 -0.00910674 0.01500000
v -0.05768590 -0.00865885 0.01500000
v -0.05767740 -0.00867059 0.01500000
v -0.05703390 -0.01262870 0.01500000
v -0.05522000 -0.01425070 0.01500000
v -0.05521250 -0.01426310 0.01500000
v -0.05522800 -0.01423850 0.01500000
v -0.05523650 -0.01422680 0.01500000
v -0.05660210 -0.01431290 0.01500000
v -0.05621000 -0.01424570 0.01500000
v -0.05513880 -0.01490130 0.01500000
v -0.05506400 -0.01452550 0.01500000
v -0.05344480 -0.01742120 0.01500000
v -0.05382290 -0.01792140 0.01500000
v -0.05208670 -0.01905360 0.01500000
v -0.05207310 -0.01904830 0.01500000
v -0.05210000 -0.01905950 0.01500000
v -0.05238060 -0.01919800 0.01500000
v -0.04863390 -0.02387650 0.01500000
v -0.04478900 -0.02480860 0.01500000
v -0.04477550 -0.02481400 0.01500000
v -0.04536490 -0.02509710 0.01500000
v -0.04442720 -0.02563840 0.01500000
v -0.04434550 -0.02520530 0.01500000
v -0.04446530 -0.02499550 0.01500000
v -0.04443360 -0.02502530 0.01500000
v -0.04447680 -0.02498650 0.01500000
v -0.04287870 -0.02678390 0.01500000
v -0.03892060 -0.02742740 0.01500000
v -0.03899770 -0.02738720 0.01500000
v -0.03877120 -0.02875200 0.01500000
v -0.03877460 -0.02769860 0.01500000
v -0.03887590 -0.02746440 0.01500000
v -0.03886580 -0.02747490 0.01500000
v -0.03888650 -0.02745450 0.01500000
v -0.03673090 -0.02827540 0.01500000
v -0.03373980 -0.02879790 0.01500000
v -0.03270520 -0.02950990 0.01500000
v -0.03037900 -0.02874970 0.01500000
v -0.03050670 -0.02877390 0.01500000
v -0.03059420 -0.02882500 0.01500000
v -0.03066280 -0.02889950 0.01500000
v -0.03103070 -0.02997800 0.01500000
v -0.03089290 -0.02960480 0.01500000
v -0.00020505 -0.00231464 0.01500000
v -0.00038037 0.00398264 0.01500000
v -0.00252237 0.00852508 0.01500000
v -0.01326100 0.02471160 0.01500000
v -0.01723210 0.02717700 0.01500000
v -0.02084900 0.02744300 0.01500000
v -0.02172550 0.02771310 0.01500000
v -0.02172480 0.02768410 0.01500000
v -0.02172540 0.02769860 0.01500000
v -0.02376910 0.02827540 0.01500000
v -0.02793540 0.03004490 0.01500000
v -0.04326790 0.02717700 0.01500000
v -0.04723900 0.02471160 0.01500000
v -0.04691440 0.02352220 0.01500000
v -0.04690400 0.02357930 0.01500000
v -0.04965450 0.02122910 0.01500000
v -0.05088940 0.02175560 0.01500000
v -0.04997540 0.02123180 0.01500000
v -0.05146140 0.01944430 0.01500000
v -0.05144710 0.01963020 0.01500000
v -0.05146340 0.01968590 0.01500000
v -0.05145850 0.01967220 0.01500000
v -0.05149680 0.01975030 0.01500000
v -0.05319640 0.01953260 0.01500000
v -0.05208670 0.01905360 0.01500000
v -0.05210000 0.01905950 0.01500000
v -0.05204550 0.01903950 0.01500000
v -0.05148610 0.01939170 0.01500000
v -0.05149360 0.01937930 0.01500000
v -0.05147910 0.01940450 0.01500000
v -0.05393050 0.01665960 0.01500000
v -0.05385840 0.01665250 0.01500000
v -0.05382930 0.01665400 0.01500000
v -0.05384380 0.01665300 0.01500000
v -0.05364420 0.01673080 0.01500000
v -0.05365560 0.01672170 0.01500000
v -0.05359360 0.01678270 0.01500000
v -0.05360280 0.01677140 0.01500000
v -0.05336970 0.01716340 0.01500000
v -0.05337170 0.01714900 0.01500000
v -0.05336760 0.01722140 0.01500000
v -0.05336720 0.01720690 0.01500000
v -0.05337540 0.01727890 0.01500000
v -0.05337250 0.01726470 0.01500000
v -0.05338290 0.01730700 0.01500000
v -0.05337880 0.01729300 0.01500000
v -0.05341190 0.01737340 0.01500000
v -0.05340500 0.01736060 0.01500000
v -0.05404380 0.01825220 0.01500000
v -0.05382290 0.01792140 0.01500000
v -0.05504300 0.01459490 0.01500000
v -0.05504600 0.01458070 0.01500000
v -0.05503880 0.01462370 0.01500000
v -0.05504060 0.01460930 0.01500000
v -0.05503710 0.01466720 0.01500000
v -0.05503710 0.01465270 0.01500000
v -0.05503910 0.01469620 0.01500000
v -0.05503780 0.01468170 0.01500000
v -0.05504360 0.01472490 0.01500000
v -0.05559930 0.01410370 0.01500000
v -0.05557090 0.01409710 0.01500000
v -0.05558520 0.01410010 0.01500000
v -0.05678950 0.01240880 0.01500000
v -0.05693460 0.01137670 0.01500000
v -0.05755680 0.01145410 0.01500000
v -0.05763720 0.00874769 0.01500000
v -0.05796310 0.00852452 0.01500000
v -0.06011960 0.00398264 0.01500000
v -0.06029490 0.00231464 0.01500000
v -0.05925490 -0.00046048 0.01500000
v -0.05901880 -0.00024311 0.01500000
v -0.05904790 -0.00348979 0.01500000
v -0.05962550 -0.00373390 0.01500000
v -0.05833970 -0.00613224 0.01500000
v -0.05827580 -0.00853690 0.01500000
v -0.05769300 -0.00940096 0.01500000
v -0.05675600 -0.01433490 0.01500000
v -0.05731870 -0.01290640 0.01500000
v -0.05588840 -0.01417720 0.01500000
v -0.05582140 -0.01566510 0.01500000
v -0.05457870 -0.01688120 0.01500000
v -0.05319640 -0.01953260 0.01500000
v -0.04978260 -0.02294640 0.01500000
v -0.04476230 -0.02481990 0.01500000
v -0.04474930 -0.02482640 0.01500000
v -0.04438270 -0.02509580 0.01500000
v -0.04437600 -0.02510870 0.01500000
v -0.04439760 -0.02507080 0.01500000
v -0.04438990 -0.02508310 0.01500000
v -0.04442390 -0.02503610 0.01500000
v -0.04315640 -0.02706870 0.01500000
v -0.04172990 -0.02770380 0.01500000
v -0.04166960 -0.02697990 0.01500000
v -0.03890880 -0.02743590 0.01500000
v -0.03877450 -0.02771310 0.01500000
v -0.03108860 -0.03012230 0.01500000
v -0.03260710 -0.02989540 0.01500000
v -0.03079140 -0.02929220 0.01500000
v -0.00061159 -0.00544251 0.01500000
v -0.00096029 0.00708305 0.01500000
v -0.00171050 0.00661973 0.01500000
v -0.01322300 0.02486240 0.01500000
v -0.02173920 0.02890720 0.01500000
v -0.02171310 0.02802580 0.01500000
v -0.04727700 0.02486240 0.01500000
v -0.04767120 0.02319480 0.01500000
v -0.04817140 0.02357290 0.01500000
v -0.04690570 0.02356490 0.01500000
v -0.04958320 0.02127890 0.01500000
v -0.04998800 0.02123900 0.01500000
v -0.05148900 0.01973800 0.01500000
v -0.05268080 0.01933180 0.01500000
v -0.05211300 0.01906590 0.01500000
v -0.05305040 0.01947900 0.01500000
v -0.05342640 0.01925900 0.01500000
v -0.05207310 0.01904830 0.01500000
v -0.05205940 0.01904360 0.01500000
v -0.05150170 0.01936720 0.01500000
v -0.05394470 0.01666280 0.01500000
v -0.05395870 0.01666670 0.01500000
v -0.05366740 0.01671320 0.01500000
v -0.05367950 0.01670520 0.01500000
v -0.05340970 0.01703970 0.01500000
v -0.05341700 0.01702720 0.01500000
v -0.05339670 0.01706570 0.01500000
v -0.05340290 0.01705260 0.01500000
v -0.05338600 0.01709270 0.01500000
v -0.05339110 0.01707910 0.01500000
v -0.05337770 0.01712060 0.01500000
v -0.05338160 0.01710660 0.01500000
v -0.05337440 0.01713470 0.01500000
v -0.05337020 0.01725030 0.01500000
v -0.05336860 0.01723590 0.01500000
v -0.05339860 0.01734760 0.01500000
v -0.05339280 0.01733430 0.01500000
v -0.05342730 0.01739800 0.01500000
v -0.05341940 0.01738590 0.01500000
v -0.05362960 0.01765550 0.01500000
v -0.05505860 0.01453900 0.01500000
v -0.05506400 0.01452550 0.01500000
v -0.05504960 0.01456670 0.01500000
v -0.05505380 0.01455280 0.01500000
v -0.05503760 0.01463820 0.01500000
v -0.05504110 0.01471060 0.01500000
v -0.05660210 0.01431290 0.01500000
v -0.05703390 0.01262870 0.01500000
v -0.05656000 0.01221800 0.01500000
v -0.05915720 0.00851076 0.01500000
v -0.05827580 0.00853690 0.01500000
v -0.05794860 0.00852457 0.01500000
v -0.06022800 -0.00078070 0.01500000
v -0.05975990 -0.00245520 0.01500000
v -0.05953970 -0.00708305 0.01500000
v -0.05878950 -0.00661973 0.01500000
v -0.05796310 -0.00852452 0.01500000
v -0.05915720 -0.00851076 0.01500000
v -0.05851950 -0.01000620 0.01500000
v -0.05742700 -0.01301790 0.01500000
v -0.05496160 -0.01698900 0.01500000
v -0.05404380 -0.01825220 0.01500000
v -0.05362960 -0.01765550 0.01500000
v -0.05390680 -0.01866580 0.01500000
v -0.05211300 -0.01906590 0.01500000
v -0.04515130 -0.02488880 0.01500000
v -0.04441460 -0.02504730 0.01500000
v -0.04440590 -0.02505890 0.01500000
v -0.04326790 -0.02717700 0.01500000
v -0.04140450 -0.02799340 0.01500000
v -0.03876080 -0.02890720 0.01500000
v -0.03878690 -0.02802580 0.01500000
v -0.03423260 -0.02986960 0.01500000
v -0.03256460 -0.03004490 0.01500000
v -0.00186113 0.01010590 0.01500000
v -0.00239082 0.01148580 0.01500000
v -0.01909550 0.02799340 0.01500000
v -0.04891580 0.02365680 0.01500000
v -0.04850220 0.02379380 0.01500000
v -0.05102900 0.02182410 0.01500000
v -0.05025260 0.02140610 0.01500000
v -0.05238060 0.01919800 0.01500000
v -0.05397250 0.01667110 0.01500000
v -0.05361250 0.01676060 0.01500000
v -0.05338750 0.01732070 0.01500000
v -0.05343580 0.01740980 0.01500000
v -0.05344480 0.01742120 0.01500000
v -0.05531260 0.01673090 0.01500000
v -0.05426610 0.01677950 0.01500000
v -0.05506990 0.01451230 0.01500000
v -0.05507640 0.01449930 0.01500000
v -0.05731870 0.01290640 0.01500000
v -0.05795380 0.01147990 0.01500000
v -0.05722990 0.01141960 0.01500000
v -0.05824340 0.01115450 0.01500000
v -0.05988840 0.00544251 0.01500000
v -0.06014540 -0.00235713 0.01500000
v -0.05998220 -0.00390998 0.01500000
v -0.05932510 -0.00360027 0.01500000
v -0.06007030 -0.00433663 0.01500000
v -0.05797760 -0.00852508 0.01500000
v -0.05810920 -0.01148580 0.01500000
v -0.05559930 -0.01410370 0.01500000
v -0.05511240 -0.01702700 0.01500000
v -0.05412650 -0.01838390 0.01500000
v -0.04473660 -0.02483350 0.01500000
v -0.04173580 -0.02785920 0.01500000
v -0.03071050 -0.02900490 0.01500000
v -0.01876420 0.02785920 0.01500000
v -0.04790550 0.02337960 0.01500000
v -0.04863390 0.02387650 0.01500000
v -0.05457870 0.01688120 0.01500000
v -0.05742700 0.01301790 0.01500000
v -0.05810920 0.01148580 0.01500000
v -0.06029490 -0.00231464 0.01500000
v -0.06011960 -0.00398264 0.01500000
v -0.04035590 0.02838890 0.01500000
v -0.05398610 0.01667610 0.01500000
v -0.05496160 0.01698900 0.01500000
v -0.05508350 0.01448660 0.01500000
v -0.05591740 -0.01578740 0.01500000
v -0.05511240 0.01702700 0.01500000
v -0.06037230 -0.00083859 0.01500000
v -0.05412650 0.01838390 0.01500000
v -0.05863890 -0.01010590 0.01500000
v -0.05675600 0.01433490 0.01500000
v 0.00010632 0.00528788 0.01460770
v -0.00034948 0.00539163 0.01485640
v 0.00042731 0.00446126 0.01450000
v 0.00030446 0.00523690 0.01450000
v -0.00014682 0.00411203 0.01485640
v 0.00025462 0.00435155 0.01460770
v 0.00042731 0.00446126 0.00550000
v 0.00030446 0.00523690 0.00550000
v -0.00076477 0.00546914 0.00500000
v -0.00148539 0.00556064 0.00500000
v -0.00178315 0.00558005 0.00500000
v -0.00034948 0.00539163 0.00514362
v -0.00061159 0.00544251 0.00500000
v 0.00010632 0.00528788 0.00539229
v -0.00115844 0.00552637 0.00500000
v -0.00117489 0.00360027 0.00500000
v -0.00051783 0.00390998 0.00500000
v -0.00038037 0.00398264 0.00500000
v -0.00014682 0.00411203 0.00514362
v 0.00025462 0.00435155 0.00539229
v -0.00145209 0.00348979 0.00500000
v -0.00087454 0.00373390 0.00500000
v -0.00054912 0.00509060 0.00500000
v -0.00061271 0.00843201 0.01460770
v -0.00107686 0.00848755 0.01485640
v -0.00020708 0.00764347 0.01450000
v -0.00041033 0.00840202 0.01450000
v -0.00074155 0.00723614 0.01485640
v -0.00036735 0.00751631 0.01460770
v -0.00020708 0.00764347 0.00550000
v -0.00041033 0.00840202 0.00550000
v -0.00189547 0.00853699 0.00500000
v -0.00222421 0.00853690 0.00500000
v -0.00252237 0.00852508 0.00500000
v -0.00107686 0.00848755 0.00514362
v -0.00134285 0.00851076 0.00500000
v -0.00149797 0.00852122 0.00500000
v -0.00061271 0.00843201 0.00539229
v -0.00171050 0.00661973 0.00500000
v -0.00142576 0.00678402 0.00500000
v -0.00108940 0.00699642 0.00500000
v -0.00096029 0.00708305 0.00500000
v -0.00074155 0.00723614 0.00514362
v -0.00036735 0.00751631 0.00539229
v -0.00197463 0.00648088 0.00500000
v -0.00124394 0.00816730 0.00500000
v -0.00165645 0.01148380 0.01460770
v -0.00212386 0.01149050 0.01485640
v -0.00117061 0.01074190 0.01450000
v -0.00145204 0.01147510 0.01450000
v -0.00165958 0.01028100 0.01485640
v -0.00131672 0.01059870 0.01460770
v -0.00117061 0.01074190 0.00550000
v -0.00145204 0.01147510 0.00550000
v -0.00254619 0.01147990 0.00500000
v -0.00294315 0.01145410 0.00500000
v -0.00327008 0.01141960 0.00500000
v -0.00356538 0.01137670 0.00500000
v -0.00212386 0.01149050 0.00514362
v -0.00239082 0.01148580 0.00500000
v -0.00165645 0.01148380 0.00539229
v -0.00255879 0.00956665 0.00500000
v -0.00229278 0.00975981 0.00500000
v -0.00186113 0.01010590 0.00500000
v -0.00165958 0.01028100 0.00514362
v -0.00198047 0.01000620 0.00500000
v -0.00131672 0.01059870 0.00539229
v -0.00280696 0.00940096 0.00500000
v -0.00225655 0.01115450 0.00500000
v -0.01965130 0.02893330 0.01460770
v -0.01996900 0.02859040 0.01485640
v -0.01877490 0.02879800 0.01450000
v -0.01950810 0.02907940 0.01450000
v -0.01875950 0.02812610 0.01485640
v -0.01876620 0.02859350 0.01460770
v -0.01877490 0.02879800 0.00550000
v -0.01950810 0.02907940 0.00550000
v -0.02049020 0.02795720 0.00500000
v -0.02068330 0.02769120 0.00500000
v -0.02084900 0.02744300 0.00500000
v -0.01996900 0.02859040 0.00514362
v -0.02014410 0.02838890 0.00500000
v -0.02024380 0.02826950 0.00500000
v -0.01965130 0.02893330 0.00539229
v -0.01879590 0.02730680 0.00500000
v -0.01877010 0.02770380 0.00500000
v -0.01883040 0.02697990 0.00500000
v -0.01876420 0.02785920 0.00500000
v -0.01875950 0.02812610 0.00514362
v -0.01876620 0.02859350 0.00539229
v -0.01887330 0.02668460 0.00500000
v -0.01980810 0.02826700 0.00500000
v -0.01588250 0.02677100 0.01485640
v -0.01584030 0.02723650 0.01460770
v -0.01668500 0.02766690 0.01460770
v -0.01703680 0.02735910 0.01485640
v -0.01582760 0.02744070 0.01450000
v -0.01652730 0.02779720 0.01450000
v -0.01582760 0.02744070 0.00550000
v -0.01652730 0.02779720 0.00550000
v -0.01600430 0.02596000 0.00500000
v -0.01593710 0.02635210 0.00500000
v -0.01607280 0.02563840 0.00500000
v -0.01591510 0.02650600 0.00500000
v -0.01588250 0.02677100 0.00514362
v -0.01584030 0.02723650 0.00539229
v -0.01614630 0.02534930 0.00500000
v -0.01762130 0.02678390 0.00500000
v -0.01784120 0.02653950 0.00500000
v -0.01803200 0.02631000 0.00500000
v -0.01703680 0.02735910 0.00514362
v -0.01723210 0.02717700 0.00500000
v -0.01734360 0.02706870 0.00500000
v -0.01668500 0.02766690 0.00539229
v -0.01691060 0.02702070 0.00500000
v -0.01122910 0.02424200 0.01460770
v -0.01163730 0.02401410 0.01485640
v -0.01043750 0.02384250 0.01450000
v -0.01104780 0.02433670 0.01450000
v -0.01063050 0.02319880 0.01485640
v -0.01049240 0.02364540 0.01460770
v -0.01043750 0.02384250 0.00550000
v -0.01104780 0.02433670 0.00550000
v -0.01232860 0.02357290 0.00500000
v -0.01259450 0.02337960 0.00500000
v -0.01282880 0.02319480 0.00500000
v -0.01163730 0.02401410 0.00514362
v -0.01186610 0.02387650 0.00500000
v -0.01199780 0.02379380 0.00500000
v -0.01122910 0.02424200 0.00539229
v -0.01091820 0.02243080 0.00500000
v -0.01105200 0.02213060 0.00500000
v -0.01071740 0.02294640 0.00500000
v -0.01063050 0.02319880 0.00514362
v -0.01077100 0.02280040 0.00500000
v -0.01049240 0.02364540 0.00539229
v -0.01118410 0.02186300 0.00500000
v -0.01158420 0.02365680 0.00500000
v -0.01316290 0.02512250 0.01485640
v -0.01307230 0.02558110 0.01460770
v -0.01386730 0.02609740 0.01460770
v -0.01424940 0.02582810 0.01485640
v -0.01303820 0.02578280 0.01450000
v -0.01369690 0.02621060 0.01450000
v -0.01303820 0.02578280 0.00550000
v -0.01369690 0.02621060 0.00550000
v -0.01336880 0.02432870 0.00500000
v -0.01326100 0.02471160 0.00500000
v -0.01347050 0.02401610 0.00500000
v -0.01322300 0.02486240 0.00500000
v -0.01316290 0.02512250 0.00514362
v -0.01307230 0.02558110 0.00539229
v -0.01357390 0.02373610 0.00500000
v -0.01458490 0.02557140 0.00500000
v -0.01489080 0.02531710 0.00500000
v -0.01513510 0.02509710 0.00500000
v -0.01534870 0.02488880 0.00500000
v -0.01424940 0.02582810 0.00514362
v -0.01446260 0.02566740 0.00500000
v -0.01386730 0.02609740 0.00539229
v -0.01415930 0.02547830 0.00500000
v -0.00660460 0.01975760 0.01460770
v -0.00705121 0.01961950 0.01485640
v -0.00591330 0.01920220 0.01450000
v -0.00640751 0.01981250 0.01450000
v -0.00623589 0.01861270 0.01485640
v -0.00600800 0.01902090 0.01460770
v -0.00591330 0.01920220 0.00550000
v -0.00640751 0.01981250 0.00550000
v -0.00781915 0.01933180 0.00500000
v -0.00811943 0.01919800 0.00500000
v -0.00838701 0.01906590 0.00500000
v -0.00730364 0.01953260 0.00500000
v -0.00705121 0.01961950 0.00514362
v -0.00660460 0.01975760 0.00539229
v -0.00744961 0.01947900 0.00500000
v -0.00667705 0.01792140 0.00500000
v -0.00645617 0.01825220 0.00500000
v -0.00687036 0.01765550 0.00500000
v -0.00637346 0.01838390 0.00500000
v -0.00623589 0.01861270 0.00514362
v -0.00600800 0.01902090 0.00539229
v -0.00705517 0.01742120 0.00500000
v -0.00707358 0.01925900 0.00500000
v -0.00831300 0.02102090 0.01485640
v -0.00812902 0.02145060 0.01460770
v -0.00879936 0.02212100 0.01460770
v -0.00922909 0.02193700 0.01485640
v -0.00805380 0.02164090 0.01450000
v -0.00860910 0.02219620 0.01450000
v -0.00805380 0.02164090 0.00550000
v -0.00860910 0.02219620 0.00550000
v -0.00867948 0.02028730 0.00500000
v -0.00849439 0.02063940 0.00500000
v -0.00884393 0.02000260 0.00500000
v -0.00842589 0.02077900 0.00500000
v -0.00831300 0.02102090 0.00514362
v -0.00812902 0.02145060 0.00539229
v -0.00900325 0.01975030 0.00500000
v -0.00996275 0.02157050 0.00500000
v -0.01024740 0.02140610 0.00500000
v -0.01049970 0.02124680 0.00500000
v -0.00922909 0.02193700 0.00514362
v -0.00947105 0.02182410 0.00500000
v -0.00879936 0.02212100 0.00539229
v -0.00961063 0.02175560 0.00500000
v -0.00921366 0.02157610 0.00500000
v -0.00442188 0.01600060 0.01485640
v -0.00415258 0.01638270 0.01460770
v -0.00466890 0.01717770 0.01460770
v -0.00512749 0.01708710 0.01485640
v -0.00403944 0.01655310 0.01450000
v -0.00446715 0.01721180 0.01450000
v -0.00403944 0.01655310 0.00550000
v -0.00446715 0.01721180 0.00550000
v -0.00515293 0.01511490 0.00500000
v -0.00493289 0.01535920 0.00500000
v -0.00458262 0.01578740 0.00500000
v -0.00442188 0.01600060 0.00514362
v -0.00467864 0.01566510 0.00500000
v -0.00415258 0.01638270 0.00539229
v -0.00536122 0.01490130 0.00500000
v -0.00592131 0.01688120 0.00500000
v -0.00623393 0.01677950 0.00500000
v -0.00651385 0.01667610 0.00500000
v -0.00512749 0.01708710 0.00514362
v -0.00538763 0.01702700 0.00500000
v -0.00553840 0.01698900 0.00500000
v -0.00466890 0.01717770 0.00539229
v -0.00518743 0.01673090 0.00500000
v -0.00289086 0.01321320 0.01485640
v -0.00258308 0.01356500 0.01460770
v -0.00301347 0.01440970 0.01460770
v -0.00347902 0.01436750 0.01485640
v -0.00245275 0.01372270 0.01450000
v -0.00280928 0.01442240 0.01450000
v -0.00245275 0.01372270 0.00550000
v -0.00280928 0.01442240 0.00550000
v -0.00371048 0.01240880 0.00500000
v -0.00346611 0.01262870 0.00500000
v -0.00307299 0.01301790 0.00500000
v -0.00289086 0.01321320 0.00514362
v -0.00318127 0.01290640 0.00500000
v -0.00258308 0.01356500 0.00539229
v -0.00393996 0.01221800 0.00500000
v -0.00389794 0.01431290 0.00500000
v -0.00461156 0.01417720 0.00500000
v -0.00490075 0.01410370 0.00500000
v -0.00347902 0.01436750 0.00514362
v -0.00374402 0.01433490 0.00500000
v -0.00301347 0.01440970 0.00539229
v -0.00429002 0.01424570 0.00500000
v -0.00357587 0.01401950 0.00500000
v -0.02273370 0.02988270 0.01460770
v -0.02301390 0.02950850 0.01485640
v -0.02184800 0.02983970 0.01450000
v -0.02260650 0.03004290 0.01450000
v -0.02176250 0.02917310 0.01485640
v -0.02181800 0.02963730 0.01460770
v -0.02184800 0.02983970 0.00550000
v -0.02260650 0.03004290 0.00550000
v -0.02346600 0.02882420 0.00500000
v -0.02363030 0.02853950 0.00500000
v -0.02376910 0.02827540 0.00500000
v -0.02301390 0.02950850 0.00514362
v -0.02316700 0.02928970 0.00500000
v -0.02325360 0.02916060 0.00500000
v -0.02273370 0.02988270 0.00539229
v -0.02171300 0.02835450 0.00500000
v -0.02172880 0.02875200 0.00500000
v -0.02171310 0.02802580 0.00500000
v -0.02173920 0.02890720 0.00500000
v -0.02176250 0.02917310 0.00514362
v -0.02181800 0.02963730 0.00539229
v -0.02172490 0.02772760 0.00500000
v -0.02282010 0.02920360 0.00500000
v -0.02589850 0.03050460 0.01460770
v -0.02613800 0.03010320 0.01485640
v -0.02501310 0.03055450 0.01450000
v -0.02578870 0.03067730 0.01450000
v -0.02485840 0.02990050 0.01485640
v -0.02496210 0.03035630 0.01460770
v -0.02501310 0.03055450 0.00550000
v -0.02578870 0.03067730 0.00550000
v -0.02651610 0.02937550 0.00500000
v -0.02664970 0.02907510 0.00500000
v -0.02676020 0.02879790 0.00500000
v -0.02626740 0.02986960 0.00500000
v -0.02613800 0.03010320 0.00514362
v -0.02589850 0.03050460 0.00539229
v -0.02634000 0.02973220 0.00500000
v -0.02468940 0.02876460 0.00500000
v -0.02472360 0.02909160 0.00500000
v -0.02480750 0.02963840 0.00500000
v -0.02485840 0.02990050 0.00514362
v -0.02478090 0.02948520 0.00500000
v -0.02496210 0.03035630 0.00539229
v -0.02466990 0.02846680 0.00500000
v -0.02591340 0.02982030 0.00500000
v -0.02911090 0.03079240 0.01460770
v -0.02930710 0.03036810 0.01485640
v -0.02823560 0.03093450 0.01450000
v -0.02901980 0.03097560 0.01450000
v -0.02801340 0.03030030 0.01485640
v -0.02816420 0.03074280 0.01460770
v -0.02823560 0.03093450 0.00550000
v -0.02901980 0.03097560 0.00550000
v -0.02960710 0.02960480 0.00500000
v -0.02970860 0.02929220 0.00500000
v -0.02978950 0.02900490 0.00500000
v -0.02930710 0.03036810 0.00514362
v -0.02941140 0.03012230 0.00500000
v -0.02911090 0.03079240 0.00539229
v -0.02946930 0.02997800 0.00500000
v -0.02779480 0.02950990 0.00500000
v -0.02789290 0.02989540 0.00500000
v -0.02772650 0.02918830 0.00500000
v -0.02793540 0.03004490 0.00500000
v -0.02801340 0.03030030 0.00514362
v -0.02816420 0.03074280 0.00539229
v -0.02767610 0.02889420 0.00500000
v -0.02905420 0.03011020 0.00500000
v -0.03233580 0.03074280 0.01460770
v -0.03248660 0.03030030 0.01485640
v -0.03148020 0.03097560 0.01450000
v -0.03226440 0.03093450 0.01450000
v -0.03119290 0.03036810 0.01485640
v -0.03138910 0.03079240 0.01460770
v -0.03148020 0.03097560 0.00550000
v -0.03226440 0.03093450 0.00550000
v -0.03270520 0.02950990 0.00500000
v -0.03277350 0.02918830 0.00500000
v -0.03282390 0.02889420 0.00500000
v -0.03256460 0.03004490 0.00500000
v -0.03248660 0.03030030 0.00514362
v -0.03233580 0.03074280 0.00539229
v -0.03260710 0.02989540 0.00500000
v -0.03079140 0.02929220 0.00500000
v -0.03089290 0.02960480 0.00500000
v -0.03103070 0.02997800 0.00500000
v -0.03108860 0.03012230 0.00500000
v -0.03119290 0.03036810 0.00514362
v -0.03138910 0.03079240 0.00539229
v -0.03071050 0.02900490 0.00500000
v -0.03220810 0.03007030 0.00500000
v -0.03553790 0.03035630 0.01460770
v -0.03564160 0.02990050 0.01485640
v -0.03471130 0.03067730 0.01450000
v -0.03548690 0.03055450 0.01450000
v -0.03436200 0.03010320 0.01485640
v -0.03460150 0.03050460 0.01460770
v -0.03471130 0.03067730 0.00550000
v -0.03548690 0.03055450 0.00550000
v -0.03577640 0.02909160 0.00500000
v -0.03581060 0.02876460 0.00500000
v -0.03583010 0.02846680 0.00500000
v -0.03564160 0.02990050 0.00514362
v -0.03569250 0.02963840 0.00500000
v -0.03571910 0.02948520 0.00500000
v -0.03553790 0.03035630 0.00539229
v -0.03398390 0.02937550 0.00500000
v -0.03385030 0.02907510 0.00500000
v -0.03423260 0.02986960 0.00500000
v -0.03436200 0.03010320 0.00514362
v -0.03416000 0.02973220 0.00500000
v -0.03460150 0.03050460 0.00539229
v -0.03373980 0.02879790 0.00500000
v -0.03534060 0.02970090 0.00500000
v -0.03868200 0.02963730 0.01460770
v -0.03873750 0.02917310 0.01485640
v -0.03789350 0.03004290 0.01450000
v -0.03865200 0.02983970 0.01450000
v -0.03748610 0.02950850 0.01485640
v -0.03776630 0.02988270 0.01460770
v -0.03789350 0.03004290 0.00550000
v -0.03865200 0.02983970 0.00550000
v -0.03878700 0.02835450 0.00500000
v -0.03878690 0.02802580 0.00500000
v -0.03877510 0.02772760 0.00500000
v -0.03873750 0.02917310 0.00514362
v -0.03876080 0.02890720 0.00500000
v -0.03877120 0.02875200 0.00500000
v -0.03868200 0.02963730 0.00539229
v -0.03686970 0.02853950 0.00500000
v -0.03703400 0.02882420 0.00500000
v -0.03724640 0.02916060 0.00500000
v -0.03733300 0.02928970 0.00500000
v -0.03748610 0.02950850 0.00514362
v -0.03776630 0.02988270 0.00539229
v -0.03673090 0.02827540 0.00500000
v -0.03841730 0.02900610 0.00500000
v -0.04173380 0.02859350 0.01460770
v -0.04174050 0.02812610 0.01485640
v -0.04099190 0.02907940 0.01450000
v -0.04172510 0.02879800 0.01450000
v -0.04053100 0.02859040 0.01485640
v -0.04084870 0.02893330 0.01460770
v -0.04099190 0.02907940 0.00550000
v -0.04172510 0.02879800 0.00550000
v -0.04170410 0.02730680 0.00500000
v -0.04166960 0.02697990 0.00500000
v -0.04162670 0.02668460 0.00500000
v -0.04174050 0.02812610 0.00514362
v -0.04173580 0.02785920 0.00500000
v -0.04172990 0.02770380 0.00500000
v -0.04173380 0.02859350 0.00539229
v -0.04000980 0.02795720 0.00500000
v -0.04025620 0.02826950 0.00500000
v -0.03981670 0.02769120 0.00500000
v -0.04035590 0.02838890 0.00500000
v -0.04053100 0.02859040 0.00514362
v -0.04084870 0.02893330 0.00539229
v -0.03965100 0.02744300 0.00500000
v -0.04140450 0.02799340 0.00500000
v -0.04465970 0.02723650 0.01460770
v -0.04461750 0.02677100 0.01485640
v -0.04397270 0.02779720 0.01450000
v -0.04467240 0.02744070 0.01450000
v -0.04346320 0.02735910 0.01485640
v -0.04381500 0.02766690 0.01460770
v -0.04397270 0.02779720 0.00550000
v -0.04467240 0.02744070 0.00550000
v -0.04449570 0.02596000 0.00500000
v -0.04442720 0.02563840 0.00500000
v -0.04435370 0.02534930 0.00500000
v -0.04461750 0.02677100 0.00514362
v -0.04458490 0.02650600 0.00500000
v -0.04456290 0.02635210 0.00500000
v -0.04465970 0.02723650 0.00539229
v -0.04287870 0.02678390 0.00500000
v -0.04315640 0.02706870 0.00500000
v -0.04265880 0.02653950 0.00500000
v -0.04326790 0.02717700 0.00500000
v -0.04346320 0.02735910 0.00514362
v -0.04381500 0.02766690 0.00539229
v -0.04246800 0.02631000 0.00500000
v -0.04426950 0.02667410 0.00500000
v -0.06013270 0.00751631 0.01460770
v -0.05975850 0.00723614 0.01485640
v -0.06008970 0.00840202 0.01450000
v -0.06029290 0.00764347 0.01450000
v -0.05942310 0.00848755 0.01485640
v -0.05988730 0.00843201 0.01460770
v -0.06008970 0.00840202 0.00550000
v -0.06029290 0.00764347 0.00550000
v -0.05907420 0.00678402 0.00500000
v -0.05878950 0.00661973 0.00500000
v -0.05852540 0.00648088 0.00500000
v -0.05953970 0.00708305 0.00500000
v -0.05975850 0.00723614 0.00514362
v -0.06013270 0.00751631 0.00539229
v -0.05941060 0.00699642 0.00500000
v -0.05827580 0.00853690 0.00500000
v -0.05860450 0.00853699 0.00500000
v -0.05900200 0.00852122 0.00500000
v -0.05915720 0.00851076 0.00500000
v -0.05942310 0.00848755 0.00514362
v -0.05988730 0.00843201 0.00539229
v -0.05797760 0.00852508 0.00500000
v -0.05945360 0.00742994 0.00500000
v -0.05837610 0.01149050 0.01485640
v -0.05884350 0.01148380 0.01460770
v -0.05918330 0.01059870 0.01460770
v -0.05884040 0.01028100 0.01485640
v -0.05904800 0.01147510 0.01450000
v -0.05932940 0.01074190 0.01450000
v -0.05904800 0.01147510 0.00550000
v -0.05932940 0.01074190 0.00550000
v -0.05722990 0.01141960 0.00500000
v -0.05795380 0.01147990 0.00500000
v -0.05810920 0.01148580 0.00500000
v -0.05837610 0.01149050 0.00514362
v -0.05884350 0.01148380 0.00539229
v -0.05693460 0.01137670 0.00500000
v -0.05755680 0.01145410 0.00500000
v -0.05851950 0.01000620 0.00500000
v -0.05820720 0.00975981 0.00500000
v -0.05794120 0.00956665 0.00500000
v -0.05769300 0.00940096 0.00500000
v -0.05884040 0.01028100 0.00514362
v -0.05863890 0.01010590 0.00500000
v -0.05918330 0.01059870 0.00539229
v -0.05851700 0.01044190 0.00500000
v -0.05702100 0.01436750 0.01485640
v -0.05748650 0.01440970 0.01460770
v -0.05791690 0.01356500 0.01460770
v -0.05760910 0.01321320 0.01485640
v -0.05769070 0.01442240 0.01450000
v -0.05804720 0.01372270 0.01450000
v -0.05769070 0.01442240 0.00550000
v -0.05804720 0.01372270 0.00550000
v -0.05621000 0.01424570 0.00500000
v -0.05660210 0.01431290 0.00500000
v -0.05588840 0.01417720 0.00500000
v -0.05675600 0.01433490 0.00500000
v -0.05702100 0.01436750 0.00514362
v -0.05748650 0.01440970 0.00539229
v -0.05559930 0.01410370 0.00500000
v -0.05703390 0.01262870 0.00500000
v -0.05678950 0.01240880 0.00500000
v -0.05656000 0.01221800 0.00500000
v -0.05760910 0.01321320 0.00514362
v -0.05742700 0.01301790 0.00500000
v -0.05731870 0.01290640 0.00500000
v -0.05791690 0.01356500 0.00539229
v -0.05727070 0.01333940 0.00500000
v -0.05537250 0.01708710 0.01485640
v -0.05583110 0.01717770 0.01460770
v -0.05634740 0.01638270 0.01460770
v -0.05607810 0.01600060 0.01485640
v -0.05603280 0.01721180 0.01450000
v -0.05646060 0.01655310 0.01450000
v -0.05603280 0.01721180 0.00550000
v -0.05646060 0.01655310 0.00550000
v -0.05457870 0.01688120 0.00500000
v -0.05426610 0.01677950 0.00500000
v -0.05511240 0.01702700 0.00500000
v -0.05537250 0.01708710 0.00514362
v -0.05496160 0.01698900 0.00500000
v -0.05583110 0.01717770 0.00539229
v -0.05398610 0.01667610 0.00500000
v -0.05582140 0.01566510 0.00500000
v -0.05556710 0.01535920 0.00500000
v -0.05534710 0.01511490 0.00500000
v -0.05513880 0.01490130 0.00500000
v -0.05607810 0.01600060 0.00514362
v -0.05591740 0.01578740 0.00500000
v -0.05634740 0.01638270 0.00539229
v -0.05572830 0.01609070 0.00500000
v -0.04742770 0.02558110 0.01460770
v -0.04733710 0.02512250 0.01485640
v -0.04680310 0.02621060 0.01450000
v -0.04746180 0.02578280 0.01450000
v -0.04625060 0.02582810 0.01485640
v -0.04663270 0.02609740 0.01460770
v -0.04680310 0.02621060 0.00550000
v -0.04746180 0.02578280 0.00550000
v -0.04713120 0.02432870 0.00500000
v -0.04702950 0.02401610 0.00500000
v -0.04692610 0.02373610 0.00500000
v -0.04733710 0.02512250 0.00514362
v -0.04727700 0.02486240 0.00500000
v -0.04723900 0.02471160 0.00500000
v -0.04742770 0.02558110 0.00539229
v -0.04536490 0.02509710 0.00500000
v -0.04560920 0.02531710 0.00500000
v -0.04591510 0.02557140 0.00500000
v -0.04603740 0.02566740 0.00500000
v -0.04625060 0.02582810 0.00514362
v -0.04663270 0.02609740 0.00539229
v -0.04515130 0.02488880 0.00500000
v -0.04698090 0.02506260 0.00500000
v -0.05000760 0.02364540 0.01460770
v -0.04986950 0.02319880 0.01485640
v -0.04945220 0.02433670 0.01450000
v -0.05006250 0.02384250 0.01450000
v -0.04886270 0.02401410 0.01485640
v -0.04927090 0.02424200 0.01460770
v -0.04945220 0.02433670 0.00550000
v -0.05006250 0.02384250 0.00550000
v -0.04972900 0.02280040 0.00500000
v -0.04944800 0.02213060 0.00500000
v -0.04931590 0.02186300 0.00500000
v -0.04978260 0.02294640 0.00500000
v -0.04986950 0.02319880 0.00514362
v -0.05000760 0.02364540 0.00539229
v -0.04958180 0.02243080 0.00500000
v -0.04790550 0.02337960 0.00500000
v -0.04817140 0.02357290 0.00500000
v -0.04863390 0.02387650 0.00500000
v -0.04886270 0.02401410 0.00514362
v -0.04850220 0.02379380 0.00500000
v -0.04927090 0.02424200 0.00539229
v -0.04767120 0.02319480 0.00500000
v -0.04950900 0.02317640 0.00500000
v -0.05344880 0.01961950 0.01485640
v -0.05389540 0.01975760 0.01460770
v -0.05449200 0.01902090 0.01460770
v -0.05426410 0.01861270 0.01485640
v -0.05409250 0.01981250 0.01450000
v -0.05458670 0.01920220 0.01450000
v -0.05409250 0.01981250 0.00550000
v -0.05458670 0.01920220 0.00550000
v -0.05238060 0.01919800 0.00500000
v -0.05268080 0.01933180 0.00500000
v -0.05305040 0.01947900 0.00500000
v -0.05319640 0.01953260 0.00500000
v -0.05344880 0.01961950 0.00514362
v -0.05389540 0.01975760 0.00539229
v -0.05211300 0.01906590 0.00500000
v -0.05404380 0.01825220 0.00500000
v -0.05382290 0.01792140 0.00500000
v -0.05362960 0.01765550 0.00500000
v -0.05344480 0.01742120 0.00500000
v -0.05426410 0.01861270 0.00514362
v -0.05412650 0.01838390 0.00500000
v -0.05449200 0.01902090 0.00539229
v -0.05390680 0.01866580 0.00500000
v -0.05127090 0.02193700 0.01485640
v -0.05170060 0.02212100 0.01460770
v -0.05237100 0.02145060 0.01460770
v -0.05218700 0.02102090 0.01485640
v -0.05189090 0.02219620 0.01450000
v -0.05244620 0.02164090 0.01450000
v -0.05189090 0.02219620 0.00550000
v -0.05244620 0.02164090 0.00550000
v -0.05053730 0.02157050 0.00500000
v -0.05088940 0.02175560 0.00500000
v -0.05025260 0.02140610 0.00500000
v -0.05102900 0.02182410 0.00500000
v -0.05127090 0.02193700 0.00514362
v -0.05170060 0.02212100 0.00539229
v -0.05000030 0.02124680 0.00500000
v -0.05200560 0.02063940 0.00500000
v -0.05182050 0.02028730 0.00500000
v -0.05165610 0.02000260 0.00500000
v -0.05149680 0.01975030 0.00500000
v -0.05218700 0.02102090 0.00514362
v -0.05207410 0.02077900 0.00500000
v -0.05237100 0.02145060 0.00539229
v -0.05182610 0.02103630 0.00500000
v -0.06075460 0.00435155 0.01460770
v -0.06035320 0.00411203 0.01485640
v -0.06080450 0.00523690 0.01450000
v -0.06092730 0.00446126 0.01450000
v -0.06015050 0.00539163 0.01485640
v -0.06060630 0.00528788 0.01460770
v -0.06080450 0.00523690 0.00550000
v -0.06092730 0.00446126 0.00550000
v -0.05998220 0.00390998 0.00500000
v -0.05932510 0.00360027 0.00500000
v -0.05904790 0.00348979 0.00500000
v -0.06035320 0.00411203 0.00514362
v -0.06011960 0.00398264 0.00500000
v -0.06075460 0.00435155 0.00539229
v -0.05962550 0.00373390 0.00500000
v -0.05934160 0.00552637 0.00500000
v -0.05973520 0.00546914 0.00500000
v -0.05901460 0.00556064 0.00500000
v -0.05988840 0.00544251 0.00500000
v -0.06015050 0.00539163 0.00514362
v -0.06060630 0.00528788 0.00539229
v -0.05871680 0.00558005 0.00500000
v -0.06007030 0.00433663 0.00500000
v -0.06104240 0.00113911 0.01460770
v -0.06061810 0.00094286 0.01485640
v -0.06118450 0.00201440 0.01450000
v -0.06122560 0.00123017 0.01450000
v -0.06055030 0.00223664 0.01485640
v -0.06099280 0.00208581 0.01460770
v -0.06118450 0.00201440 0.00550000
v -0.06122560 0.00123017 0.00550000
v -0.05985480 0.00064287 0.00500000
v -0.05954220 0.00054137 0.00500000
v -0.05925490 0.00046048 0.00500000
v -0.06061810 0.00094286 0.00514362
v -0.06037230 0.00083859 0.00500000
v -0.06022800 0.00078070 0.00500000
v -0.06104240 0.00113911 0.00539229
v -0.05943830 0.00252346 0.00500000
v -0.05975990 0.00245520 0.00500000
v -0.06029490 0.00231464 0.00500000
v -0.06055030 0.00223664 0.00514362
v -0.06014540 0.00235713 0.00500000
v -0.06099280 0.00208581 0.00539229
v -0.05914420 0.00257389 0.00500000
v -0.06036020 0.00119580 0.00500000
v -0.06099280 -0.00208581 0.01460770
v -0.06055030 -0.00223664 0.01485640
v -0.06122560 -0.00123017 0.01450000
v -0.06118450 -0.00201440 0.01450000
v -0.06061810 -0.00094286 0.01485640
v -0.06104240 -0.00113911 0.01460770
v -0.06122560 -0.00123017 0.00550000
v -0.06118450 -0.00201440 0.00550000
v -0.05975990 -0.00245520 0.00500000
v -0.05943830 -0.00252346 0.00500000
v -0.05914420 -0.00257389 0.00500000
v -0.06055030 -0.00223664 0.00514362
v -0.06029490 -0.00231464 0.00500000
v -0.06014540 -0.00235713 0.00500000
v -0.06099280 -0.00208581 0.00539229
v -0.05954220 -0.00054137 0.00500000
v -0.06022800 -0.00078070 0.00500000
v -0.06037230 -0.00083859 0.00500000
v -0.06061810 -0.00094286 0.00514362
v -0.06104240 -0.00113911 0.00539229
v -0.05925490 -0.00046048 0.00500000
v -0.05985480 -0.00064287 0.00500000
v -0.06032030 -0.00195813 0.00500000
v -0.06060630 -0.00528788 0.01460770
v -0.06015050 -0.00539163 0.01485640
v -0.06092730 -0.00446126 0.01450000
v -0.06080450 -0.00523690 0.01450000
v -0.06035320 -0.00411203 0.01485640
v -0.06075460 -0.00435155 0.01460770
v -0.06092730 -0.00446126 0.00550000
v -0.06080450 -0.00523690 0.00550000
v -0.05973520 -0.00546914 0.00500000
v -0.05934160 -0.00552637 0.00500000
v -0.05901460 -0.00556064 0.00500000
v -0.05871680 -0.00558005 0.00500000
v -0.05988840 -0.00544251 0.00500000
v -0.06015050 -0.00539163 0.00514362
v -0.06060630 -0.00528788 0.00539229
v -0.05932510 -0.00360027 0.00500000
v -0.05962550 -0.00373390 0.00500000
v -0.05998220 -0.00390998 0.00500000
v -0.06011960 -0.00398264 0.00500000
v -0.06035320 -0.00411203 0.00514362
v -0.06075460 -0.00435155 0.00539229
v -0.05904790 -0.00348979 0.00500000
v -0.05995090 -0.00509060 0.00500000
v -0.05988730 -0.00843201 0.01460770
v -0.05942310 -0.00848755 0.01485640
v -0.06029290 -0.00764347 0.01450000
v -0.06008970 -0.00840202 0.01450000
v -0.05975850 -0.00723614 0.01485640
v -0.06013270 -0.00751631 0.01460770
v -0.06029290 -0.00764347 0.00550000
v -0.06008970 -0.00840202 0.00550000
v -0.05900200 -0.00852122 0.00500000
v -0.05860450 -0.00853699 0.00500000
v -0.05827580 -0.00853690 0.00500000
v -0.05797760 -0.00852508 0.00500000
v -0.05942310 -0.00848755 0.00514362
v -0.05915720 -0.00851076 0.00500000
v -0.05988730 -0.00843201 0.00539229
v -0.05878950 -0.00661973 0.00500000
v -0.05907420 -0.00678402 0.00500000
v -0.05941060 -0.00699642 0.00500000
v -0.05953970 -0.00708305 0.00500000
v -0.05975850 -0.00723614 0.00514362
v -0.06013270 -0.00751631 0.00539229
v -0.05852540 -0.00648088 0.00500000
v -0.05925610 -0.00816730 0.00500000
v -0.05884350 -0.01148380 0.01460770
v -0.05837610 -0.01149050 0.01485640
v -0.05932940 -0.01074190 0.01450000
v -0.05904800 -0.01147510 0.01450000
v -0.05884040 -0.01028100 0.01485640
v -0.05918330 -0.01059870 0.01460770
v -0.05932940 -0.01074190 0.00550000
v -0.05904800 -0.01147510 0.00550000
v -0.05755680 -0.01145410 0.00500000
v -0.05722990 -0.01141960 0.00500000
v -0.05693460 -0.01137670 0.00500000
v -0.05810920 -0.01148580 0.00500000
v -0.05837610 -0.01149050 0.00514362
v -0.05795380 -0.01147990 0.00500000
v -0.05884350 -0.01148380 0.00539229
v -0.05794120 -0.00956665 0.00500000
v -0.05851950 -0.01000620 0.00500000
v -0.05863890 -0.01010590 0.00500000
v -0.05884040 -0.01028100 0.00514362
v -0.05918330 -0.01059870 0.00539229
v -0.05769300 -0.00940096 0.00500000
v -0.05820720 -0.00975981 0.00500000
v -0.05824340 -0.01115450 0.00500000
v -0.05748650 -0.01440970 0.01460770
v -0.05702100 -0.01436750 0.01485640
v -0.05804720 -0.01372270 0.01450000
v -0.05769070 -0.01442240 0.01450000
v -0.05760910 -0.01321320 0.01485640
v -0.05791690 -0.01356500 0.01460770
v -0.05804720 -0.01372270 0.00550000
v -0.05769070 -0.01442240 0.00550000
v -0.05621000 -0.01424570 0.00500000
v -0.05588840 -0.01417720 0.00500000
v -0.05559930 -0.01410370 0.00500000
v -0.05702100 -0.01436750 0.00514362
v -0.05675600 -0.01433490 0.00500000
v -0.05660210 -0.01431290 0.00500000
v -0.05748650 -0.01440970 0.00539229
v -0.05678950 -0.01240880 0.00500000
v -0.05703390 -0.01262870 0.00500000
v -0.05742700 -0.01301790 0.00500000
v -0.05760910 -0.01321320 0.00514362
v -0.05731870 -0.01290640 0.00500000
v -0.05791690 -0.01356500 0.00539229
v -0.05656000 -0.01221800 0.00500000
v -0.05692410 -0.01401950 0.00500000
v -0.05583110 -0.01717770 0.01460770
v -0.05537250 -0.01708710 0.01485640
v -0.05646060 -0.01655310 0.01450000
v -0.05603280 -0.01721180 0.01450000
v -0.05607810 -0.01600060 0.01485640
v -0.05634740 -0.01638270 0.01460770
v -0.05646060 -0.01655310 0.00550000
v -0.05603280 -0.01721180 0.00550000
v -0.05496160 -0.01698900 0.00500000
v -0.05457870 -0.01688120 0.00500000
v -0.05426610 -0.01677950 0.00500000
v -0.05398610 -0.01667610 0.00500000
v -0.05537250 -0.01708710 0.00514362
v -0.05511240 -0.01702700 0.00500000
v -0.05583110 -0.01717770 0.00539229
v -0.05534710 -0.01511490 0.00500000
v -0.05556710 -0.01535920 0.00500000
v -0.05582140 -0.01566510 0.00500000
v -0.05591740 -0.01578740 0.00500000
v -0.05607810 -0.01600060 0.00514362
v -0.05634740 -0.01638270 0.00539229
v -0.05513880 -0.01490130 0.00500000
v -0.05531260 -0.01673090 0.00500000
v -0.04927090 -0.02424200 0.01460770
v -0.04886270 -0.02401410 0.01485640
v -0.05006250 -0.02384250 0.01450000
v -0.04945220 -0.02433670 0.01450000
v -0.04986950 -0.02319880 0.01485640
v -0.05000760 -0.02364540 0.01460770
v -0.05006250 -0.02384250 0.00550000
v -0.04945220 -0.02433670 0.00550000
v -0.04817140 -0.02357290 0.00500000
v -0.04790550 -0.02337960 0.00500000
v -0.04767120 -0.02319480 0.00500000
v -0.04863390 -0.02387650 0.00500000
v -0.04886270 -0.02401410 0.00514362
v -0.04927090 -0.02424200 0.00539229
v -0.04850220 -0.02379380 0.00500000
v -0.04958180 -0.02243080 0.00500000
v -0.04972900 -0.02280040 0.00500000
v -0.04944800 -0.02213060 0.00500000
v -0.04978260 -0.02294640 0.00500000
v -0.04986950 -0.02319880 0.00514362
v -0.05000760 -0.02364540 0.00539229
v -0.04931590 -0.02186300 0.00500000
v -0.04891580 -0.02365680 0.00500000
v -0.04663270 -0.02609740 0.01460770
v -0.04625060 -0.02582810 0.01485640
v -0.04746180 -0.02578280 0.01450000
v -0.04680310 -0.02621060 0.01450000
v -0.04733710 -0.02512250 0.01485640
v -0.04742770 -0.02558110 0.01460770
v -0.04746180 -0.02578280 0.00550000
v -0.04680310 -0.02621060 0.00550000
v -0.04560920 -0.02531710 0.00500000
v -0.04536490 -0.02509710 0.00500000
v -0.04515130 -0.02488880 0.00500000
v -0.04625060 -0.02582810 0.00514362
v -0.04603740 -0.02566740 0.00500000
v -0.04591510 -0.02557140 0.00500000
v -0.04663270 -0.02609740 0.00539229
v -0.04702950 -0.02401610 0.00500000
v -0.04713120 -0.02432870 0.00500000
v -0.04727700 -0.02486240 0.00500000
v -0.04733710 -0.02512250 0.00514362
v -0.04723900 -0.02471160 0.00500000
v -0.04742770 -0.02558110 0.00539229
v -0.04692610 -0.02373610 0.00500000
v -0.04634070 -0.02547830 0.00500000
v -0.05389540 -0.01975760 0.01460770
v -0.05344880 -0.01961950 0.01485640
v -0.05458670 -0.01920220 0.01450000
v -0.05409250 -0.01981250 0.01450000
v -0.05426410 -0.01861270 0.01485640
v -0.05449200 -0.01902090 0.01460770
v -0.05458670 -0.01920220 0.00550000
v -0.05409250 -0.01981250 0.00550000
v -0.05268080 -0.01933180 0.00500000
v -0.05238060 -0.01919800 0.00500000
v -0.05211300 -0.01906590 0.00500000
v -0.05319640 -0.01953260 0.00500000
v -0.05344880 -0.01961950 0.00514362
v -0.05389540 -0.01975760 0.00539229
v -0.05305040 -0.01947900 0.00500000
v -0.05382290 -0.01792140 0.00500000
v -0.05404380 -0.01825220 0.00500000
v -0.05362960 -0.01765550 0.00500000
v -0.05412650 -0.01838390 0.00500000
v -0.05426410 -0.01861270 0.00514362
v -0.05449200 -0.01902090 0.00539229
v -0.05344480 -0.01742120 0.00500000
v -0.05342640 -0.01925900 0.00500000
v -0.05218700 -0.02102090 0.01485640
v -0.05237100 -0.02145060 0.01460770
v -0.05170060 -0.02212100 0.01460770
v -0.05127090 -0.02193700 0.01485640
v -0.05244620 -0.02164090 0.01450000
v -0.05189090 -0.02219620 0.01450000
v -0.05244620 -0.02164090 0.00550000
v -0.05189090 -0.02219620 0.00550000
v -0.05165610 -0.02000260 0.00500000
v -0.05182050 -0.02028730 0.00500000
v -0.05200560 -0.02063940 0.00500000
v -0.05207410 -0.02077900 0.00500000
v -0.05218700 -0.02102090 0.00514362
v -0.05237100 -0.02145060 0.00539229
v -0.05149680 -0.01975030 0.00500000
v -0.05088940 -0.02175560 0.00500000
v -0.05053730 -0.02157050 0.00500000
v -0.05025260 -0.02140610 0.00500000
v -0.05000030 -0.02124680 0.00500000
v -0.05102900 -0.02182410 0.00500000
v -0.05127090 -0.02193700 0.00514362
v -0.05170060 -0.02212100 0.00539229
v -0.05128630 -0.02157610 0.00500000
v -0.04381500 -0.02766690 0.01460770
v -0.04346320 -0.02735910 0.01485640
v -0.04467240 -0.02744070 0.01450000
v -0.04397270 -0.02779720 0.01450000
v -0.04461750 -0.02677100 0.01485640
v -0.04465970 -0.02723650 0.01460770
v -0.04467240 -0.02744070 0.00550000
v -0.04397270 -0.02779720 0.00550000
v -0.04287870 -0.02678390 0.00500000
v -0.04265880 -0.02653950 0.00500000
v -0.04246800 -0.02631000 0.00500000
v -0.04326790 -0.02717700 0.00500000
v -0.04346320 -0.02735910 0.00514362
v -0.04381500 -0.02766690 0.00539229
v -0.04315640 -0.02706870 0.00500000
v -0.04449570 -0.02596000 0.00500000
v -0.04456290 -0.02635210 0.00500000
v -0.04442720 -0.02563840 0.00500000
v -0.04458490 -0.02650600 0.00500000
v -0.04461750 -0.02677100 0.00514362
v -0.04465970 -0.02723650 0.00539229
v -0.04435370 -0.02534930 0.00500000
v -0.04358940 -0.02702070 0.00500000
v -0.04084870 -0.02893330 0.01460770
v -0.04053100 -0.02859040 0.01485640
v -0.04172510 -0.02879800 0.01450000
v -0.04099190 -0.02907940 0.01450000
v -0.04174050 -0.02812610 0.01485640
v -0.04173380 -0.02859350 0.01460770
v -0.04172510 -0.02879800 0.00550000
v -0.04099190 -0.02907940 0.00550000
v -0.04025620 -0.02826950 0.00500000
v -0.04000980 -0.02795720 0.00500000
v -0.03981670 -0.02769120 0.00500000
v -0.03965100 -0.02744300 0.00500000
v -0.04053100 -0.02859040 0.00514362
v -0.04035590 -0.02838890 0.00500000
v -0.04084870 -0.02893330 0.00539229
v -0.04170410 -0.02730680 0.00500000
v -0.04172990 -0.02770380 0.00500000
v -0.04166960 -0.02697990 0.00500000
v -0.04173580 -0.02785920 0.00500000
v -0.04174050 -0.02812610 0.00514362
v -0.04173380 -0.02859350 0.00539229
v -0.04162670 -0.02668460 0.00500000
v -0.04069190 -0.02826700 0.00500000
v -0.03776630 -0.02988270 0.01460770
v -0.03748610 -0.02950850 0.01485640
v -0.03865200 -0.02983970 0.01450000
v -0.03789350 -0.03004290 0.01450000
v -0.03873750 -0.02917310 0.01485640
v -0.03868200 -0.02963730 0.01460770
v -0.03865200 -0.02983970 0.00550000
v -0.03789350 -0.03004290 0.00550000
v -0.03703400 -0.02882420 0.00500000
v -0.03686970 -0.02853950 0.00500000
v -0.03673090 -0.02827540 0.00500000
v -0.03748610 -0.02950850 0.00514362
v -0.03733300 -0.02928970 0.00500000
v -0.03724640 -0.02916060 0.00500000
v -0.03776630 -0.02988270 0.00539229
v -0.03878690 -0.02802580 0.00500000
v -0.03877120 -0.02875200 0.00500000
v -0.03876080 -0.02890720 0.00500000
v -0.03873750 -0.02917310 0.00514362
v -0.03868200 -0.02963730 0.00539229
v -0.03877510 -0.02772760 0.00500000
v -0.03878700 -0.02835450 0.00500000
v -0.03767990 -0.02920360 0.00500000
v -0.03460150 -0.03050460 0.01460770
v -0.03436200 -0.03010320 0.01485640
v -0.03548690 -0.03055450 0.01450000
v -0.03471130 -0.03067730 0.01450000
v -0.03564160 -0.02990050 0.01485640
v -0.03553790 -0.03035630 0.01460770
v -0.03548690 -0.03055450 0.00550000
v -0.03471130 -0.03067730 0.00550000
v -0.03398390 -0.02937550 0.00500000
v -0.03385030 -0.02907510 0.00500000
v -0.03373980 -0.02879790 0.00500000
v -0.03436200 -0.03010320 0.00514362
v -0.03423260 -0.02986960 0.00500000
v -0.03416000 -0.02973220 0.00500000
v -0.03460150 -0.03050460 0.00539229
v -0.03577640 -0.02909160 0.00500000
v -0.03571910 -0.02948520 0.00500000
v -0.03581060 -0.02876460 0.00500000
v -0.03569250 -0.02963840 0.00500000
v -0.03564160 -0.02990050 0.00514362
v -0.03553790 -0.03035630 0.00539229
v -0.03583010 -0.02846680 0.00500000
v -0.03458660 -0.02982030 0.00500000
v 0.00005030 -0.00223664 0.01485640
v 0.00049276 -0.00208581 0.01460770
v 0.00054237 -0.00113911 0.01460770
v 0.00011810 -0.00094286 0.01485640
v 0.00068448 -0.00201440 0.01450000
v 0.00072558 -0.00123017 0.01450000
v 0.00068448 -0.00201440 0.00550000
v 0.00072558 -0.00123017 0.00550000
v -0.00106172 -0.00252346 0.00500000
v -0.00074014 -0.00245520 0.00500000
v -0.00035461 -0.00235713 0.00500000
v -0.00020505 -0.00231464 0.00500000
v 0.00005030 -0.00223664 0.00514362
v 0.00049276 -0.00208581 0.00539229
v -0.00135582 -0.00257389 0.00500000
v -0.00027200 -0.00078070 0.00500000
v -0.00064516 -0.00064287 0.00500000
v -0.00095784 -0.00054137 0.00500000
v -0.00124506 -0.00046048 0.00500000
v -0.00012770 -0.00083859 0.00500000
v 0.00011810 -0.00094286 0.00514362
v 0.00054237 -0.00113911 0.00539229
v -0.00013976 -0.00119580 0.00500000
v -0.00034948 -0.00539163 0.01485640
v 0.00010632 -0.00528788 0.01460770
v 0.00025462 -0.00435155 0.01460770
v -0.00014682 -0.00411203 0.01485640
v 0.00030446 -0.00523690 0.01450000
v 0.00042731 -0.00446126 0.01450000
v 0.00030446 -0.00523690 0.00550000
v 0.00042731 -0.00446126 0.00550000
v -0.00115844 -0.00552637 0.00500000
v -0.00076477 -0.00546914 0.00500000
v -0.00148539 -0.00556064 0.00500000
v -0.00061159 -0.00544251 0.00500000
v -0.00034948 -0.00539163 0.00514362
v 0.00010632 -0.00528788 0.00539229
v -0.00178315 -0.00558005 0.00500000
v -0.00051783 -0.00390998 0.00500000
v -0.00087454 -0.00373390 0.00500000
v -0.00117489 -0.00360027 0.00500000
v -0.00145209 -0.00348979 0.00500000
v -0.00014682 -0.00411203 0.00514362
v -0.00038037 -0.00398264 0.00500000
v 0.00025462 -0.00435155 0.00539229
v -0.00042970 -0.00433663 0.00500000
v -0.00107686 -0.00848755 0.01485640
v -0.00061271 -0.00843201 0.01460770
v -0.00036735 -0.00751631 0.01460770
v -0.00074155 -0.00723614 0.01485640
v -0.00041033 -0.00840202 0.01450000
v -0.00020708 -0.00764347 0.01450000
v -0.00041033 -0.00840202 0.00550000
v -0.00020708 -0.00764347 0.00550000
v -0.00222421 -0.00853690 0.00500000
v -0.00149797 -0.00852122 0.00500000
v -0.00134285 -0.00851076 0.00500000
v -0.00107686 -0.00848755 0.00514362
v -0.00061271 -0.00843201 0.00539229
v -0.00252237 -0.00852508 0.00500000
v -0.00189547 -0.00853699 0.00500000
v -0.00108940 -0.00699642 0.00500000
v -0.00142576 -0.00678402 0.00500000
v -0.00171050 -0.00661973 0.00500000
v -0.00197463 -0.00648088 0.00500000
v -0.00074155 -0.00723614 0.00514362
v -0.00096029 -0.00708305 0.00500000
v -0.00036735 -0.00751631 0.00539229
v -0.00104636 -0.00742994 0.00500000
v -0.00212386 -0.01149050 0.01485640
v -0.00165645 -0.01148380 0.01460770
v -0.00131672 -0.01059870 0.01460770
v -0.00165958 -0.01028100 0.01485640
v -0.00145204 -0.01147510 0.01450000
v -0.00117061 -0.01074190 0.01450000
v -0.00145204 -0.01147510 0.00550000
v -0.00117061 -0.01074190 0.00550000
v -0.00294315 -0.01145410 0.00500000
v -0.00254619 -0.01147990 0.00500000
v -0.00327008 -0.01141960 0.00500000
v -0.00239082 -0.01148580 0.00500000
v -0.00212386 -0.01149050 0.00514362
v -0.00165645 -0.01148380 0.00539229
v -0.00356538 -0.01137670 0.00500000
v -0.00198047 -0.01000620 0.00500000
v -0.00229278 -0.00975981 0.00500000
v -0.00255879 -0.00956665 0.00500000
v -0.00280696 -0.00940096 0.00500000
v -0.00165958 -0.01028100 0.00514362
v -0.00186113 -0.01010590 0.00500000
v -0.00131672 -0.01059870 0.00539229
v -0.00198298 -0.01044190 0.00500000
v -0.00600800 -0.01902090 0.01460770
v -0.00623589 -0.01861270 0.01485640
v -0.00640751 -0.01981250 0.01450000
v -0.00591330 -0.01920220 0.01450000
v -0.00705121 -0.01961950 0.01485640
v -0.00660460 -0.01975760 0.01460770
v -0.00640751 -0.01981250 0.00550000
v -0.00591330 -0.01920220 0.00550000
v -0.00645617 -0.01825220 0.00500000
v -0.00667705 -0.01792140 0.00500000
v -0.00687036 -0.01765550 0.00500000
v -0.00705517 -0.01742120 0.00500000
v -0.00623589 -0.01861270 0.00514362
v -0.00637346 -0.01838390 0.00500000
v -0.00600800 -0.01902090 0.00539229
v -0.00811943 -0.01919800 0.00500000
v -0.00781915 -0.01933180 0.00500000
v -0.00744961 -0.01947900 0.00500000
v -0.00730364 -0.01953260 0.00500000
v -0.00705121 -0.01961950 0.00514362
v -0.00660460 -0.01975760 0.00539229
v -0.00838701 -0.01906590 0.00500000
v -0.00659318 -0.01866580 0.00500000
v -0.00922909 -0.02193700 0.01485640
v -0.00879936 -0.02212100 0.01460770
v -0.00812902 -0.02145060 0.01460770
v -0.00831300 -0.02102090 0.01485640
v -0.00860910 -0.02219620 0.01450000
v -0.00805380 -0.02164090 0.01450000
v -0.00860910 -0.02219620 0.00550000
v -0.00805380 -0.02164090 0.00550000
v -0.01024740 -0.02140610 0.00500000
v -0.00996275 -0.02157050 0.00500000
v -0.00961063 -0.02175560 0.00500000
v -0.00947105 -0.02182410 0.00500000
v -0.00922909 -0.02193700 0.00514362
v -0.00879936 -0.02212100 0.00539229
v -0.01049970 -0.02124680 0.00500000
v -0.00867948 -0.02028730 0.00500000
v -0.00884393 -0.02000260 0.00500000
v -0.00900325 -0.01975030 0.00500000
v -0.00842589 -0.02077900 0.00500000
v -0.00831300 -0.02102090 0.00514362
v -0.00812902 -0.02145060 0.00539229
v -0.00849439 -0.02063940 0.00500000
v -0.00867388 -0.02103630 0.00500000
v -0.00415258 -0.01638270 0.01460770
v -0.00442188 -0.01600060 0.01485640
v -0.00446715 -0.01721180 0.01450000
v -0.00403944 -0.01655310 0.01450000
v -0.00512749 -0.01708710 0.01485640
v -0.00466890 -0.01717770 0.01460770
v -0.00446715 -0.01721180 0.00550000
v -0.00403944 -0.01655310 0.00550000
v -0.00467864 -0.01566510 0.00500000
v -0.00493289 -0.01535920 0.00500000
v -0.00515293 -0.01511490 0.00500000
v -0.00536122 -0.01490130 0.00500000
v -0.00458262 -0.01578740 0.00500000
v -0.00442188 -0.01600060 0.00514362
v -0.00415258 -0.01638270 0.00539229
v -0.00592131 -0.01688120 0.00500000
v -0.00553840 -0.01698900 0.00500000
v -0.00623393 -0.01677950 0.00500000
v -0.00538763 -0.01702700 0.00500000
v -0.00512749 -0.01708710 0.00514362
v -0.00466890 -0.01717770 0.00539229
v -0.00651385 -0.01667610 0.00500000
v -0.00477167 -0.01609070 0.00500000
v -0.00347902 -0.01436750 0.01485640
v -0.00301347 -0.01440970 0.01460770
v -0.00258308 -0.01356500 0.01460770
v -0.00289086 -0.01321320 0.01485640
v -0.00280928 -0.01442240 0.01450000
v -0.00245275 -0.01372270 0.01450000
v -0.00280928 -0.01442240 0.00550000
v -0.00245275 -0.01372270 0.00550000
v -0.00429002 -0.01424570 0.00500000
v -0.00461156 -0.01417720 0.00500000
v -0.00374402 -0.01433490 0.00500000
v -0.00347902 -0.01436750 0.00514362
v -0.00389794 -0.01431290 0.00500000
v -0.00301347 -0.01440970 0.00539229
v -0.00490075 -0.01410370 0.00500000
v -0.00318127 -0.01290640 0.00500000
v -0.00371048 -0.01240880 0.00500000
v -0.00393996 -0.01221800 0.00500000
v -0.00289086 -0.01321320 0.00514362
v -0.00307299 -0.01301790 0.00500000
v -0.00258308 -0.01356500 0.00539229
v -0.00346611 -0.01262870 0.00500000
v -0.00322930 -0.01333940 0.00500000
v -0.01163730 -0.02401410 0.01485640
v -0.01122910 -0.02424200 0.01460770
v -0.01049240 -0.02364540 0.01460770
v -0.01063050 -0.02319880 0.01485640
v -0.01104780 -0.02433670 0.01450000
v -0.01043750 -0.02384250 0.01450000
v -0.01104780 -0.02433670 0.00550000
v -0.01043750 -0.02384250 0.00550000
v -0.01259450 -0.02337960 0.00500000
v -0.01232860 -0.02357290 0.00500000
v -0.01199780 -0.02379380 0.00500000
v -0.01186610 -0.02387650 0.00500000
v -0.01163730 -0.02401410 0.00514362
v -0.01122910 -0.02424200 0.00539229
v -0.01282880 -0.02319480 0.00500000
v -0.01091820 -0.02243080 0.00500000
v -0.01105200 -0.02213060 0.00500000
v -0.01118410 -0.02186300 0.00500000
v -0.01071740 -0.02294640 0.00500000
v -0.01063050 -0.02319880 0.00514362
v -0.01049240 -0.02364540 0.00539229
v -0.01077100 -0.02280040 0.00500000
v -0.01099100 -0.02317640 0.00500000
v -0.01424940 -0.02582810 0.01485640
v -0.01386730 -0.02609740 0.01460770
v -0.01307230 -0.02558110 0.01460770
v -0.01316290 -0.02512250 0.01485640
v -0.01369690 -0.02621060 0.01450000
v -0.01303820 -0.02578280 0.01450000
v -0.01369690 -0.02621060 0.00550000
v -0.01303820 -0.02578280 0.00550000
v -0.01489080 -0.02531710 0.00500000
v -0.01458490 -0.02557140 0.00500000
v -0.01513510 -0.02509710 0.00500000
v -0.01446260 -0.02566740 0.00500000
v -0.01424940 -0.02582810 0.00514362
v -0.01386730 -0.02609740 0.00539229
v -0.01534870 -0.02488880 0.00500000
v -0.01326100 -0.02471160 0.00500000
v -0.01336880 -0.02432870 0.00500000
v -0.01347050 -0.02401610 0.00500000
v -0.01357390 -0.02373610 0.00500000
v -0.01316290 -0.02512250 0.00514362
v -0.01322300 -0.02486240 0.00500000
v -0.01307230 -0.02558110 0.00539229
v -0.01351910 -0.02506260 0.00500000
v -0.01703680 -0.02735910 0.01485640
v -0.01668500 -0.02766690 0.01460770
v -0.01584030 -0.02723650 0.01460770
v -0.01588250 -0.02677100 0.01485640
v -0.01652730 -0.02779720 0.01450000
v -0.01582760 -0.02744070 0.01450000
v -0.01652730 -0.02779720 0.00550000
v -0.01582760 -0.02744070 0.00550000
v -0.01784120 -0.02653950 0.00500000
v -0.01762130 -0.02678390 0.00500000
v -0.01723210 -0.02717700 0.00500000
v -0.01703680 -0.02735910 0.00514362
v -0.01734360 -0.02706870 0.00500000
v -0.01668500 -0.02766690 0.00539229
v -0.01803200 -0.02631000 0.00500000
v -0.01600430 -0.02596000 0.00500000
v -0.01607280 -0.02563840 0.00500000
v -0.01614630 -0.02534930 0.00500000
v -0.01591510 -0.02650600 0.00500000
v -0.01588250 -0.02677100 0.00514362
v -0.01584030 -0.02723650 0.00539229
v -0.01593710 -0.02635210 0.00500000
v -0.01623050 -0.02667410 0.00500000
v -0.01996900 -0.02859040 0.01485640
v -0.01965130 -0.02893330 0.01460770
v -0.01876620 -0.02859350 0.01460770
v -0.01875950 -0.02812610 0.01485640
v -0.01950810 -0.02907940 0.01450000
v -0.01877490 -0.02879800 0.01450000
v -0.01950810 -0.02907940 0.00550000
v -0.01877490 -0.02879800 0.00550000
v -0.02049020 -0.02795720 0.00500000
v -0.02024380 -0.02826950 0.00500000
v -0.02068330 -0.02769120 0.00500000
v -0.02014410 -0.02838890 0.00500000
v -0.01996900 -0.02859040 0.00514362
v -0.01965130 -0.02893330 0.00539229
v -0.02084900 -0.02744300 0.00500000
v -0.01879590 -0.02730680 0.00500000
v -0.01883040 -0.02697990 0.00500000
v -0.01887330 -0.02668460 0.00500000
v -0.01875950 -0.02812610 0.00514362
v -0.01876420 -0.02785920 0.00500000
v -0.01877010 -0.02770380 0.00500000
v -0.01876620 -0.02859350 0.00539229
v -0.01909550 -0.02799340 0.00500000
v -0.02301390 -0.02950850 0.01485640
v -0.02273370 -0.02988270 0.01460770
v -0.02181800 -0.02963730 0.01460770
v -0.02176250 -0.02917310 0.01485640
v -0.02260650 -0.03004290 0.01450000
v -0.02184800 -0.02983970 0.01450000
v -0.02260650 -0.03004290 0.00550000
v -0.02184800 -0.02983970 0.00550000
v -0.02363030 -0.02853950 0.00500000
v -0.02346600 -0.02882420 0.00500000
v -0.02325360 -0.02916060 0.00500000
v -0.02316700 -0.02928970 0.00500000
v -0.02301390 -0.02950850 0.00514362
v -0.02273370 -0.02988270 0.00539229
v -0.02376910 -0.02827540 0.00500000
v -0.02172880 -0.02875200 0.00500000
v -0.02171310 -0.02802580 0.00500000
v -0.02172490 -0.02772760 0.00500000
v -0.02173920 -0.02890720 0.00500000
v -0.02176250 -0.02917310 0.00514362
v -0.02181800 -0.02963730 0.00539229
v -0.02171300 -0.02835450 0.00500000
v -0.02208270 -0.02900610 0.00500000
v -0.02613800 -0.03010320 0.01485640
v -0.02589850 -0.03050460 0.01460770
v -0.02496210 -0.03035630 0.01460770
v -0.02485840 -0.02990050 0.01485640
v -0.02578870 -0.03067730 0.01450000
v -0.02501310 -0.03055450 0.01450000
v -0.02578870 -0.03067730 0.00550000
v -0.02501310 -0.03055450 0.00550000
v -0.02651610 -0.02937550 0.00500000
v -0.02664970 -0.02907510 0.00500000
v -0.02626740 -0.02986960 0.00500000
v -0.02613800 -0.03010320 0.00514362
v -0.02634000 -0.02973220 0.00500000
v -0.02589850 -0.03050460 0.00539229
v -0.02676020 -0.02879790 0.00500000
v -0.02472360 -0.02909160 0.00500000
v -0.02468940 -0.02876460 0.00500000
v -0.02466990 -0.02846680 0.00500000
v -0.02480750 -0.02963840 0.00500000
v -0.02485840 -0.02990050 0.00514362
v -0.02496210 -0.03035630 0.00539229
v -0.02478090 -0.02948520 0.00500000
v -0.02515940 -0.02970090 0.00500000
v -0.02930710 -0.03036810 0.01485640
v -0.02911090 -0.03079240 0.01460770
v -0.02816420 -0.03074280 0.01460770
v -0.02801340 -0.03030030 0.01485640
v -0.02901980 -0.03097560 0.01450000
v -0.02823560 -0.03093450 0.01450000
v -0.02901980 -0.03097560 0.00550000
v -0.02823560 -0.03093450 0.00550000
v -0.02960710 -0.02960480 0.00500000
v -0.02970860 -0.02929220 0.00500000
v -0.02941140 -0.03012230 0.00500000
v -0.02930710 -0.03036810 0.00514362
v -0.02946930 -0.02997800 0.00500000
v -0.02911090 -0.03079240 0.00539229
v -0.02978950 -0.02900490 0.00500000
v -0.02789290 -0.02989540 0.00500000
v -0.02779480 -0.02950990 0.00500000
v -0.02772650 -0.02918830 0.00500000
v -0.02767610 -0.02889420 0.00500000
v -0.02793540 -0.03004490 0.00500000
v -0.02801340 -0.03030030 0.00514362
v -0.02816420 -0.03074280 0.00539229
v -0.02829190 -0.03007030 0.00500000
v -0.03248660 -0.03030030 0.01485640
v -0.03233580 -0.03074280 0.01460770
v -0.03138910 -0.03079240 0.01460770
v -0.03119290 -0.03036810 0.01485640
v -0.03226440 -0.03093450 0.01450000
v -0.03148020 -0.03097560 0.01450000
v -0.03226440 -0.03093450 0.00550000
v -0.03148020 -0.03097560 0.00550000
v -0.03277350 -0.02918830 0.00500000
v -0.03270520 -0.02950990 0.00500000
v -0.03260710 -0.02989540 0.00500000
v -0.03256460 -0.03004490 0.00500000
v -0.03248660 -0.03030030 0.00514362
v -0.03233580 -0.03074280 0.00539229
v -0.03282390 -0.02889420 0.00500000
v -0.03103070 -0.02997800 0.00500000
v -0.03079140 -0.02929220 0.00500000
v -0.03071050 -0.02900490 0.00500000
v -0.03119290 -0.03036810 0.00514362
v -0.03108860 -0.03012230 0.00500000
v -0.03138910 -0.03079240 0.00539229
v -0.03089290 -0.02960480 0.00500000
v -0.03144580 -0.03011020 0.00500000
v -0.03373440 -0.02878440 0.00500000
v -0.03372840 -0.02877120 0.00500000
v -0.03372190 -0.02875820 0.00500000
v -0.03371490 -0.02874550 0.00500000
v -0.03370730 -0.02873310 0.00500000
v -0.03369920 -0.02872110 0.00500000
v -0.03369050 -0.02870940 0.00500000
v -0.03368140 -0.02869810 0.00500000
v -0.03367180 -0.02868720 0.00500000
v -0.03366180 -0.02867670 0.00500000
v -0.03365130 -0.02866660 0.00500000
v -0.03364040 -0.02865700 0.00500000
v -0.03362910 -0.02864790 0.00500000
v -0.03361740 -0.02863920 0.00500000
v -0.03360540 -0.02863110 0.00500000
v -0.03359300 -0.02862350 0.00500000
v -0.03358030 -0.02861640 0.00500000
v -0.03356730 -0.02860990 0.00500000
v -0.03355410 -0.02860390 0.00500000
v -0.03354060 -0.02859850 0.00500000
v -0.03352690 -0.02859370 0.00500000
v -0.03351300 -0.02858950 0.00500000
v -0.03349890 -0.02858580 0.00500000
v -0.03348470 -0.02858280 0.00500000
v -0.03347040 -0.02858040 0.00500000
v -0.03345600 -0.02857850 0.00500000
v -0.03344150 -0.02857730 0.00500000
v -0.03342700 -0.02857680 0.00500000
v -0.03341250 -0.02857680 0.00500000
v -0.03339800 -0.02857750 0.00500000
v -0.03338350 -0.02857870 0.00500000
v -0.03312680 -0.02860570 0.00500000
v -0.03311240 -0.02860750 0.00500000
v -0.03309810 -0.02860980 0.00500000
v -0.03308390 -0.02861280 0.00500000
v -0.03306980 -0.02861640 0.00500000
v -0.03305590 -0.02862060 0.00500000
v -0.03304220 -0.02862540 0.00500000
v -0.03302870 -0.02863070 0.00500000
v -0.03301540 -0.02863660 0.00500000
v -0.03300240 -0.02864310 0.00500000
v -0.03298970 -0.02865020 0.00500000
v -0.03297730 -0.02865770 0.00500000
v -0.03296520 -0.02866580 0.00500000
v -0.03295350 -0.02867440 0.00500000
v -0.03294220 -0.02868350 0.00500000
v -0.03293120 -0.02869300 0.00500000
v -0.03292070 -0.02870310 0.00500000
v -0.03291060 -0.02871350 0.00500000
v -0.03290100 -0.02872440 0.00500000
v -0.03289180 -0.02873570 0.00500000
v -0.03288320 -0.02874730 0.00500000
v -0.03287500 -0.02875940 0.00500000
v -0.03286730 -0.02877170 0.00500000
v -0.03286020 -0.02878440 0.00500000
v -0.03285370 -0.02879730 0.00500000
v -0.03284770 -0.02881060 0.00500000
v -0.03284220 -0.02882400 0.00500000
v -0.03283740 -0.02883770 0.00500000
v -0.03283310 -0.02885160 0.00500000
v -0.03282940 -0.02886570 0.00500000
v -0.03282640 -0.02887990 0.00500000
v -0.03070650 -0.02899100 0.00500000
v -0.03070200 -0.02897720 0.00500000
v -0.03069690 -0.02896360 0.00500000
v -0.03069120 -0.02895020 0.00500000
v -0.03068490 -0.02893710 0.00500000
v -0.03067810 -0.02892430 0.00500000
v -0.03067070 -0.02891170 0.00500000
v -0.03066280 -0.02889950 0.00500000
v -0.03065450 -0.02888770 0.00500000
v -0.03064560 -0.02887620 0.00500000
v -0.03063620 -0.02886510 0.00500000
v -0.03062630 -0.02885440 0.00500000
v -0.03061610 -0.02884410 0.00500000
v -0.03060530 -0.02883430 0.00500000
v -0.03059420 -0.02882500 0.00500000
v -0.03058270 -0.02881610 0.00500000
v -0.03057080 -0.02880780 0.00500000
v -0.03055860 -0.02879990 0.00500000
v -0.03054610 -0.02879260 0.00500000
v -0.03053320 -0.02878580 0.00500000
v -0.03052010 -0.02877960 0.00500000
v -0.03050670 -0.02877390 0.00500000
v -0.03049310 -0.02876880 0.00500000
v -0.03047930 -0.02876430 0.00500000
v -0.03046530 -0.02876040 0.00500000
v -0.03045120 -0.02875710 0.00500000
v -0.03043690 -0.02875440 0.00500000
v -0.03042250 -0.02875230 0.00500000
v -0.03040810 -0.02875080 0.00500000
v -0.03039360 -0.02875000 0.00500000
v -0.03037900 -0.02874970 0.00500000
v -0.03012100 -0.02874970 0.00500000
v -0.03010640 -0.02875000 0.00500000
v -0.03009190 -0.02875080 0.00500000
v -0.03007750 -0.02875230 0.00500000
v -0.03006310 -0.02875440 0.00500000
v -0.03004880 -0.02875710 0.00500000
v -0.03003470 -0.02876040 0.00500000
v -0.03002070 -0.02876430 0.00500000
v -0.03000690 -0.02876880 0.00500000
v -0.02999330 -0.02877390 0.00500000
v -0.02997990 -0.02877960 0.00500000
v -0.02996680 -0.02878580 0.00500000
v -0.02995390 -0.02879260 0.00500000
v -0.02994140 -0.02879990 0.00500000
v -0.02992920 -0.02880780 0.00500000
v -0.02991730 -0.02881610 0.00500000
v -0.02990580 -0.02882500 0.00500000
v -0.02989470 -0.02883430 0.00500000
v -0.02988390 -0.02884410 0.00500000
v -0.02987370 -0.02885440 0.00500000
v -0.02986380 -0.02886510 0.00500000
v -0.02985440 -0.02887620 0.00500000
v -0.02984550 -0.02888770 0.00500000
v -0.02983720 -0.02889950 0.00500000
v -0.02982930 -0.02891170 0.00500000
v -0.02982190 -0.02892430 0.00500000
v -0.02981510 -0.02893710 0.00500000
v -0.02980880 -0.02895020 0.00500000
v -0.02980310 -0.02896360 0.00500000
v -0.02979800 -0.02897720 0.00500000
v -0.02979350 -0.02899100 0.00500000
v -0.02767360 -0.02887990 0.00500000
v -0.02767060 -0.02886570 0.00500000
v -0.02766690 -0.02885160 0.00500000
v -0.02766260 -0.02883770 0.00500000
v -0.02765780 -0.02882400 0.00500000
v -0.02765230 -0.02881060 0.00500000
v -0.02764630 -0.02879730 0.00500000
v -0.02763980 -0.02878440 0.00500000
v -0.02763270 -0.02877170 0.00500000
v -0.02762500 -0.02875940 0.00500000
v -0.02761680 -0.02874730 0.00500000
v -0.02760820 -0.02873570 0.00500000
v -0.02759900 -0.02872440 0.00500000
v -0.02758940 -0.02871350 0.00500000
v -0.02757930 -0.02870310 0.00500000
v -0.02756880 -0.02869300 0.00500000
v -0.02755780 -0.02868350 0.00500000
v -0.02754650 -0.02867440 0.00500000
v -0.02753480 -0.02866580 0.00500000
v -0.02752270 -0.02865770 0.00500000
v -0.02751030 -0.02865020 0.00500000
v -0.02749760 -0.02864310 0.00500000
v -0.02748460 -0.02863660 0.00500000
v -0.02747130 -0.02863070 0.00500000
v -0.02745780 -0.02862540 0.00500000
v -0.02744410 -0.02862060 0.00500000
v -0.02743020 -0.02861640 0.00500000
v -0.02741610 -0.02861280 0.00500000
v -0.02740190 -0.02860980 0.00500000
v -0.02738760 -0.02860750 0.00500000
v -0.02737320 -0.02860570 0.00500000
v -0.02711650 -0.02857870 0.00500000
v -0.02710200 -0.02857750 0.00500000
v -0.02708750 -0.02857680 0.00500000
v -0.02707300 -0.02857680 0.00500000
v -0.02705850 -0.02857730 0.00500000
v -0.02704400 -0.02857850 0.00500000
v -0.02702960 -0.02858040 0.00500000
v -0.02701530 -0.02858280 0.00500000
v -0.02700110 -0.02858580 0.00500000
v -0.02698700 -0.02858950 0.00500000
v -0.02697310 -0.02859370 0.00500000
v -0.02695940 -0.02859850 0.00500000
v -0.02694590 -0.02860390 0.00500000
v -0.02693270 -0.02860990 0.00500000
v -0.02691970 -0.02861640 0.00500000
v -0.02690700 -0.02862350 0.00500000
v -0.02689460 -0.02863110 0.00500000
v -0.02688260 -0.02863920 0.00500000
v -0.02687090 -0.02864790 0.00500000
v -0.02685960 -0.02865700 0.00500000
v -0.02684870 -0.02866660 0.00500000
v -0.02683820 -0.02867670 0.00500000
v -0.02682820 -0.02868720 0.00500000
v -0.02681860 -0.02869810 0.00500000
v -0.02680950 -0.02870940 0.00500000
v -0.02680080 -0.02872110 0.00500000
v -0.02679270 -0.02873310 0.00500000
v -0.02678510 -0.02874550 0.00500000
v -0.02677810 -0.02875820 0.00500000
v -0.02677160 -0.02877120 0.00500000
v -0.02676560 -0.02878440 0.00500000
v -0.02466900 -0.02845240 0.00500000
v -0.02466740 -0.02843790 0.00500000
v -0.02466520 -0.02842350 0.00500000
v -0.02466240 -0.02840930 0.00500000
v -0.02465900 -0.02839520 0.00500000
v -0.02465500 -0.02838120 0.00500000
v -0.02465040 -0.02836740 0.00500000
v -0.02464530 -0.02835380 0.00500000
v -0.02463950 -0.02834050 0.00500000
v -0.02463320 -0.02832740 0.00500000
v -0.02462640 -0.02831460 0.00500000
v -0.02461900 -0.02830210 0.00500000
v -0.02461100 -0.02828990 0.00500000
v -0.02460260 -0.02827810 0.00500000
v -0.02459360 -0.02826670 0.00500000
v -0.02458420 -0.02825560 0.00500000
v -0.02457440 -0.02824490 0.00500000
v -0.02456400 -0.02823470 0.00500000
v -0.02455330 -0.02822500 0.00500000
v -0.02454210 -0.02821560 0.00500000
v -0.02453060 -0.02820680 0.00500000
v -0.02451870 -0.02819850 0.00500000
v -0.02450640 -0.02819070 0.00500000
v -0.02449380 -0.02818340 0.00500000
v -0.02448100 -0.02817670 0.00500000
v -0.02446780 -0.02817050 0.00500000
v -0.02445440 -0.02816490 0.00500000
v -0.02444080 -0.02815990 0.00500000
v -0.02442700 -0.02815540 0.00500000
v -0.02441300 -0.02815150 0.00500000
v -0.02439880 -0.02814830 0.00500000
v -0.02414640 -0.02809460 0.00500000
v -0.02413210 -0.02809190 0.00500000
v -0.02411780 -0.02808970 0.00500000
v -0.02410330 -0.02808810 0.00500000
v -0.02408880 -0.02808720 0.00500000
v -0.02407430 -0.02808690 0.00500000
v -0.02405980 -0.02808720 0.00500000
v -0.02404530 -0.02808810 0.00500000
v -0.02403080 -0.02808960 0.00500000
v -0.02401650 -0.02809180 0.00500000
v -0.02400220 -0.02809450 0.00500000
v -0.02398810 -0.02809790 0.00500000
v -0.02397410 -0.02810180 0.00500000
v -0.02396030 -0.02810640 0.00500000
v -0.02394670 -0.02811150 0.00500000
v -0.02393330 -0.02811720 0.00500000
v -0.02392020 -0.02812350 0.00500000
v -0.02390740 -0.02813040 0.00500000
v -0.02389490 -0.02813770 0.00500000
v -0.02388270 -0.02814560 0.00500000
v -0.02387090 -0.02815400 0.00500000
v -0.02385940 -0.02816290 0.00500000
v -0.02384830 -0.02817230 0.00500000
v -0.02383760 -0.02818220 0.00500000
v -0.02382740 -0.02819250 0.00500000
v -0.02381760 -0.02820320 0.00500000
v -0.02380820 -0.02821430 0.00500000
v -0.02379940 -0.02822580 0.00500000
v -0.02379100 -0.02823770 0.00500000
v -0.02378320 -0.02825000 0.00500000
v -0.02377590 -0.02826250 0.00500000
v -0.02172550 -0.02771310 0.00500000
v -0.02172540 -0.02769860 0.00500000
v -0.02172480 -0.02768410 0.00500000
v -0.02172350 -0.02766960 0.00500000
v -0.02172160 -0.02765520 0.00500000
v -0.02171900 -0.02764090 0.00500000
v -0.02171590 -0.02762670 0.00500000
v -0.02171220 -0.02761270 0.00500000
v -0.02170790 -0.02759880 0.00500000
v -0.02170300 -0.02758510 0.00500000
v -0.02169750 -0.02757170 0.00500000
v -0.02169140 -0.02755850 0.00500000
v -0.02168480 -0.02754550 0.00500000
v -0.02167770 -0.02753290 0.00500000
v -0.02167000 -0.02752060 0.00500000
v -0.02166180 -0.02750860 0.00500000
v -0.02165300 -0.02749700 0.00500000
v -0.02164380 -0.02748570 0.00500000
v -0.02163420 -0.02747490 0.00500000
v -0.02162410 -0.02746440 0.00500000
v -0.02161350 -0.02745450 0.00500000
v -0.02160250 -0.02744490 0.00500000
v -0.02159120 -0.02743590 0.00500000
v -0.02157940 -0.02742740 0.00500000
v -0.02156730 -0.02741930 0.00500000
v -0.02155490 -0.02741180 0.00500000
v -0.02154210 -0.02740480 0.00500000
v -0.02152910 -0.02739840 0.00500000
v -0.02151580 -0.02739250 0.00500000
v -0.02150230 -0.02738720 0.00500000
v -0.02148860 -0.02738250 0.00500000
v -0.02124310 -0.02730270 0.00500000
v -0.02122920 -0.02729850 0.00500000
v -0.02121520 -0.02729480 0.00500000
v -0.02120100 -0.02729180 0.00500000
v -0.02118670 -0.02728930 0.00500000
v -0.02117230 -0.02728750 0.00500000
v -0.02115780 -0.02728620 0.00500000
v -0.02114330 -0.02728560 0.00500000
v -0.02112870 -0.02728570 0.00500000
v -0.02111420 -0.02728630 0.00500000
v -0.02109970 -0.02728750 0.00500000
v -0.02108530 -0.02728940 0.00500000
v -0.02107100 -0.02729190 0.00500000
v -0.02105680 -0.02729500 0.00500000
v -0.02104280 -0.02729870 0.00500000
v -0.02102890 -0.02730300 0.00500000
v -0.02101520 -0.02730780 0.00500000
v -0.02100170 -0.02731330 0.00500000
v -0.02098850 -0.02731930 0.00500000
v -0.02097560 -0.02732590 0.00500000
v -0.02096290 -0.02733300 0.00500000
v -0.02095060 -0.02734070 0.00500000
v -0.02093860 -0.02734880 0.00500000
v -0.02092690 -0.02735750 0.00500000
v -0.02091560 -0.02736670 0.00500000
v -0.02090480 -0.02737630 0.00500000
v -0.02089430 -0.02738640 0.00500000
v -0.02088430 -0.02739690 0.00500000
v -0.02087480 -0.02740790 0.00500000
v -0.02086570 -0.02741920 0.00500000
v -0.02085710 -0.02743100 0.00500000
v -0.01887540 -0.02667020 0.00500000
v -0.01887680 -0.02665580 0.00500000
v -0.01887770 -0.02664130 0.00500000
v -0.01887790 -0.02662680 0.00500000
v -0.01887750 -0.02661220 0.00500000
v -0.01887650 -0.02659770 0.00500000
v -0.01887490 -0.02658330 0.00500000
v -0.01887270 -0.02656900 0.00500000
v -0.01886980 -0.02655470 0.00500000
v -0.01886640 -0.02654060 0.00500000
v -0.01886230 -0.02652660 0.00500000
v -0.01885770 -0.02651290 0.00500000
v -0.01885240 -0.02649930 0.00500000
v -0.01884660 -0.02648600 0.00500000
v -0.01884030 -0.02647290 0.00500000
v -0.01883340 -0.02646020 0.00500000
v -0.01882590 -0.02644770 0.00500000
v -0.01881800 -0.02643550 0.00500000
v -0.01880950 -0.02642380 0.00500000
v -0.01880050 -0.02641230 0.00500000
v -0.01879100 -0.02640130 0.00500000
v -0.01878110 -0.02639070 0.00500000
v -0.01877080 -0.02638050 0.00500000
v -0.01876000 -0.02637080 0.00500000
v -0.01874880 -0.02636150 0.00500000
v -0.01873720 -0.02635270 0.00500000
v -0.01872530 -0.02634450 0.00500000
v -0.01871300 -0.02633670 0.00500000
v -0.01870040 -0.02632950 0.00500000
v -0.01868750 -0.02632280 0.00500000
v -0.01867430 -0.02631660 0.00500000
v -0.01843860 -0.02621170 0.00500000
v -0.01842520 -0.02620600 0.00500000
v -0.01841160 -0.02620090 0.00500000
v -0.01839780 -0.02619640 0.00500000
v -0.01838380 -0.02619240 0.00500000
v -0.01836970 -0.02618910 0.00500000
v -0.01835540 -0.02618640 0.00500000
v -0.01834100 -0.02618430 0.00500000
v -0.01832660 -0.02618270 0.00500000
v -0.01831210 -0.02618190 0.00500000
v -0.01829760 -0.02618160 0.00500000
v -0.01828300 -0.02618190 0.00500000
v -0.01826850 -0.02618290 0.00500000
v -0.01825410 -0.02618450 0.00500000
v -0.01823970 -0.02618670 0.00500000
v -0.01822550 -0.02618950 0.00500000
v -0.01821140 -0.02619290 0.00500000
v -0.01819740 -0.02619690 0.00500000
v -0.01818360 -0.02620150 0.00500000
v -0.01817000 -0.02620670 0.00500000
v -0.01815670 -0.02621250 0.00500000
v -0.01814360 -0.02621880 0.00500000
v -0.01813080 -0.02622570 0.00500000
v -0.01811830 -0.02623310 0.00500000
v -0.01810620 -0.02624110 0.00500000
v -0.01809440 -0.02624950 0.00500000
v -0.01808290 -0.02625850 0.00500000
v -0.01807190 -0.02626790 0.00500000
v -0.01806120 -0.02627780 0.00500000
v -0.01805100 -0.02628810 0.00500000
v -0.01804130 -0.02629890 0.00500000
v -0.01614990 -0.02533520 0.00500000
v -0.01615290 -0.02532090 0.00500000
v -0.01615520 -0.02530660 0.00500000
v -0.01615700 -0.02529220 0.00500000
v -0.01615810 -0.02527770 0.00500000
v -0.01615860 -0.02526320 0.00500000
v -0.01615850 -0.02524870 0.00500000
v -0.01615780 -0.02523420 0.00500000
v -0.01615640 -0.02521970 0.00500000
v -0.01615450 -0.02520530 0.00500000
v -0.01615190 -0.02519100 0.00500000
v -0.01614870 -0.02517680 0.00500000
v -0.01614490 -0.02516280 0.00500000
v -0.01614060 -0.02514890 0.00500000
v -0.01613560 -0.02513530 0.00500000
v -0.01613010 -0.02512190 0.00500000
v -0.01612400 -0.02510870 0.00500000
v -0.01611730 -0.02509580 0.00500000
v -0.01611010 -0.02508310 0.00500000
v -0.01610240 -0.02507080 0.00500000
v -0.01609410 -0.02505890 0.00500000
v -0.01608540 -0.02504730 0.00500000
v -0.01607610 -0.02503610 0.00500000
v -0.01606640 -0.02502530 0.00500000
v -0.01605630 -0.02501490 0.00500000
v -0.01604570 -0.02500500 0.00500000
v -0.01603470 -0.02499550 0.00500000
v -0.01602320 -0.02498650 0.00500000
v -0.01601150 -0.02497800 0.00500000
v -0.01599930 -0.02497000 0.00500000
v -0.01598690 -0.02496250 0.00500000
v -0.01576340 -0.02483350 0.00500000
v -0.01575070 -0.02482640 0.00500000
v -0.01573770 -0.02481990 0.00500000
v -0.01572450 -0.02481400 0.00500000
v -0.01571100 -0.02480860 0.00500000
v -0.01569720 -0.02480380 0.00500000
v -0.01568330 -0.02479960 0.00500000
v -0.01566930 -0.02479600 0.00500000
v -0.01565510 -0.02479300 0.00500000
v -0.01564070 -0.02479060 0.00500000
v -0.01562630 -0.02478880 0.00500000
v -0.01561180 -0.02478760 0.00500000
v -0.01559730 -0.02478710 0.00500000
v -0.01558280 -0.02478710 0.00500000
v -0.01556830 -0.02478780 0.00500000
v -0.01555380 -0.02478910 0.00500000
v -0.01553940 -0.02479110 0.00500000
v -0.01552510 -0.02479360 0.00500000
v -0.01551090 -0.02479670 0.00500000
v -0.01549690 -0.02480050 0.00500000
v -0.01548300 -0.02480480 0.00500000
v -0.01546930 -0.02480970 0.00500000
v -0.01545590 -0.02481520 0.00500000
v -0.01544270 -0.02482130 0.00500000
v -0.01542980 -0.02482790 0.00500000
v -0.01541710 -0.02483510 0.00500000
v -0.01540480 -0.02484280 0.00500000
v -0.01539280 -0.02485100 0.00500000
v -0.01538120 -0.02485980 0.00500000
v -0.01537000 -0.02486900 0.00500000
v -0.01535920 -0.02487860 0.00500000
v -0.01357890 -0.02372250 0.00500000
v -0.01358330 -0.02370870 0.00500000
v -0.01358720 -0.02369470 0.00500000
v -0.01359040 -0.02368050 0.00500000
v -0.01359300 -0.02366620 0.00500000
v -0.01359510 -0.02365180 0.00500000
v -0.01359650 -0.02363740 0.00500000
v -0.01359730 -0.02362290 0.00500000
v -0.01359750 -0.02360840 0.00500000
v -0.01359700 -0.02359380 0.00500000
v -0.01359600 -0.02357930 0.00500000
v -0.01359430 -0.02356490 0.00500000
v -0.01359200 -0.02355060 0.00500000
v -0.01358910 -0.02353630 0.00500000
v -0.01358560 -0.02352220 0.00500000
v -0.01358150 -0.02350830 0.00500000
v -0.01357680 -0.02349450 0.00500000
v -0.01357150 -0.02348100 0.00500000
v -0.01356570 -0.02346770 0.00500000
v -0.01355930 -0.02345470 0.00500000
v -0.01355230 -0.02344190 0.00500000
v -0.01354480 -0.02342950 0.00500000
v -0.01353680 -0.02341740 0.00500000
v -0.01352830 -0.02340560 0.00500000
v -0.01351920 -0.02339420 0.00500000
v -0.01350970 -0.02338320 0.00500000
v -0.01349980 -0.02337260 0.00500000
v -0.01348940 -0.02336250 0.00500000
v -0.01347860 -0.02335280 0.00500000
v -0.01346730 -0.02334360 0.00500000
v -0.01345570 -0.02333480 0.00500000
v -0.01324700 -0.02318320 0.00500000
v -0.01323510 -0.02317480 0.00500000
v -0.01322280 -0.02316700 0.00500000
v -0.01321030 -0.02315970 0.00500000
v -0.01319740 -0.02315290 0.00500000
v -0.01318430 -0.02314670 0.00500000
v -0.01317090 -0.02314110 0.00500000
v -0.01315730 -0.02313600 0.00500000
v -0.01314340 -0.02313160 0.00500000
v -0.01312940 -0.02312770 0.00500000
v -0.01311530 -0.02312440 0.00500000
v -0.01310100 -0.02312170 0.00500000
v -0.01308660 -0.02311970 0.00500000
v -0.01307220 -0.02311820 0.00500000
v -0.01305770 -0.02311740 0.00500000
v -0.01304310 -0.02311720 0.00500000
v -0.01302860 -0.02311760 0.00500000
v -0.01301410 -0.02311860 0.00500000
v -0.01299970 -0.02312020 0.00500000
v -0.01298530 -0.02312250 0.00500000
v -0.01297110 -0.02312540 0.00500000
v -0.01295700 -0.02312880 0.00500000
v -0.01294300 -0.02313290 0.00500000
v -0.01292930 -0.02313750 0.00500000
v -0.01291570 -0.02314280 0.00500000
v -0.01290240 -0.02314860 0.00500000
v -0.01288940 -0.02315500 0.00500000
v -0.01287660 -0.02316190 0.00500000
v -0.01286410 -0.02316940 0.00500000
v -0.01285200 -0.02317730 0.00500000
v -0.01284020 -0.02318580 0.00500000
v -0.00537136 -0.01489080 0.00500000
v -0.00538104 -0.01488000 0.00500000
v -0.00539025 -0.01486880 0.00500000
v -0.00539897 -0.01485720 0.00500000
v -0.00540719 -0.01484520 0.00500000
v -0.00541490 -0.01483290 0.00500000
v -0.00542207 -0.01482020 0.00500000
v -0.00542869 -0.01480730 0.00500000
v -0.00543476 -0.01479410 0.00500000
v -0.00544026 -0.01478070 0.00500000
v -0.00544519 -0.01476700 0.00500000
v -0.00544952 -0.01475310 0.00500000
v -0.00545327 -0.01473910 0.00500000
v -0.00545641 -0.01472490 0.00500000
v -0.00545894 -0.01471060 0.00500000
v -0.00546086 -0.01469620 0.00500000
v -0.00546216 -0.01468170 0.00500000
v -0.00546285 -0.01466720 0.00500000
v -0.00546292 -0.01465270 0.00500000
v -0.00546237 -0.01463820 0.00500000
v -0.00546120 -0.01462370 0.00500000
v -0.00545942 -0.01460930 0.00500000
v -0.00545702 -0.01459490 0.00500000
v -0.00545401 -0.01458070 0.00500000
v -0.00545041 -0.01456670 0.00500000
v -0.00544620 -0.01455280 0.00500000
v -0.00544141 -0.01453900 0.00500000
v -0.00543603 -0.01452550 0.00500000
v -0.00543009 -0.01451230 0.00500000
v -0.00542359 -0.01449930 0.00500000
v -0.00541654 -0.01448660 0.00500000
v -0.00528750 -0.01426310 0.00500000
v -0.00528003 -0.01425070 0.00500000
v -0.00527203 -0.01423850 0.00500000
v -0.00526352 -0.01422680 0.00500000
v -0.00525452 -0.01421530 0.00500000
v -0.00524504 -0.01420430 0.00500000
v -0.00523510 -0.01419370 0.00500000
v -0.00522472 -0.01418360 0.00500000
v -0.00521391 -0.01417390 0.00500000
v -0.00520270 -0.01416460 0.00500000
v -0.00519111 -0.01415590 0.00500000
v -0.00517915 -0.01414760 0.00500000
v -0.00516686 -0.01413990 0.00500000
v -0.00515424 -0.01413270 0.00500000
v -0.00514133 -0.01412600 0.00500000
v -0.00512815 -0.01411990 0.00500000
v -0.00511472 -0.01411440 0.00500000
v -0.00510106 -0.01410940 0.00500000
v -0.00508721 -0.01410510 0.00500000
v -0.00507318 -0.01410130 0.00500000
v -0.00505900 -0.01409810 0.00500000
v -0.00504471 -0.01409550 0.00500000
v -0.00503031 -0.01409360 0.00500000
v -0.00501585 -0.01409220 0.00500000
v -0.00500134 -0.01409150 0.00500000
v -0.00498681 -0.01409140 0.00500000
v -0.00497229 -0.01409190 0.00500000
v -0.00495781 -0.01409300 0.00500000
v -0.00494339 -0.01409480 0.00500000
v -0.00492905 -0.01409710 0.00500000
v -0.00491483 -0.01410010 0.00500000
v -0.00706416 -0.01740980 0.00500000
v -0.00707266 -0.01739800 0.00500000
v -0.00708064 -0.01738590 0.00500000
v -0.00708811 -0.01737340 0.00500000
v -0.00709503 -0.01736060 0.00500000
v -0.00710140 -0.01734760 0.00500000
v -0.00710721 -0.01733430 0.00500000
v -0.00711245 -0.01732070 0.00500000
v -0.00711711 -0.01730700 0.00500000
v -0.00712117 -0.01729300 0.00500000
v -0.00712464 -0.01727890 0.00500000
v -0.00712750 -0.01726470 0.00500000
v -0.00712976 -0.01725030 0.00500000
v -0.00713140 -0.01723590 0.00500000
v -0.00713242 -0.01722140 0.00500000
v -0.00713283 -0.01720690 0.00500000
v -0.00713261 -0.01719230 0.00500000
v -0.00713178 -0.01717780 0.00500000
v -0.00713033 -0.01716340 0.00500000
v -0.00712827 -0.01714900 0.00500000
v -0.00712559 -0.01713470 0.00500000
v -0.00712231 -0.01712060 0.00500000
v -0.00711843 -0.01710660 0.00500000
v -0.00711395 -0.01709270 0.00500000
v -0.00710889 -0.01707910 0.00500000
v -0.00710326 -0.01706570 0.00500000
v -0.00709706 -0.01705260 0.00500000
v -0.00709030 -0.01703970 0.00500000
v -0.00708300 -0.01702720 0.00500000
v -0.00707518 -0.01701490 0.00500000
v -0.00706684 -0.01700300 0.00500000
v -0.00691515 -0.01679430 0.00500000
v -0.00690642 -0.01678270 0.00500000
v -0.00689720 -0.01677140 0.00500000
v -0.00688750 -0.01676060 0.00500000
v -0.00687736 -0.01675020 0.00500000
v -0.00686678 -0.01674030 0.00500000
v -0.00685579 -0.01673080 0.00500000
v -0.00684440 -0.01672170 0.00500000
v -0.00683264 -0.01671320 0.00500000
v -0.00682052 -0.01670520 0.00500000
v -0.00680808 -0.01669770 0.00500000
v -0.00679532 -0.01669070 0.00500000
v -0.00678229 -0.01668430 0.00500000
v -0.00676899 -0.01667850 0.00500000
v -0.00675545 -0.01667320 0.00500000
v -0.00674170 -0.01666850 0.00500000
v -0.00672777 -0.01666440 0.00500000
v -0.00671367 -0.01666090 0.00500000
v -0.00669943 -0.01665800 0.00500000
v -0.00668509 -0.01665570 0.00500000
v -0.00667066 -0.01665400 0.00500000
v -0.00665617 -0.01665300 0.00500000
v -0.00664165 -0.01665250 0.00500000
v -0.00662712 -0.01665270 0.00500000
v -0.00661262 -0.01665350 0.00500000
v -0.00659816 -0.01665490 0.00500000
v -0.00658377 -0.01665700 0.00500000
v -0.00656949 -0.01665960 0.00500000
v -0.00655532 -0.01666280 0.00500000
v -0.00654132 -0.01666670 0.00500000
v -0.00652748 -0.01667110 0.00500000
v -0.01119050 -0.02185000 0.00500000
v -0.01119640 -0.02183670 0.00500000
v -0.01120170 -0.02182310 0.00500000
v -0.01120640 -0.02180940 0.00500000
v -0.01121050 -0.02179550 0.00500000
v -0.01121400 -0.02178140 0.00500000
v -0.01121690 -0.02176710 0.00500000
v -0.01121920 -0.02175280 0.00500000
v -0.01122090 -0.02173840 0.00500000
v -0.01122200 -0.02172390 0.00500000
v -0.01122250 -0.02170940 0.00500000
v -0.01122230 -0.02169480 0.00500000
v -0.01122150 -0.02168030 0.00500000
v -0.01122010 -0.02166590 0.00500000
v -0.01121810 -0.02165150 0.00500000
v -0.01121550 -0.02163720 0.00500000
v -0.01121230 -0.02162300 0.00500000
v -0.01120840 -0.02160900 0.00500000
v -0.01120400 -0.02159520 0.00500000
v -0.01119900 -0.02158150 0.00500000
v -0.01119340 -0.02156810 0.00500000
v -0.01118730 -0.02155500 0.00500000
v -0.01118060 -0.02154210 0.00500000
v -0.01117330 -0.02152950 0.00500000
v -0.01116550 -0.02151720 0.00500000
v -0.01115720 -0.02150530 0.00500000
v -0.01114840 -0.02149370 0.00500000
v -0.01113920 -0.02148260 0.00500000
v -0.01112940 -0.02147180 0.00500000
v -0.01111920 -0.02146140 0.00500000
v -0.01110860 -0.02145150 0.00500000
v -0.01091680 -0.02127890 0.00500000
v -0.01090580 -0.02126930 0.00500000
v -0.01089450 -0.02126030 0.00500000
v -0.01088280 -0.02125170 0.00500000
v -0.01087070 -0.02124360 0.00500000
v -0.01085830 -0.02123610 0.00500000
v -0.01084550 -0.02122910 0.00500000
v -0.01083250 -0.02122260 0.00500000
v -0.01081920 -0.02121670 0.00500000
v -0.01080570 -0.02121140 0.00500000
v -0.01079200 -0.02120670 0.00500000
v -0.01077810 -0.02120250 0.00500000
v -0.01076400 -0.02119900 0.00500000
v -0.01074980 -0.02119600 0.00500000
v -0.01073540 -0.02119370 0.00500000
v -0.01072100 -0.02119190 0.00500000
v -0.01070650 -0.02119080 0.00500000
v -0.01069200 -0.02119030 0.00500000
v -0.01067750 -0.02119040 0.00500000
v -0.01066300 -0.02119120 0.00500000
v -0.01064850 -0.02119250 0.00500000
v -0.01063410 -0.02119450 0.00500000
v -0.01061980 -0.02119710 0.00500000
v -0.01060560 -0.02120030 0.00500000
v -0.01059160 -0.02120410 0.00500000
v -0.01057780 -0.02120850 0.00500000
v -0.01056410 -0.02121340 0.00500000
v -0.01055070 -0.02121900 0.00500000
v -0.01053750 -0.02122510 0.00500000
v -0.01052460 -0.02123180 0.00500000
v -0.01051200 -0.02123900 0.00500000
v -0.00901100 -0.01973800 0.00500000
v -0.00901821 -0.01972540 0.00500000
v -0.00902489 -0.01971250 0.00500000
v -0.00903101 -0.01969930 0.00500000
v -0.00903656 -0.01968590 0.00500000
v -0.00904153 -0.01967220 0.00500000
v -0.00904592 -0.01965840 0.00500000
v -0.00904971 -0.01964440 0.00500000
v -0.00905290 -0.01963020 0.00500000
v -0.00905549 -0.01961590 0.00500000
v -0.00905746 -0.01960150 0.00500000
v -0.00905882 -0.01958700 0.00500000
v -0.00905956 -0.01957250 0.00500000
v -0.00905968 -0.01955800 0.00500000
v -0.00905919 -0.01954350 0.00500000
v -0.00905807 -0.01952900 0.00500000
v -0.00905634 -0.01951460 0.00500000
v -0.00905400 -0.01950020 0.00500000
v -0.00905104 -0.01948600 0.00500000
v -0.00904749 -0.01947190 0.00500000
v -0.00904333 -0.01945800 0.00500000
v -0.00903859 -0.01944430 0.00500000
v -0.00903327 -0.01943080 0.00500000
v -0.00902737 -0.01941750 0.00500000
v -0.00902092 -0.01940450 0.00500000
v -0.00901391 -0.01939170 0.00500000
v -0.00900637 -0.01937930 0.00500000
v -0.00899831 -0.01936720 0.00500000
v -0.00898974 -0.01935550 0.00500000
v -0.00898068 -0.01934420 0.00500000
v -0.00897114 -0.01933320 0.00500000
v -0.00879846 -0.01914140 0.00500000
v -0.00878856 -0.01913080 0.00500000
v -0.00877822 -0.01912060 0.00500000
v -0.00876745 -0.01911080 0.00500000
v -0.00875627 -0.01910160 0.00500000
v -0.00874471 -0.01909280 0.00500000
v -0.00873278 -0.01908450 0.00500000
v -0.00872052 -0.01907670 0.00500000
v -0.00870793 -0.01906940 0.00500000
v -0.00869504 -0.01906270 0.00500000
v -0.00868188 -0.01905660 0.00500000
v -0.00866847 -0.01905100 0.00500000
v -0.00865483 -0.01904600 0.00500000
v -0.00864100 -0.01904160 0.00500000
v -0.00862698 -0.01903770 0.00500000
v -0.00861282 -0.01903450 0.00500000
v -0.00859853 -0.01903190 0.00500000
v -0.00858414 -0.01902990 0.00500000
v -0.00856968 -0.01902850 0.00500000
v -0.00855518 -0.01902770 0.00500000
v -0.00854065 -0.01902750 0.00500000
v -0.00852613 -0.01902800 0.00500000
v -0.00851164 -0.01902910 0.00500000
v -0.00849721 -0.01903080 0.00500000
v -0.00848287 -0.01903310 0.00500000
v -0.00846864 -0.01903600 0.00500000
v -0.00845454 -0.01903950 0.00500000
v -0.00844061 -0.01904360 0.00500000
v -0.00842687 -0.01904830 0.00500000
v -0.00841334 -0.01905360 0.00500000
v -0.00840004 -0.01905950 0.00500000
v -0.00395113 -0.01220870 0.00500000
v -0.00396189 -0.01219900 0.00500000
v -0.00397222 -0.01218880 0.00500000
v -0.00398211 -0.01217810 0.00500000
v -0.00399154 -0.01216710 0.00500000
v -0.00400049 -0.01215560 0.00500000
v -0.00400894 -0.01214380 0.00500000
v -0.00401688 -0.01213170 0.00500000
v -0.00402430 -0.01211920 0.00500000
v -0.00403117 -0.01210640 0.00500000
v -0.00403750 -0.01209330 0.00500000
v -0.00404326 -0.01208000 0.00500000
v -0.00404845 -0.01206640 0.00500000
v -0.00405306 -0.01205260 0.00500000
v -0.00405707 -0.01203860 0.00500000
v -0.00406049 -0.01202450 0.00500000
v -0.00406330 -0.01201030 0.00500000
v -0.00406550 -0.01199590 0.00500000
v -0.00406708 -0.01198150 0.00500000
v -0.00406805 -0.01196700 0.00500000
v -0.00406841 -0.01195240 0.00500000
v -0.00406814 -0.01193790 0.00500000
v -0.00406725 -0.01192340 0.00500000
v -0.00406575 -0.01190900 0.00500000
v -0.00406363 -0.01189460 0.00500000
v -0.00406090 -0.01188030 0.00500000
v -0.00405757 -0.01186620 0.00500000
v -0.00405363 -0.01185220 0.00500000
v -0.00404911 -0.01183840 0.00500000
v -0.00404400 -0.01182480 0.00500000
v -0.00403831 -0.01181140 0.00500000
v -0.00393335 -0.01157570 0.00500000
v -0.00392722 -0.01156250 0.00500000
v -0.00392053 -0.01154960 0.00500000
v -0.00391330 -0.01153700 0.00500000
v -0.00390554 -0.01152470 0.00500000
v -0.00389726 -0.01151280 0.00500000
v -0.00388849 -0.01150120 0.00500000
v -0.00387922 -0.01149000 0.00500000
v -0.00386949 -0.01147920 0.00500000
v -0.00385931 -0.01146890 0.00500000
v -0.00384869 -0.01145900 0.00500000
v -0.00383766 -0.01144950 0.00500000
v -0.00382624 -0.01144050 0.00500000
v -0.00381445 -0.01143200 0.00500000
v -0.00380231 -0.01142410 0.00500000
v -0.00378983 -0.01141660 0.00500000
v -0.00377705 -0.01140970 0.00500000
v -0.00376399 -0.01140340 0.00500000
v -0.00375067 -0.01139760 0.00500000
v -0.00373712 -0.01139230 0.00500000
v -0.00372335 -0.01138770 0.00500000
v -0.00370940 -0.01138360 0.00500000
v -0.00369529 -0.01138020 0.00500000
v -0.00368104 -0.01137730 0.00500000
v -0.00366669 -0.01137510 0.00500000
v -0.00365225 -0.01137350 0.00500000
v -0.00363776 -0.01137250 0.00500000
v -0.00362324 -0.01137210 0.00500000
v -0.00360871 -0.01137230 0.00500000
v -0.00359421 -0.01137320 0.00500000
v -0.00357976 -0.01137460 0.00500000
v -0.00281904 -0.00939288 0.00500000
v -0.00283076 -0.00938430 0.00500000
v -0.00284210 -0.00937523 0.00500000
v -0.00285305 -0.00936568 0.00500000
v -0.00286358 -0.00935567 0.00500000
v -0.00287368 -0.00934522 0.00500000
v -0.00288332 -0.00933436 0.00500000
v -0.00289249 -0.00932309 0.00500000
v -0.00290117 -0.00931144 0.00500000
v -0.00290934 -0.00929943 0.00500000
v -0.00291700 -0.00928709 0.00500000
v -0.00292413 -0.00927443 0.00500000
v -0.00293070 -0.00926147 0.00500000
v -0.00293673 -0.00924825 0.00500000
v -0.00294218 -0.00923479 0.00500000
v -0.00294705 -0.00922110 0.00500000
v -0.00295133 -0.00920722 0.00500000
v -0.00295502 -0.00919317 0.00500000
v -0.00295811 -0.00917897 0.00500000
v -0.00296059 -0.00916466 0.00500000
v -0.00296246 -0.00915025 0.00500000
v -0.00296371 -0.00913578 0.00500000
v -0.00296435 -0.00912126 0.00500000
v -0.00296436 -0.00910674 0.00500000
v -0.00296376 -0.00909222 0.00500000
v -0.00296254 -0.00907775 0.00500000
v -0.00296070 -0.00906333 0.00500000
v -0.00295825 -0.00904902 0.00500000
v -0.00295519 -0.00903481 0.00500000
v -0.00295153 -0.00902075 0.00500000
v -0.00294727 -0.00900686 0.00500000
v -0.00286753 -0.00876143 0.00500000
v -0.00286281 -0.00874769 0.00500000
v -0.00285750 -0.00873417 0.00500000
v -0.00285163 -0.00872088 0.00500000
v -0.00284520 -0.00870786 0.00500000
v -0.00283821 -0.00869512 0.00500000
v -0.00283069 -0.00868269 0.00500000
v -0.00282265 -0.00867059 0.00500000
v -0.00281410 -0.00865885 0.00500000
v -0.00280505 -0.00864748 0.00500000
v -0.00279553 -0.00863651 0.00500000
v -0.00278555 -0.00862595 0.00500000
v -0.00277513 -0.00861582 0.00500000
v -0.00276429 -0.00860616 0.00500000
v -0.00275305 -0.00859696 0.00500000
v -0.00274142 -0.00858825 0.00500000
v -0.00272944 -0.00858004 0.00500000
v -0.00271711 -0.00857235 0.00500000
v -0.00270447 -0.00856519 0.00500000
v -0.00269153 -0.00855858 0.00500000
v -0.00267833 -0.00855252 0.00500000
v -0.00266488 -0.00854704 0.00500000
v -0.00265120 -0.00854213 0.00500000
v -0.00263733 -0.00853781 0.00500000
v -0.00262329 -0.00853408 0.00500000
v -0.00260910 -0.00853095 0.00500000
v -0.00259480 -0.00852844 0.00500000
v -0.00258040 -0.00852653 0.00500000
v -0.00256593 -0.00852524 0.00500000
v -0.00255141 -0.00852457 0.00500000
v -0.00253689 -0.00852452 0.00500000
v -0.00198748 -0.00647411 0.00500000
v -0.00200004 -0.00646680 0.00500000
v -0.00201227 -0.00645896 0.00500000
v -0.00202415 -0.00645061 0.00500000
v -0.00203567 -0.00644176 0.00500000
v -0.00204681 -0.00643242 0.00500000
v -0.00205753 -0.00642262 0.00500000
v -0.00206783 -0.00641238 0.00500000
v -0.00207768 -0.00640170 0.00500000
v -0.00208706 -0.00639061 0.00500000
v -0.00209597 -0.00637913 0.00500000
v -0.00210438 -0.00636729 0.00500000
v -0.00211228 -0.00635509 0.00500000
v -0.00211964 -0.00634257 0.00500000
v -0.00212647 -0.00632975 0.00500000
v -0.00213275 -0.00631665 0.00500000
v -0.00213846 -0.00630329 0.00500000
v -0.00214360 -0.00628970 0.00500000
v -0.00214816 -0.00627591 0.00500000
v -0.00215212 -0.00626193 0.00500000
v -0.00215548 -0.00624780 0.00500000
v -0.00215824 -0.00623354 0.00500000
v -0.00216039 -0.00621917 0.00500000
v -0.00216192 -0.00620472 0.00500000
v -0.00216284 -0.00619022 0.00500000
v -0.00216314 -0.00617570 0.00500000
v -0.00216281 -0.00616118 0.00500000
v -0.00216188 -0.00614668 0.00500000
v -0.00216032 -0.00613224 0.00500000
v -0.00215815 -0.00611787 0.00500000
v -0.00215537 -0.00610361 0.00500000
v -0.00210171 -0.00585119 0.00500000
v -0.00209845 -0.00583703 0.00500000
v -0.00209459 -0.00582303 0.00500000
v -0.00209014 -0.00580920 0.00500000
v -0.00208510 -0.00579557 0.00500000
v -0.00207949 -0.00578217 0.00500000
v -0.00207331 -0.00576903 0.00500000
v -0.00206658 -0.00575615 0.00500000
v -0.00205930 -0.00574358 0.00500000
v -0.00205149 -0.00573133 0.00500000
v -0.00204317 -0.00571942 0.00500000
v -0.00203435 -0.00570788 0.00500000
v -0.00202505 -0.00569672 0.00500000
v -0.00201527 -0.00568597 0.00500000
v -0.00200505 -0.00567565 0.00500000
v -0.00199440 -0.00566577 0.00500000
v -0.00198334 -0.00565635 0.00500000
v -0.00197188 -0.00564742 0.00500000
v -0.00196006 -0.00563898 0.00500000
v -0.00194789 -0.00563105 0.00500000
v -0.00193539 -0.00562365 0.00500000
v -0.00192258 -0.00561678 0.00500000
v -0.00190950 -0.00561047 0.00500000
v -0.00189616 -0.00560472 0.00500000
v -0.00188258 -0.00559955 0.00500000
v -0.00186880 -0.00559496 0.00500000
v -0.00185483 -0.00559096 0.00500000
v -0.00184071 -0.00558756 0.00500000
v -0.00182645 -0.00558476 0.00500000
v -0.00181209 -0.00558258 0.00500000
v -0.00179765 -0.00558101 0.00500000
v -0.00146558 -0.00348441 0.00500000
v -0.00147883 -0.00347845 0.00500000
v -0.00149181 -0.00347193 0.00500000
v -0.00150451 -0.00346487 0.00500000
v -0.00151689 -0.00345727 0.00500000
v -0.00152893 -0.00344915 0.00500000
v -0.00154062 -0.00344053 0.00500000
v -0.00155194 -0.00343141 0.00500000
v -0.00156285 -0.00342182 0.00500000
v -0.00157334 -0.00341177 0.00500000
v -0.00158340 -0.00340129 0.00500000
v -0.00159300 -0.00339039 0.00500000
v -0.00160213 -0.00337909 0.00500000
v -0.00161077 -0.00336741 0.00500000
v -0.00161890 -0.00335537 0.00500000
v -0.00162651 -0.00334299 0.00500000
v -0.00163359 -0.00333031 0.00500000
v -0.00164012 -0.00331733 0.00500000
v -0.00164609 -0.00330409 0.00500000
v -0.00165149 -0.00329060 0.00500000
v -0.00165631 -0.00327690 0.00500000
v -0.00166055 -0.00326300 0.00500000
v -0.00166419 -0.00324894 0.00500000
v -0.00166722 -0.00323473 0.00500000
v -0.00166965 -0.00322041 0.00500000
v -0.00167146 -0.00320599 0.00500000
v -0.00167266 -0.00319151 0.00500000
v -0.00167324 -0.00317700 0.00500000
v -0.00167320 -0.00316247 0.00500000
v -0.00167255 -0.00314796 0.00500000
v -0.00167127 -0.00313349 0.00500000
v -0.00164430 -0.00287684 0.00500000
v -0.00164253 -0.00286242 0.00500000
v -0.00164016 -0.00284809 0.00500000
v -0.00163718 -0.00283387 0.00500000
v -0.00163359 -0.00281979 0.00500000
v -0.00162941 -0.00280588 0.00500000
v -0.00162464 -0.00279216 0.00500000
v -0.00161929 -0.00277865 0.00500000
v -0.00161336 -0.00276539 0.00500000
v -0.00160688 -0.00275239 0.00500000
v -0.00159985 -0.00273967 0.00500000
v -0.00159228 -0.00272727 0.00500000
v -0.00158420 -0.00271520 0.00500000
v -0.00157560 -0.00270349 0.00500000
v -0.00156652 -0.00269215 0.00500000
v -0.00155695 -0.00268122 0.00500000
v -0.00154694 -0.00267070 0.00500000
v -0.00153648 -0.00266061 0.00500000
v -0.00152560 -0.00265098 0.00500000
v -0.00151432 -0.00264182 0.00500000
v -0.00150267 -0.00263316 0.00500000
v -0.00149065 -0.00262499 0.00500000
v -0.00147830 -0.00261735 0.00500000
v -0.00146563 -0.00261024 0.00500000
v -0.00145267 -0.00260367 0.00500000
v -0.00143944 -0.00259767 0.00500000
v -0.00142597 -0.00259223 0.00500000
v -0.00141228 -0.00258737 0.00500000
v -0.00139839 -0.00258310 0.00500000
v -0.00138434 -0.00257943 0.00500000
v -0.00137014 -0.00257635 0.00500000
v -0.03672410 -0.02826250 0.00500000
v -0.03671680 -0.02825000 0.00500000
v -0.03670900 -0.02823770 0.00500000
v -0.03670060 -0.02822580 0.00500000
v -0.03669180 -0.02821430 0.00500000
v -0.03668240 -0.02820320 0.00500000
v -0.03667260 -0.02819250 0.00500000
v -0.03666240 -0.02818220 0.00500000
v -0.03665170 -0.02817230 0.00500000
v -0.03664060 -0.02816290 0.00500000
v -0.03662910 -0.02815400 0.00500000
v -0.03661730 -0.02814560 0.00500000
v -0.03660510 -0.02813770 0.00500000
v -0.03659260 -0.02813040 0.00500000
v -0.03657980 -0.02812350 0.00500000
v -0.03656670 -0.02811720 0.00500000
v -0.03655330 -0.02811150 0.00500000
v -0.03653970 -0.02810640 0.00500000
v -0.03652590 -0.02810180 0.00500000
v -0.03651190 -0.02809790 0.00500000
v -0.03649780 -0.02809450 0.00500000
v -0.03648350 -0.02809180 0.00500000
v -0.03646920 -0.02808960 0.00500000
v -0.03645470 -0.02808810 0.00500000
v -0.03644020 -0.02808720 0.00500000
v -0.03642570 -0.02808690 0.00500000
v -0.03641120 -0.02808720 0.00500000
v -0.03639670 -0.02808810 0.00500000
v -0.03638220 -0.02808970 0.00500000
v -0.03636790 -0.02809190 0.00500000
v -0.03635360 -0.02809460 0.00500000
v -0.03610120 -0.02814830 0.00500000
v -0.03608700 -0.02815150 0.00500000
v -0.03607300 -0.02815540 0.00500000
v -0.03605920 -0.02815990 0.00500000
v -0.03604560 -0.02816490 0.00500000
v -0.03603220 -0.02817050 0.00500000
v -0.03601900 -0.02817670 0.00500000
v -0.03600620 -0.02818340 0.00500000
v -0.03599360 -0.02819070 0.00500000
v -0.03598130 -0.02819850 0.00500000
v -0.03596940 -0.02820680 0.00500000
v -0.03595790 -0.02821560 0.00500000
v -0.03594670 -0.02822500 0.00500000
v -0.03593600 -0.02823470 0.00500000
v -0.03592560 -0.02824490 0.00500000
v -0.03591580 -0.02825560 0.00500000
v -0.03590640 -0.02826670 0.00500000
v -0.03589740 -0.02827810 0.00500000
v -0.03588900 -0.02828990 0.00500000
v -0.03588100 -0.02830210 0.00500000
v -0.03587360 -0.02831460 0.00500000
v -0.03586680 -0.02832740 0.00500000
v -0.03586050 -0.02834050 0.00500000
v -0.03585470 -0.02835380 0.00500000
v -0.03584960 -0.02836740 0.00500000
v -0.03584500 -0.02838120 0.00500000
v -0.03584100 -0.02839520 0.00500000
v -0.03583760 -0.02840930 0.00500000
v -0.03583480 -0.02842350 0.00500000
v -0.03583260 -0.02843790 0.00500000
v -0.03583100 -0.02845240 0.00500000
v -0.03964290 -0.02743100 0.00500000
v -0.03963430 -0.02741920 0.00500000
v -0.03962520 -0.02740790 0.00500000
v -0.03961570 -0.02739690 0.00500000
v -0.03960570 -0.02738640 0.00500000
v -0.03959520 -0.02737630 0.00500000
v -0.03958440 -0.02736670 0.00500000
v -0.03957310 -0.02735750 0.00500000
v -0.03956140 -0.02734880 0.00500000
v -0.03954940 -0.02734070 0.00500000
v -0.03953710 -0.02733300 0.00500000
v -0.03952440 -0.02732590 0.00500000
v -0.03951150 -0.02731930 0.00500000
v -0.03949830 -0.02731330 0.00500000
v -0.03948480 -0.02730780 0.00500000
v -0.03947110 -0.02730300 0.00500000
v -0.03945720 -0.02729870 0.00500000
v -0.03944320 -0.02729500 0.00500000
v -0.03942900 -0.02729190 0.00500000
v -0.03941470 -0.02728940 0.00500000
v -0.03940030 -0.02728750 0.00500000
v -0.03938580 -0.02728630 0.00500000
v -0.03937130 -0.02728570 0.00500000
v -0.03935670 -0.02728560 0.00500000
v -0.03934220 -0.02728620 0.00500000
v -0.03932770 -0.02728750 0.00500000
v -0.03931330 -0.02728930 0.00500000
v -0.03929900 -0.02729180 0.00500000
v -0.03928480 -0.02729480 0.00500000
v -0.03927080 -0.02729850 0.00500000
v -0.03925690 -0.02730270 0.00500000
v -0.03901140 -0.02738250 0.00500000
v -0.03899770 -0.02738720 0.00500000
v -0.03898420 -0.02739250 0.00500000
v -0.03897090 -0.02739840 0.00500000
v -0.03895790 -0.02740480 0.00500000
v -0.03894510 -0.02741180 0.00500000
v -0.03893270 -0.02741930 0.00500000
v -0.03892060 -0.02742740 0.00500000
v -0.03890880 -0.02743590 0.00500000
v -0.03889750 -0.02744490 0.00500000
v -0.03888650 -0.02745450 0.00500000
v -0.03887590 -0.02746440 0.00500000
v -0.03886580 -0.02747490 0.00500000
v -0.03885620 -0.02748570 0.00500000
v -0.03884700 -0.02749700 0.00500000
v -0.03883820 -0.02750860 0.00500000
v -0.03883000 -0.02752060 0.00500000
v -0.03882230 -0.02753290 0.00500000
v -0.03881520 -0.02754550 0.00500000
v -0.03880860 -0.02755850 0.00500000
v -0.03880250 -0.02757170 0.00500000
v -0.03879700 -0.02758510 0.00500000
v -0.03879210 -0.02759880 0.00500000
v -0.03878780 -0.02761270 0.00500000
v -0.03878410 -0.02762670 0.00500000
v -0.03878100 -0.02764090 0.00500000
v -0.03877840 -0.02765520 0.00500000
v -0.03877650 -0.02766960 0.00500000
v -0.03877520 -0.02768410 0.00500000
v -0.03877460 -0.02769860 0.00500000
v -0.03877450 -0.02771310 0.00500000
v -0.04245870 -0.02629890 0.00500000
v -0.04244900 -0.02628810 0.00500000
v -0.04243880 -0.02627780 0.00500000
v -0.04242810 -0.02626790 0.00500000
v -0.04241710 -0.02625850 0.00500000
v -0.04240560 -0.02624950 0.00500000
v -0.04239380 -0.02624110 0.00500000
v -0.04238170 -0.02623310 0.00500000
v -0.04236920 -0.02622570 0.00500000
v -0.04235640 -0.02621880 0.00500000
v -0.04234330 -0.02621250 0.00500000
v -0.04233000 -0.02620670 0.00500000
v -0.04231640 -0.02620150 0.00500000
v -0.04230260 -0.02619690 0.00500000
v -0.04228860 -0.02619290 0.00500000
v -0.04227450 -0.02618950 0.00500000
v -0.04226030 -0.02618670 0.00500000
v -0.04224590 -0.02618450 0.00500000
v -0.04223150 -0.02618290 0.00500000
v -0.04221700 -0.02618190 0.00500000
v -0.04220240 -0.02618160 0.00500000
v -0.04218790 -0.02618190 0.00500000
v -0.04217340 -0.02618270 0.00500000
v -0.04215900 -0.02618430 0.00500000
v -0.04214460 -0.02618640 0.00500000
v -0.04213030 -0.02618910 0.00500000
v -0.04211620 -0.02619240 0.00500000
v -0.04210220 -0.02619640 0.00500000
v -0.04208840 -0.02620090 0.00500000
v -0.04207480 -0.02620600 0.00500000
v -0.04206140 -0.02621170 0.00500000
v -0.04182570 -0.02631660 0.00500000
v -0.04181250 -0.02632280 0.00500000
v -0.04179960 -0.02632950 0.00500000
v -0.04178700 -0.02633670 0.00500000
v -0.04177470 -0.02634450 0.00500000
v -0.04176280 -0.02635270 0.00500000
v -0.04175120 -0.02636150 0.00500000
v -0.04174000 -0.02637080 0.00500000
v -0.04172920 -0.02638050 0.00500000
v -0.04171890 -0.02639070 0.00500000
v -0.04170900 -0.02640130 0.00500000
v -0.04169950 -0.02641230 0.00500000
v -0.04169050 -0.02642380 0.00500000
v -0.04168200 -0.02643550 0.00500000
v -0.04167410 -0.02644770 0.00500000
v -0.04166660 -0.02646020 0.00500000
v -0.04165970 -0.02647290 0.00500000
v -0.04165340 -0.02648600 0.00500000
v -0.04164760 -0.02649930 0.00500000
v -0.04164230 -0.02651290 0.00500000
v -0.04163770 -0.02652660 0.00500000
v -0.04163360 -0.02654060 0.00500000
v -0.04163020 -0.02655470 0.00500000
v -0.04162730 -0.02656900 0.00500000
v -0.04162510 -0.02658330 0.00500000
v -0.04162350 -0.02659770 0.00500000
v -0.04162250 -0.02661220 0.00500000
v -0.04162210 -0.02662680 0.00500000
v -0.04162230 -0.02664130 0.00500000
v -0.04162320 -0.02665580 0.00500000
v -0.04162460 -0.02667020 0.00500000
v -0.04514080 -0.02487860 0.00500000
v -0.04513000 -0.02486900 0.00500000
v -0.04511880 -0.02485980 0.00500000
v -0.04510720 -0.02485100 0.00500000
v -0.04509520 -0.02484280 0.00500000
v -0.04508290 -0.02483510 0.00500000
v -0.04507020 -0.02482790 0.00500000
v -0.04505730 -0.02482130 0.00500000
v -0.04504410 -0.02481520 0.00500000
v -0.04503070 -0.02480970 0.00500000
v -0.04501700 -0.02480480 0.00500000
v -0.04500310 -0.02480050 0.00500000
v -0.04498910 -0.02479670 0.00500000
v -0.04497490 -0.02479360 0.00500000
v -0.04496060 -0.02479110 0.00500000
v -0.04494620 -0.02478910 0.00500000
v -0.04493170 -0.02478780 0.00500000
v -0.04491720 -0.02478710 0.00500000
v -0.04490270 -0.02478710 0.00500000
v -0.04488820 -0.02478760 0.00500000
v -0.04487370 -0.02478880 0.00500000
v -0.04485930 -0.02479060 0.00500000
v -0.04484490 -0.02479300 0.00500000
v -0.04483070 -0.02479600 0.00500000
v -0.04481670 -0.02479960 0.00500000
v -0.04480280 -0.02480380 0.00500000
v -0.04478900 -0.02480860 0.00500000
v -0.04477550 -0.02481400 0.00500000
v -0.04476230 -0.02481990 0.00500000
v -0.04474930 -0.02482640 0.00500000
v -0.04473660 -0.02483350 0.00500000
v -0.04451310 -0.02496250 0.00500000
v -0.04450070 -0.02497000 0.00500000
v -0.04448850 -0.02497800 0.00500000
v -0.04447680 -0.02498650 0.00500000
v -0.04446530 -0.02499550 0.00500000
v -0.04445430 -0.02500500 0.00500000
v -0.04444370 -0.02501490 0.00500000
v -0.04443360 -0.02502530 0.00500000
v -0.04442390 -0.02503610 0.00500000
v -0.04441460 -0.02504730 0.00500000
v -0.04440590 -0.02505890 0.00500000
v -0.04439760 -0.02507080 0.00500000
v -0.04438990 -0.02508310 0.00500000
v -0.04438270 -0.02509580 0.00500000
v -0.04437600 -0.02510870 0.00500000
v -0.04436990 -0.02512190 0.00500000
v -0.04436440 -0.02513530 0.00500000
v -0.04435940 -0.02514890 0.00500000
v -0.04435510 -0.02516280 0.00500000
v -0.04435130 -0.02517680 0.00500000
v -0.04434810 -0.02519100 0.00500000
v -0.04434550 -0.02520530 0.00500000
v -0.04434360 -0.02521970 0.00500000
v -0.04434220 -0.02523420 0.00500000
v -0.04434150 -0.02524870 0.00500000
v -0.04434140 -0.02526320 0.00500000
v -0.04434190 -0.02527770 0.00500000
v -0.04434300 -0.02529220 0.00500000
v -0.04434480 -0.02530660 0.00500000
v -0.04434710 -0.02532090 0.00500000
v -0.04435010 -0.02533520 0.00500000
v -0.05210000 -0.01905950 0.00500000
v -0.05208670 -0.01905360 0.00500000
v -0.05207310 -0.01904830 0.00500000
v -0.05205940 -0.01904360 0.00500000
v -0.05204550 -0.01903950 0.00500000
v -0.05203140 -0.01903600 0.00500000
v -0.05201710 -0.01903310 0.00500000
v -0.05200280 -0.01903080 0.00500000
v -0.05198840 -0.01902910 0.00500000
v -0.05197390 -0.01902800 0.00500000
v -0.05195940 -0.01902750 0.00500000
v -0.05194480 -0.01902770 0.00500000
v -0.05193030 -0.01902850 0.00500000
v -0.05191590 -0.01902990 0.00500000
v -0.05190150 -0.01903190 0.00500000
v -0.05188720 -0.01903450 0.00500000
v -0.05187300 -0.01903770 0.00500000
v -0.05185900 -0.01904160 0.00500000
v -0.05184520 -0.01904600 0.00500000
v -0.05183150 -0.01905100 0.00500000
v -0.05181810 -0.01905660 0.00500000
v -0.05180500 -0.01906270 0.00500000
v -0.05179210 -0.01906940 0.00500000
v -0.05177950 -0.01907670 0.00500000
v -0.05176720 -0.01908450 0.00500000
v -0.05175530 -0.01909280 0.00500000
v -0.05174370 -0.01910160 0.00500000
v -0.05173260 -0.01911080 0.00500000
v -0.05172180 -0.01912060 0.00500000
v -0.05171140 -0.01913080 0.00500000
v -0.05170150 -0.01914140 0.00500000
v -0.05152890 -0.01933320 0.00500000
v -0.05151930 -0.01934420 0.00500000
v -0.05151030 -0.01935550 0.00500000
v -0.05150170 -0.01936720 0.00500000
v -0.05149360 -0.01937930 0.00500000
v -0.05148610 -0.01939170 0.00500000
v -0.05147910 -0.01940450 0.00500000
v -0.05147260 -0.01941750 0.00500000
v -0.05146670 -0.01943080 0.00500000
v -0.05146140 -0.01944430 0.00500000
v -0.05145670 -0.01945800 0.00500000
v -0.05145250 -0.01947190 0.00500000
v -0.05144900 -0.01948600 0.00500000
v -0.05144600 -0.01950020 0.00500000
v -0.05144370 -0.01951460 0.00500000
v -0.05144190 -0.01952900 0.00500000
v -0.05144080 -0.01954350 0.00500000
v -0.05144030 -0.01955800 0.00500000
v -0.05144040 -0.01957250 0.00500000
v -0.05144120 -0.01958700 0.00500000
v -0.05144250 -0.01960150 0.00500000
v -0.05144450 -0.01961590 0.00500000
v -0.05144710 -0.01963020 0.00500000
v -0.05145030 -0.01964440 0.00500000
v -0.05145410 -0.01965840 0.00500000
v -0.05145850 -0.01967220 0.00500000
v -0.05146340 -0.01968590 0.00500000
v -0.05146900 -0.01969930 0.00500000
v -0.05147510 -0.01971250 0.00500000
v -0.05148180 -0.01972540 0.00500000
v -0.05148900 -0.01973800 0.00500000
v -0.05397250 -0.01667110 0.00500000
v -0.05395870 -0.01666670 0.00500000
v -0.05394470 -0.01666280 0.00500000
v -0.05393050 -0.01665960 0.00500000
v -0.05391620 -0.01665700 0.00500000
v -0.05390180 -0.01665490 0.00500000
v -0.05388740 -0.01665350 0.00500000
v -0.05387290 -0.01665270 0.00500000
v -0.05385840 -0.01665250 0.00500000
v -0.05384380 -0.01665300 0.00500000
v -0.05382930 -0.01665400 0.00500000
v -0.05381490 -0.01665570 0.00500000
v -0.05380060 -0.01665800 0.00500000
v -0.05378630 -0.01666090 0.00500000
v -0.05377220 -0.01666440 0.00500000
v -0.05375830 -0.01666850 0.00500000
v -0.05374450 -0.01667320 0.00500000
v -0.05373100 -0.01667850 0.00500000
v -0.05371770 -0.01668430 0.00500000
v -0.05370470 -0.01669070 0.00500000
v -0.05369190 -0.01669770 0.00500000
v -0.05367950 -0.01670520 0.00500000
v -0.05366740 -0.01671320 0.00500000
v -0.05365560 -0.01672170 0.00500000
v -0.05364420 -0.01673080 0.00500000
v -0.05363320 -0.01674030 0.00500000
v -0.05362260 -0.01675020 0.00500000
v -0.05361250 -0.01676060 0.00500000
v -0.05360280 -0.01677140 0.00500000
v -0.05359360 -0.01678270 0.00500000
v -0.05358480 -0.01679430 0.00500000
v -0.05343320 -0.01700300 0.00500000
v -0.05342480 -0.01701490 0.00500000
v -0.05341700 -0.01702720 0.00500000
v -0.05340970 -0.01703970 0.00500000
v -0.05340290 -0.01705260 0.00500000
v -0.05339670 -0.01706570 0.00500000
v -0.05339110 -0.01707910 0.00500000
v -0.05338600 -0.01709270 0.00500000
v -0.05338160 -0.01710660 0.00500000
v -0.05337770 -0.01712060 0.00500000
v -0.05337440 -0.01713470 0.00500000
v -0.05337170 -0.01714900 0.00500000
v -0.05336970 -0.01716340 0.00500000
v -0.05336820 -0.01717780 0.00500000
v -0.05336740 -0.01719230 0.00500000
v -0.05336720 -0.01720690 0.00500000
v -0.05336760 -0.01722140 0.00500000
v -0.05336860 -0.01723590 0.00500000
v -0.05337020 -0.01725030 0.00500000
v -0.05337250 -0.01726470 0.00500000
v -0.05337540 -0.01727890 0.00500000
v -0.05337880 -0.01729300 0.00500000
v -0.05338290 -0.01730700 0.00500000
v -0.05338750 -0.01732070 0.00500000
v -0.05339280 -0.01733430 0.00500000
v -0.05339860 -0.01734760 0.00500000
v -0.05340500 -0.01736060 0.00500000
v -0.05341190 -0.01737340 0.00500000
v -0.05341940 -0.01738590 0.00500000
v -0.05342730 -0.01739800 0.00500000
v -0.05343580 -0.01740980 0.00500000
v -0.04765980 -0.02318580 0.00500000
v -0.04764800 -0.02317730 0.00500000
v -0.04763590 -0.02316940 0.00500000
v -0.04762340 -0.02316190 0.00500000
v -0.04761060 -0.02315500 0.00500000
v -0.04759760 -0.02314860 0.00500000
v -0.04758430 -0.02314280 0.00500000
v -0.04757070 -0.02313750 0.00500000
v -0.04755700 -0.02313290 0.00500000
v -0.04754300 -0.02312880 0.00500000
v -0.04752890 -0.02312540 0.00500000
v -0.04751470 -0.02312250 0.00500000
v -0.04750030 -0.02312020 0.00500000
v -0.04748590 -0.02311860 0.00500000
v -0.04747140 -0.02311760 0.00500000
v -0.04745690 -0.02311720 0.00500000
v -0.04744230 -0.02311740 0.00500000
v -0.04742780 -0.02311820 0.00500000
v -0.04741340 -0.02311970 0.00500000
v -0.04739900 -0.02312170 0.00500000
v -0.04738470 -0.02312440 0.00500000
v -0.04737060 -0.02312770 0.00500000
v -0.04735660 -0.02313160 0.00500000
v -0.04734270 -0.02313600 0.00500000
v -0.04732910 -0.02314110 0.00500000
v -0.04731570 -0.02314670 0.00500000
v -0.04730260 -0.02315290 0.00500000
v -0.04728970 -0.02315970 0.00500000
v -0.04727720 -0.02316700 0.00500000
v -0.04726490 -0.02317480 0.00500000
v -0.04725300 -0.02318320 0.00500000
v -0.04704430 -0.02333480 0.00500000
v -0.04703270 -0.02334360 0.00500000
v -0.04702140 -0.02335280 0.00500000
v -0.04701060 -0.02336250 0.00500000
v -0.04700020 -0.02337260 0.00500000
v -0.04699030 -0.02338320 0.00500000
v -0.04698080 -0.02339420 0.00500000
v -0.04697170 -0.02340560 0.00500000
v -0.04696320 -0.02341740 0.00500000
v -0.04695520 -0.02342950 0.00500000
v -0.04694770 -0.02344190 0.00500000
v -0.04694070 -0.02345470 0.00500000
v -0.04693430 -0.02346770 0.00500000
v -0.04692850 -0.02348100 0.00500000
v -0.04692320 -0.02349450 0.00500000
v -0.04691850 -0.02350830 0.00500000
v -0.04691440 -0.02352220 0.00500000
v -0.04691090 -0.02353630 0.00500000
v -0.04690800 -0.02355060 0.00500000
v -0.04690570 -0.02356490 0.00500000
v -0.04690400 -0.02357930 0.00500000
v -0.04690300 -0.02359380 0.00500000
v -0.04690250 -0.02360840 0.00500000
v -0.04690270 -0.02362290 0.00500000
v -0.04690350 -0.02363740 0.00500000
v -0.04690490 -0.02365180 0.00500000
v -0.04690700 -0.02366620 0.00500000
v -0.04690960 -0.02368050 0.00500000
v -0.04691280 -0.02369470 0.00500000
v -0.04691670 -0.02370870 0.00500000
v -0.04692110 -0.02372250 0.00500000
v -0.04998800 -0.02123900 0.00500000
v -0.04997540 -0.02123180 0.00500000
v -0.04996250 -0.02122510 0.00500000
v -0.04994930 -0.02121900 0.00500000
v -0.04993590 -0.02121340 0.00500000
v -0.04992220 -0.02120850 0.00500000
v -0.04990840 -0.02120410 0.00500000
v -0.04989440 -0.02120030 0.00500000
v -0.04988020 -0.02119710 0.00500000
v -0.04986590 -0.02119450 0.00500000
v -0.04985150 -0.02119250 0.00500000
v -0.04983700 -0.02119120 0.00500000
v -0.04982250 -0.02119040 0.00500000
v -0.04980800 -0.02119030 0.00500000
v -0.04979350 -0.02119080 0.00500000
v -0.04977900 -0.02119190 0.00500000
v -0.04976460 -0.02119370 0.00500000
v -0.04975020 -0.02119600 0.00500000
v -0.04973600 -0.02119900 0.00500000
v -0.04972190 -0.02120250 0.00500000
v -0.04970800 -0.02120670 0.00500000
v -0.04969430 -0.02121140 0.00500000
v -0.04968080 -0.02121670 0.00500000
v -0.04966750 -0.02122260 0.00500000
v -0.04965450 -0.02122910 0.00500000
v -0.04964170 -0.02123610 0.00500000
v -0.04962930 -0.02124360 0.00500000
v -0.04961720 -0.02125170 0.00500000
v -0.04960550 -0.02126030 0.00500000
v -0.04959420 -0.02126930 0.00500000
v -0.04958320 -0.02127890 0.00500000
v -0.04939140 -0.02145150 0.00500000
v -0.04938080 -0.02146140 0.00500000
v -0.04937060 -0.02147180 0.00500000
v -0.04936080 -0.02148260 0.00500000
v -0.04935160 -0.02149370 0.00500000
v -0.04934280 -0.02150530 0.00500000
v -0.04933450 -0.02151720 0.00500000
v -0.04932670 -0.02152950 0.00500000
v -0.04931940 -0.02154210 0.00500000
v -0.04931270 -0.02155500 0.00500000
v -0.04930660 -0.02156810 0.00500000
v -0.04930100 -0.02158150 0.00500000
v -0.04929600 -0.02159520 0.00500000
v -0.04929160 -0.02160900 0.00500000
v -0.04928770 -0.02162300 0.00500000
v -0.04928450 -0.02163720 0.00500000
v -0.04928190 -0.02165150 0.00500000
v -0.04927990 -0.02166590 0.00500000
v -0.04927850 -0.02168030 0.00500000
v -0.04927770 -0.02169480 0.00500000
v -0.04927750 -0.02170940 0.00500000
v -0.04927800 -0.02172390 0.00500000
v -0.04927910 -0.02173840 0.00500000
v -0.04928080 -0.02175280 0.00500000
v -0.04928310 -0.02176710 0.00500000
v -0.04928600 -0.02178140 0.00500000
v -0.04928950 -0.02179550 0.00500000
v -0.04929360 -0.02180940 0.00500000
v -0.04929830 -0.02182310 0.00500000
v -0.04930360 -0.02183670 0.00500000
v -0.04930950 -0.02185000 0.00500000
v -0.05558520 -0.01410010 0.00500000
v -0.05557090 -0.01409710 0.00500000
v -0.05555660 -0.01409480 0.00500000
v -0.05554220 -0.01409300 0.00500000
v -0.05552770 -0.01409190 0.00500000
v -0.05551320 -0.01409140 0.00500000
v -0.05549870 -0.01409150 0.00500000
v -0.05548420 -0.01409220 0.00500000
v -0.05546970 -0.01409360 0.00500000
v -0.05545530 -0.01409550 0.00500000
v -0.05544100 -0.01409810 0.00500000
v -0.05542680 -0.01410130 0.00500000
v -0.05541280 -0.01410510 0.00500000
v -0.05539890 -0.01410940 0.00500000
v -0.05538530 -0.01411440 0.00500000
v -0.05537190 -0.01411990 0.00500000
v -0.05535870 -0.01412600 0.00500000
v -0.05534580 -0.01413270 0.00500000
v -0.05533310 -0.01413990 0.00500000
v -0.05532080 -0.01414760 0.00500000
v -0.05530890 -0.01415590 0.00500000
v -0.05529730 -0.01416460 0.00500000
v -0.05528610 -0.01417390 0.00500000
v -0.05527530 -0.01418360 0.00500000
v -0.05526490 -0.01419370 0.00500000
v -0.05525500 -0.01420430 0.00500000
v -0.05524550 -0.01421530 0.00500000
v -0.05523650 -0.01422680 0.00500000
v -0.05522800 -0.01423850 0.00500000
v -0.05522000 -0.01425070 0.00500000
v -0.05521250 -0.01426310 0.00500000
v -0.05508350 -0.01448660 0.00500000
v -0.05507640 -0.01449930 0.00500000
v -0.05506990 -0.01451230 0.00500000
v -0.05506400 -0.01452550 0.00500000
v -0.05505860 -0.01453900 0.00500000
v -0.05505380 -0.01455280 0.00500000
v -0.05504960 -0.01456670 0.00500000
v -0.05504600 -0.01458070 0.00500000
v -0.05504300 -0.01459490 0.00500000
v -0.05504060 -0.01460930 0.00500000
v -0.05503880 -0.01462370 0.00500000
v -0.05503760 -0.01463820 0.00500000
v -0.05503710 -0.01465270 0.00500000
v -0.05503710 -0.01466720 0.00500000
v -0.05503780 -0.01468170 0.00500000
v -0.05503910 -0.01469620 0.00500000
v -0.05504110 -0.01471060 0.00500000
v -0.05504360 -0.01472490 0.00500000
v -0.05504670 -0.01473910 0.00500000
v -0.05505050 -0.01475310 0.00500000
v -0.05505480 -0.01476700 0.00500000
v -0.05505970 -0.01478070 0.00500000
v -0.05506520 -0.01479410 0.00500000
v -0.05507130 -0.01480730 0.00500000
v -0.05507790 -0.01482020 0.00500000
v -0.05508510 -0.01483290 0.00500000
v -0.05509280 -0.01484520 0.00500000
v -0.05510100 -0.01485720 0.00500000
v -0.05510980 -0.01486880 0.00500000
v -0.05511900 -0.01488000 0.00500000
v -0.05512860 -0.01489080 0.00500000
v -0.05692020 -0.01137460 0.00500000
v -0.05690580 -0.01137320 0.00500000
v -0.05689130 -0.01137230 0.00500000
v -0.05687680 -0.01137210 0.00500000
v -0.05686220 -0.01137250 0.00500000
v -0.05684770 -0.01137350 0.00500000
v -0.05683330 -0.01137510 0.00500000
v -0.05681900 -0.01137730 0.00500000
v -0.05680470 -0.01138020 0.00500000
v -0.05679060 -0.01138360 0.00500000
v -0.05677660 -0.01138770 0.00500000
v -0.05676290 -0.01139230 0.00500000
v -0.05674930 -0.01139760 0.00500000
v -0.05673600 -0.01140340 0.00500000
v -0.05672290 -0.01140970 0.00500000
v -0.05671020 -0.01141660 0.00500000
v -0.05669770 -0.01142410 0.00500000
v -0.05668550 -0.01143200 0.00500000
v -0.05667380 -0.01144050 0.00500000
v -0.05666230 -0.01144950 0.00500000
v -0.05665130 -0.01145900 0.00500000
v -0.05664070 -0.01146890 0.00500000
v -0.05663050 -0.01147920 0.00500000
v -0.05662080 -0.01149000 0.00500000
v -0.05661150 -0.01150120 0.00500000
v -0.05660270 -0.01151280 0.00500000
v -0.05659450 -0.01152470 0.00500000
v -0.05658670 -0.01153700 0.00500000
v -0.05657950 -0.01154960 0.00500000
v -0.05657280 -0.01156250 0.00500000
v -0.05656660 -0.01157570 0.00500000
v -0.05646170 -0.01181140 0.00500000
v -0.05645600 -0.01182480 0.00500000
v -0.05645090 -0.01183840 0.00500000
v -0.05644640 -0.01185220 0.00500000
v -0.05644240 -0.01186620 0.00500000
v -0.05643910 -0.01188030 0.00500000
v -0.05643640 -0.01189460 0.00500000
v -0.05643430 -0.01190900 0.00500000
v -0.05643270 -0.01192340 0.00500000
v -0.05643190 -0.01193790 0.00500000
v -0.05643160 -0.01195240 0.00500000
v -0.05643190 -0.01196700 0.00500000
v -0.05643290 -0.01198150 0.00500000
v -0.05643450 -0.01199590 0.00500000
v -0.05643670 -0.01201030 0.00500000
v -0.05643950 -0.01202450 0.00500000
v -0.05644290 -0.01203860 0.00500000
v -0.05644690 -0.01205260 0.00500000
v -0.05645150 -0.01206640 0.00500000
v -0.05645670 -0.01208000 0.00500000
v -0.05646250 -0.01209330 0.00500000
v -0.05646880 -0.01210640 0.00500000
v -0.05647570 -0.01211920 0.00500000
v -0.05648310 -0.01213170 0.00500000
v -0.05649110 -0.01214380 0.00500000
v -0.05649950 -0.01215560 0.00500000
v -0.05650850 -0.01216710 0.00500000
v -0.05651790 -0.01217810 0.00500000
v -0.05652780 -0.01218880 0.00500000
v -0.05653810 -0.01219900 0.00500000
v -0.05654890 -0.01220870 0.00500000
v -0.05796310 -0.00852452 0.00500000
v -0.05794860 -0.00852457 0.00500000
v -0.05793410 -0.00852524 0.00500000
v -0.05791960 -0.00852653 0.00500000
v -0.05790520 -0.00852844 0.00500000
v -0.05789090 -0.00853095 0.00500000
v -0.05787670 -0.00853408 0.00500000
v -0.05786270 -0.00853781 0.00500000
v -0.05784880 -0.00854213 0.00500000
v -0.05783510 -0.00854704 0.00500000
v -0.05782170 -0.00855252 0.00500000
v -0.05780850 -0.00855858 0.00500000
v -0.05779550 -0.00856519 0.00500000
v -0.05778290 -0.00857235 0.00500000
v -0.05777060 -0.00858004 0.00500000
v -0.05775860 -0.00858825 0.00500000
v -0.05774700 -0.00859696 0.00500000
v -0.05773570 -0.00860616 0.00500000
v -0.05772490 -0.00861582 0.00500000
v -0.05771440 -0.00862595 0.00500000
v -0.05770450 -0.00863651 0.00500000
v -0.05769490 -0.00864748 0.00500000
v -0.05768590 -0.00865885 0.00500000
v -0.05767740 -0.00867059 0.00500000
v -0.05766930 -0.00868269 0.00500000
v -0.05766180 -0.00869512 0.00500000
v -0.05765480 -0.00870786 0.00500000
v -0.05764840 -0.00872088 0.00500000
v -0.05764250 -0.00873417 0.00500000
v -0.05763720 -0.00874769 0.00500000
v -0.05763250 -0.00876143 0.00500000
v -0.05755270 -0.00900686 0.00500000
v -0.05754850 -0.00902075 0.00500000
v -0.05754480 -0.00903481 0.00500000
v -0.05754180 -0.00904902 0.00500000
v -0.05753930 -0.00906333 0.00500000
v -0.05753750 -0.00907775 0.00500000
v -0.05753620 -0.00909222 0.00500000
v -0.05753560 -0.00910674 0.00500000
v -0.05753570 -0.00912126 0.00500000
v -0.05753630 -0.00913578 0.00500000
v -0.05753750 -0.00915025 0.00500000
v -0.05753940 -0.00916466 0.00500000
v -0.05754190 -0.00917897 0.00500000
v -0.05754500 -0.00919317 0.00500000
v -0.05754870 -0.00920722 0.00500000
v -0.05755300 -0.00922110 0.00500000
v -0.05755780 -0.00923479 0.00500000
v -0.05756330 -0.00924825 0.00500000
v -0.05756930 -0.00926147 0.00500000
v -0.05757590 -0.00927443 0.00500000
v -0.05758300 -0.00928709 0.00500000
v -0.05759070 -0.00929943 0.00500000
v -0.05759880 -0.00931144 0.00500000
v -0.05760750 -0.00932309 0.00500000
v -0.05761670 -0.00933436 0.00500000
v -0.05762630 -0.00934522 0.00500000
v -0.05763640 -0.00935567 0.00500000
v -0.05764690 -0.00936568 0.00500000
v -0.05765790 -0.00937523 0.00500000
v -0.05766920 -0.00938430 0.00500000
v -0.05768100 -0.00939288 0.00500000
v -0.05870240 -0.00558101 0.00500000
v -0.05868790 -0.00558258 0.00500000
v -0.05867350 -0.00558476 0.00500000
v -0.05865930 -0.00558756 0.00500000
v -0.05864520 -0.00559096 0.00500000
v -0.05863120 -0.00559496 0.00500000
v -0.05861740 -0.00559955 0.00500000
v -0.05860380 -0.00560472 0.00500000
v -0.05859050 -0.00561047 0.00500000
v -0.05857740 -0.00561678 0.00500000
v -0.05856460 -0.00562365 0.00500000
v -0.05855210 -0.00563105 0.00500000
v -0.05853990 -0.00563898 0.00500000
v -0.05852810 -0.00564742 0.00500000
v -0.05851670 -0.00565635 0.00500000
v -0.05850560 -0.00566577 0.00500000
v -0.05849490 -0.00567565 0.00500000
v -0.05848470 -0.00568597 0.00500000
v -0.05847500 -0.00569672 0.00500000
v -0.05846560 -0.00570788 0.00500000
v -0.05845680 -0.00571942 0.00500000
v -0.05844850 -0.00573133 0.00500000
v -0.05844070 -0.00574358 0.00500000
v -0.05843340 -0.00575615 0.00500000
v -0.05842670 -0.00576903 0.00500000
v -0.05842050 -0.00578217 0.00500000
v -0.05841490 -0.00579557 0.00500000
v -0.05840990 -0.00580920 0.00500000
v -0.05840540 -0.00582303 0.00500000
v -0.05840150 -0.00583703 0.00500000
v -0.05839830 -0.00585119 0.00500000
v -0.05834460 -0.00610361 0.00500000
v -0.05834190 -0.00611787 0.00500000
v -0.05833970 -0.00613224 0.00500000
v -0.05833810 -0.00614668 0.00500000
v -0.05833720 -0.00616118 0.00500000
v -0.05833690 -0.00617570 0.00500000
v -0.05833720 -0.00619022 0.00500000
v -0.05833810 -0.00620472 0.00500000
v -0.05833960 -0.00621917 0.00500000
v -0.05834180 -0.00623354 0.00500000
v -0.05834450 -0.00624780 0.00500000
v -0.05834790 -0.00626193 0.00500000
v -0.05835180 -0.00627591 0.00500000
v -0.05835640 -0.00628970 0.00500000
v -0.05836150 -0.00630329 0.00500000
v -0.05836720 -0.00631665 0.00500000
v -0.05837350 -0.00632975 0.00500000
v -0.05838040 -0.00634257 0.00500000
v -0.05838770 -0.00635509 0.00500000
v -0.05839560 -0.00636729 0.00500000
v -0.05840400 -0.00637913 0.00500000
v -0.05841290 -0.00639061 0.00500000
v -0.05842230 -0.00640170 0.00500000
v -0.05843220 -0.00641238 0.00500000
v -0.05844250 -0.00642262 0.00500000
v -0.05845320 -0.00643242 0.00500000
v -0.05846430 -0.00644176 0.00500000
v -0.05847580 -0.00645061 0.00500000
v -0.05848770 -0.00645896 0.00500000
v -0.05850000 -0.00646680 0.00500000
v -0.05851250 -0.00647411 0.00500000
v -0.05912990 -0.00257635 0.00500000
v -0.05911570 -0.00257943 0.00500000
v -0.05910160 -0.00258310 0.00500000
v -0.05908770 -0.00258737 0.00500000
v -0.05907400 -0.00259223 0.00500000
v -0.05906060 -0.00259767 0.00500000
v -0.05904730 -0.00260367 0.00500000
v -0.05903440 -0.00261024 0.00500000
v -0.05902170 -0.00261735 0.00500000
v -0.05900940 -0.00262499 0.00500000
v -0.05899730 -0.00263316 0.00500000
v -0.05898570 -0.00264182 0.00500000
v -0.05897440 -0.00265098 0.00500000
v -0.05896350 -0.00266061 0.00500000
v -0.05895310 -0.00267070 0.00500000
v -0.05894300 -0.00268122 0.00500000
v -0.05893350 -0.00269215 0.00500000
v -0.05892440 -0.00270349 0.00500000
v -0.05891580 -0.00271520 0.00500000
v -0.05890770 -0.00272727 0.00500000
v -0.05890020 -0.00273967 0.00500000
v -0.05889310 -0.00275239 0.00500000
v -0.05888660 -0.00276539 0.00500000
v -0.05888070 -0.00277865 0.00500000
v -0.05887540 -0.00279216 0.00500000
v -0.05887060 -0.00280588 0.00500000
v -0.05886640 -0.00281979 0.00500000
v -0.05886280 -0.00283387 0.00500000
v -0.05885980 -0.00284809 0.00500000
v -0.05885750 -0.00286242 0.00500000
v -0.05885570 -0.00287684 0.00500000
v -0.05882870 -0.00313349 0.00500000
v -0.05882750 -0.00314796 0.00500000
v -0.05882680 -0.00316247 0.00500000
v -0.05882680 -0.00317700 0.00500000
v -0.05882730 -0.00319151 0.00500000
v -0.05882850 -0.00320599 0.00500000
v -0.05883040 -0.00322041 0.00500000
v -0.05883280 -0.00323473 0.00500000
v -0.05883580 -0.00324894 0.00500000
v -0.05883950 -0.00326300 0.00500000
v -0.05884370 -0.00327690 0.00500000
v -0.05884850 -0.00329060 0.00500000
v -0.05885390 -0.00330409 0.00500000
v -0.05885990 -0.00331733 0.00500000
v -0.05886640 -0.00333031 0.00500000
v -0.05887350 -0.00334299 0.00500000
v -0.05888110 -0.00335537 0.00500000
v -0.05888920 -0.00336741 0.00500000
v -0.05889790 -0.00337909 0.00500000
v -0.05890700 -0.00339039 0.00500000
v -0.05891660 -0.00340129 0.00500000
v -0.05892670 -0.00341177 0.00500000
v -0.05893720 -0.00342182 0.00500000
v -0.05894810 -0.00343141 0.00500000
v -0.05895940 -0.00344053 0.00500000
v -0.05897110 -0.00344915 0.00500000
v -0.05898310 -0.00345727 0.00500000
v -0.05899550 -0.00346487 0.00500000
v -0.05900820 -0.00347193 0.00500000
v -0.05902120 -0.00347845 0.00500000
v -0.05903440 -0.00348441 0.00500000
v -0.05924100 0.00045653 0.00500000
v -0.05922720 0.00045199 0.00500000
v -0.05921360 0.00044686 0.00500000
v -0.05920020 0.00044117 0.00500000
v -0.05918710 0.00043490 0.00500000
v -0.05917430 0.00042809 0.00500000
v -0.05916170 0.00042073 0.00500000
v -0.05914950 0.00041285 0.00500000
v -0.05913770 0.00040445 0.00500000
v -0.05912620 0.00039556 0.00500000
v -0.05911510 0.00038618 0.00500000
v -0.05910440 0.00037634 0.00500000
v -0.05909410 0.00036606 0.00500000
v -0.05908430 0.00035534 0.00500000
v -0.05907500 0.00034422 0.00500000
v -0.05906610 0.00033271 0.00500000
v -0.05905780 0.00032083 0.00500000
v -0.05904990 0.00030861 0.00500000
v -0.05904260 0.00029606 0.00500000
v -0.05903580 0.00028322 0.00500000
v -0.05902960 0.00027009 0.00500000
v -0.05902390 0.00025671 0.00500000
v -0.05901880 0.00024311 0.00500000
v -0.05901430 0.00022929 0.00500000
v -0.05901040 0.00021530 0.00500000
v -0.05900710 0.00020116 0.00500000
v -0.05900440 0.00018688 0.00500000
v -0.05900230 0.00017251 0.00500000
v -0.05900080 0.00015806 0.00500000
v -0.05900000 0.00014356 0.00500000
v -0.05899970 0.00012903 0.00500000
v -0.05899970 -0.00012903 0.00500000
v -0.05900000 -0.00014356 0.00500000
v -0.05900080 -0.00015806 0.00500000
v -0.05900230 -0.00017251 0.00500000
v -0.05900440 -0.00018688 0.00500000
v -0.05900710 -0.00020116 0.00500000
v -0.05901040 -0.00021530 0.00500000
v -0.05901430 -0.00022929 0.00500000
v -0.05901880 -0.00024311 0.00500000
v -0.05902390 -0.00025671 0.00500000
v -0.05902960 -0.00027009 0.00500000
v -0.05903580 -0.00028322 0.00500000
v -0.05904260 -0.00029606 0.00500000
v -0.05904990 -0.00030861 0.00500000
v -0.05905780 -0.00032083 0.00500000
v -0.05906610 -0.00033271 0.00500000
v -0.05907500 -0.00034422 0.00500000
v -0.05908430 -0.00035534 0.00500000
v -0.05909410 -0.00036606 0.00500000
v -0.05910440 -0.00037634 0.00500000
v -0.05911510 -0.00038618 0.00500000
v -0.05912620 -0.00039556 0.00500000
v -0.05913770 -0.00040445 0.00500000
v -0.05914950 -0.00041285 0.00500000
v -0.05916170 -0.00042073 0.00500000
v -0.05917430 -0.00042809 0.00500000
v -0.05918710 -0.00043490 0.00500000
v -0.05920020 -0.00044117 0.00500000
v -0.05921360 -0.00044686 0.00500000
v -0.05922720 -0.00045199 0.00500000
v -0.05924100 -0.00045653 0.00500000
v -0.05903440 0.00348441 0.00500000
v -0.05902120 0.00347845 0.00500000
v -0.05900820 0.00347193 0.00500000
v -0.05899550 0.00346487 0.00500000
v -0.05898310 0.00345727 0.00500000
v -0.05897110 0.00344915 0.00500000
v -0.05895940 0.00344053 0.00500000
v -0.05894810 0.00343141 0.00500000
v -0.05893720 0.00342182 0.00500000
v -0.05892670 0.00341177 0.00500000
v -0.05891660 0.00340129 0.00500000
v -0.05890700 0.00339039 0.00500000
v -0.05889790 0.00337909 0.00500000
v -0.05888920 0.00336741 0.00500000
v -0.05888110 0.00335537 0.00500000
v -0.05887350 0.00334299 0.00500000
v -0.05886640 0.00333031 0.00500000
v -0.05885990 0.00331733 0.00500000
v -0.05885390 0.00330409 0.00500000
v -0.05884850 0.00329060 0.00500000
v -0.05884370 0.00327690 0.00500000
v -0.05883950 0.00326300 0.00500000
v -0.05883580 0.00324894 0.00500000
v -0.05883280 0.00323473 0.00500000
v -0.05883040 0.00322041 0.00500000
v -0.05882850 0.00320599 0.00500000
v -0.05882730 0.00319151 0.00500000
v -0.05882680 0.00317700 0.00500000
v -0.05882680 0.00316247 0.00500000
v -0.05882750 0.00314796 0.00500000
v -0.05882870 0.00313349 0.00500000
v -0.05885570 0.00287684 0.00500000
v -0.05885750 0.00286242 0.00500000
v -0.05885980 0.00284809 0.00500000
v -0.05886280 0.00283387 0.00500000
v -0.05886640 0.00281979 0.00500000
v -0.05887060 0.00280588 0.00500000
v -0.05887540 0.00279216 0.00500000
v -0.05888070 0.00277865 0.00500000
v -0.05888660 0.00276539 0.00500000
v -0.05889310 0.00275239 0.00500000
v -0.05890020 0.00273967 0.00500000
v -0.05890770 0.00272727 0.00500000
v -0.05891580 0.00271520 0.00500000
v -0.05892440 0.00270349 0.00500000
v -0.05893350 0.00269215 0.00500000
v -0.05894300 0.00268122 0.00500000
v -0.05895310 0.00267070 0.00500000
v -0.05896350 0.00266061 0.00500000
v -0.05897440 0.00265098 0.00500000
v -0.05898570 0.00264182 0.00500000
v -0.05899730 0.00263316 0.00500000
v -0.05900940 0.00262499 0.00500000
v -0.05902170 0.00261735 0.00500000
v -0.05903440 0.00261024 0.00500000
v -0.05904730 0.00260367 0.00500000
v -0.05906060 0.00259767 0.00500000
v -0.05907400 0.00259223 0.00500000
v -0.05908770 0.00258737 0.00500000
v -0.05910160 0.00258310 0.00500000
v -0.05911570 0.00257943 0.00500000
v -0.05912990 0.00257635 0.00500000
v -0.05851250 0.00647411 0.00500000
v -0.05850000 0.00646680 0.00500000
v -0.05848770 0.00645896 0.00500000
v -0.05847580 0.00645061 0.00500000
v -0.05846430 0.00644176 0.00500000
v -0.05845320 0.00643242 0.00500000
v -0.05844250 0.00642262 0.00500000
v -0.05843220 0.00641238 0.00500000
v -0.05842230 0.00640170 0.00500000
v -0.05841290 0.00639061 0.00500000
v -0.05840400 0.00637913 0.00500000
v -0.05839560 0.00636729 0.00500000
v -0.05838770 0.00635509 0.00500000
v -0.05838040 0.00634257 0.00500000
v -0.05837350 0.00632975 0.00500000
v -0.05836720 0.00631665 0.00500000
v -0.05836150 0.00630329 0.00500000
v -0.05835640 0.00628970 0.00500000
v -0.05835180 0.00627591 0.00500000
v -0.05834790 0.00626193 0.00500000
v -0.05834450 0.00624780 0.00500000
v -0.05834180 0.00623354 0.00500000
v -0.05833960 0.00621917 0.00500000
v -0.05833810 0.00620472 0.00500000
v -0.05833720 0.00619022 0.00500000
v -0.05833690 0.00617570 0.00500000
v -0.05833720 0.00616118 0.00500000
v -0.05833810 0.00614668 0.00500000
v -0.05833970 0.00613224 0.00500000
v -0.05834190 0.00611787 0.00500000
v -0.05834460 0.00610361 0.00500000
v -0.05839830 0.00585119 0.00500000
v -0.05840150 0.00583703 0.00500000
v -0.05840540 0.00582303 0.00500000
v -0.05840990 0.00580920 0.00500000
v -0.05841490 0.00579557 0.00500000
v -0.05842050 0.00578217 0.00500000
v -0.05842670 0.00576903 0.00500000
v -0.05843340 0.00575615 0.00500000
v -0.05844070 0.00574358 0.00500000
v -0.05844850 0.00573133 0.00500000
v -0.05845680 0.00571942 0.00500000
v -0.05846560 0.00570788 0.00500000
v -0.05847500 0.00569672 0.00500000
v -0.05848470 0.00568597 0.00500000
v -0.05849490 0.00567565 0.00500000
v -0.05850560 0.00566577 0.00500000
v -0.05851670 0.00565635 0.00500000
v -0.05852810 0.00564742 0.00500000
v -0.05853990 0.00563898 0.00500000
v -0.05855210 0.00563105 0.00500000
v -0.05856460 0.00562365 0.00500000
v -0.05857740 0.00561678 0.00500000
v -0.05859050 0.00561047 0.00500000
v -0.05860380 0.00560472 0.00500000
v -0.05861740 0.00559955 0.00500000
v -0.05863120 0.00559496 0.00500000
v -0.05864520 0.00559096 0.00500000
v -0.05865930 0.00558756 0.00500000
v -0.05867350 0.00558476 0.00500000
v -0.05868790 0.00558258 0.00500000
v -0.05870240 0.00558101 0.00500000
v -0.04930950 0.02185000 0.00500000
v -0.04930360 0.02183670 0.00500000
v -0.04929830 0.02182310 0.00500000
v -0.04929360 0.02180940 0.00500000
v -0.04928950 0.02179550 0.00500000
v -0.04928600 0.02178140 0.00500000
v -0.04928310 0.02176710 0.00500000
v -0.04928080 0.02175280 0.00500000
v -0.04927910 0.02173840 0.00500000
v -0.04927800 0.02172390 0.00500000
v -0.04927750 0.02170940 0.00500000
v -0.04927770 0.02169480 0.00500000
v -0.04927850 0.02168030 0.00500000
v -0.04927990 0.02166590 0.00500000
v -0.04928190 0.02165150 0.00500000
v -0.04928450 0.02163720 0.00500000
v -0.04928770 0.02162300 0.00500000
v -0.04929160 0.02160900 0.00500000
v -0.04929600 0.02159520 0.00500000
v -0.04930100 0.02158150 0.00500000
v -0.04930660 0.02156810 0.00500000
v -0.04931270 0.02155500 0.00500000
v -0.04931940 0.02154210 0.00500000
v -0.04932670 0.02152950 0.00500000
v -0.04933450 0.02151720 0.00500000
v -0.04934280 0.02150530 0.00500000
v -0.04935160 0.02149370 0.00500000
v -0.04936080 0.02148260 0.00500000
v -0.04937060 0.02147180 0.00500000
v -0.04938080 0.02146140 0.00500000
v -0.04939140 0.02145150 0.00500000
v -0.04958320 0.02127890 0.00500000
v -0.04959420 0.02126930 0.00500000
v -0.04960550 0.02126030 0.00500000
v -0.04961720 0.02125170 0.00500000
v -0.04962930 0.02124360 0.00500000
v -0.04964170 0.02123610 0.00500000
v -0.04965450 0.02122910 0.00500000
v -0.04966750 0.02122260 0.00500000
v -0.04968080 0.02121670 0.00500000
v -0.04969430 0.02121140 0.00500000
v -0.04970800 0.02120670 0.00500000
v -0.04972190 0.02120250 0.00500000
v -0.04973600 0.02119900 0.00500000
v -0.04975020 0.02119600 0.00500000
v -0.04976460 0.02119370 0.00500000
v -0.04977900 0.02119190 0.00500000
v -0.04979350 0.02119080 0.00500000
v -0.04980800 0.02119030 0.00500000
v -0.04982250 0.02119040 0.00500000
v -0.04983700 0.02119120 0.00500000
v -0.04985150 0.02119250 0.00500000
v -0.04986590 0.02119450 0.00500000
v -0.04988020 0.02119710 0.00500000
v -0.04989440 0.02120030 0.00500000
v -0.04990840 0.02120410 0.00500000
v -0.04992220 0.02120850 0.00500000
v -0.04993590 0.02121340 0.00500000
v -0.04994930 0.02121900 0.00500000
v -0.04996250 0.02122510 0.00500000
v -0.04997540 0.02123180 0.00500000
v -0.04998800 0.02123900 0.00500000
v -0.05148900 0.01973800 0.00500000
v -0.05148180 0.01972540 0.00500000
v -0.05147510 0.01971250 0.00500000
v -0.05146900 0.01969930 0.00500000
v -0.05146340 0.01968590 0.00500000
v -0.05145850 0.01967220 0.00500000
v -0.05145410 0.01965840 0.00500000
v -0.05145030 0.01964440 0.00500000
v -0.05144710 0.01963020 0.00500000
v -0.05144450 0.01961590 0.00500000
v -0.05144250 0.01960150 0.00500000
v -0.05144120 0.01958700 0.00500000
v -0.05144040 0.01957250 0.00500000
v -0.05144030 0.01955800 0.00500000
v -0.05144080 0.01954350 0.00500000
v -0.05144190 0.01952900 0.00500000
v -0.05144370 0.01951460 0.00500000
v -0.05144600 0.01950020 0.00500000
v -0.05144900 0.01948600 0.00500000
v -0.05145250 0.01947190 0.00500000
v -0.05145670 0.01945800 0.00500000
v -0.05146140 0.01944430 0.00500000
v -0.05146670 0.01943080 0.00500000
v -0.05147260 0.01941750 0.00500000
v -0.05147910 0.01940450 0.00500000
v -0.05148610 0.01939170 0.00500000
v -0.05149360 0.01937930 0.00500000
v -0.05150170 0.01936720 0.00500000
v -0.05151030 0.01935550 0.00500000
v -0.05151930 0.01934420 0.00500000
v -0.05152890 0.01933320 0.00500000
v -0.05170150 0.01914140 0.00500000
v -0.05171140 0.01913080 0.00500000
v -0.05172180 0.01912060 0.00500000
v -0.05173260 0.01911080 0.00500000
v -0.05174370 0.01910160 0.00500000
v -0.05175530 0.01909280 0.00500000
v -0.05176720 0.01908450 0.00500000
v -0.05177950 0.01907670 0.00500000
v -0.05179210 0.01906940 0.00500000
v -0.05180500 0.01906270 0.00500000
v -0.05181810 0.01905660 0.00500000
v -0.05183150 0.01905100 0.00500000
v -0.05184520 0.01904600 0.00500000
v -0.05185900 0.01904160 0.00500000
v -0.05187300 0.01903770 0.00500000
v -0.05188720 0.01903450 0.00500000
v -0.05190150 0.01903190 0.00500000
v -0.05191590 0.01902990 0.00500000
v -0.05193030 0.01902850 0.00500000
v -0.05194480 0.01902770 0.00500000
v -0.05195940 0.01902750 0.00500000
v -0.05197390 0.01902800 0.00500000
v -0.05198840 0.01902910 0.00500000
v -0.05200280 0.01903080 0.00500000
v -0.05201710 0.01903310 0.00500000
v -0.05203140 0.01903600 0.00500000
v -0.05204550 0.01903950 0.00500000
v -0.05205940 0.01904360 0.00500000
v -0.05207310 0.01904830 0.00500000
v -0.05208670 0.01905360 0.00500000
v -0.05210000 0.01905950 0.00500000
v -0.04692110 0.02372250 0.00500000
v -0.04691670 0.02370870 0.00500000
v -0.04691280 0.02369470 0.00500000
v -0.04690960 0.02368050 0.00500000
v -0.04690700 0.02366620 0.00500000
v -0.04690490 0.02365180 0.00500000
v -0.04690350 0.02363740 0.00500000
v -0.04690270 0.02362290 0.00500000
v -0.04690250 0.02360840 0.00500000
v -0.04690300 0.02359380 0.00500000
v -0.04690400 0.02357930 0.00500000
v -0.04690570 0.02356490 0.00500000
v -0.04690800 0.02355060 0.00500000
v -0.04691090 0.02353630 0.00500000
v -0.04691440 0.02352220 0.00500000
v -0.04691850 0.02350830 0.00500000
v -0.04692320 0.02349450 0.00500000
v -0.04692850 0.02348100 0.00500000
v -0.04693430 0.02346770 0.00500000
v -0.04694070 0.02345470 0.00500000
v -0.04694770 0.02344190 0.00500000
v -0.04695520 0.02342950 0.00500000
v -0.04696320 0.02341740 0.00500000
v -0.04697170 0.02340560 0.00500000
v -0.04698080 0.02339420 0.00500000
v -0.04699030 0.02338320 0.00500000
v -0.04700020 0.02337260 0.00500000
v -0.04701060 0.02336250 0.00500000
v -0.04702140 0.02335280 0.00500000
v -0.04703270 0.02334360 0.00500000
v -0.04704430 0.02333480 0.00500000
v -0.04725300 0.02318320 0.00500000
v -0.04726490 0.02317480 0.00500000
v -0.04727720 0.02316700 0.00500000
v -0.04728970 0.02315970 0.00500000
v -0.04730260 0.02315290 0.00500000
v -0.04731570 0.02314670 0.00500000
v -0.04732910 0.02314110 0.00500000
v -0.04734270 0.02313600 0.00500000
v -0.04735660 0.02313160 0.00500000
v -0.04737060 0.02312770 0.00500000
v -0.04738470 0.02312440 0.00500000
v -0.04739900 0.02312170 0.00500000
v -0.04741340 0.02311970 0.00500000
v -0.04742780 0.02311820 0.00500000
v -0.04744230 0.02311740 0.00500000
v -0.04745690 0.02311720 0.00500000
v -0.04747140 0.02311760 0.00500000
v -0.04748590 0.02311860 0.00500000
v -0.04750030 0.02312020 0.00500000
v -0.04751470 0.02312250 0.00500000
v -0.04752890 0.02312540 0.00500000
v -0.04754300 0.02312880 0.00500000
v -0.04755700 0.02313290 0.00500000
v -0.04757070 0.02313750 0.00500000
v -0.04758430 0.02314280 0.00500000
v -0.04759760 0.02314860 0.00500000
v -0.04761060 0.02315500 0.00500000
v -0.04762340 0.02316190 0.00500000
v -0.04763590 0.02316940 0.00500000
v -0.04764800 0.02317730 0.00500000
v -0.04765980 0.02318580 0.00500000
v -0.04435010 0.02533520 0.00500000
v -0.04434710 0.02532090 0.00500000
v -0.04434480 0.02530660 0.00500000
v -0.04434300 0.02529220 0.00500000
v -0.04434190 0.02527770 0.00500000
v -0.04434140 0.02526320 0.00500000
v -0.04434150 0.02524870 0.00500000
v -0.04434220 0.02523420 0.00500000
v -0.04434360 0.02521970 0.00500000
v -0.04434550 0.02520530 0.00500000
v -0.04434810 0.02519100 0.00500000
v -0.04435130 0.02517680 0.00500000
v -0.04435510 0.02516280 0.00500000
v -0.04435940 0.02514890 0.00500000
v -0.04436440 0.02513530 0.00500000
v -0.04436990 0.02512190 0.00500000
v -0.04437600 0.02510870 0.00500000
v -0.04438270 0.02509580 0.00500000
v -0.04438990 0.02508310 0.00500000
v -0.04439760 0.02507080 0.00500000
v -0.04440590 0.02505890 0.00500000
v -0.04441460 0.02504730 0.00500000
v -0.04442390 0.02503610 0.00500000
v -0.04443360 0.02502530 0.00500000
v -0.04444370 0.02501490 0.00500000
v -0.04445430 0.02500500 0.00500000
v -0.04446530 0.02499550 0.00500000
v -0.04447680 0.02498650 0.00500000
v -0.04448850 0.02497800 0.00500000
v -0.04450070 0.02497000 0.00500000
v -0.04451310 0.02496250 0.00500000
v -0.04473660 0.02483350 0.00500000
v -0.04474930 0.02482640 0.00500000
v -0.04476230 0.02481990 0.00500000
v -0.04477550 0.02481400 0.00500000
v -0.04478900 0.02480860 0.00500000
v -0.04480280 0.02480380 0.00500000
v -0.04481670 0.02479960 0.00500000
v -0.04483070 0.02479600 0.00500000
v -0.04484490 0.02479300 0.00500000
v -0.04485930 0.02479060 0.00500000
v -0.04487370 0.02478880 0.00500000
v -0.04488820 0.02478760 0.00500000
v -0.04490270 0.02478710 0.00500000
v -0.04491720 0.02478710 0.00500000
v -0.04493170 0.02478780 0.00500000
v -0.04494620 0.02478910 0.00500000
v -0.04496060 0.02479110 0.00500000
v -0.04497490 0.02479360 0.00500000
v -0.04498910 0.02479670 0.00500000
v -0.04500310 0.02480050 0.00500000
v -0.04501700 0.02480480 0.00500000
v -0.04503070 0.02480970 0.00500000
v -0.04504410 0.02481520 0.00500000
v -0.04505730 0.02482130 0.00500000
v -0.04507020 0.02482790 0.00500000
v -0.04508290 0.02483510 0.00500000
v -0.04509520 0.02484280 0.00500000
v -0.04510720 0.02485100 0.00500000
v -0.04511880 0.02485980 0.00500000
v -0.04513000 0.02486900 0.00500000
v -0.04514080 0.02487860 0.00500000
v -0.05343580 0.01740980 0.00500000
v -0.05342730 0.01739800 0.00500000
v -0.05341940 0.01738590 0.00500000
v -0.05341190 0.01737340 0.00500000
v -0.05340500 0.01736060 0.00500000
v -0.05339860 0.01734760 0.00500000
v -0.05339280 0.01733430 0.00500000
v -0.05338750 0.01732070 0.00500000
v -0.05338290 0.01730700 0.00500000
v -0.05337880 0.01729300 0.00500000
v -0.05337540 0.01727890 0.00500000
v -0.05337250 0.01726470 0.00500000
v -0.05337020 0.01725030 0.00500000
v -0.05336860 0.01723590 0.00500000
v -0.05336760 0.01722140 0.00500000
v -0.05336720 0.01720690 0.00500000
v -0.05336740 0.01719230 0.00500000
v -0.05336820 0.01717780 0.00500000
v -0.05336970 0.01716340 0.00500000
v -0.05337170 0.01714900 0.00500000
v -0.05337440 0.01713470 0.00500000
v -0.05337770 0.01712060 0.00500000
v -0.05338160 0.01710660 0.00500000
v -0.05338600 0.01709270 0.00500000
v -0.05339110 0.01707910 0.00500000
v -0.05339670 0.01706570 0.00500000
v -0.05340290 0.01705260 0.00500000
v -0.05340970 0.01703970 0.00500000
v -0.05341700 0.01702720 0.00500000
v -0.05342480 0.01701490 0.00500000
v -0.05343320 0.01700300 0.00500000
v -0.05358480 0.01679430 0.00500000
v -0.05359360 0.01678270 0.00500000
v -0.05360280 0.01677140 0.00500000
v -0.05361250 0.01676060 0.00500000
v -0.05362260 0.01675020 0.00500000
v -0.05363320 0.01674030 0.00500000
v -0.05364420 0.01673080 0.00500000
v -0.05365560 0.01672170 0.00500000
v -0.05366740 0.01671320 0.00500000
v -0.05367950 0.01670520 0.00500000
v -0.05369190 0.01669770 0.00500000
v -0.05370470 0.01669070 0.00500000
v -0.05371770 0.01668430 0.00500000
v -0.05373100 0.01667850 0.00500000
v -0.05374450 0.01667320 0.00500000
v -0.05375830 0.01666850 0.00500000
v -0.05377220 0.01666440 0.00500000
v -0.05378630 0.01666090 0.00500000
v -0.05380060 0.01665800 0.00500000
v -0.05381490 0.01665570 0.00500000
v -0.05382930 0.01665400 0.00500000
v -0.05384380 0.01665300 0.00500000
v -0.05385840 0.01665250 0.00500000
v -0.05387290 0.01665270 0.00500000
v -0.05388740 0.01665350 0.00500000
v -0.05390180 0.01665490 0.00500000
v -0.05391620 0.01665700 0.00500000
v -0.05393050 0.01665960 0.00500000
v -0.05394470 0.01666280 0.00500000
v -0.05395870 0.01666670 0.00500000
v -0.05397250 0.01667110 0.00500000
v -0.05512860 0.01489080 0.00500000
v -0.05511900 0.01488000 0.00500000
v -0.05510980 0.01486880 0.00500000
v -0.05510100 0.01485720 0.00500000
v -0.05509280 0.01484520 0.00500000
v -0.05508510 0.01483290 0.00500000
v -0.05507790 0.01482020 0.00500000
v -0.05507130 0.01480730 0.00500000
v -0.05506520 0.01479410 0.00500000
v -0.05505970 0.01478070 0.00500000
v -0.05505480 0.01476700 0.00500000
v -0.05505050 0.01475310 0.00500000
v -0.05504670 0.01473910 0.00500000
v -0.05504360 0.01472490 0.00500000
v -0.05504110 0.01471060 0.00500000
v -0.05503910 0.01469620 0.00500000
v -0.05503780 0.01468170 0.00500000
v -0.05503710 0.01466720 0.00500000
v -0.05503710 0.01465270 0.00500000
v -0.05503760 0.01463820 0.00500000
v -0.05503880 0.01462370 0.00500000
v -0.05504060 0.01460930 0.00500000
v -0.05504300 0.01459490 0.00500000
v -0.05504600 0.01458070 0.00500000
v -0.05504960 0.01456670 0.00500000
v -0.05505380 0.01455280 0.00500000
v -0.05505860 0.01453900 0.00500000
v -0.05506400 0.01452550 0.00500000
v -0.05506990 0.01451230 0.00500000
v -0.05507640 0.01449930 0.00500000
v -0.05508350 0.01448660 0.00500000
v -0.05521250 0.01426310 0.00500000
v -0.05522000 0.01425070 0.00500000
v -0.05522800 0.01423850 0.00500000
v -0.05523650 0.01422680 0.00500000
v -0.05524550 0.01421530 0.00500000
v -0.05525500 0.01420430 0.00500000
v -0.05526490 0.01419370 0.00500000
v -0.05527530 0.01418360 0.00500000
v -0.05528610 0.01417390 0.00500000
v -0.05529730 0.01416460 0.00500000
v -0.05530890 0.01415590 0.00500000
v -0.05532080 0.01414760 0.00500000
v -0.05533310 0.01413990 0.00500000
v -0.05534580 0.01413270 0.00500000
v -0.05535870 0.01412600 0.00500000
v -0.05537190 0.01411990 0.00500000
v -0.05538530 0.01411440 0.00500000
v -0.05539890 0.01410940 0.00500000
v -0.05541280 0.01410510 0.00500000
v -0.05542680 0.01410130 0.00500000
v -0.05544100 0.01409810 0.00500000
v -0.05545530 0.01409550 0.00500000
v -0.05546970 0.01409360 0.00500000
v -0.05548420 0.01409220 0.00500000
v -0.05549870 0.01409150 0.00500000
v -0.05551320 0.01409140 0.00500000
v -0.05552770 0.01409190 0.00500000
v -0.05554220 0.01409300 0.00500000
v -0.05555660 0.01409480 0.00500000
v -0.05557090 0.01409710 0.00500000
v -0.05558520 0.01410010 0.00500000
v -0.05654890 0.01220870 0.00500000
v -0.05653810 0.01219900 0.00500000
v -0.05652780 0.01218880 0.00500000
v -0.05651790 0.01217810 0.00500000
v -0.05650850 0.01216710 0.00500000
v -0.05649950 0.01215560 0.00500000
v -0.05649110 0.01214380 0.00500000
v -0.05648310 0.01213170 0.00500000
v -0.05647570 0.01211920 0.00500000
v -0.05646880 0.01210640 0.00500000
v -0.05646250 0.01209330 0.00500000
v -0.05645670 0.01208000 0.00500000
v -0.05645150 0.01206640 0.00500000
v -0.05644690 0.01205260 0.00500000
v -0.05644290 0.01203860 0.00500000
v -0.05643950 0.01202450 0.00500000
v -0.05643670 0.01201030 0.00500000
v -0.05643450 0.01199590 0.00500000
v -0.05643290 0.01198150 0.00500000
v -0.05643190 0.01196700 0.00500000
v -0.05643160 0.01195240 0.00500000
v -0.05643190 0.01193790 0.00500000
v -0.05643270 0.01192340 0.00500000
v -0.05643430 0.01190900 0.00500000
v -0.05643640 0.01189460 0.00500000
v -0.05643910 0.01188030 0.00500000
v -0.05644240 0.01186620 0.00500000
v -0.05644640 0.01185220 0.00500000
v -0.05645090 0.01183840 0.00500000
v -0.05645600 0.01182480 0.00500000
v -0.05646170 0.01181140 0.00500000
v -0.05656660 0.01157570 0.00500000
v -0.05657280 0.01156250 0.00500000
v -0.05657950 0.01154960 0.00500000
v -0.05658670 0.01153700 0.00500000
v -0.05659450 0.01152470 0.00500000
v -0.05660270 0.01151280 0.00500000
v -0.05661150 0.01150120 0.00500000
v -0.05662080 0.01149000 0.00500000
v -0.05663050 0.01147920 0.00500000
v -0.05664070 0.01146890 0.00500000
v -0.05665130 0.01145900 0.00500000
v -0.05666230 0.01144950 0.00500000
v -0.05667380 0.01144050 0.00500000
v -0.05668550 0.01143200 0.00500000
v -0.05669770 0.01142410 0.00500000
v -0.05671020 0.01141660 0.00500000
v -0.05672290 0.01140970 0.00500000
v -0.05673600 0.01140340 0.00500000
v -0.05674930 0.01139760 0.00500000
v -0.05676290 0.01139230 0.00500000
v -0.05677660 0.01138770 0.00500000
v -0.05679060 0.01138360 0.00500000
v -0.05680470 0.01138020 0.00500000
v -0.05681900 0.01137730 0.00500000
v -0.05683330 0.01137510 0.00500000
v -0.05684770 0.01137350 0.00500000
v -0.05686220 0.01137250 0.00500000
v -0.05687680 0.01137210 0.00500000
v -0.05689130 0.01137230 0.00500000
v -0.05690580 0.01137320 0.00500000
v -0.05692020 0.01137460 0.00500000
v -0.05768100 0.00939288 0.00500000
v -0.05766920 0.00938430 0.00500000
v -0.05765790 0.00937523 0.00500000
v -0.05764690 0.00936568 0.00500000
v -0.05763640 0.00935567 0.00500000
v -0.05762630 0.00934522 0.00500000
v -0.05761670 0.00933436 0.00500000
v -0.05760750 0.00932309 0.00500000
v -0.05759880 0.00931144 0.00500000
v -0.05759070 0.00929943 0.00500000
v -0.05758300 0.00928709 0.00500000
v -0.05757590 0.00927443 0.00500000
v -0.05756930 0.00926147 0.00500000
v -0.05756330 0.00924825 0.00500000
v -0.05755780 0.00923479 0.00500000
v -0.05755300 0.00922110 0.00500000
v -0.05754870 0.00920722 0.00500000
v -0.05754500 0.00919317 0.00500000
v -0.05754190 0.00917897 0.00500000
v -0.05753940 0.00916466 0.00500000
v -0.05753750 0.00915025 0.00500000
v -0.05753630 0.00913578 0.00500000
v -0.05753570 0.00912126 0.00500000
v -0.05753560 0.00910674 0.00500000
v -0.05753620 0.00909222 0.00500000
v -0.05753750 0.00907775 0.00500000
v -0.05753930 0.00906333 0.00500000
v -0.05754180 0.00904902 0.00500000
v -0.05754480 0.00903481 0.00500000
v -0.05754850 0.00902075 0.00500000
v -0.05755270 0.00900686 0.00500000
v -0.05763250 0.00876143 0.00500000
v -0.05763720 0.00874769 0.00500000
v -0.05764250 0.00873417 0.00500000
v -0.05764840 0.00872088 0.00500000
v -0.05765480 0.00870786 0.00500000
v -0.05766180 0.00869512 0.00500000
v -0.05766930 0.00868269 0.00500000
v -0.05767740 0.00867059 0.00500000
v -0.05768590 0.00865885 0.00500000
v -0.05769490 0.00864748 0.00500000
v -0.05770450 0.00863651 0.00500000
v -0.05771440 0.00862595 0.00500000
v -0.05772490 0.00861582 0.00500000
v -0.05773570 0.00860616 0.00500000
v -0.05774700 0.00859696 0.00500000
v -0.05775860 0.00858825 0.00500000
v -0.05777060 0.00858004 0.00500000
v -0.05778290 0.00857235 0.00500000
v -0.05779550 0.00856519 0.00500000
v -0.05780850 0.00855858 0.00500000
v -0.05782170 0.00855252 0.00500000
v -0.05783510 0.00854704 0.00500000
v -0.05784880 0.00854213 0.00500000
v -0.05786270 0.00853781 0.00500000
v -0.05787670 0.00853408 0.00500000
v -0.05789090 0.00853095 0.00500000
v -0.05790520 0.00852844 0.00500000
v -0.05791960 0.00852653 0.00500000
v -0.05793410 0.00852524 0.00500000
v -0.05794860 0.00852457 0.00500000
v -0.05796310 0.00852452 0.00500000
v -0.04162460 0.02667020 0.00500000
v -0.04162320 0.02665580 0.00500000
v -0.04162230 0.02664130 0.00500000
v -0.04162210 0.02662680 0.00500000
v -0.04162250 0.02661220 0.00500000
v -0.04162350 0.02659770 0.00500000
v -0.04162510 0.02658330 0.00500000
v -0.04162730 0.02656900 0.00500000
v -0.04163020 0.02655470 0.00500000
v -0.04163360 0.02654060 0.00500000
v -0.04163770 0.02652660 0.00500000
v -0.04164230 0.02651290 0.00500000
v -0.04164760 0.02649930 0.00500000
v -0.04165340 0.02648600 0.00500000
v -0.04165970 0.02647290 0.00500000
v -0.04166660 0.02646020 0.00500000
v -0.04167410 0.02644770 0.00500000
v -0.04168200 0.02643550 0.00500000
v -0.04169050 0.02642380 0.00500000
v -0.04169950 0.02641230 0.00500000
v -0.04170900 0.02640130 0.00500000
v -0.04171890 0.02639070 0.00500000
v -0.04172920 0.02638050 0.00500000
v -0.04174000 0.02637080 0.00500000
v -0.04175120 0.02636150 0.00500000
v -0.04176280 0.02635270 0.00500000
v -0.04177470 0.02634450 0.00500000
v -0.04178700 0.02633670 0.00500000
v -0.04179960 0.02632950 0.00500000
v -0.04181250 0.02632280 0.00500000
v -0.04182570 0.02631660 0.00500000
v -0.04206140 0.02621170 0.00500000
v -0.04207480 0.02620600 0.00500000
v -0.04208840 0.02620090 0.00500000
v -0.04210220 0.02619640 0.00500000
v -0.04211620 0.02619240 0.00500000
v -0.04213030 0.02618910 0.00500000
v -0.04214460 0.02618640 0.00500000
v -0.04215900 0.02618430 0.00500000
v -0.04217340 0.02618270 0.00500000
v -0.04218790 0.02618190 0.00500000
v -0.04220240 0.02618160 0.00500000
v -0.04221700 0.02618190 0.00500000
v -0.04223150 0.02618290 0.00500000
v -0.04224590 0.02618450 0.00500000
v -0.04226030 0.02618670 0.00500000
v -0.04227450 0.02618950 0.00500000
v -0.04228860 0.02619290 0.00500000
v -0.04230260 0.02619690 0.00500000
v -0.04231640 0.02620150 0.00500000
v -0.04233000 0.02620670 0.00500000
v -0.04234330 0.02621250 0.00500000
v -0.04235640 0.02621880 0.00500000
v -0.04236920 0.02622570 0.00500000
v -0.04238170 0.02623310 0.00500000
v -0.04239380 0.02624110 0.00500000
v -0.04240560 0.02624950 0.00500000
v -0.04241710 0.02625850 0.00500000
v -0.04242810 0.02626790 0.00500000
v -0.04243880 0.02627780 0.00500000
v -0.04244900 0.02628810 0.00500000
v -0.04245870 0.02629890 0.00500000
v -0.03877450 0.02771310 0.00500000
v -0.03877460 0.02769860 0.00500000
v -0.03877520 0.02768410 0.00500000
v -0.03877650 0.02766960 0.00500000
v -0.03877840 0.02765520 0.00500000
v -0.03878100 0.02764090 0.00500000
v -0.03878410 0.02762670 0.00500000
v -0.03878780 0.02761270 0.00500000
v -0.03879210 0.02759880 0.00500000
v -0.03879700 0.02758510 0.00500000
v -0.03880250 0.02757170 0.00500000
v -0.03880860 0.02755850 0.00500000
v -0.03881520 0.02754550 0.00500000
v -0.03882230 0.02753290 0.00500000
v -0.03883000 0.02752060 0.00500000
v -0.03883820 0.02750860 0.00500000
v -0.03884700 0.02749700 0.00500000
v -0.03885620 0.02748570 0.00500000
v -0.03886580 0.02747490 0.00500000
v -0.03887590 0.02746440 0.00500000
v -0.03888650 0.02745450 0.00500000
v -0.03889750 0.02744490 0.00500000
v -0.03890880 0.02743590 0.00500000
v -0.03892060 0.02742740 0.00500000
v -0.03893270 0.02741930 0.00500000
v -0.03894510 0.02741180 0.00500000
v -0.03895790 0.02740480 0.00500000
v -0.03897090 0.02739840 0.00500000
v -0.03898420 0.02739250 0.00500000
v -0.03899770 0.02738720 0.00500000
v -0.03901140 0.02738250 0.00500000
v -0.03925690 0.02730270 0.00500000
v -0.03927080 0.02729850 0.00500000
v -0.03928480 0.02729480 0.00500000
v -0.03929900 0.02729180 0.00500000
v -0.03931330 0.02728930 0.00500000
v -0.03932770 0.02728750 0.00500000
v -0.03934220 0.02728620 0.00500000
v -0.03935670 0.02728560 0.00500000
v -0.03937130 0.02728570 0.00500000
v -0.03938580 0.02728630 0.00500000
v -0.03940030 0.02728750 0.00500000
v -0.03941470 0.02728940 0.00500000
v -0.03942900 0.02729190 0.00500000
v -0.03944320 0.02729500 0.00500000
v -0.03945720 0.02729870 0.00500000
v -0.03947110 0.02730300 0.00500000
v -0.03948480 0.02730780 0.00500000
v -0.03949830 0.02731330 0.00500000
v -0.03951150 0.02731930 0.00500000
v -0.03952440 0.02732590 0.00500000
v -0.03953710 0.02733300 0.00500000
v -0.03954940 0.02734070 0.00500000
v -0.03956140 0.02734880 0.00500000
v -0.03957310 0.02735750 0.00500000
v -0.03958440 0.02736670 0.00500000
v -0.03959520 0.02737630 0.00500000
v -0.03960570 0.02738640 0.00500000
v -0.03961570 0.02739690 0.00500000
v -0.03962520 0.02740790 0.00500000
v -0.03963430 0.02741920 0.00500000
v -0.03964290 0.02743100 0.00500000
v -0.03583100 0.02845240 0.00500000
v -0.03583260 0.02843790 0.00500000
v -0.03583480 0.02842350 0.00500000
v -0.03583760 0.02840930 0.00500000
v -0.03584100 0.02839520 0.00500000
v -0.03584500 0.02838120 0.00500000
v -0.03584960 0.02836740 0.00500000
v -0.03585470 0.02835380 0.00500000
v -0.03586050 0.02834050 0.00500000
v -0.03586680 0.02832740 0.00500000
v -0.03587360 0.02831460 0.00500000
v -0.03588100 0.02830210 0.00500000
v -0.03588900 0.02828990 0.00500000
v -0.03589740 0.02827810 0.00500000
v -0.03590640 0.02826670 0.00500000
v -0.03591580 0.02825560 0.00500000
v -0.03592560 0.02824490 0.00500000
v -0.03593600 0.02823470 0.00500000
v -0.03594670 0.02822500 0.00500000
v -0.03595790 0.02821560 0.00500000
v -0.03596940 0.02820680 0.00500000
v -0.03598130 0.02819850 0.00500000
v -0.03599360 0.02819070 0.00500000
v -0.03600620 0.02818340 0.00500000
v -0.03601900 0.02817670 0.00500000
v -0.03603220 0.02817050 0.00500000
v -0.03604560 0.02816490 0.00500000
v -0.03605920 0.02815990 0.00500000
v -0.03607300 0.02815540 0.00500000
v -0.03608700 0.02815150 0.00500000
v -0.03610120 0.02814830 0.00500000
v -0.03635360 0.02809460 0.00500000
v -0.03636790 0.02809190 0.00500000
v -0.03638220 0.02808970 0.00500000
v -0.03639670 0.02808810 0.00500000
v -0.03641120 0.02808720 0.00500000
v -0.03642570 0.02808690 0.00500000
v -0.03644020 0.02808720 0.00500000
v -0.03645470 0.02808810 0.00500000
v -0.03646920 0.02808960 0.00500000
v -0.03648350 0.02809180 0.00500000
v -0.03649780 0.02809450 0.00500000
v -0.03651190 0.02809790 0.00500000
v -0.03652590 0.02810180 0.00500000
v -0.03653970 0.02810640 0.00500000
v -0.03655330 0.02811150 0.00500000
v -0.03656670 0.02811720 0.00500000
v -0.03657980 0.02812350 0.00500000
v -0.03659260 0.02813040 0.00500000
v -0.03660510 0.02813770 0.00500000
v -0.03661730 0.02814560 0.00500000
v -0.03662910 0.02815400 0.00500000
v -0.03664060 0.02816290 0.00500000
v -0.03665170 0.02817230 0.00500000
v -0.03666240 0.02818220 0.00500000
v -0.03667260 0.02819250 0.00500000
v -0.03668240 0.02820320 0.00500000
v -0.03669180 0.02821430 0.00500000
v -0.03670060 0.02822580 0.00500000
v -0.03670900 0.02823770 0.00500000
v -0.03671680 0.02825000 0.00500000
v -0.03672410 0.02826250 0.00500000
v -0.03282640 0.02887990 0.00500000
v -0.03282940 0.02886570 0.00500000
v -0.03283310 0.02885160 0.00500000
v -0.03283740 0.02883770 0.00500000
v -0.03284220 0.02882400 0.00500000
v -0.03284770 0.02881060 0.00500000
v -0.03285370 0.02879730 0.00500000
v -0.03286020 0.02878440 0.00500000
v -0.03286730 0.02877170 0.00500000
v -0.03287500 0.02875940 0.00500000
v -0.03288320 0.02874730 0.00500000
v -0.03289180 0.02873570 0.00500000
v -0.03290100 0.02872440 0.00500000
v -0.03291060 0.02871350 0.00500000
v -0.03292070 0.02870310 0.00500000
v -0.03293120 0.02869300 0.00500000
v -0.03294220 0.02868350 0.00500000
v -0.03295350 0.02867440 0.00500000
v -0.03296520 0.02866580 0.00500000
v -0.03297730 0.02865770 0.00500000
v -0.03298970 0.02865020 0.00500000
v -0.03300240 0.02864310 0.00500000
v -0.03301540 0.02863660 0.00500000
v -0.03302870 0.02863070 0.00500000
v -0.03304220 0.02862540 0.00500000
v -0.03305590 0.02862060 0.00500000
v -0.03306980 0.02861640 0.00500000
v -0.03308390 0.02861280 0.00500000
v -0.03309810 0.02860980 0.00500000
v -0.03311240 0.02860750 0.00500000
v -0.03312680 0.02860570 0.00500000
v -0.03338350 0.02857870 0.00500000
v -0.03339800 0.02857750 0.00500000
v -0.03341250 0.02857680 0.00500000
v -0.03342700 0.02857680 0.00500000
v -0.03344150 0.02857730 0.00500000
v -0.03345600 0.02857850 0.00500000
v -0.03347040 0.02858040 0.00500000
v -0.03348470 0.02858280 0.00500000
v -0.03349890 0.02858580 0.00500000
v -0.03351300 0.02858950 0.00500000
v -0.03352690 0.02859370 0.00500000
v -0.03354060 0.02859850 0.00500000
v -0.03355410 0.02860390 0.00500000
v -0.03356730 0.02860990 0.00500000
v -0.03358030 0.02861640 0.00500000
v -0.03359300 0.02862350 0.00500000
v -0.03360540 0.02863110 0.00500000
v -0.03361740 0.02863920 0.00500000
v -0.03362910 0.02864790 0.00500000
v -0.03364040 0.02865700 0.00500000
v -0.03365130 0.02866660 0.00500000
v -0.03366180 0.02867670 0.00500000
v -0.03367180 0.02868720 0.00500000
v -0.03368140 0.02869810 0.00500000
v -0.03369050 0.02870940 0.00500000
v -0.03369920 0.02872110 0.00500000
v -0.03370730 0.02873310 0.00500000
v -0.03371490 0.02874550 0.00500000
v -0.03372190 0.02875820 0.00500000
v -0.03372840 0.02877120 0.00500000
v -0.03373440 0.02878440 0.00500000
v -0.02979350 0.02899100 0.00500000
v -0.02979800 0.02897720 0.00500000
v -0.02980310 0.02896360 0.00500000
v -0.02980880 0.02895020 0.00500000
v -0.02981510 0.02893710 0.00500000
v -0.02982190 0.02892430 0.00500000
v -0.02982930 0.02891170 0.00500000
v -0.02983720 0.02889950 0.00500000
v -0.02984550 0.02888770 0.00500000
v -0.02985440 0.02887620 0.00500000
v -0.02986380 0.02886510 0.00500000
v -0.02987370 0.02885440 0.00500000
v -0.02988390 0.02884410 0.00500000
v -0.02989470 0.02883430 0.00500000
v -0.02990580 0.02882500 0.00500000
v -0.02991730 0.02881610 0.00500000
v -0.02992920 0.02880780 0.00500000
v -0.02994140 0.02879990 0.00500000
v -0.02995390 0.02879260 0.00500000
v -0.02996680 0.02878580 0.00500000
v -0.02997990 0.02877960 0.00500000
v -0.02999330 0.02877390 0.00500000
v -0.03000690 0.02876880 0.00500000
v -0.03002070 0.02876430 0.00500000
v -0.03003470 0.02876040 0.00500000
v -0.03004880 0.02875710 0.00500000
v -0.03006310 0.02875440 0.00500000
v -0.03007750 0.02875230 0.00500000
v -0.03009190 0.02875080 0.00500000
v -0.03010640 0.02875000 0.00500000
v -0.03012100 0.02874970 0.00500000
v -0.03037900 0.02874970 0.00500000
v -0.03039360 0.02875000 0.00500000
v -0.03040810 0.02875080 0.00500000
v -0.03042250 0.02875230 0.00500000
v -0.03043690 0.02875440 0.00500000
v -0.03045120 0.02875710 0.00500000
v -0.03046530 0.02876040 0.00500000
v -0.03047930 0.02876430 0.00500000
v -0.03049310 0.02876880 0.00500000
v -0.03050670 0.02877390 0.00500000
v -0.03052010 0.02877960 0.00500000
v -0.03053320 0.02878580 0.00500000
v -0.03054610 0.02879260 0.00500000
v -0.03055860 0.02879990 0.00500000
v -0.03057080 0.02880780 0.00500000
v -0.03058270 0.02881610 0.00500000
v -0.03059420 0.02882500 0.00500000
v -0.03060530 0.02883430 0.00500000
v -0.03061610 0.02884410 0.00500000
v -0.03062630 0.02885440 0.00500000
v -0.03063620 0.02886510 0.00500000
v -0.03064560 0.02887620 0.00500000
v -0.03065450 0.02888770 0.00500000
v -0.03066280 0.02889950 0.00500000
v -0.03067070 0.02891170 0.00500000
v -0.03067810 0.02892430 0.00500000
v -0.03068490 0.02893710 0.00500000
v -0.03069120 0.02895020 0.00500000
v -0.03069690 0.02896360 0.00500000
v -0.03070200 0.02897720 0.00500000
v -0.03070650 0.02899100 0.00500000
v -0.02676560 0.02878440 0.00500000
v -0.02677160 0.02877120 0.00500000
v -0.02677810 0.02875820 0.00500000
v -0.02678510 0.02874550 0.00500000
v -0.02679270 0.02873310 0.00500000
v -0.02680080 0.02872110 0.00500000
v -0.02680950 0.02870940 0.00500000
v -0.02681860 0.02869810 0.00500000
v -0.02682820 0.02868720 0.00500000
v -0.02683820 0.02867670 0.00500000
v -0.02684870 0.02866660 0.00500000
v -0.02685960 0.02865700 0.00500000
v -0.02687090 0.02864790 0.00500000
v -0.02688260 0.02863920 0.00500000
v -0.02689460 0.02863110 0.00500000
v -0.02690700 0.02862350 0.00500000
v -0.02691970 0.02861640 0.00500000
v -0.02693270 0.02860990 0.00500000
v -0.02694590 0.02860390 0.00500000
v -0.02695940 0.02859850 0.00500000
v -0.02697310 0.02859370 0.00500000
v -0.02698700 0.02858950 0.00500000
v -0.02700110 0.02858580 0.00500000
v -0.02701530 0.02858280 0.00500000
v -0.02702960 0.02858040 0.00500000
v -0.02704400 0.02857850 0.00500000
v -0.02705850 0.02857730 0.00500000
v -0.02707300 0.02857680 0.00500000
v -0.02708750 0.02857680 0.00500000
v -0.02710200 0.02857750 0.00500000
v -0.02711650 0.02857870 0.00500000
v -0.02737320 0.02860570 0.00500000
v -0.02738760 0.02860750 0.00500000
v -0.02740190 0.02860980 0.00500000
v -0.02741610 0.02861280 0.00500000
v -0.02743020 0.02861640 0.00500000
v -0.02744410 0.02862060 0.00500000
v -0.02745780 0.02862540 0.00500000
v -0.02747130 0.02863070 0.00500000
v -0.02748460 0.02863660 0.00500000
v -0.02749760 0.02864310 0.00500000
v -0.02751030 0.02865020 0.00500000
v -0.02752270 0.02865770 0.00500000
v -0.02753480 0.02866580 0.00500000
v -0.02754650 0.02867440 0.00500000
v -0.02755780 0.02868350 0.00500000
v -0.02756880 0.02869300 0.00500000
v -0.02757930 0.02870310 0.00500000
v -0.02758940 0.02871350 0.00500000
v -0.02759900 0.02872440 0.00500000
v -0.02760820 0.02873570 0.00500000
v -0.02761680 0.02874730 0.00500000
v -0.02762500 0.02875940 0.00500000
v -0.02763270 0.02877170 0.00500000
v -0.02763980 0.02878440 0.00500000
v -0.02764630 0.02879730 0.00500000
v -0.02765230 0.02881060 0.00500000
v -0.02765780 0.02882400 0.00500000
v -0.02766260 0.02883770 0.00500000
v -0.02766690 0.02885160 0.00500000
v -0.02767060 0.02886570 0.00500000
v -0.02767360 0.02887990 0.00500000
v -0.02377590 0.02826250 0.00500000
v -0.02378320 0.02825000 0.00500000
v -0.02379100 0.02823770 0.00500000
v -0.02379940 0.02822580 0.00500000
v -0.02380820 0.02821430 0.00500000
v -0.02381760 0.02820320 0.00500000
v -0.02382740 0.02819250 0.00500000
v -0.02383760 0.02818220 0.00500000
v -0.02384830 0.02817230 0.00500000
v -0.02385940 0.02816290 0.00500000
v -0.02387090 0.02815400 0.00500000
v -0.02388270 0.02814560 0.00500000
v -0.02389490 0.02813770 0.00500000
v -0.02390740 0.02813040 0.00500000
v -0.02392020 0.02812350 0.00500000
v -0.02393330 0.02811720 0.00500000
v -0.02394670 0.02811150 0.00500000
v -0.02396030 0.02810640 0.00500000
v -0.02397410 0.02810180 0.00500000
v -0.02398810 0.02809790 0.00500000
v -0.02400220 0.02809450 0.00500000
v -0.02401650 0.02809180 0.00500000
v -0.02403080 0.02808960 0.00500000
v -0.02404530 0.02808810 0.00500000
v -0.02405980 0.02808720 0.00500000
v -0.02407430 0.02808690 0.00500000
v -0.02408880 0.02808720 0.00500000
v -0.02410330 0.02808810 0.00500000
v -0.02411780 0.02808970 0.00500000
v -0.02413210 0.02809190 0.00500000
v -0.02414640 0.02809460 0.00500000
v -0.02439880 0.02814830 0.00500000
v -0.02441300 0.02815150 0.00500000
v -0.02442700 0.02815540 0.00500000
v -0.02444080 0.02815990 0.00500000
v -0.02445440 0.02816490 0.00500000
v -0.02446780 0.02817050 0.00500000
v -0.02448100 0.02817670 0.00500000
v -0.02449380 0.02818340 0.00500000
v -0.02450640 0.02819070 0.00500000
v -0.02451870 0.02819850 0.00500000
v -0.02453060 0.02820680 0.00500000
v -0.02454210 0.02821560 0.00500000
v -0.02455330 0.02822500 0.00500000
v -0.02456400 0.02823470 0.00500000
v -0.02457440 0.02824490 0.00500000
v -0.02458420 0.02825560 0.00500000
v -0.02459360 0.02826670 0.00500000
v -0.02460260 0.02827810 0.00500000
v -0.02461100 0.02828990 0.00500000
v -0.02461900 0.02830210 0.00500000
v -0.02462640 0.02831460 0.00500000
v -0.02463320 0.02832740 0.00500000
v -0.02463950 0.02834050 0.00500000
v -0.02464530 0.02835380 0.00500000
v -0.02465040 0.02836740 0.00500000
v -0.02465500 0.02838120 0.00500000
v -0.02465900 0.02839520 0.00500000
v -0.02466240 0.02840930 0.00500000
v -0.02466520 0.02842350 0.00500000
v -0.02466740 0.02843790 0.00500000
v -0.02466900 0.02845240 0.00500000
v -0.02085710 0.02743100 0.00500000
v -0.02086570 0.02741920 0.00500000
v -0.02087480 0.02740790 0.00500000
v -0.02088430 0.02739690 0.00500000
v -0.02089430 0.02738640 0.00500000
v -0.02090480 0.02737630 0.00500000
v -0.02091560 0.02736670 0.00500000
v -0.02092690 0.02735750 0.00500000
v -0.02093860 0.02734880 0.00500000
v -0.02095060 0.02734070 0.00500000
v -0.02096290 0.02733300 0.00500000
v -0.02097560 0.02732590 0.00500000
v -0.02098850 0.02731930 0.00500000
v -0.02100170 0.02731330 0.00500000
v -0.02101520 0.02730780 0.00500000
v -0.02102890 0.02730300 0.00500000
v -0.02104280 0.02729870 0.00500000
v -0.02105680 0.02729500 0.00500000
v -0.02107100 0.02729190 0.00500000
v -0.02108530 0.02728940 0.00500000
v -0.02109970 0.02728750 0.00500000
v -0.02111420 0.02728630 0.00500000
v -0.02112870 0.02728570 0.00500000
v -0.02114330 0.02728560 0.00500000
v -0.02115780 0.02728620 0.00500000
v -0.02117230 0.02728750 0.00500000
v -0.02118670 0.02728930 0.00500000
v -0.02120100 0.02729180 0.00500000
v -0.02121520 0.02729480 0.00500000
v -0.02122920 0.02729850 0.00500000
v -0.02124310 0.02730270 0.00500000
v -0.02148860 0.02738250 0.00500000
v -0.02150230 0.02738720 0.00500000
v -0.02151580 0.02739250 0.00500000
v -0.02152910 0.02739840 0.00500000
v -0.02154210 0.02740480 0.00500000
v -0.02155490 0.02741180 0.00500000
v -0.02156730 0.02741930 0.00500000
v -0.02157940 0.02742740 0.00500000
v -0.02159120 0.02743590 0.00500000
v -0.02160250 0.02744490 0.00500000
v -0.02161350 0.02745450 0.00500000
v -0.02162410 0.02746440 0.00500000
v -0.02163420 0.02747490 0.00500000
v -0.02164380 0.02748570 0.00500000
v -0.02165300 0.02749700 0.00500000
v -0.02166180 0.02750860 0.00500000
v -0.02167000 0.02752060 0.00500000
v -0.02167770 0.02753290 0.00500000
v -0.02168480 0.02754550 0.00500000
v -0.02169140 0.02755850 0.00500000
v -0.02169750 0.02757170 0.00500000
v -0.02170300 0.02758510 0.00500000
v -0.02170790 0.02759880 0.00500000
v -0.02171220 0.02761270 0.00500000
v -0.02171590 0.02762670 0.00500000
v -0.02171900 0.02764090 0.00500000
v -0.02172160 0.02765520 0.00500000
v -0.02172350 0.02766960 0.00500000
v -0.02172480 0.02768410 0.00500000
v -0.02172540 0.02769860 0.00500000
v -0.02172550 0.02771310 0.00500000
v -0.00357976 0.01137460 0.00500000
v -0.00359421 0.01137320 0.00500000
v -0.00360871 0.01137230 0.00500000
v -0.00362324 0.01137210 0.00500000
v -0.00363776 0.01137250 0.00500000
v -0.00365225 0.01137350 0.00500000
v -0.00366669 0.01137510 0.00500000
v -0.00368104 0.01137730 0.00500000
v -0.00369529 0.01138020 0.00500000
v -0.00370940 0.01138360 0.00500000
v -0.00372335 0.01138770 0.00500000
v -0.00373712 0.01139230 0.00500000
v -0.00375067 0.01139760 0.00500000
v -0.00376399 0.01140340 0.00500000
v -0.00377705 0.01140970 0.00500000
v -0.00378983 0.01141660 0.00500000
v -0.00380231 0.01142410 0.00500000
v -0.00381445 0.01143200 0.00500000
v -0.00382624 0.01144050 0.00500000
v -0.00383766 0.01144950 0.00500000
v -0.00384869 0.01145900 0.00500000
v -0.00385931 0.01146890 0.00500000
v -0.00386949 0.01147920 0.00500000
v -0.00387922 0.01149000 0.00500000
v -0.00388849 0.01150120 0.00500000
v -0.00389726 0.01151280 0.00500000
v -0.00390554 0.01152470 0.00500000
v -0.00391330 0.01153700 0.00500000
v -0.00392053 0.01154960 0.00500000
v -0.00392722 0.01156250 0.00500000
v -0.00393335 0.01157570 0.00500000
v -0.00403831 0.01181140 0.00500000
v -0.00404400 0.01182480 0.00500000
v -0.00404911 0.01183840 0.00500000
v -0.00405363 0.01185220 0.00500000
v -0.00405757 0.01186620 0.00500000
v -0.00406090 0.01188030 0.00500000
v -0.00406363 0.01189460 0.00500000
v -0.00406575 0.01190900 0.00500000
v -0.00406725 0.01192340 0.00500000
v -0.00406814 0.01193790 0.00500000
v -0.00406841 0.01195240 0.00500000
v -0.00406805 0.01196700 0.00500000
v -0.00406708 0.01198150 0.00500000
v -0.00406550 0.01199590 0.00500000
v -0.00406330 0.01201030 0.00500000
v -0.00406049 0.01202450 0.00500000
v -0.00405707 0.01203860 0.00500000
v -0.00405306 0.01205260 0.00500000
v -0.00404845 0.01206640 0.00500000
v -0.00404326 0.01208000 0.00500000
v -0.00403750 0.01209330 0.00500000
v -0.00403117 0.01210640 0.00500000
v -0.00402430 0.01211920 0.00500000
v -0.00401688 0.01213170 0.00500000
v -0.00400894 0.01214380 0.00500000
v -0.00400049 0.01215560 0.00500000
v -0.00399154 0.01216710 0.00500000
v -0.00398211 0.01217810 0.00500000
v -0.00397222 0.01218880 0.00500000
v -0.00396189 0.01219900 0.00500000
v -0.00395113 0.01220870 0.00500000
v -0.00491483 0.01410010 0.00500000
v -0.00492905 0.01409710 0.00500000
v -0.00494339 0.01409480 0.00500000
v -0.00495781 0.01409300 0.00500000
v -0.00497229 0.01409190 0.00500000
v -0.00498681 0.01409140 0.00500000
v -0.00500134 0.01409150 0.00500000
v -0.00501585 0.01409220 0.00500000
v -0.00503031 0.01409360 0.00500000
v -0.00504471 0.01409550 0.00500000
v -0.00505900 0.01409810 0.00500000
v -0.00507318 0.01410130 0.00500000
v -0.00508721 0.01410510 0.00500000
v -0.00510106 0.01410940 0.00500000
v -0.00511472 0.01411440 0.00500000
v -0.00512815 0.01411990 0.00500000
v -0.00514133 0.01412600 0.00500000
v -0.00515424 0.01413270 0.00500000
v -0.00516686 0.01413990 0.00500000
v -0.00517915 0.01414760 0.00500000
v -0.00519111 0.01415590 0.00500000
v -0.00520270 0.01416460 0.00500000
v -0.00521391 0.01417390 0.00500000
v -0.00522472 0.01418360 0.00500000
v -0.00523510 0.01419370 0.00500000
v -0.00524504 0.01420430 0.00500000
v -0.00525452 0.01421530 0.00500000
v -0.00526352 0.01422680 0.00500000
v -0.00527203 0.01423850 0.00500000
v -0.00528003 0.01425070 0.00500000
v -0.00528750 0.01426310 0.00500000
v -0.00541654 0.01448660 0.00500000
v -0.00542359 0.01449930 0.00500000
v -0.00543009 0.01451230 0.00500000
v -0.00543603 0.01452550 0.00500000
v -0.00544141 0.01453900 0.00500000
v -0.00544620 0.01455280 0.00500000
v -0.00545041 0.01456670 0.00500000
v -0.00545401 0.01458070 0.00500000
v -0.00545702 0.01459490 0.00500000
v -0.00545942 0.01460930 0.00500000
v -0.00546120 0.01462370 0.00500000
v -0.00546237 0.01463820 0.00500000
v -0.00546292 0.01465270 0.00500000
v -0.00546285 0.01466720 0.00500000
v -0.00546216 0.01468170 0.00500000
v -0.00546086 0.01469620 0.00500000
v -0.00545894 0.01471060 0.00500000
v -0.00545641 0.01472490 0.00500000
v -0.00545327 0.01473910 0.00500000
v -0.00544952 0.01475310 0.00500000
v -0.00544519 0.01476700 0.00500000
v -0.00544026 0.01478070 0.00500000
v -0.00543476 0.01479410 0.00500000
v -0.00542869 0.01480730 0.00500000
v -0.00542207 0.01482020 0.00500000
v -0.00541490 0.01483290 0.00500000
v -0.00540719 0.01484520 0.00500000
v -0.00539897 0.01485720 0.00500000
v -0.00539025 0.01486880 0.00500000
v -0.00538104 0.01488000 0.00500000
v -0.00537136 0.01489080 0.00500000
v -0.00840004 0.01905950 0.00500000
v -0.00841334 0.01905360 0.00500000
v -0.00842687 0.01904830 0.00500000
v -0.00844061 0.01904360 0.00500000
v -0.00845454 0.01903950 0.00500000
v -0.00846864 0.01903600 0.00500000
v -0.00848287 0.01903310 0.00500000
v -0.00849721 0.01903080 0.00500000
v -0.00851164 0.01902910 0.00500000
v -0.00852613 0.01902800 0.00500000
v -0.00854065 0.01902750 0.00500000
v -0.00855518 0.01902770 0.00500000
v -0.00856968 0.01902850 0.00500000
v -0.00858414 0.01902990 0.00500000
v -0.00859853 0.01903190 0.00500000
v -0.00861282 0.01903450 0.00500000
v -0.00862698 0.01903770 0.00500000
v -0.00864100 0.01904160 0.00500000
v -0.00865483 0.01904600 0.00500000
v -0.00866847 0.01905100 0.00500000
v -0.00868188 0.01905660 0.00500000
v -0.00869504 0.01906270 0.00500000
v -0.00870793 0.01906940 0.00500000
v -0.00872052 0.01907670 0.00500000
v -0.00873278 0.01908450 0.00500000
v -0.00874471 0.01909280 0.00500000
v -0.00875627 0.01910160 0.00500000
v -0.00876745 0.01911080 0.00500000
v -0.00877822 0.01912060 0.00500000
v -0.00878856 0.01913080 0.00500000
v -0.00879846 0.01914140 0.00500000
v -0.00897114 0.01933320 0.00500000
v -0.00898068 0.01934420 0.00500000
v -0.00898974 0.01935550 0.00500000
v -0.00899831 0.01936720 0.00500000
v -0.00900637 0.01937930 0.00500000
v -0.00901391 0.01939170 0.00500000
v -0.00902092 0.01940450 0.00500000
v -0.00902737 0.01941750 0.00500000
v -0.00903327 0.01943080 0.00500000
v -0.00903859 0.01944430 0.00500000
v -0.00904333 0.01945800 0.00500000
v -0.00904749 0.01947190 0.00500000
v -0.00905104 0.01948600 0.00500000
v -0.00905400 0.01950020 0.00500000
v -0.00905634 0.01951460 0.00500000
v -0.00905807 0.01952900 0.00500000
v -0.00905919 0.01954350 0.00500000
v -0.00905968 0.01955800 0.00500000
v -0.00905956 0.01957250 0.00500000
v -0.00905882 0.01958700 0.00500000
v -0.00905746 0.01960150 0.00500000
v -0.00905549 0.01961590 0.00500000
v -0.00905290 0.01963020 0.00500000
v -0.00904971 0.01964440 0.00500000
v -0.00904592 0.01965840 0.00500000
v -0.00904153 0.01967220 0.00500000
v -0.00903656 0.01968590 0.00500000
v -0.00903101 0.01969930 0.00500000
v -0.00902489 0.01971250 0.00500000
v -0.00901821 0.01972540 0.00500000
v -0.00901100 0.01973800 0.00500000
v -0.00652748 0.01667110 0.00500000
v -0.00654132 0.01666670 0.00500000
v -0.00655532 0.01666280 0.00500000
v -0.00656949 0.01665960 0.00500000
v -0.00658377 0.01665700 0.00500000
v -0.00659816 0.01665490 0.00500000
v -0.00661262 0.01665350 0.00500000
v -0.00662712 0.01665270 0.00500000
v -0.00664165 0.01665250 0.00500000
v -0.00665617 0.01665300 0.00500000
v -0.00667066 0.01665400 0.00500000
v -0.00668509 0.01665570 0.00500000
v -0.00669943 0.01665800 0.00500000
v -0.00671367 0.01666090 0.00500000
v -0.00672777 0.01666440 0.00500000
v -0.00674170 0.01666850 0.00500000
v -0.00675545 0.01667320 0.00500000
v -0.00676899 0.01667850 0.00500000
v -0.00678229 0.01668430 0.00500000
v -0.00679532 0.01669070 0.00500000
v -0.00680808 0.01669770 0.00500000
v -0.00682052 0.01670520 0.00500000
v -0.00683264 0.01671320 0.00500000
v -0.00684440 0.01672170 0.00500000
v -0.00685579 0.01673080 0.00500000
v -0.00686678 0.01674030 0.00500000
v -0.00687736 0.01675020 0.00500000
v -0.00688750 0.01676060 0.00500000
v -0.00689720 0.01677140 0.00500000
v -0.00690642 0.01678270 0.00500000
v -0.00691515 0.01679430 0.00500000
v -0.00706684 0.01700300 0.00500000
v -0.00707518 0.01701490 0.00500000
v -0.00708300 0.01702720 0.00500000
v -0.00709030 0.01703970 0.00500000
v -0.00709706 0.01705260 0.00500000
v -0.00710326 0.01706570 0.00500000
v -0.00710889 0.01707910 0.00500000
v -0.00711395 0.01709270 0.00500000
v -0.00711843 0.01710660 0.00500000
v -0.00712231 0.01712060 0.00500000
v -0.00712559 0.01713470 0.00500000
v -0.00712827 0.01714900 0.00500000
v -0.00713033 0.01716340 0.00500000
v -0.00713178 0.01717780 0.00500000
v -0.00713261 0.01719230 0.00500000
v -0.00713283 0.01720690 0.00500000
v -0.00713242 0.01722140 0.00500000
v -0.00713140 0.01723590 0.00500000
v -0.00712976 0.01725030 0.00500000
v -0.00712750 0.01726470 0.00500000
v -0.00712464 0.01727890 0.00500000
v -0.00712117 0.01729300 0.00500000
v -0.00711711 0.01730700 0.00500000
v -0.00711245 0.01732070 0.00500000
v -0.00710721 0.01733430 0.00500000
v -0.00710140 0.01734760 0.00500000
v -0.00709503 0.01736060 0.00500000
v -0.00708811 0.01737340 0.00500000
v -0.00708064 0.01738590 0.00500000
v -0.00707266 0.01739800 0.00500000
v -0.00706416 0.01740980 0.00500000
v -0.01284020 0.02318580 0.00500000
v -0.01285200 0.02317730 0.00500000
v -0.01286410 0.02316940 0.00500000
v -0.01287660 0.02316190 0.00500000
v -0.01288940 0.02315500 0.00500000
v -0.01290240 0.02314860 0.00500000
v -0.01291570 0.02314280 0.00500000
v -0.01292930 0.02313750 0.00500000
v -0.01294300 0.02313290 0.00500000
v -0.01295700 0.02312880 0.00500000
v -0.01297110 0.02312540 0.00500000
v -0.01298530 0.02312250 0.00500000
v -0.01299970 0.02312020 0.00500000
v -0.01301410 0.02311860 0.00500000
v -0.01302860 0.02311760 0.00500000
v -0.01304310 0.02311720 0.00500000
v -0.01305770 0.02311740 0.00500000
v -0.01307220 0.02311820 0.00500000
v -0.01308660 0.02311970 0.00500000
v -0.01310100 0.02312170 0.00500000
v -0.01311530 0.02312440 0.00500000
v -0.01312940 0.02312770 0.00500000
v -0.01314340 0.02313160 0.00500000
v -0.01315730 0.02313600 0.00500000
v -0.01317090 0.02314110 0.00500000
v -0.01318430 0.02314670 0.00500000
v -0.01319740 0.02315290 0.00500000
v -0.01321030 0.02315970 0.00500000
v -0.01322280 0.02316700 0.00500000
v -0.01323510 0.02317480 0.00500000
v -0.01324700 0.02318320 0.00500000
v -0.01345570 0.02333480 0.00500000
v -0.01346730 0.02334360 0.00500000
v -0.01347860 0.02335280 0.00500000
v -0.01348940 0.02336250 0.00500000
v -0.01349980 0.02337260 0.00500000
v -0.01350970 0.02338320 0.00500000
v -0.01351920 0.02339420 0.00500000
v -0.01352830 0.02340560 0.00500000
v -0.01353680 0.02341740 0.00500000
v -0.01354480 0.02342950 0.00500000
v -0.01355230 0.02344190 0.00500000
v -0.01355930 0.02345470 0.00500000
v -0.01356570 0.02346770 0.00500000
v -0.01357150 0.02348100 0.00500000
v -0.01357680 0.02349450 0.00500000
v -0.01358150 0.02350830 0.00500000
v -0.01358560 0.02352220 0.00500000
v -0.01358910 0.02353630 0.00500000
v -0.01359200 0.02355060 0.00500000
v -0.01359430 0.02356490 0.00500000
v -0.01359600 0.02357930 0.00500000
v -0.01359700 0.02359380 0.00500000
v -0.01359750 0.02360840 0.00500000
v -0.01359730 0.02362290 0.00500000
v -0.01359650 0.02363740 0.00500000
v -0.01359510 0.02365180 0.00500000
v -0.01359300 0.02366620 0.00500000
v -0.01359040 0.02368050 0.00500000
v -0.01358720 0.02369470 0.00500000
v -0.01358330 0.02370870 0.00500000
v -0.01357890 0.02372250 0.00500000
v -0.01051200 0.02123900 0.00500000
v -0.01052460 0.02123180 0.00500000
v -0.01053750 0.02122510 0.00500000
v -0.01055070 0.02121900 0.00500000
v -0.01056410 0.02121340 0.00500000
v -0.01057780 0.02120850 0.00500000
v -0.01059160 0.02120410 0.00500000
v -0.01060560 0.02120030 0.00500000
v -0.01061980 0.02119710 0.00500000
v -0.01063410 0.02119450 0.00500000
v -0.01064850 0.02119250 0.00500000
v -0.01066300 0.02119120 0.00500000
v -0.01067750 0.02119040 0.00500000
v -0.01069200 0.02119030 0.00500000
v -0.01070650 0.02119080 0.00500000
v -0.01072100 0.02119190 0.00500000
v -0.01073540 0.02119370 0.00500000
v -0.01074980 0.02119600 0.00500000
v -0.01076400 0.02119900 0.00500000
v -0.01077810 0.02120250 0.00500000
v -0.01079200 0.02120670 0.00500000
v -0.01080570 0.02121140 0.00500000
v -0.01081920 0.02121670 0.00500000
v -0.01083250 0.02122260 0.00500000
v -0.01084550 0.02122910 0.00500000
v -0.01085830 0.02123610 0.00500000
v -0.01087070 0.02124360 0.00500000
v -0.01088280 0.02125170 0.00500000
v -0.01089450 0.02126030 0.00500000
v -0.01090580 0.02126930 0.00500000
v -0.01091680 0.02127890 0.00500000
v -0.01110860 0.02145150 0.00500000
v -0.01111920 0.02146140 0.00500000
v -0.01112940 0.02147180 0.00500000
v -0.01113920 0.02148260 0.00500000
v -0.01114840 0.02149370 0.00500000
v -0.01115720 0.02150530 0.00500000
v -0.01116550 0.02151720 0.00500000
v -0.01117330 0.02152950 0.00500000
v -0.01118060 0.02154210 0.00500000
v -0.01118730 0.02155500 0.00500000
v -0.01119340 0.02156810 0.00500000
v -0.01119900 0.02158150 0.00500000
v -0.01120400 0.02159520 0.00500000
v -0.01120840 0.02160900 0.00500000
v -0.01121230 0.02162300 0.00500000
v -0.01121550 0.02163720 0.00500000
v -0.01121810 0.02165150 0.00500000
v -0.01122010 0.02166590 0.00500000
v -0.01122150 0.02168030 0.00500000
v -0.01122230 0.02169480 0.00500000
v -0.01122250 0.02170940 0.00500000
v -0.01122200 0.02172390 0.00500000
v -0.01122090 0.02173840 0.00500000
v -0.01121920 0.02175280 0.00500000
v -0.01121690 0.02176710 0.00500000
v -0.01121400 0.02178140 0.00500000
v -0.01121050 0.02179550 0.00500000
v -0.01120640 0.02180940 0.00500000
v -0.01120170 0.02182310 0.00500000
v -0.01119640 0.02183670 0.00500000
v -0.01119050 0.02185000 0.00500000
v -0.01535920 0.02487860 0.00500000
v -0.01537000 0.02486900 0.00500000
v -0.01538120 0.02485980 0.00500000
v -0.01539280 0.02485100 0.00500000
v -0.01540480 0.02484280 0.00500000
v -0.01541710 0.02483510 0.00500000
v -0.01542980 0.02482790 0.00500000
v -0.01544270 0.02482130 0.00500000
v -0.01545590 0.02481520 0.00500000
v -0.01546930 0.02480970 0.00500000
v -0.01548300 0.02480480 0.00500000
v -0.01549690 0.02480050 0.00500000
v -0.01551090 0.02479670 0.00500000
v -0.01552510 0.02479360 0.00500000
v -0.01553940 0.02479110 0.00500000
v -0.01555380 0.02478910 0.00500000
v -0.01556830 0.02478780 0.00500000
v -0.01558280 0.02478710 0.00500000
v -0.01559730 0.02478710 0.00500000
v -0.01561180 0.02478760 0.00500000
v -0.01562630 0.02478880 0.00500000
v -0.01564070 0.02479060 0.00500000
v -0.01565510 0.02479300 0.00500000
v -0.01566930 0.02479600 0.00500000
v -0.01568330 0.02479960 0.00500000
v -0.01569720 0.02480380 0.00500000
v -0.01571100 0.02480860 0.00500000
v -0.01572450 0.02481400 0.00500000
v -0.01573770 0.02481990 0.00500000
v -0.01575070 0.02482640 0.00500000
v -0.01576340 0.02483350 0.00500000
v -0.01598690 0.02496250 0.00500000
v -0.01599930 0.02497000 0.00500000
v -0.01601150 0.02497800 0.00500000
v -0.01602320 0.02498650 0.00500000
v -0.01603470 0.02499550 0.00500000
v -0.01604570 0.02500500 0.00500000
v -0.01605630 0.02501490 0.00500000
v -0.01606640 0.02502530 0.00500000
v -0.01607610 0.02503610 0.00500000
v -0.01608540 0.02504730 0.00500000
v -0.01609410 0.02505890 0.00500000
v -0.01610240 0.02507080 0.00500000
v -0.01611010 0.02508310 0.00500000
v -0.01611730 0.02509580 0.00500000
v -0.01612400 0.02510870 0.00500000
v -0.01613010 0.02512190 0.00500000
v -0.01613560 0.02513530 0.00500000
v -0.01614060 0.02514890 0.00500000
v -0.01614490 0.02516280 0.00500000
v -0.01614870 0.02517680 0.00500000
v -0.01615190 0.02519100 0.00500000
v -0.01615450 0.02520530 0.00500000
v -0.01615640 0.02521970 0.00500000
v -0.01615780 0.02523420 0.00500000
v -0.01615850 0.02524870 0.00500000
v -0.01615860 0.02526320 0.00500000
v -0.01615810 0.02527770 0.00500000
v -0.01615700 0.02529220 0.00500000
v -0.01615520 0.02530660 0.00500000
v -0.01615290 0.02532090 0.00500000
v -0.01614990 0.02533520 0.00500000
v -0.01804130 0.02629890 0.00500000
v -0.01805100 0.02628810 0.00500000
v -0.01806120 0.02627780 0.00500000
v -0.01807190 0.02626790 0.00500000
v -0.01808290 0.02625850 0.00500000
v -0.01809440 0.02624950 0.00500000
v -0.01810620 0.02624110 0.00500000
v -0.01811830 0.02623310 0.00500000
v -0.01813080 0.02622570 0.00500000
v -0.01814360 0.02621880 0.00500000
v -0.01815670 0.02621250 0.00500000
v -0.01817000 0.02620670 0.00500000
v -0.01818360 0.02620150 0.00500000
v -0.01819740 0.02619690 0.00500000
v -0.01821140 0.02619290 0.00500000
v -0.01822550 0.02618950 0.00500000
v -0.01823970 0.02618670 0.00500000
v -0.01825410 0.02618450 0.00500000
v -0.01826850 0.02618290 0.00500000
v -0.01828300 0.02618190 0.00500000
v -0.01829760 0.02618160 0.00500000
v -0.01831210 0.02618190 0.00500000
v -0.01832660 0.02618270 0.00500000
v -0.01834100 0.02618430 0.00500000
v -0.01835540 0.02618640 0.00500000
v -0.01836970 0.02618910 0.00500000
v -0.01838380 0.02619240 0.00500000
v -0.01839780 0.02619640 0.00500000
v -0.01841160 0.02620090 0.00500000
v -0.01842520 0.02620600 0.00500000
v -0.01843860 0.02621170 0.00500000
v -0.01867430 0.02631660 0.00500000
v -0.01868750 0.02632280 0.00500000
v -0.01870040 0.02632950 0.00500000
v -0.01871300 0.02633670 0.00500000
v -0.01872530 0.02634450 0.00500000
v -0.01873720 0.02635270 0.00500000
v -0.01874880 0.02636150 0.00500000
v -0.01876000 0.02637080 0.00500000
v -0.01877080 0.02638050 0.00500000
v -0.01878110 0.02639070 0.00500000
v -0.01879100 0.02640130 0.00500000
v -0.01880050 0.02641230 0.00500000
v -0.01880950 0.02642380 0.00500000
v -0.01881800 0.02643550 0.00500000
v -0.01882590 0.02644770 0.00500000
v -0.01883340 0.02646020 0.00500000
v -0.01884030 0.02647290 0.00500000
v -0.01884660 0.02648600 0.00500000
v -0.01885240 0.02649930 0.00500000
v -0.01885770 0.02651290 0.00500000
v -0.01886230 0.02652660 0.00500000
v -0.01886640 0.02654060 0.00500000
v -0.01886980 0.02655470 0.00500000
v -0.01887270 0.02656900 0.00500000
v -0.01887490 0.02658330 0.00500000
v -0.01887650 0.02659770 0.00500000
v -0.01887750 0.02661220 0.00500000
v -0.01887790 0.02662680 0.00500000
v -0.01887770 0.02664130 0.00500000
v -0.01887680 0.02665580 0.00500000
v -0.01887540 0.02667020 0.00500000
v -0.00253689 0.00852452 0.00500000
v -0.00255141 0.00852457 0.00500000
v -0.00256593 0.00852524 0.00500000
v -0.00258040 0.00852653 0.00500000
v -0.00259480 0.00852844 0.00500000
v -0.00260910 0.00853095 0.00500000
v -0.00262329 0.00853408 0.00500000
v -0.00263733 0.00853781 0.00500000
v -0.00265120 0.00854213 0.00500000
v -0.00266488 0.00854704 0.00500000
v -0.00267833 0.00855252 0.00500000
v -0.00269153 0.00855858 0.00500000
v -0.00270447 0.00856519 0.00500000
v -0.00271711 0.00857235 0.00500000
v -0.00272944 0.00858004 0.00500000
v -0.00274142 0.00858825 0.00500000
v -0.00275305 0.00859696 0.00500000
v -0.00276429 0.00860616 0.00500000
v -0.00277513 0.00861582 0.00500000
v -0.00278555 0.00862595 0.00500000
v -0.00279553 0.00863651 0.00500000
v -0.00280505 0.00864748 0.00500000
v -0.00281410 0.00865885 0.00500000
v -0.00282265 0.00867059 0.00500000
v -0.00283069 0.00868269 0.00500000
v -0.00283821 0.00869512 0.00500000
v -0.00284520 0.00870786 0.00500000
v -0.00285163 0.00872088 0.00500000
v -0.00285750 0.00873417 0.00500000
v -0.00286281 0.00874769 0.00500000
v -0.00286753 0.00876143 0.00500000
v -0.00294727 0.00900686 0.00500000
v -0.00295153 0.00902075 0.00500000
v -0.00295519 0.00903481 0.00500000
v -0.00295825 0.00904902 0.00500000
v -0.00296070 0.00906333 0.00500000
v -0.00296254 0.00907775 0.00500000
v -0.00296376 0.00909222 0.00500000
v -0.00296436 0.00910674 0.00500000
v -0.00296435 0.00912126 0.00500000
v -0.00296371 0.00913578 0.00500000
v -0.00296246 0.00915025 0.00500000
v -0.00296059 0.00916466 0.00500000
v -0.00295811 0.00917897 0.00500000
v -0.00295502 0.00919317 0.00500000
v -0.00295133 0.00920722 0.00500000
v -0.00294705 0.00922110 0.00500000
v -0.00294218 0.00923479 0.00500000
v -0.00293673 0.00924825 0.00500000
v -0.00293070 0.00926147 0.00500000
v -0.00292413 0.00927443 0.00500000
v -0.00291700 0.00928709 0.00500000
v -0.00290934 0.00929943 0.00500000
v -0.00290117 0.00931144 0.00500000
v -0.00289249 0.00932309 0.00500000
v -0.00288332 0.00933436 0.00500000
v -0.00287368 0.00934522 0.00500000
v -0.00286358 0.00935567 0.00500000
v -0.00285305 0.00936568 0.00500000
v -0.00284210 0.00937523 0.00500000
v -0.00283076 0.00938430 0.00500000
v -0.00281904 0.00939288 0.00500000
v -0.00179765 0.00558101 0.00500000
v -0.00181209 0.00558258 0.00500000
v -0.00182645 0.00558476 0.00500000
v -0.00184071 0.00558756 0.00500000
v -0.00185483 0.00559096 0.00500000
v -0.00186880 0.00559496 0.00500000
v -0.00188258 0.00559955 0.00500000
v -0.00189616 0.00560472 0.00500000
v -0.00190950 0.00561047 0.00500000
v -0.00192258 0.00561678 0.00500000
v -0.00193539 0.00562365 0.00500000
v -0.00194789 0.00563105 0.00500000
v -0.00196006 0.00563898 0.00500000
v -0.00197188 0.00564742 0.00500000
v -0.00198334 0.00565635 0.00500000
v -0.00199440 0.00566577 0.00500000
v -0.00200505 0.00567565 0.00500000
v -0.00201527 0.00568597 0.00500000
v -0.00202505 0.00569672 0.00500000
v -0.00203435 0.00570788 0.00500000
v -0.00204317 0.00571942 0.00500000
v -0.00205149 0.00573133 0.00500000
v -0.00205930 0.00574358 0.00500000
v -0.00206658 0.00575615 0.00500000
v -0.00207331 0.00576903 0.00500000
v -0.00207949 0.00578217 0.00500000
v -0.00208510 0.00579557 0.00500000
v -0.00209014 0.00580920 0.00500000
v -0.00209459 0.00582303 0.00500000
v -0.00209845 0.00583703 0.00500000
v -0.00210171 0.00585119 0.00500000
v -0.00215537 0.00610361 0.00500000
v -0.00215815 0.00611787 0.00500000
v -0.00216032 0.00613224 0.00500000
v -0.00216188 0.00614668 0.00500000
v -0.00216281 0.00616118 0.00500000
v -0.00216314 0.00617570 0.00500000
v -0.00216284 0.00619022 0.00500000
v -0.00216192 0.00620472 0.00500000
v -0.00216039 0.00621917 0.00500000
v -0.00215824 0.00623354 0.00500000
v -0.00215548 0.00624780 0.00500000
v -0.00215212 0.00626193 0.00500000
v -0.00214816 0.00627591 0.00500000
v -0.00214360 0.00628970 0.00500000
v -0.00213846 0.00630329 0.00500000
v -0.00213275 0.00631665 0.00500000
v -0.00212647 0.00632975 0.00500000
v -0.00211964 0.00634257 0.00500000
v -0.00211228 0.00635509 0.00500000
v -0.00210438 0.00636729 0.00500000
v -0.00209597 0.00637913 0.00500000
v -0.00208706 0.00639061 0.00500000
v -0.00207768 0.00640170 0.00500000
v -0.00206783 0.00641238 0.00500000
v -0.00205753 0.00642262 0.00500000
v -0.00204681 0.00643242 0.00500000
v -0.00203567 0.00644176 0.00500000
v -0.00202415 0.00645061 0.00500000
v -0.00201227 0.00645896 0.00500000
v -0.00200004 0.00646680 0.00500000
v -0.00198748 0.00647411 0.00500000
v -0.00137014 0.00257635 0.00500000
v -0.00138434 0.00257943 0.00500000
v -0.00139839 0.00258310 0.00500000
v -0.00141228 0.00258737 0.00500000
v -0.00142597 0.00259223 0.00500000
v -0.00143944 0.00259767 0.00500000
v -0.00145267 0.00260367 0.00500000
v -0.00146563 0.00261024 0.00500000
v -0.00147830 0.00261735 0.00500000
v -0.00149065 0.00262499 0.00500000
v -0.00150267 0.00263316 0.00500000
v -0.00151432 0.00264182 0.00500000
v -0.00152560 0.00265098 0.00500000
v -0.00153648 0.00266061 0.00500000
v -0.00154694 0.00267070 0.00500000
v -0.00155695 0.00268122 0.00500000
v -0.00156652 0.00269215 0.00500000
v -0.00157560 0.00270349 0.00500000
v -0.00158420 0.00271520 0.00500000
v -0.00159228 0.00272727 0.00500000
v -0.00159985 0.00273967 0.00500000
v -0.00160688 0.00275239 0.00500000
v -0.00161336 0.00276539 0.00500000
v -0.00161929 0.00277865 0.00500000
v -0.00162464 0.00279216 0.00500000
v -0.00162941 0.00280588 0.00500000
v -0.00163359 0.00281979 0.00500000
v -0.00163718 0.00283387 0.00500000
v -0.00164016 0.00284809 0.00500000
v -0.00164253 0.00286242 0.00500000
v -0.00164430 0.00287684 0.00500000
v -0.00167127 0.00313349 0.00500000
v -0.00167255 0.00314796 0.00500000
v -0.00167320 0.00316247 0.00500000
v -0.00167324 0.00317700 0.00500000
v -0.00167266 0.00319151 0.00500000
v -0.00167146 0.00320599 0.00500000
v -0.00166965 0.00322041 0.00500000
v -0.00166722 0.00323473 0.00500000
v -0.00166419 0.00324894 0.00500000
v -0.00166055 0.00326300 0.00500000
v -0.00165631 0.00327690 0.00500000
v -0.00165149 0.00329060 0.00500000
v -0.00164609 0.00330409 0.00500000
v -0.00164012 0.00331733 0.00500000
v -0.00163359 0.00333031 0.00500000
v -0.00162651 0.00334299 0.00500000
v -0.00161890 0.00335537 0.00500000
v -0.00161077 0.00336741 0.00500000
v -0.00160213 0.00337909 0.00500000
v -0.00159300 0.00339039 0.00500000
v -0.00158340 0.00340129 0.00500000
v -0.00157334 0.00341177 0.00500000
v -0.00156285 0.00342182 0.00500000
v -0.00155194 0.00343141 0.00500000
v -0.00154062 0.00344053 0.00500000
v -0.00152893 0.00344915 0.00500000
v -0.00151689 0.00345727 0.00500000
v -0.00150451 0.00346487 0.00500000
v -0.00149181 0.00347193 0.00500000
v -0.00147883 0.00347845 0.00500000
v -0.00146558 0.00348441 0.00500000
v -0.00125904 -0.00045653 0.00500000
v -0.00127284 -0.00045199 0.00500000
v -0.00128644 -0.00044686 0.00500000
v -0.00129980 -0.00044117 0.00500000
v -0.00131291 -0.00043490 0.00500000
v -0.00132574 -0.00042809 0.00500000
v -0.00133826 -0.00042073 0.00500000
v -0.00135047 -0.00041285 0.00500000
v -0.00136232 -0.00040445 0.00500000
v -0.00137381 -0.00039556 0.00500000
v -0.00138491 -0.00038618 0.00500000
v -0.00139559 -0.00037634 0.00500000
v -0.00140585 -0.00036606 0.00500000
v -0.00141567 -0.00035534 0.00500000
v -0.00142501 -0.00034422 0.00500000
v -0.00143387 -0.00033271 0.00500000
v -0.00144224 -0.00032083 0.00500000
v -0.00145009 -0.00030861 0.00500000
v -0.00145741 -0.00029606 0.00500000
v -0.00146420 -0.00028322 0.00500000
v -0.00147042 -0.00027009 0.00500000
v -0.00147609 -0.00025671 0.00500000
v -0.00148118 -0.00024311 0.00500000
v -0.00148568 -0.00022929 0.00500000
v -0.00148959 -0.00021530 0.00500000
v -0.00149290 -0.00020116 0.00500000
v -0.00149561 -0.00018688 0.00500000
v -0.00149770 -0.00017251 0.00500000
v -0.00149918 -0.00015806 0.00500000
v -0.00150005 -0.00014356 0.00500000
v -0.00150029 -0.00012903 0.00500000
v -0.00150029 0.00012903 0.00500000
v -0.00150005 0.00014356 0.00500000
v -0.00149918 0.00015806 0.00500000
v -0.00149770 0.00017251 0.00500000
v -0.00149561 0.00018688 0.00500000
v -0.00149290 0.00020116 0.00500000
v -0.00148959 0.00021530 0.00500000
v -0.00148568 0.00022929 0.00500000
v -0.00148118 0.00024311 0.00500000
v -0.00147609 0.00025671 0.00500000
v -0.00147042 0.00027009 0.00500000
v -0.00146420 0.00028322 0.00500000
v -0.00145741 0.00029606 0.00500000
v -0.00145009 0.00030861 0.00500000
v -0.00144224 0.00032083 0.00500000
v -0.00143387 0.00033271 0.00500000
v -0.00142501 0.00034422 0.00500000
v -0.00141567 0.00035534 0.00500000
v -0.00140585 0.00036606 0.00500000
v -0.00139559 0.00037634 0.00500000
v -0.00138491 0.00038618 0.00500000
v -0.00137381 0.00039556 0.00500000
v -0.00136232 0.00040445 0.00500000
v -0.00135047 0.00041285 0.00500000
v -0.00133826 0.00042073 0.00500000
v -0.00132574 0.00042809 0.00500000
v -0.00131291 0.00043490 0.00500000
v -0.00129980 0.00044117 0.00500000
v -0.00128644 0.00044686 0.00500000
v -0.00127284 0.00045199 0.00500000
v -0.00125904 0.00045653 0.00500000
v -0.03090260 -0.00495722 0.00500000
v -0.02981420 -0.00498097 0.00500000
v -0.02959740 -0.00495722 0.00500000
v -0.03003190 -0.00499524 0.00500000
v -0.03046810 -0.00499524 0.00500000
v -0.03196010 -0.00469846 0.00500000
v -0.03216340 -0.00461940 0.00500000
v -0.03486940 -0.00191342 0.00500000
v -0.02853990 -0.00469846 0.00500000
v -0.03025000 -0.00500000 0.00500000
v -0.03068580 -0.00498097 0.00500000
v -0.03133220 -0.00488148 0.00500000
v -0.03111820 -0.00492404 0.00500000
v -0.03154410 -0.00482963 0.00500000
v -0.03236310 -0.00453154 0.00500000
v -0.02526900 0.00043578 0.00500000
v -0.02628320 -0.00304381 0.00500000
v -0.02833660 -0.00461940 0.00500000
v -0.03329380 -0.00396677 0.00500000
v -0.03520720 -0.00065263 0.00500000
v -0.02529280 0.00065263 0.00500000
v -0.02525480 0.00021810 0.00500000
v -0.02581490 -0.00230874 0.00500000
v -0.02615420 -0.00286788 0.00500000
v -0.02703610 -0.00383022 0.00500000
v -0.02794130 -0.00443505 0.00500000
v -0.02813690 -0.00453154 0.00500000
v -0.02938180 -0.00492404 0.00500000
v -0.03446700 -0.00268650 0.00500000
v -0.03468510 -0.00230874 0.00500000
v -0.03494850 -0.00171010 0.00500000
v -0.03216340 0.00461940 0.00500000
v -0.02529280 -0.00065263 0.00500000
v -0.02756350 -0.00421696 0.00500000
v -0.03255870 -0.00443505 0.00500000
v -0.02703610 0.00383022 0.00500000
v -0.02525480 -0.00021810 0.00500000
v -0.02532600 -0.00086824 0.00500000
v -0.02555150 -0.00171010 0.00500000
v -0.02571850 -0.00211309 0.00500000
v -0.02563060 -0.00191342 0.00500000
v -0.02687200 -0.00368639 0.00500000
v -0.02738210 -0.00409576 0.00500000
v -0.02895590 -0.00482963 0.00500000
v -0.03478150 -0.00211309 0.00500000
v -0.03523100 -0.00043578 0.00500000
v -0.02615420 0.00286788 0.00500000
v -0.02542040 0.00129410 0.00500000
v -0.02532600 0.00086824 0.00500000
v -0.02542040 -0.00129410 0.00500000
v -0.02641980 -0.00321394 0.00500000
v -0.02671450 -0.00353553 0.00500000
v -0.02720620 -0.00396677 0.00500000
v -0.02775000 -0.00433013 0.00500000
v -0.02874650 -0.00476858 0.00500000
v -0.03524520 -0.00021810 0.00500000
v -0.03517400 0.00086824 0.00500000
v -0.03196010 0.00469846 0.00500000
v -0.03068580 0.00498097 0.00500000
v -0.02938180 0.00492404 0.00500000
v -0.02656360 -0.00337795 0.00500000
v -0.03175350 -0.00476858 0.00500000
v -0.03408020 -0.00321394 0.00500000
v -0.03458010 -0.00250000 0.00500000
v -0.03507960 -0.00129410 0.00500000
v -0.03478150 0.00211309 0.00500000
v -0.03329380 0.00396677 0.00500000
v -0.03090260 0.00495722 0.00500000
v -0.02959740 0.00495722 0.00500000
v -0.02981420 0.00498097 0.00500000
v -0.02874650 0.00476858 0.00500000
v -0.02720620 0.00396677 0.00500000
v -0.02738210 0.00409576 0.00500000
v -0.02603300 -0.00268650 0.00500000
v -0.02916780 -0.00488148 0.00500000
v -0.03293650 -0.00421696 0.00500000
v -0.03311790 -0.00409576 0.00500000
v -0.03346390 -0.00383022 0.00500000
v -0.03517400 -0.00086824 0.00500000
v -0.03501860 0.00150353 0.00500000
v -0.03434580 0.00286788 0.00500000
v -0.03111820 0.00492404 0.00500000
v -0.02895590 0.00482963 0.00500000
v -0.02853990 0.00469846 0.00500000
v -0.02813690 0.00453154 0.00500000
v -0.02536850 0.00108220 0.00500000
v -0.02525000 -0.00000000 0.00500000
v -0.02548140 -0.00150353 0.00500000
v -0.03434580 -0.00286788 0.00500000
v -0.03501860 -0.00150353 0.00500000
v -0.03513150 -0.00108220 0.00500000
v -0.03520720 0.00065263 0.00500000
v -0.03421680 0.00304381 0.00500000
v -0.03393640 0.00337795 0.00500000
v -0.03311790 0.00409576 0.00500000
v -0.03255870 0.00443505 0.00500000
v -0.03154410 0.00482963 0.00500000
v -0.02916780 0.00488148 0.00500000
v -0.02833660 0.00461940 0.00500000
v -0.02794130 0.00443505 0.00500000
v -0.02671450 0.00353553 0.00500000
v -0.02628320 0.00304381 0.00500000
v -0.02581490 0.00230874 0.00500000
v -0.02563060 0.00191342 0.00500000
v -0.02571850 0.00211309 0.00500000
v -0.02555150 0.00171010 0.00500000
v -0.02591990 -0.00250000 0.00500000
v -0.03378550 -0.00353553 0.00500000
v -0.03362800 -0.00368639 0.00500000
v -0.03524520 0.00021810 0.00500000
v -0.03523100 0.00043578 0.00500000
v -0.03346390 0.00383022 0.00500000
v -0.03003190 0.00499524 0.00500000
v -0.02687200 0.00368639 0.00500000
v -0.02656360 0.00337795 0.00500000
v -0.02641980 0.00321394 0.00500000
v -0.02526900 -0.00043578 0.00500000
v -0.02536850 -0.00108220 0.00500000
v -0.03421680 -0.00304381 0.00500000
v -0.03494850 0.00171010 0.00500000
v -0.03468510 0.00230874 0.00500000
v -0.03446700 0.00268650 0.00500000
v -0.03236310 0.00453154 0.00500000
v -0.03175350 0.00476858 0.00500000
v -0.03025000 0.00500000 0.00500000
v -0.02756350 0.00421696 0.00500000
v -0.02603300 0.00268650 0.00500000
v -0.03275000 -0.00433013 0.00500000
v -0.03393640 -0.00337795 0.00500000
v -0.03525000 0.00000000 0.00500000
v -0.02548140 0.00150353 0.00500000
v -0.03513150 0.00108220 0.00500000
v -0.03507960 0.00129410 0.00500000
v -0.03486940 0.00191342 0.00500000
v -0.03458010 0.00250000 0.00500000
v -0.03293650 0.00421696 0.00500000
v -0.03362800 0.00368639 0.00500000
v -0.03378550 0.00353553 0.00500000
v -0.03275000 0.00433013 0.00500000
v -0.03133220 0.00488148 0.00500000
v -0.03046810 0.00499524 0.00500000
v -0.02591990 0.00250000 0.00500000
v -0.03408020 0.00321394 0.00500000
v -0.02775000 0.00433013 0.00500000
v -0.03046810 -0.00499524 0.03000000
v -0.03025000 -0.00500000 0.03000000
v -0.03068580 -0.00498097 0.03000000
v -0.03090260 -0.00495722 0.03000000
v -0.03111820 -0.00492404 0.03000000
v -0.03133220 -0.00488148 0.03000000
v -0.03154410 -0.00482963 0.03000000
v -0.03175350 -0.00476858 0.03000000
v -0.03196010 -0.00469846 0.03000000
v -0.03216340 -0.00461940 0.03000000
v -0.03236310 -0.00453154 0.03000000
v -0.03255870 -0.00443505 0.03000000
v -0.03275000 -0.00433013 0.03000000
v -0.03293650 -0.00421696 0.03000000
v -0.03311790 -0.00409576 0.03000000
v -0.03329380 -0.00396677 0.03000000
v -0.03346390 -0.00383022 0.03000000
v -0.03362800 -0.00368639 0.03000000
v -0.03378550 -0.00353553 0.03000000
v -0.03393640 -0.00337795 0.03000000
v -0.03408020 -0.00321394 0.03000000
v -0.03421680 -0.00304381 0.03000000
v -0.03434580 -0.00286788 0.03000000
v -0.03446700 -0.00268650 0.03000000
v -0.03458010 -0.00250000 0.03000000
v -0.03468510 -0.00230874 0.03000000
v -0.03478150 -0.00211309 0.03000000
v -0.03486940 -0.00191342 0.03000000
v -0.03494850 -0.00171010 0.03000000
v -0.03501860 -0.00150353 0.03000000
v -0.03507960 -0.00129410 0.03000000
v -0.03513150 -0.00108220 0.03000000
v -0.03517400 -0.00086824 0.03000000
v -0.03520720 -0.00065263 0.03000000
v -0.03523100 -0.00043578 0.03000000
v -0.03524520 -0.00021810 0.03000000
v -0.03525000 -0.00000000 0.03000000
v -0.03524520 0.00021810 0.03000000
v -0.03523100 0.00043578 0.03000000
v -0.03520720 0.00065263 0.03000000
v -0.03517400 0.00086824 0.03000000
v -0.03513150 0.00108220 0.03000000
v -0.03507960 0.00129410 0.03000000
v -0.03501860 0.00150353 0.03000000
v -0.03494850 0.00171010 0.03000000
v -0.03486940 0.00191342 0.03000000
v -0.03478150 0.00211309 0.03000000
v -0.03468510 0.00230874 0.03000000
v -0.03458010 0.00250000 0.03000000
v -0.03446700 0.00268650 0.03000000
v -0.03434580 0.00286788 0.03000000
v -0.03421680 0.00304381 0.03000000
v -0.03408020 0.00321394 0.03000000
v -0.03393640 0.00337795 0.03000000
v -0.03378550 0.00353553 0.03000000
v -0.03362800 0.00368639 0.03000000
v -0.03346390 0.00383022 0.03000000
v -0.03329380 0.00396677 0.03000000
v -0.03311790 0.00409576 0.03000000
v -0.03293650 0.00421696 0.03000000
v -0.03275000 0.00433013 0.03000000
v -0.03255870 0.00443505 0.03000000
v -0.03236310 0.00453154 0.03000000
v -0.03216340 0.00461940 0.03000000
v -0.03196010 0.00469846 0.03000000
v -0.03175350 0.00476858 0.03000000
v -0.03154410 0.00482963 0.03000000
v -0.03133220 0.00488148 0.03000000
v -0.03111820 0.00492404 0.03000000
v -0.03090260 0.00495722 0.03000000
v -0.03068580 0.00498097 0.03000000
v -0.03046810 0.00499524 0.03000000
v -0.03025000 0.00500000 0.03000000
v -0.03003190 0.00499524 0.03000000
v -0.02981420 0.00498097 0.03000000
v -0.02959740 0.00495722 0.03000000
v -0.02938180 0.00492404 0.03000000
v -0.02916780 0.00488148 0.03000000
v -0.02895590 0.00482963 0.03000000
v -0.02874650 0.00476858 0.03000000
v -0.02853990 0.00469846 0.03000000
v -0.02833660 0.00461940 0.03000000
v -0.02813690 0.00453154 0.03000000
v -0.02794130 0.00443505 0.03000000
v -0.02775000 0.00433013 0.03000000
v -0.02756350 0.00421696 0.03000000
v -0.02738210 0.00409576 0.03000000
v -0.02720620 0.00396677 0.03000000
v -0.02703610 0.00383022 0.03000000
v -0.02687200 0.00368639 0.03000000
v -0.02671450 0.00353553 0.03000000
v -0.02656360 0.00337795 0.03000000
v -0.02641980 0.00321394 0.03000000
v -0.02628320 0.00304381 0.03000000
v -0.02615420 0.00286788 0.03000000
v -0.02603300 0.00268650 0.03000000
v -0.02591990 0.00250000 0.03000000
v -0.02581490 0.00230874 0.03000000
v -0.02571850 0.00211309 0.03000000
v -0.02563060 0.00191342 0.03000000
v -0.02555150 0.00171010 0.03000000
v -0.02548140 0.00150353 0.03000000
v -0.02542040 0.00129410 0.03000000
v -0.02536850 0.00108220 0.03000000
v -0.02532600 0.00086824 0.03000000
v -0.02529280 0.00065263 0.03000000
v -0.02526900 0.00043578 0.03000000
v -0.02525480 0.00021810 0.03000000
v -0.02525000 -0.00000000 0.03000000
v -0.02525480 -0.00021810 0.03000000
v -0.02526900 -0.00043578 0.03000000
v -0.02529280 -0.00065263 0.03000000
v -0.02532600 -0.00086824 0.03000000
v -0.02536850 -0.00108220 0.03000000
v -0.02542040 -0.00129410 0.03000000
v -0.02548140 -0.00150353 0.03000000
v -0.02555150 -0.00171010 0.03000000
v -0.02563060 -0.00191342 0.03000000
v -0.02571850 -0.00211309 0.03000000
v -0.02581490 -0.00230874 0.03000000
v -0.02591990 -0.00250000 0.03000000
v -0.02603300 -0.00268650 0.03000000
v -0.02615420 -0.00286788 0.03000000
v -0.02628320 -0.00304381 0.03000000
v -0.02641980 -0.00321394 0.03000000
v -0.02656360 -0.00337795 0.03000000
v -0.02671450 -0.00353553 0.03000000
v -0.02687200 -0.00368639 0.03000000
v -0.02703610 -0.00383022 0.03000000
v -0.02720620 -0.00396677 0.03000000
v -0.02738210 -0.00409576 0.03000000
v -0.02756350 -0.00421696 0.03000000
v -0.02775000 -0.00433013 0.03000000
v -0.02794130 -0.00443505 0.03000000
v -0.02813690 -0.00453154 0.03000000
v -0.02833660 -0.00461940 0.03000000
v -0.02853990 -0.00469846 0.03000000
v -0.02874650 -0.00476858 0.03000000
v -0.02895590 -0.00482963 0.03000000
v -0.02916780 -0.00488148 0.03000000
v -0.02938180 -0.00492404 0.03000000
v -0.02959740 -0.00495722 0.03000000
v -0.02981420 -0.00498097 0.03000000
v -0.03003190 -0.00499524 0.03000000
v -0.02383710 -0.01761920 0.03000000
v -0.02307470 -0.01732270 0.03000000
v -0.02861580 -0.01867870 0.03000000
v -0.02780260 -0.01858960 0.03000000
v -0.02232590 -0.01699330 0.03000000
v -0.02159220 -0.01663150 0.03000000
v -0.02087500 -0.01623800 0.03000000
v -0.03510290 0.01811110 0.03000000
v -0.03588820 0.01788220 0.03000000
v -0.03025000 -0.01875000 0.03000000
v -0.02943210 -0.01873220 0.03000000
v -0.02699410 -0.01846510 0.03000000
v -0.02619180 -0.01830560 0.03000000
v -0.02539710 -0.01811110 0.03000000
v -0.02461180 -0.01788220 0.03000000
v -0.01819770 -0.01436330 0.03000000
v -0.01758270 -0.01382400 0.03000000
v -0.02943210 0.01873220 0.03000000
v -0.03025000 0.01875000 0.03000000
v -0.03106790 0.01873220 0.03000000
v -0.03188420 0.01867870 0.03000000
v -0.03269740 0.01858960 0.03000000
v -0.03350590 0.01846510 0.03000000
v -0.03430820 0.01830560 0.03000000
v -0.03666290 0.01761920 0.03000000
v -0.03742530 0.01732270 0.03000000
v -0.03817410 0.01699330 0.03000000
v -0.03890780 0.01663150 0.03000000
v -0.04688150 -0.00865779 0.03000000
v -0.04648800 -0.00937500 0.03000000
v -0.02017560 -0.01581360 0.03000000
v -0.01949540 -0.01535910 0.03000000
v -0.01699170 -0.01325830 0.03000000
v -0.01537460 -0.01141430 0.03000000
v -0.01489090 -0.01075460 0.03000000
v -0.02539710 0.01811110 0.03000000
v -0.02619180 0.01830560 0.03000000
v -0.03962500 0.01623800 0.03000000
v -0.04724330 -0.00792409 0.03000000
v -0.04606360 -0.01007440 0.03000000
v -0.04560910 -0.01075460 0.03000000
v -0.01883570 -0.01487540 0.03000000
v -0.01642600 -0.01266730 0.03000000
v -0.01588670 -0.01205230 0.03000000
v -0.01157130 -0.00163417 0.03000000
v -0.01151780 -0.00081786 0.03000000
v -0.01150000 -0.00000000 0.03000000
v -0.01151780 0.00081786 0.03000000
v -0.01758270 0.01382400 0.03000000
v -0.01819770 0.01436330 0.03000000
v -0.01949540 0.01535910 0.03000000
v -0.02017560 0.01581360 0.03000000
v -0.02383710 0.01761920 0.03000000
v -0.02461180 0.01788220 0.03000000
v -0.02699410 0.01846510 0.03000000
v -0.04813220 -0.00563823 0.03000000
v -0.04786920 -0.00641288 0.03000000
v -0.04757270 -0.00717531 0.03000000
v -0.03817410 -0.01699330 0.03000000
v -0.03742530 -0.01732270 0.03000000
v -0.03666290 -0.01761920 0.03000000
v -0.03588820 -0.01788220 0.03000000
v -0.01361850 -0.00865779 0.03000000
v -0.01325670 -0.00792409 0.03000000
v -0.01263080 -0.00641288 0.03000000
v -0.01236780 -0.00563823 0.03000000
v -0.01213890 -0.00485286 0.03000000
v -0.01157130 0.00163417 0.03000000
v -0.01166040 0.00244737 0.03000000
v -0.01194440 0.00405824 0.03000000
v -0.01213890 0.00485286 0.03000000
v -0.01699170 0.01325830 0.03000000
v -0.01883570 0.01487540 0.03000000
v -0.02780260 0.01858960 0.03000000
v -0.02861580 0.01867870 0.03000000
v -0.04898220 -0.00081786 0.03000000
v -0.04892870 -0.00163417 0.03000000
v -0.04883960 -0.00244737 0.03000000
v -0.04871510 -0.00325590 0.03000000
v -0.04855560 -0.00405824 0.03000000
v -0.04836110 -0.00485286 0.03000000
v -0.03269740 -0.01858960 0.03000000
v -0.03188420 -0.01867870 0.03000000
v -0.03106790 -0.01873220 0.03000000
v -0.01443640 -0.01007440 0.03000000
v -0.01401200 -0.00937500 0.03000000
v -0.01292730 -0.00717531 0.03000000
v -0.01194440 -0.00405824 0.03000000
v -0.01178490 -0.00325590 0.03000000
v -0.01178490 0.00325590 0.03000000
v -0.01489090 0.01075460 0.03000000
v -0.01537460 0.01141430 0.03000000
v -0.01588670 0.01205230 0.03000000
v -0.01642600 0.01266730 0.03000000
v -0.04032440 0.01581360 0.03000000
v -0.03510290 -0.01811110 0.03000000
v -0.03430820 -0.01830560 0.03000000
v -0.03350590 -0.01846510 0.03000000
v -0.01166040 -0.00244737 0.03000000
v -0.01361850 0.00865779 0.03000000
v -0.01401200 0.00937500 0.03000000
v -0.01443640 0.01007440 0.03000000
v -0.02087500 0.01623800 0.03000000
v -0.02159220 0.01663150 0.03000000
v -0.02232590 0.01699330 0.03000000
v -0.02307470 0.01732270 0.03000000
v -0.04512540 0.01141430 0.03000000
v -0.04560910 0.01075460 0.03000000
v -0.04900000 -0.00000000 0.03000000
v -0.04291730 -0.01382400 0.03000000
v -0.04230230 -0.01436330 0.03000000
v -0.04166430 -0.01487540 0.03000000
v -0.04100460 -0.01535910 0.03000000
v -0.04032440 -0.01581360 0.03000000
v -0.03962500 -0.01623800 0.03000000
v -0.01236780 0.00563823 0.03000000
v -0.01263080 0.00641288 0.03000000
v -0.01292730 0.00717531 0.03000000
v -0.01325670 0.00792409 0.03000000
v -0.04100460 0.01535910 0.03000000
v -0.04166430 0.01487540 0.03000000
v -0.04461330 0.01205230 0.03000000
v -0.04606360 0.01007440 0.03000000
v -0.04648800 0.00937500 0.03000000
v -0.04757270 0.00717531 0.03000000
v -0.04786920 0.00641288 0.03000000
v -0.04813220 0.00563823 0.03000000
v -0.04836110 0.00485286 0.03000000
v -0.04871510 0.00325590 0.03000000
v -0.04883960 0.00244737 0.03000000
v -0.04892870 0.00163417 0.03000000
v -0.04898220 0.00081786 0.03000000
v -0.04407400 -0.01266730 0.03000000
v -0.04350830 -0.01325830 0.03000000
v -0.04230230 0.01436330 0.03000000
v -0.04291730 0.01382400 0.03000000
v -0.04350830 0.01325830 0.03000000
v -0.04407400 0.01266730 0.03000000
v -0.04688150 0.00865779 0.03000000
v -0.04724330 0.00792409 0.03000000
v -0.04512540 -0.01141430 0.03000000
v -0.03890780 -0.01663150 0.03000000
v -0.04855560 0.00405824 0.03000000
v -0.04461330 -0.01205230 0.03000000
f 1 2 3
f 4 5 2
f 2 1 4
f 1 6 7
f 7 8 1
f 8 4 1
f 3 9 1
f 10 11 12
f 12 13 10
f 10 14 15
f 16 17 14
f 14 10 16
f 15 18 10
f 13 16 10
f 4 17 16
f 16 5 4
f 19 20 21
f 22 23 24
f 23 22 25
f 9 3 12
f 12 11 9
f 20 19 9
f 12 3 2
f 13 2 5
f 5 16 13
f 2 13 12
f 11 20 9
f 25 26 23
f 24 21 22
f 21 24 19
f 27 28 29
f 30 31 28
f 32 29 33
f 6 18 15
f 15 7 6
f 31 30 18
f 7 15 14
f 14 17 4
f 4 8 14
f 14 8 7
f 6 31 18
f 33 34 32
f 28 27 30
f 29 32 27
f 35 36 37
f 35 38 39
f 35 40 41
f 42 43 44
f 39 36 35
f 37 45 35
f 41 46 35
f 46 47 35
f 44 35 42
f 44 48 35
f 42 49 50
f 51 52 53
f 35 54 55
f 45 56 35
f 47 38 35
f 42 57 49
f 50 58 42
f 42 59 60
f 61 62 63
f 64 65 66
f 67 68 69
f 51 70 52
f 53 71 51
f 72 73 74
f 72 75 76
f 72 77 78
f 35 79 80
f 35 81 82
f 55 83 35
f 83 81 35
f 48 84 35
f 42 85 86
f 42 87 88
f 42 89 90
f 58 91 42
f 42 92 59
f 60 57 42
f 42 93 94
f 61 95 62
f 63 96 61
f 64 97 98
f 64 99 100
f 64 101 102
f 64 103 104
f 66 105 64
f 67 106 68
f 69 107 67
f 51 108 109
f 51 110 111
f 71 110 51
f 112 113 114
f 112 115 116
f 117 118 119
f 120 121 122
f 120 123 124
f 120 125 126
f 74 127 72
f 127 128 72
f 78 75 72
f 76 129 72
f 72 130 131
f 132 133 134
f 35 135 136
f 35 137 138
f 35 139 140
f 35 141 79
f 80 139 35
f 82 141 35
f 35 56 142
f 84 40 35
f 88 85 42
f 86 143 42
f 42 144 145
f 42 146 147
f 42 148 89
f 90 146 42
f 42 149 150
f 42 151 152
f 94 153 42
f 61 154 155
f 96 154 61
f 61 156 157
f 61 158 159
f 64 160 161
f 64 162 163
f 100 97 64
f 98 164 64
f 104 101 64
f 102 99 64
f 64 165 65
f 67 166 167
f 107 166 67
f 67 61 168
f 51 169 170
f 51 171 172
f 109 173 51
f 173 171 51
f 112 174 175
f 112 176 177
f 116 113 112
f 114 178 112
f 179 180 181
f 182 183 184
f 185 186 187
f 188 189 190
f 119 191 117
f 191 192 117
f 120 193 194
f 120 195 196
f 120 197 121
f 122 195 120
f 126 123 120
f 124 197 120
f 198 199 200
f 201 202 203
f 201 204 205
f 201 206 207
f 208 209 210
f 208 211 212
f 208 213 214
f 215 216 217
f 215 218 219
f 215 220 221
f 222 223 224
f 222 225 226
f 72 227 228
f 128 227 72
f 129 229 72
f 72 230 231
f 72 232 233
f 72 234 235
f 72 236 130
f 131 237 72
f 72 238 239
f 134 240 132
f 240 241 132
f 35 242 243
f 136 244 35
f 244 242 35
f 140 137 35
f 138 135 35
f 143 43 42
f 147 144 42
f 145 87 42
f 150 148 42
f 91 245 42
f 153 151 42
f 61 246 247
f 155 246 61
f 61 248 249
f 159 156 61
f 157 248 61
f 61 250 251
f 61 252 253
f 163 160 64
f 161 254 64
f 105 255 64
f 256 67 257
f 67 258 259
f 168 260 67
f 261 262 263
f 51 264 265
f 170 266 51
f 266 264 51
f 172 267 51
f 267 268 51
f 111 108 51
f 175 51 112
f 175 269 51
f 177 270 112
f 270 271 112
f 112 272 273
f 112 274 275
f 178 274 112
f 179 276 180
f 181 277 179
f 179 278 279
f 280 281 282
f 182 283 284
f 182 285 286
f 184 287 182
f 287 285 182
f 187 288 185
f 190 185 188
f 190 186 185
f 188 289 290
f 188 291 292
f 293 294 295
f 117 296 118
f 117 297 298
f 117 299 300
f 117 301 302
f 196 193 120
f 194 303 120
f 198 304 305
f 198 306 199
f 200 304 198
f 198 307 308
f 309 310 311
f 309 312 313
f 201 314 202
f 203 315 201
f 201 316 317
f 207 204 201
f 205 316 201
f 318 319 320
f 208 321 322
f 208 323 324
f 208 325 326
f 212 209 208
f 210 325 208
f 208 327 328
f 208 329 213
f 214 330 208
f 217 331 215
f 331 332 215
f 221 218 215
f 219 216 215
f 215 333 334
f 215 335 336
f 222 337 223
f 224 338 222
f 222 339 340
f 226 341 222
f 341 342 222
f 228 343 72
f 229 73 72
f 72 344 345
f 233 230 72
f 231 344 72
f 72 237 234
f 235 232 72
f 239 236 72
f 346 347 348
f 346 349 350
f 346 351 352
f 346 353 354
f 355 356 357
f 358 359 360
f 358 361 362
f 132 363 364
f 132 365 366
f 132 367 368
f 132 369 370
f 241 369 132
f 371 372 373
f 374 375 376
f 243 377 35
f 42 245 378
f 152 92 42
f 249 95 61
f 61 379 380
f 253 250 61
f 251 379 61
f 254 381 64
f 164 162 64
f 255 382 64
f 257 383 256
f 67 384 385
f 67 386 387
f 67 388 389
f 67 390 391
f 259 392 67
f 392 390 67
f 260 106 67
f 261 393 262
f 263 394 261
f 261 395 396
f 67 397 395
f 67 398 399
f 256 400 401
f 402 403 404
f 405 406 407
f 405 408 409
f 405 410 411
f 51 412 413
f 265 414 51
f 51 268 415
f 51 416 417
f 112 418 419
f 112 420 421
f 112 271 422
f 112 423 176
f 112 424 425
f 273 426 112
f 426 424 112
f 275 427 112
f 428 429 430
f 428 431 432
f 179 433 276
f 179 434 435
f 179 436 278
f 279 434 179
f 179 437 438
f 280 439 440
f 280 441 442
f 282 443 280
f 443 441 280
f 280 444 445
f 182 446 447
f 182 448 449
f 182 450 283
f 284 448 182
f 286 451 182
f 182 452 453
f 185 454 455
f 288 454 185
f 188 456 457
f 188 458 459
f 188 460 461
f 188 462 289
f 290 463 188
f 292 464 188
f 464 462 188
f 293 465 466
f 293 467 294
f 295 468 293
f 192 469 117
f 298 470 117
f 470 471 117
f 302 299 117
f 300 297 117
f 472 473 474
f 472 475 476
f 120 477 478
f 120 479 480
f 120 303 481
f 120 482 483
f 120 484 485
f 198 486 487
f 305 488 198
f 198 489 307
f 308 490 198
f 198 491 492
f 309 493 310
f 311 494 309
f 309 495 496
f 313 497 309
f 497 495 309
f 309 498 499
f 201 500 501
f 201 502 503
f 201 504 505
f 201 506 507
f 201 508 509
f 201 510 511
f 201 512 513
f 315 514 201
f 201 515 516
f 317 515 201
f 517 518 519
f 517 520 521
f 320 522 318
f 522 523 318
f 318 524 525
f 526 527 528
f 529 530 531
f 529 532 533
f 529 534 535
f 536 537 538
f 536 539 540
f 536 541 542
f 208 543 544
f 324 321 208
f 322 545 208
f 326 323 208
f 328 546 208
f 546 211 208
f 330 327 208
f 208 547 548
f 549 550 551
f 549 552 553
f 336 333 215
f 334 554 215
f 340 337 222
f 222 555 556
f 342 555 222
f 557 558 559
f 557 560 561
f 557 562 563
f 557 564 565
f 345 77 72
f 72 566 567
f 568 569 570
f 348 568 346
f 348 571 568
f 346 572 573
f 346 574 575
f 350 576 346
f 576 574 346
f 352 577 346
f 577 349 346
f 346 578 579
f 346 580 581
f 354 582 346
f 582 580 346
f 583 584 585
f 583 586 587
f 355 588 589
f 357 590 355
f 590 591 355
f 355 592 593
f 355 594 595
f 358 596 597
f 358 598 599
f 360 600 358
f 600 601 358
f 362 602 358
f 602 359 358
f 358 603 604
f 132 605 606
f 132 607 608
f 366 363 132
f 364 607 132
f 132 609 610
f 132 611 612
f 132 613 367
f 368 614 132
f 132 615 616
f 132 617 618
f 370 617 132
f 371 619 620
f 371 621 622
f 371 623 624
f 373 625 371
f 625 626 371
f 371 627 628
f 374 629 630
f 376 631 374
f 631 632 374
f 374 633 634
f 374 635 636
f 35 637 638
f 42 639 640
f 380 158 61
f 64 641 642
f 381 643 64
f 382 103 64
f 383 644 256
f 387 384 67
f 385 645 67
f 67 646 647
f 391 388 67
f 389 646 67
f 167 258 67
f 394 648 261
f 395 261 67
f 396 393 261
f 399 649 67
f 649 397 67
f 67 650 651
f 67 652 653
f 67 654 655
f 401 67 256
f 401 654 67
f 404 656 402
f 404 657 656
f 409 406 405
f 407 658 405
f 405 659 410
f 411 660 405
f 405 661 662
f 51 663 412
f 413 664 51
f 414 665 51
f 269 416 51
f 112 666 667
f 421 418 112
f 419 666 112
f 422 420 112
f 425 423 112
f 112 668 669
f 427 670 112
f 428 671 672
f 428 673 674
f 428 675 429
f 430 673 428
f 432 676 428
f 676 675 428
f 428 677 678
f 428 679 680
f 277 681 179
f 179 682 683
f 435 684 179
f 438 685 179
f 685 436 179
f 179 686 687
f 280 688 439
f 440 689 280
f 280 690 691
f 442 692 280
f 280 693 694
f 445 695 280
f 695 696 280
f 182 697 698
f 447 699 182
f 699 700 182
f 449 446 182
f 453 183 182
f 185 701 702
f 188 703 704
f 188 705 706
f 457 707 188
f 707 708 188
f 461 458 188
f 459 709 188
f 466 710 293
f 293 711 467
f 712 713 714
f 712 715 716
f 717 718 719
f 717 720 721
f 117 722 723
f 469 722 117
f 724 725 726
f 472 727 728
f 474 729 472
f 729 730 472
f 472 731 475
f 476 732 472
f 120 733 477
f 478 734 120
f 480 735 120
f 735 733 120
f 485 482 120
f 483 125 120
f 120 736 737
f 487 120 198
f 487 738 120
f 198 739 740
f 198 741 742
f 198 743 744
f 198 488 745
f 198 746 306
f 492 489 198
f 309 494 747
f 496 493 309
f 499 312 309
f 503 500 201
f 501 748 201
f 201 749 750
f 507 504 201
f 505 751 201
f 201 752 753
f 511 508 201
f 509 752 201
f 513 754 201
f 754 755 201
f 201 756 757
f 517 758 759
f 517 760 518
f 519 761 517
f 521 762 517
f 762 760 517
f 318 763 764
f 318 523 765
f 525 319 318
f 318 766 767
f 318 768 769
f 526 770 771
f 526 772 527
f 528 773 526
f 529 774 775
f 529 776 530
f 531 777 529
f 529 778 779
f 529 780 781
f 535 532 529
f 533 780 529
f 536 782 783
f 536 784 785
f 536 786 537
f 538 784 536
f 536 787 788
f 542 539 536
f 540 787 536
f 789 790 791
f 789 792 793
f 789 794 795
f 208 796 797
f 208 545 543
f 544 796 208
f 208 798 799
f 208 800 801
f 208 802 803
f 208 804 805
f 548 806 208
f 806 807 208
f 208 808 809
f 810 811 812
f 810 813 814
f 815 816 817
f 818 819 820
f 818 821 822
f 823 824 825
f 826 827 828
f 829 830 831
f 549 832 833
f 549 834 550
f 551 832 549
f 553 835 549
f 835 834 549
f 549 836 837
f 222 838 839
f 222 840 841
f 338 840 222
f 556 842 222
f 222 843 844
f 845 846 847
f 557 848 849
f 557 850 851
f 559 852 557
f 852 853 557
f 561 854 557
f 854 558 557
f 563 855 557
f 855 560 557
f 565 856 557
f 856 857 557
f 557 858 859
f 567 238 72
f 568 860 861
f 568 862 863
f 570 864 568
f 571 569 568
f 346 865 866
f 573 867 346
f 867 868 346
f 575 572 346
f 579 351 346
f 346 869 870
f 581 869 346
f 346 871 872
f 583 873 874
f 583 875 876
f 583 877 584
f 585 878 583
f 587 879 583
f 879 880 583
f 583 881 882
f 355 883 884
f 355 885 886
f 355 591 588
f 589 887 355
f 593 356 355
f 355 888 594
f 595 889 355
f 597 890 358
f 890 891 358
f 358 601 598
f 599 892 358
f 358 893 894
f 358 895 896
f 358 897 898
f 358 899 900
f 358 901 603
f 604 902 358
f 606 358 132
f 606 903 358
f 608 605 132
f 612 609 132
f 610 365 132
f 132 614 904
f 616 613 132
f 132 905 906
f 618 907 132
f 371 908 619
f 620 909 371
f 371 910 911
f 371 912 913
f 624 621 371
f 622 914 371
f 628 372 371
f 630 915 374
f 915 916 374
f 632 917 374
f 374 918 919
f 374 920 921
f 636 633 374
f 634 920 374
f 374 922 923
f 35 377 637
f 142 54 35
f 378 639 42
f 642 61 64
f 642 252 61
f 64 643 924
f 67 645 257
f 647 386 67
f 651 398 67
f 67 925 652
f 653 650 67
f 256 926 927
f 928 404 929
f 404 928 657
f 402 930 931
f 405 932 933
f 405 934 935
f 658 934 405
f 405 936 937
f 405 938 939
f 405 660 940
f 405 941 659
f 662 942 405
f 942 943 405
f 664 944 51
f 665 663 51
f 51 945 946
f 417 70 51
f 667 174 112
f 112 947 668
f 669 272 112
f 670 947 112
f 948 949 950
f 672 951 428
f 951 952 428
f 674 671 428
f 678 431 428
f 680 953 428
f 953 677 428
f 179 681 954
f 683 433 179
f 684 682 179
f 179 955 437
f 687 956 179
f 956 957 179
f 280 958 959
f 280 689 960
f 691 688 280
f 692 690 280
f 280 961 693
f 694 281 280
f 696 961 280
f 280 962 963
f 280 964 965
f 698 280 182
f 698 966 280
f 451 450 182
f 702 967 185
f 967 968 185
f 455 969 185
f 706 703 188
f 704 189 188
f 188 970 971
f 708 970 188
f 188 972 973
f 709 972 188
f 188 974 291
f 293 975 465
f 468 976 293
f 977 978 979
f 712 980 713
f 714 981 712
f 716 982 712
f 982 980 712
f 717 983 984
f 719 985 717
f 985 986 717
f 717 987 988
f 717 989 720
f 721 987 717
f 117 990 991
f 117 992 993
f 471 994 117
f 724 995 996
f 726 997 724
f 997 998 724
f 724 999 1000
f 724 1001 1002
f 728 1003 472
f 1003 1004 472
f 472 732 473
f 472 1005 731
f 120 1006 736
f 737 484 120
f 198 1007 1008
f 198 1009 1010
f 198 1011 1012
f 742 739 198
f 740 1011 198
f 744 1013 198
f 1013 741 198
f 745 743 198
f 490 746 198
f 198 1014 1015
f 309 1016 1017
f 309 1018 1019
f 747 1020 309
f 1020 1018 309
f 309 1021 1022
f 309 1023 1024
f 1025 1026 1027
f 1028 1029 1030
f 1028 1031 1032
f 750 502 201
f 751 1033 201
f 201 1034 1035
f 514 512 201
f 516 756 201
f 201 1036 1037
f 1038 1039 1040
f 517 1041 1042
f 759 1043 517
f 1043 1041 517
f 517 1044 1045
f 1046 1047 1048
f 1046 1049 1050
f 1049 1051 1052
f 764 1053 318
f 1053 1054 318
f 765 763 318
f 318 1055 766
f 767 524 318
f 318 1056 1057
f 769 1058 318
f 1058 1059 318
f 526 1060 1061
f 526 1062 770
f 771 1063 526
f 773 1064 526
f 529 1065 772
f 775 1066 529
f 1066 1067 529
f 529 1068 776
f 529 1069 778
f 779 1068 529
f 529 1070 1071
f 529 1072 1073
f 781 1074 529
f 536 1075 782
f 783 1076 536
f 785 1075 536
f 536 1077 1078
f 788 1077 536
f 789 1079 1080
f 793 790 789
f 791 1081 789
f 789 1082 1083
f 795 1084 789
f 1084 1082 789
f 208 1085 1086
f 797 1087 208
f 801 798 208
f 799 329 208
f 805 802 208
f 803 800 208
f 809 547 208
f 1088 1089 1090
f 814 811 810
f 812 1091 810
f 815 1092 816
f 817 1093 815
f 818 1094 819
f 820 1095 818
f 818 1096 821
f 822 1097 818
f 818 1098 1099
f 823 1100 1101
f 823 1102 824
f 825 1103 823
f 826 1104 827
f 828 1105 826
f 829 1106 830
f 831 1107 829
f 1108 1109 1110
f 833 1111 549
f 837 552 549
f 549 1112 1113
f 1114 1115 1116
f 1114 1117 1118
f 1119 1120 1121
f 554 220 215
f 839 215 222
f 839 335 215
f 842 339 222
f 222 1122 1123
f 844 1124 222
f 1125 1126 1127
f 847 1125 845
f 847 1128 1125
f 845 1129 1130
f 557 1131 1132
f 851 848 557
f 849 1131 557
f 557 1133 562
f 857 1133 557
f 557 1134 1135
f 557 1136 1137
f 859 1138 557
f 72 1139 858
f 72 343 1140
f 863 860 568
f 861 1141 568
f 864 1142 568
f 346 1143 865
f 866 347 346
f 868 1143 346
f 870 578 346
f 872 1144 346
f 1145 583 1146
f 583 1147 873
f 874 1148 583
f 583 1149 1150
f 583 1151 875
f 876 1149 583
f 878 1152 583
f 583 1153 1154
f 583 1155 1156
f 882 586 583
f 583 1157 1158
f 583 1159 1160
f 355 1161 1162
f 355 1163 883
f 884 1161 355
f 355 887 885
f 886 1163 355
f 355 1164 1165
f 355 1166 1167
f 889 1168 355
f 358 892 596
f 896 893 358
f 894 361 358
f 900 897 358
f 898 895 358
f 358 1169 1170
f 902 1169 358
f 358 1171 1172
f 904 611 132
f 132 1173 905
f 906 615 132
f 907 1173 132
f 132 1174 1175
f 371 1176 908
f 913 910 371
f 911 1176 371
f 914 912 371
f 626 623 371
f 371 1177 1178
f 371 1179 1180
f 371 1181 1182
f 374 917 629
f 919 375 374
f 921 1183 374
f 1183 918 374
f 374 1184 635
f 374 1185 1186
f 923 1187 374
f 1187 1188 374
f 638 1189 35
f 637 1190 638
f 640 149 42
f 1191 165 64
f 1191 35 1189
f 247 168 61
f 644 1192 256
f 257 1193 383
f 655 925 67
f 927 1194 256
f 929 1195 928
f 931 1196 402
f 1196 403 402
f 405 1197 1198
f 405 1199 932
f 933 1197 405
f 935 1199 405
f 405 1200 1201
f 405 1202 1203
f 405 1204 936
f 937 1202 405
f 939 1205 405
f 1205 1206 405
f 940 938 405
f 943 941 405
f 261 648 1207
f 415 945 51
f 112 1208 1209
f 948 1210 949
f 950 1211 948
f 428 952 1212
f 1213 1214 1215
f 954 1216 179
f 179 1217 1218
f 179 1219 1220
f 179 1221 1222
f 957 1221 179
f 960 958 280
f 959 1223 280
f 965 962 280
f 963 444 280
f 182 700 1224
f 182 1225 1226
f 968 1227 185
f 188 1228 1229
f 463 1228 188
f 188 1230 1231
f 710 1232 293
f 465 1233 466
f 976 975 293
f 977 1234 711
f 977 1235 978
f 979 1234 977
f 977 1236 1237
f 977 185 1238
f 712 1239 1240
f 717 1241 983
f 984 1242 717
f 717 1243 1244
f 717 1245 1246
f 717 1247 1248
f 986 1249 717
f 717 1250 1251
f 988 1252 717
f 717 1253 989
f 991 717 117
f 991 1254 717
f 117 1255 1256
f 117 1257 1258
f 723 992 117
f 994 296 117
f 724 1259 995
f 996 1260 724
f 998 1261 724
f 1002 999 724
f 1000 725 724
f 1262 1263 1264
f 1262 1265 1266
f 1004 1267 472
f 472 1268 1269
f 120 734 1270
f 481 479 120
f 738 1006 120
f 1010 1007 198
f 1008 486 198
f 1015 491 198
f 198 1271 1272
f 309 1273 1274
f 1019 1016 309
f 1017 1275 309
f 1022 1276 309
f 1276 498 309
f 1024 1277 309
f 1277 1021 309
f 1278 1279 1280
f 1025 1281 1026
f 1027 1279 1025
f 1030 1025 1028
f 1030 1282 1025
f 1028 1283 1284
f 1032 1285 1028
f 1285 1286 1028
f 201 1287 1288
f 748 1287 201
f 1033 749 201
f 753 1289 201
f 201 755 1034
f 1035 510 201
f 757 314 201
f 201 1290 1291
f 1037 1292 201
f 1292 1290 201
f 1038 1293 1294
f 1038 1295 1039
f 1040 1293 1038
f 1296 1297 1298
f 1042 1299 517
f 1045 520 517
f 1050 1047 1046
f 1052 1300 1049
f 1057 1055 318
f 318 1301 1302
f 318 1303 1304
f 318 1305 1306
f 1059 1307 318
f 526 1308 1309
f 526 1310 1060
f 1061 1311 526
f 1063 1310 526
f 526 1312 1313
f 526 1314 1315
f 772 526 529
f 1067 1316 529
f 777 774 529
f 1071 1069 529
f 529 1317 1072
f 1073 1070 529
f 529 1318 534
f 1319 1320 1321
f 1319 1322 1323
f 1319 1324 1325
f 1326 1327 1328
f 1326 1329 1330
f 1331 1332 1333
f 1334 1335 1336
f 1334 1337 1338
f 1334 1339 1340
f 1334 1341 1342
f 1334 1343 1344
f 1334 1345 1346
f 1347 1348 1349
f 1347 1350 1351
f 1347 1352 1353
f 1347 1354 1355
f 1347 1356 1357
f 1347 1358 1359
f 536 1360 1361
f 536 1362 1363
f 536 1364 1365
f 1078 786 536
f 1366 1367 1368
f 1369 1370 1371
f 789 1372 1079
f 1080 1373 789
f 1081 1372 789
f 1083 1374 789
f 1374 792 789
f 789 1375 794
f 789 1376 1377
f 208 1087 1085
f 1086 1378 208
f 807 804 208
f 208 1379 1380
f 208 1381 1382
f 1088 1383 1384
f 1088 1385 1089
f 1090 1386 1088
f 810 1387 1388
f 810 1389 1390
f 1091 1389 810
f 1093 1391 815
f 815 1392 1393
f 815 1394 1395
f 818 1396 1397
f 818 1097 1094
f 1099 1096 818
f 1398 1399 1400
f 823 1401 1100
f 1101 1402 823
f 1103 1403 823
f 1404 1405 1406
f 1407 1408 1409
f 826 1410 1411
f 826 1412 1104
f 829 1413 1414
f 829 1415 1106
f 829 1416 1417
f 1108 1418 1419
f 1110 1420 1108
f 1420 1421 1108
f 1108 1422 1423
f 1108 1424 1425
f 1426 1427 1428
f 1111 1429 549
f 549 1430 836
f 1113 1431 549
f 1431 1432 549
f 549 1433 1434
f 549 1435 1436
f 1114 1437 1115
f 1116 1438 1114
f 1114 1439 1117
f 1118 1440 1114
f 1119 1441 1120
f 1121 1442 1119
f 1119 1443 1444
f 1443 1445 1446
f 332 1447 215
f 841 838 222
f 222 1448 1122
f 1123 225 222
f 1124 1449 222
f 1127 1450 1125
f 1450 1451 1125
f 1130 1452 845
f 1452 1453 845
f 1454 1455 1456
f 1457 1458 1459
f 1460 1461 1462
f 1463 1464 1465
f 1132 1466 557
f 853 850 557
f 1137 1134 557
f 1135 564 557
f 557 1467 1468
f 557 1469 1470
f 858 557 72
f 1138 1469 557
f 1141 1471 568
f 346 1472 871
f 1146 1473 1145
f 583 1474 1147
f 1150 1475 583
f 1152 1476 583
f 1154 1477 583
f 1477 877 583
f 583 568 1478
f 583 1479 1480
f 1156 1481 583
f 1481 1479 583
f 880 1155 583
f 1158 1482 583
f 1482 881 583
f 1160 1483 583
f 1483 1157 583
f 1145 1484 1485
f 1486 1487 1488
f 1162 1489 355
f 355 1490 1491
f 355 1492 1493
f 1167 1164 355
f 1165 1492 355
f 1168 1166 355
f 355 1494 1495
f 1494 1496 1497
f 1494 1498 1499
f 1170 899 358
f 903 1171 358
f 1175 1500 132
f 1180 1177 371
f 1178 627 371
f 1182 1501 371
f 1501 1179 371
f 371 1502 1503
f 1504 1505 1506
f 1186 1507 374
f 1507 1508 374
f 374 1509 1510
f 1188 1509 374
f 1511 1512 1513
f 1189 1514 1191
f 924 641 64
f 256 1515 1516
f 256 1517 926
f 1198 402 405
f 1198 930 402
f 1203 1200 405
f 1201 408 405
f 405 1518 1204
f 1206 1518 405
f 1207 405 261
f 1207 661 405
f 946 169 51
f 1209 1519 112
f 948 1211 1520
f 948 1521 1210
f 948 1522 1523
f 428 1524 1522
f 428 1525 1526
f 1212 1527 428
f 1527 1528 428
f 428 1529 1530
f 1213 1531 1214
f 1220 1217 179
f 1218 955 179
f 1222 1219 179
f 948 1532 686
f 179 1213 1533
f 280 1534 1535
f 280 1536 1537
f 966 1538 280
f 182 1539 1540
f 182 1541 1542
f 182 1543 1544
f 1226 1545 182
f 1545 452 182
f 182 1533 1546
f 969 701 185
f 973 456 188
f 1229 460 188
f 1231 1547 188
f 711 293 977
f 977 1548 1549
f 1237 1550 977
f 1550 1548 977
f 977 1551 1552
f 1238 1553 977
f 977 1554 1555
f 712 1556 1557
f 981 1556 712
f 1240 1558 712
f 1558 715 712
f 712 1559 1560
f 712 1561 1562
f 717 1563 1564
f 1242 1565 717
f 717 1566 1243
f 1244 1241 717
f 1248 1245 717
f 1246 1567 717
f 1249 1247 717
f 717 1568 1569
f 717 1570 1250
f 1251 1571 717
f 1252 1570 717
f 1254 1253 717
f 1258 1255 117
f 1256 990 117
f 724 1261 1259
f 1262 1572 1263
f 1264 1573 1262
f 1266 1574 1262
f 1574 1575 1262
f 1576 1577 1578
f 1576 1579 1580
f 472 1581 1582
f 1267 1583 472
f 472 1584 1268
f 1269 1585 472
f 472 1586 1587
f 730 1586 472
f 1588 1589 1590
f 1270 1591 120
f 1591 1592 120
f 1012 1009 198
f 1272 1593 198
f 1594 120 1595
f 309 1275 1273
f 1274 1596 309
f 309 1597 1598
f 309 1599 1600
f 1601 1280 1602
f 1280 1603 1278
f 1280 1601 1603
f 1279 1278 1025
f 1282 1281 1025
f 1028 1604 1283
f 1284 1029 1028
f 1028 1605 1031
f 1606 1607 1608
f 1288 1609 201
f 1289 506 201
f 1291 206 201
f 1294 1610 1038
f 1038 1611 1612
f 1038 1613 1614
f 1298 1615 1296
f 1615 1616 1296
f 517 1617 1297
f 517 1618 1619
f 517 1620 1621
f 517 1622 1623
f 1299 1622 517
f 761 758 517
f 1046 1624 1625
f 1046 1626 1627
f 1046 1628 1629
f 1046 1630 1631
f 1046 1632 1633
f 1046 1634 1635
f 1048 1636 1046
f 1049 1637 1051
f 1638 1639 1640
f 1304 1301 318
f 1302 1056 318
f 1306 1641 318
f 1641 1303 318
f 1307 1305 318
f 318 1642 1643
f 1642 1644 1645
f 526 1646 1647
f 1309 1648 526
f 1648 1646 526
f 1315 1312 526
f 1313 1062 526
f 526 1649 1650
f 1316 1065 529
f 529 1651 1317
f 1074 1651 529
f 1319 1652 1653
f 1323 1320 1319
f 1321 1654 1319
f 1325 1655 1319
f 1656 1657 1658
f 1326 1659 1660
f 1330 1327 1326
f 1328 1659 1326
f 1326 1661 1662
f 1663 1664 1665
f 1663 1666 1667
f 1668 1333 1669
f 1333 1670 1331
f 1333 1668 1670
f 1671 1672 1332
f 1673 1674 1675
f 1673 1676 1677
f 1334 1678 1679
f 1334 1680 1335
f 1336 1678 1334
f 1334 1681 1682
f 1338 1683 1334
f 1683 1681 1334
f 1334 1684 1339
f 1340 1337 1334
f 1344 1341 1334
f 1342 1684 1334
f 1334 1685 1345
f 1346 1686 1334
f 1347 1687 1688
f 1351 1348 1347
f 1349 1687 1347
f 1347 1689 1352
f 1353 1350 1347
f 1357 1354 1347
f 1355 1690 1347
f 1347 1691 1692
f 1347 1693 1694
f 1347 1695 1696
f 1359 1697 1347
f 1697 1695 1347
f 536 1698 1699
f 1363 1360 536
f 1361 1698 536
f 536 1076 1364
f 1365 1362 536
f 536 1700 1701
f 1368 536 1366
f 1368 1702 536
f 1366 1703 1704
f 1705 1371 1706
f 1371 1707 1369
f 1371 1705 1707
f 1708 1709 1370
f 789 1373 1710
f 1377 1711 789
f 1711 1712 789
f 789 1713 1714
f 789 1715 1716
f 208 1717 1718
f 1380 1719 208
f 1719 808 208
f 1382 1720 208
f 1720 1379 208
f 1384 1721 1088
f 1721 1722 1088
f 1386 1383 1088
f 1388 1088 810
f 1388 1385 1088
f 810 1723 1724
f 810 1725 1726
f 1727 1728 1729
f 815 1730 1731
f 815 1732 1733
f 815 1734 1092
f 1395 1392 815
f 1393 1734 815
f 815 1735 1736
f 815 1737 1738
f 815 1739 1740
f 1397 1741 818
f 1741 1742 818
f 818 1743 1744
f 818 1095 1745
f 818 1746 1747
f 818 1748 1749
f 818 1750 1751
f 818 1752 1753
f 818 1754 1755
f 1400 818 1398
f 1400 1756 818
f 1398 1757 1758
f 823 1759 1760
f 823 1402 1761
f 823 1403 1401
f 823 1762 1102
f 823 1763 1764
f 823 1765 1766
f 1404 1767 1768
f 1404 1769 1770
f 1406 1771 1404
f 1771 1769 1404
f 1772 1773 1774
f 1409 1775 1407
f 1775 1776 1407
f 1407 1777 1778
f 1407 1779 1780
f 826 1781 1410
f 1411 1782 826
f 826 1783 1784
f 826 1785 1786
f 826 1787 1788
f 826 1789 1790
f 1105 1791 826
f 1414 826 829
f 1414 1792 826
f 1417 1415 829
f 1419 1793 1108
f 1793 1794 1108
f 1423 1109 1108
f 1108 1795 1424
f 1425 1422 1108
f 1426 1796 1797
f 1426 1798 1427
f 1428 1796 1426
f 549 1429 1799
f 1432 1430 549
f 1436 1433 549
f 1434 1112 549
f 1800 1801 1802
f 1114 1438 1803
f 1114 1804 1437
f 1114 1805 1806
f 1440 1805 1114
f 1114 1807 1808
f 1809 1810 1811
f 1119 1812 1813
f 1119 1814 1815
f 1119 1816 1817
f 1119 1818 1819
f 1119 1820 1821
f 1442 1822 1119
f 1119 1823 1824
f 1119 1825 1826
f 1119 1827 1828
f 1446 1444 1443
f 215 1829 1830
f 215 1831 1832
f 1449 1448 222
f 1833 1834 1835
f 1125 1836 1837
f 1451 1836 1125
f 1125 1838 1839
f 1128 1840 1125
f 845 1841 1842
f 1453 1843 845
f 845 1844 1845
f 1846 1847 1848
f 1846 1849 1850
f 1846 1851 1852
f 1853 1854 1855
f 1853 1856 1857
f 1456 1858 1454
f 1858 1859 1454
f 1454 1860 1861
f 1459 1454 1457
f 1459 1862 1454
f 1457 1863 1864
f 1457 1865 1866
f 1457 1867 1868
f 1869 1462 1870
f 1462 1871 1460
f 1462 1869 1871
f 1872 1873 1461
f 1463 1874 1875
f 1463 1876 1877
f 1463 1878 1879
f 1463 1880 1881
f 1465 1882 1463
f 1882 1883 1463
f 557 1884 1885
f 1470 1467 557
f 1468 1136 557
f 1140 1139 72
f 1142 862 568
f 346 1886 1887
f 1144 1888 346
f 1473 1889 1145
f 1148 1890 583
f 1475 1474 583
f 1476 1151 583
f 1478 1153 583
f 1480 1494 583
f 1480 1891 1494
f 1485 583 1145
f 1485 1159 583
f 1145 1892 1893
f 1486 1894 1487
f 1493 1490 355
f 1491 592 355
f 1497 1495 1494
f 1494 1895 1498
f 1499 1896 1494
f 1172 901 358
f 1500 1897 132
f 1898 358 1899
f 371 909 1900
f 1503 1901 371
f 1504 1902 1505
f 1508 1184 374
f 1510 1185 374
f 1513 374 1511
f 374 1504 93
f 64 35 1191
f 1516 400 256
f 1194 1903 256
f 1519 1904 112
f 1905 51 1906
f 1520 1532 948
f 1522 948 428
f 1523 1521 948
f 428 1528 1525
f 1526 1524 428
f 1530 1907 428
f 1215 1908 1213
f 1213 179 1216
f 686 179 948
f 1213 1909 1533
f 280 1223 1534
f 1538 1536 280
f 182 1910 1911
f 1542 1539 182
f 1540 1910 182
f 1224 1543 182
f 1546 1225 182
f 188 1912 1230
f 1549 1235 977
f 977 1913 1551
f 1552 1236 977
f 1553 1914 977
f 977 1915 1554
f 1555 1916 977
f 977 1917 1918
f 977 1919 1920
f 977 1921 1922
f 977 1923 1924
f 293 1925 1923
f 293 1926 1927
f 1557 1928 712
f 1560 1239 712
f 712 1929 1930
f 712 1931 1932
f 712 1933 1934
f 712 1935 1936
f 1562 1937 712
f 1937 1938 712
f 717 1565 1563
f 1564 1939 717
f 717 1567 1940
f 717 1941 1568
f 1569 718 717
f 1571 1941 717
f 993 1257 117
f 724 1942 1943
f 724 1944 1945
f 724 1946 1947
f 724 1948 1949
f 724 1260 1950
f 724 1951 1952
f 1573 1953 1262
f 1262 1954 1955
f 1575 1954 1262
f 1262 1956 1957
f 1262 1958 1959
f 1576 1960 1577
f 1578 1961 1576
f 1576 1962 1963
f 1580 1964 1576
f 1964 1965 1576
f 1576 1966 1967
f 1576 1968 1969
f 1576 1970 1971
f 472 1972 1581
f 1582 1973 472
f 1585 1974 472
f 1588 1975 1976
f 1588 1977 1589
f 1590 1978 1588
f 1979 1980 1981
f 1979 1982 1983
f 1979 1984 1985
f 1986 1987 1988
f 1986 1989 1990
f 1989 1991 1992
f 120 1592 1993
f 1593 1994 198
f 1595 1995 1594
f 309 1596 1996
f 1598 1023 309
f 1600 1997 309
f 1602 1998 1601
f 1028 1999 1604
f 1286 1999 1028
f 1028 2000 2001
f 1028 2002 2003
f 1028 2004 2005
f 1606 2006 1607
f 1038 2007 2008
f 1612 1295 1038
f 1038 2009 1613
f 1614 1611 1038
f 1038 2010 2011
f 1296 2012 2013
f 1296 1616 2014
f 1297 1296 517
f 517 2015 2016
f 1621 1618 517
f 1619 2015 517
f 517 2017 2018
f 517 2019 2020
f 1623 2021 517
f 2021 2019 517
f 1049 1046 2022
f 1046 2023 1624
f 1625 2024 1046
f 1629 1626 1046
f 1627 2023 1046
f 1046 2025 2026
f 1046 2027 2028
f 1046 2029 2030
f 1046 2031 2032
f 1633 1630 1046
f 1631 2033 1046
f 1636 1634 1046
f 1049 2034 2035
f 1300 2036 1049
f 1638 2037 1639
f 318 2038 2039
f 1645 1643 1642
f 1642 2040 2041
f 1642 2042 2043
f 526 2044 2045
f 1647 2046 526
f 2046 2047 526
f 526 2048 1308
f 526 2049 2050
f 1064 1649 526
f 529 2051 2052
f 1319 2053 2054
f 1653 2055 1319
f 2055 2053 1319
f 1319 1654 2056
f 1319 2057 1322
f 1319 2058 1324
f 1658 2059 1656
f 2059 2060 1656
f 1326 2061 2062
f 1660 2061 1326
f 1662 2063 1326
f 2063 1329 1326
f 1326 2064 2065
f 1326 2066 2067
f 1326 2068 2069
f 1326 2070 2071
f 1326 2072 2073
f 1326 2074 2075
f 1326 2076 2077
f 1663 2078 2079
f 1663 2080 2081
f 1663 2082 2083
f 1663 2084 2085
f 1663 2086 1664
f 1665 2084 1663
f 1663 2087 2088
f 1663 2089 2090
f 1667 2091 1663
f 2091 2089 1663
f 1669 2092 1668
f 1671 2093 1672
f 1332 1331 1671
f 1673 2094 1674
f 1675 2095 1673
f 1677 2096 1673
f 2096 2094 1673
f 1679 2097 1334
f 1334 2098 2099
f 1682 2100 1334
f 1686 1343 1334
f 1334 2101 2102
f 1334 2103 2104
f 1347 2105 2106
f 1347 2107 2108
f 1347 2109 2110
f 1688 2111 1347
f 1347 1690 1689
f 1692 1356 1347
f 1694 2112 1347
f 2112 1691 1347
f 1696 1693 1347
f 536 2113 1700
f 1701 541 536
f 1702 2113 536
f 1704 2114 1366
f 1706 2115 1705
f 1708 2116 1709
f 1370 1369 1708
f 1710 1708 789
f 1710 2117 1708
f 1712 1375 789
f 1716 1713 789
f 1714 1376 789
f 536 2118 1715
f 208 2119 2120
f 1718 2121 208
f 2121 2119 208
f 208 1378 2122
f 2123 2124 2125
f 2123 2126 2127
f 2123 2128 2129
f 1088 2130 2131
f 1722 2130 1088
f 1390 1723 810
f 810 2132 2133
f 810 2134 2135
f 1726 2136 810
f 1727 2137 2138
f 1727 2139 2140
f 1727 2141 2142
f 1729 2143 1727
f 2143 2141 1727
f 815 2144 1730
f 1731 2145 815
f 815 2146 2147
f 815 1391 1732
f 1733 2146 815
f 1738 1735 815
f 1736 1394 815
f 1740 2148 815
f 2148 2149 815
f 815 2150 2151
f 2150 2152 2153
f 1744 1396 818
f 1749 1746 818
f 1747 2154 818
f 1751 2155 818
f 2155 1748 818
f 1755 1752 818
f 1753 1750 818
f 1398 2156 2157
f 1758 2158 1398
f 2158 2159 1398
f 1398 2160 2161
f 2162 2163 2164
f 2162 2165 2166
f 2167 2168 2169
f 1761 1759 823
f 1760 2170 823
f 1766 1763 823
f 1764 2171 823
f 823 2172 2173
f 1404 2174 1767
f 1768 2175 1404
f 1770 2174 1404
f 1404 2176 2177
f 1772 2178 1773
f 1774 2179 1772
f 1772 2180 2181
f 1772 2182 2183
f 1776 2184 1407
f 1780 1777 1407
f 1778 1408 1407
f 1407 2185 2186
f 1407 2187 2188
f 1784 1781 826
f 1788 1785 826
f 1786 2189 826
f 826 2190 2191
f 826 2192 1789
f 1790 2193 826
f 826 2194 2195
f 826 2196 2197
f 1792 1412 826
f 829 2198 2199
f 829 2200 2201
f 829 2202 2203
f 829 2204 2205
f 829 2206 1416
f 1108 2207 1418
f 1108 1421 2208
f 2209 2210 2211
f 2212 2213 2214
f 2212 2215 2216
f 1797 2217 1426
f 2217 2218 1426
f 1426 2219 1798
f 2220 2221 2222
f 549 2223 2224
f 1800 2225 2226
f 1800 2227 1801
f 1802 2228 1800
f 1803 2229 1114
f 1806 1804 1114
f 1114 2230 2231
f 1808 2232 1114
f 2232 2230 1114
f 1809 2233 1810
f 1811 2234 1809
f 1809 2235 2236
f 2237 2238 2239
f 1813 2240 1119
f 2240 2241 1119
f 1815 2242 1119
f 2242 1812 1119
f 1819 1816 1119
f 1817 2243 1119
f 1119 2244 1820
f 1821 1818 1119
f 1822 2244 1119
f 1826 1823 1119
f 1824 1441 1119
f 1444 1827 1119
f 215 2245 2246
f 215 2247 2248
f 1832 1829 215
f 1830 2249 215
f 215 2250 2251
f 215 1447 2252
f 1835 2253 1833
f 2253 2254 1833
f 1837 2255 1125
f 1125 2256 2257
f 1840 1838 1125
f 845 2258 2259
f 845 2260 1841
f 1842 2261 845
f 845 2262 2263
f 1843 2264 845
f 845 2265 1844
f 1845 2266 845
f 1848 2267 1846
f 2267 2268 1846
f 1846 2269 1849
f 1850 2270 1846
f 1852 2271 1846
f 2271 2269 1846
f 1853 2272 2273
f 1853 2274 2275
f 1857 1854 1853
f 1855 2276 1853
f 1853 2277 2278
f 2277 2279 2280
f 1454 2281 1455
f 1454 2282 2283
f 1454 2284 1860
f 1861 2285 1454
f 1457 2286 2287
f 1864 2288 1457
f 2288 2289 1457
f 1457 2290 1865
f 1866 1863 1457
f 1868 2291 1457
f 2291 2292 1457
f 1870 2293 1869
f 1872 2294 1873
f 1461 1460 1872
f 1875 1872 1463
f 1875 2295 1872
f 1463 2296 1876
f 1877 1874 1463
f 1463 2297 1878
f 1879 2296 1463
f 1463 2298 2299
f 1881 2300 1463
f 2300 2298 1463
f 1463 2301 2302
f 1883 2301 1463
f 1463 2303 2304
f 1463 2305 2306
f 557 1466 1884
f 1888 1886 346
f 583 1890 1146
f 1893 2307 1145
f 1488 2308 1486
f 1486 355 1489
f 1495 888 355
f 1494 2309 2310
f 1494 1891 1895
f 1897 133 132
f 1899 2311 1898
f 371 2312 1181
f 371 2313 1502
f 1506 2314 1504
f 1504 374 916
f 1513 922 374
f 1504 2315 93
f 1903 1515 256
f 405 402 1208
f 51 944 2316
f 1904 115 112
f 1906 2317 1905
f 428 2318 1529
f 1216 1531 1213
f 1213 2319 1909
f 1535 2320 280
f 1534 2321 1535
f 1537 964 280
f 1911 697 182
f 971 705 188
f 1547 2322 188
f 1914 1913 977
f 977 1916 2323
f 1918 1915 977
f 1922 1919 977
f 1920 1917 977
f 1923 977 293
f 1924 1921 977
f 1927 2324 293
f 2325 2326 2327
f 712 2328 1929
f 1930 1559 712
f 1934 1931 712
f 1932 2328 712
f 712 2329 1935
f 1936 1933 712
f 1938 2329 712
f 712 2330 2331
f 2330 2332 2333
f 2330 2334 2335
f 117 2336 2337
f 1943 2338 724
f 2338 2339 724
f 724 2340 1944
f 1945 1942 724
f 1949 1946 724
f 1947 2340 724
f 724 2341 2342
f 1952 2343 724
f 1955 1572 1262
f 1957 1265 1262
f 1262 2344 1958
f 1959 1956 1262
f 1262 2345 2346
f 1262 2347 2348
f 1262 2349 2350
f 1262 2351 2352
f 1963 1960 1576
f 1965 2353 1576
f 1969 1966 1576
f 1967 2354 1576
f 1576 2355 2356
f 1576 2357 2358
f 1971 2359 1576
f 2359 2357 1576
f 472 2360 1970
f 472 1973 2361
f 1583 1972 472
f 472 1974 2362
f 1587 1584 472
f 1588 2363 2364
f 1588 2365 1975
f 1976 2363 1588
f 1588 2366 2367
f 1588 2368 1977
f 1979 2369 2370
f 1979 2371 2372
f 1979 2373 1980
f 1981 2371 1979
f 1979 2374 1982
f 1983 2373 1979
f 1985 2375 1979
f 1984 2376 2377
f 1986 2378 2379
f 1986 2380 2381
f 1986 2382 2383
f 1986 2384 1987
f 1988 2382 1986
f 1986 2385 2386
f 1986 2387 2388
f 1992 1990 1989
f 1994 1014 198
f 1594 2389 309
f 1995 2390 1594
f 1996 1606 309
f 1996 2006 1606
f 309 2389 1599
f 1028 2391 2392
f 1028 2393 2394
f 2003 2000 1028
f 2001 2395 1028
f 2005 2396 1028
f 2396 2002 1028
f 1608 1028 1606
f 1028 1025 2010
f 201 2397 2398
f 2008 201 1038
f 2008 1036 201
f 1610 2007 1038
f 2011 2009 1038
f 2013 2399 1296
f 2399 2400 1296
f 2016 1617 517
f 2020 2017 517
f 2018 1620 517
f 517 2401 2402
f 2022 2403 1049
f 1046 2404 2405
f 1046 2406 2025
f 2026 2404 1046
f 1046 2407 2027
f 2028 2406 1046
f 2032 2029 1046
f 2030 2407 1046
f 1642 2408 2409
f 1046 2410 2408
f 1046 2411 2412
f 2033 2411 1046
f 2035 1050 1049
f 2036 2413 1049
f 1640 2414 1638
f 1638 318 1054
f 1643 2038 318
f 1642 2415 2416
f 2043 2040 1642
f 2041 2417 1642
f 526 2047 2044
f 2045 2418 526
f 2050 2419 526
f 2419 2048 526
f 526 1311 2420
f 1650 1314 526
f 2052 2421 529
f 1319 2422 2423
f 1319 2424 2425
f 2054 2424 1319
f 1319 2426 2427
f 2056 2428 1319
f 1655 2429 1319
f 1656 2430 2431
f 1656 2432 2433
f 1656 2434 2435
f 1656 2436 2437
f 2060 2436 1656
f 2438 2439 2440
f 2062 2441 1326
f 2065 1661 1326
f 2069 2066 1326
f 2067 2442 1326
f 2073 2070 1326
f 2071 2068 1326
f 2077 2074 1326
f 2075 2072 1326
f 2079 1326 1663
f 2079 2443 1326
f 2081 2444 1663
f 2444 2445 1663
f 2085 2082 1663
f 2083 2080 1663
f 2088 2086 1663
f 2090 2446 1663
f 1663 2447 2448
f 1663 2449 2450
f 1663 2451 2452
f 2453 2454 2455
f 2453 2456 2457
f 2453 2458 2459
f 2453 2460 2461
f 1673 2462 2093
f 1673 2095 2463
f 1673 2464 2465
f 1673 2466 2467
f 2466 2468 2469
f 2099 1680 1334
f 2100 2098 1334
f 2104 2101 1334
f 2102 1685 1334
f 2106 1334 1347
f 2106 2470 1334
f 2110 2107 1347
f 2108 2105 1347
f 1347 2471 2472
f 1366 2473 1703
f 2117 2116 1708
f 1715 789 536
f 789 1708 2128
f 2120 2474 208
f 2474 2475 208
f 2122 1717 208
f 2125 208 2123
f 2125 1381 208
f 2127 2476 2123
f 2476 2477 2123
f 2129 2478 2123
f 2131 2479 1088
f 1724 1387 810
f 810 2480 2481
f 810 2482 2132
f 2133 2483 810
f 810 2484 2134
f 2135 2482 810
f 810 2485 2486
f 810 2487 2488
f 810 2489 1725
f 2140 2137 1727
f 2138 2490 1727
f 1727 2491 2492
f 1727 2493 2494
f 2142 2493 1727
f 2495 2496 2497
f 2495 2498 2499
f 2500 2501 2502
f 2145 2503 815
f 2147 2504 815
f 2149 1737 815
f 2153 2151 2150
f 1745 1743 818
f 2154 1098 818
f 1756 2505 818
f 1398 2506 2156
f 2157 1399 1398
f 2159 2506 1398
f 1398 2507 2508
f 1398 2509 2510
f 1398 2511 2512
f 1398 2513 2514
f 2161 2515 1398
f 2516 2517 2518
f 2516 2519 2520
f 2516 2521 2522
f 2516 2523 2524
f 2162 2525 2526
f 2162 2527 2163
f 2164 2528 2162
f 2166 2529 2162
f 2167 2530 2531
f 2169 2532 2167
f 2532 2533 2167
f 2171 1762 823
f 2173 2534 823
f 2534 2535 823
f 2536 2537 2538
f 2539 2540 2541
f 2542 2543 2544
f 1404 2545 2546
f 1404 2175 2547
f 2177 2548 1404
f 2548 1405 1404
f 1404 2549 2550
f 1404 2551 2552
f 1772 2553 2554
f 1772 2555 2556
f 1772 2179 2557
f 2181 2178 1772
f 1772 2558 2182
f 2183 2180 1772
f 1772 2559 2560
f 2561 2562 2563
f 2561 2564 2565
f 2561 2566 2567
f 2561 2568 2569
f 2561 2570 2571
f 2561 2572 2573
f 2184 2574 1407
f 2186 1779 1407
f 2188 2575 1407
f 2575 2185 1407
f 1407 2576 2577
f 1407 2578 2579
f 826 2189 1783
f 2191 1787 826
f 826 2193 2580
f 2195 2192 826
f 2197 2581 826
f 2581 2582 826
f 826 2583 2584
f 1791 2583 826
f 829 2585 2198
f 2199 1413 829
f 2203 2200 829
f 2201 2585 829
f 829 2586 2204
f 2205 2587 829
f 1107 2586 829
f 829 2588 2589
f 1108 2590 2207
f 2208 2590 1108
f 1108 2591 2592
f 2593 2594 2595
f 2209 2596 2597
f 2211 2598 2209
f 2212 2599 2600
f 2216 2213 2212
f 2214 2601 2212
f 2212 2602 2603
f 1426 2604 2605
f 1426 2606 2607
f 2220 2608 2221
f 2222 2609 2220
f 2610 2611 2612
f 549 2613 2614
f 1799 2613 549
f 2224 2615 549
f 2616 2617 2618
f 2226 2619 1800
f 2619 2620 1800
f 2228 2621 1800
f 2622 2623 2624
f 2622 2625 2626
f 2622 2627 2628
f 1114 2629 2630
f 2231 1439 1114
f 1443 2631 2632
f 1443 2633 2634
f 1809 2635 2636
f 2236 2233 1809
f 2239 1809 2237
f 2239 2637 1809
f 2638 2639 2640
f 1119 2241 2641
f 2243 1814 1119
f 1828 1825 1119
f 215 2642 2245
f 2246 2643 215
f 215 2644 2645
f 215 2646 2647
f 215 2648 2649
f 215 2650 2651
f 215 2652 2247
f 2248 2653 215
f 2249 2652 215
f 215 2654 2250
f 2251 1831 215
f 1833 2655 2656
f 2254 2657 1833
f 1125 2658 2659
f 1125 2660 2661
f 1839 2256 1125
f 845 2662 2258
f 2259 2663 845
f 2261 2662 845
f 2263 2664 845
f 2664 2665 845
f 2264 2262 845
f 845 2666 2265
f 845 2667 2668
f 2669 2670 2671
f 1846 2672 2673
f 1846 2674 2675
f 1846 2270 1847
f 1846 2676 2677
f 1846 2678 2679
f 1853 2680 2681
f 1853 2682 2272
f 2273 2680 1853
f 1853 2683 2274
f 2275 2684 1853
f 1853 2685 2686
f 1853 2687 2688
f 2280 2278 2277
f 1454 1859 2689
f 1454 2690 2281
f 2283 2691 1454
f 2691 2692 1454
f 1454 2693 2284
f 1862 2694 1454
f 2287 2695 1457
f 2695 2696 1457
f 1457 2697 2698
f 2292 2290 1457
f 1457 2699 2700
f 2295 2294 1872
f 2299 2297 1463
f 1463 2701 2702
f 2302 2701 1463
f 2306 2303 1463
f 2304 1464 1463
f 2703 2704 2305
f 1463 1872 566
f 1885 2705 557
f 1884 2706 1885
f 2707 1472 346
f 2707 557 2705
f 568 1471 2708
f 1887 353 346
f 1889 2709 1145
f 1146 2710 1473
f 1145 2711 2712
f 1145 2713 1892
f 1489 1894 1486
f 2310 2714 1494
f 2714 1496 1494
f 1896 2309 1494
f 358 891 2715
f 1898 2313 371
f 2311 2716 1898
f 1511 371 2717
f 1900 2717 371
f 1901 2718 371
f 916 1902 1504
f 1504 2719 2315
f 402 2720 1208
f 1905 2318 428
f 2317 2721 1905
f 1907 2722 428
f 1213 2723 2319
f 1544 1541 182
f 2724 1912 188
f 2724 280 2320
f 2322 974 188
f 977 2725 2726
f 293 2727 1926
f 2325 2728 2326
f 2333 2331 2330
f 2330 2729 2334
f 2335 2730 2330
f 1940 1566 717
f 2337 2731 117
f 2339 2732 724
f 1950 2341 724
f 724 2733 1951
f 1 29 28
f 2346 2344 1262
f 1262 2734 2735
f 1262 2736 2737
f 2348 2738 1262
f 2738 2736 1262
f 2352 2349 1262
f 2350 2347 1262
f 2739 2740 2741
f 1576 1961 2742
f 1576 2743 1962
f 2353 2743 1576
f 1576 2744 2745
f 2354 2744 1576
f 1576 2746 2747
f 1576 2748 2749
f 2358 2355 1576
f 2356 2748 1576
f 1970 1576 472
f 1588 2750 2751
f 1588 2752 2753
f 1588 2754 2755
f 2364 2754 1588
f 1588 2756 2757
f 1588 1978 2366
f 2367 2758 1588
f 1588 2759 2368
f 1979 2760 2761
f 2370 2762 1979
f 2762 2763 1979
f 2372 2369 1979
f 2375 2374 1979
f 2377 2764 1984
f 2379 2765 1986
f 2765 2766 1986
f 1986 2767 2768
f 1986 2769 2380
f 2381 2770 1986
f 2383 2769 1986
f 1986 2771 2772
f 1986 2773 2774
f 2388 2385 1986
f 2386 2775 1986
f 1990 2776 1986
f 2390 2777 1594
f 1997 2778 309
f 2394 2391 1028
f 2392 1605 1028
f 2395 2393 1028
f 1608 2004 1028
f 1025 2779 2010
f 201 1609 2397
f 1296 2780 2781
f 2400 2780 1296
f 2402 2782 517
f 2403 2783 1049
f 2024 2784 1046
f 2405 1628 1046
f 1046 1296 2785
f 1642 2786 2787
f 2408 1642 1046
f 2409 2786 1642
f 2412 2410 1046
f 2413 2034 1049
f 1054 2037 1638
f 2039 768 318
f 2416 2788 1642
f 2788 1644 1642
f 2420 2049 526
f 2421 2789 529
f 2423 2790 1319
f 2790 2791 1319
f 1319 2792 2793
f 1319 2428 2426
f 2427 1652 1319
f 2429 2057 1319
f 1656 2794 2430
f 2431 2795 1656
f 1656 2796 2797
f 2435 2432 1656
f 2433 2796 1656
f 2437 2434 1656
f 2440 1656 2438
f 2442 2064 1326
f 2445 2798 1663
f 2446 2087 1663
f 1663 2799 2800
f 2450 2447 1663
f 2448 2799 1663
f 1663 2801 2451
f 2452 2449 1663
f 1663 2802 2803
f 2804 2805 2806
f 2804 2807 2808
f 2804 2809 2810
f 2804 2811 2812
f 2453 2813 2814
f 2453 2815 2816
f 2455 2817 2453
f 2817 2818 2453
f 2457 2819 2453
f 2819 2820 2453
f 2461 2458 2453
f 2459 2821 2453
f 2822 2823 2460
f 2093 1671 1673
f 2463 2462 1673
f 1673 2824 2464
f 2465 1676 1673
f 1673 2825 2826
f 1673 2827 2828
f 1673 2829 2830
f 1673 2831 2832
f 2469 2467 2466
f 2111 2109 1347
f 2472 2833 1347
f 1699 2118 536
f 2114 2834 1366
f 1708 2835 2128
f 208 2836 2837
f 2123 2477 2838
f 2478 2126 2123
f 1088 2479 2839
f 810 2483 2480
f 2481 813 810
f 810 2840 2841
f 810 2842 2843
f 2488 2485 810
f 2486 2842 810
f 2136 2844 810
f 2495 1727 2845
f 2492 2139 1727
f 2494 2491 1727
f 1727 2846 2847
f 1727 2848 2849
f 1727 2850 2851
f 2497 1727 2495
f 2497 2852 1727
f 2499 2853 2495
f 2500 2854 2501
f 815 2855 2144
f 2504 2855 815
f 2151 2856 815
f 2150 2857 2858
f 2150 2859 2860
f 2505 1754 818
f 2510 2507 1398
f 2508 1757 1398
f 1398 2861 2862
f 2512 2863 1398
f 2863 2861 1398
f 1398 2864 2865
f 2514 2866 1398
f 2866 2864 1398
f 1398 2867 2868
f 2515 2869 1398
f 2516 2870 2871
f 2516 2872 2517
f 2518 2873 2516
f 2522 2519 2516
f 2520 2872 2516
f 2516 2874 2523
f 2524 2875 2516
f 2516 2876 2877
f 2162 2878 2525
f 2526 2879 2162
f 2528 2878 2162
f 2162 2880 2165
f 2531 2881 2167
f 2881 2882 2167
f 2167 2883 2884
f 2167 2885 2886
f 2167 2887 2888
f 2167 2889 2890
f 2167 2891 2892
f 2533 2893 2167
f 823 2170 2894
f 823 2895 2896
f 2535 2897 823
f 2536 2898 2899
f 2538 2900 2536
f 2541 2901 2539
f 2901 2902 2539
f 2542 2903 2904
f 2542 2905 2906
f 2544 2907 2542
f 2907 2905 2542
f 1404 2908 2545
f 2546 2909 1404
f 1404 2910 2176
f 2552 2549 1404
f 2550 2910 1404
f 1404 2911 2912
f 2913 2914 2915
f 2913 2916 2917
f 2913 2918 2919
f 2913 2920 2921
f 2913 2922 2923
f 1772 2924 2925
f 2554 2926 1772
f 2926 2924 1772
f 2557 2555 1772
f 2556 2553 1772
f 2560 2927 1772
f 2561 2928 2929
f 2563 2930 2561
f 2930 2931 2561
f 2561 2932 2564
f 2565 2562 2561
f 2561 2933 2934
f 2561 2935 2936
f 2561 2937 2566
f 2567 2938 2561
f 2561 2939 2568
f 2569 2937 2561
f 2573 2570 2561
f 2571 2939 2561
f 2940 2941 2572
f 2940 2942 2943
f 2577 2187 1407
f 2579 2944 1407
f 2944 2945 1407
f 1407 2946 2947
f 1407 2948 2949
f 1407 2950 2951
f 2952 2953 2954
f 2582 2955 826
f 829 2587 2956
f 2589 2957 829
f 1108 2958 2959
f 1108 2960 2961
f 1108 1794 2962
f 2592 2963 1108
f 2595 2964 2593
f 2964 2965 2593
f 2209 2966 2967
f 2209 2968 2969
f 2209 2970 2971
f 2209 2972 2973
f 2209 2974 2596
f 2597 2975 2209
f 2598 2976 2209
f 2209 2977 2978
f 2209 2979 2980
f 2600 2981 2212
f 2981 2982 2212
f 2212 2983 2984
f 2212 2601 2985
f 2603 2215 2212
f 1426 2986 2987
f 2605 2988 1426
f 2988 2986 1426
f 1426 2989 2990
f 1426 2991 2606
f 2607 2989 1426
f 1426 2992 2219
f 2993 2994 2995
f 2220 2996 2997
f 2609 2998 2220
f 2220 2999 3000
f 2220 3001 3002
f 2220 3003 3004
f 2610 3005 3006
f 2612 3007 2610
f 3007 3008 2610
f 549 3009 3010
f 549 3011 3012
f 2615 3013 549
f 2616 3014 2617
f 2618 3015 2616
f 2616 3016 3017
f 2616 3018 3019
f 1800 3020 3021
f 1800 3022 3023
f 1800 3024 2225
f 1800 3025 3026
f 1800 3027 3028
f 2624 1800 2622
f 2624 2227 1800
f 2622 3029 2625
f 2626 3030 2622
f 2622 3031 3032
f 2622 3033 3034
f 2622 3035 3036
f 2622 3037 2627
f 2628 3035 2622
f 2622 3038 3039
f 1114 2229 2629
f 2630 3040 1114
f 2634 2631 1443
f 2632 3041 1443
f 2636 1443 1809
f 2636 2633 1443
f 1809 3042 3043
f 2234 3042 1809
f 1809 3044 3045
f 2237 3046 3047
f 2638 3048 2639
f 2641 3049 1119
f 3049 3050 1119
f 1443 3041 3051
f 215 3052 2642
f 2647 2644 215
f 2645 3052 215
f 2651 2648 215
f 2649 2646 215
f 215 3053 3054
f 215 3055 3056
f 2252 2654 215
f 3057 215 2643
f 1833 3058 3059
f 1833 3060 2655
f 2656 3061 1833
f 1833 3062 3063
f 2657 3064 1833
f 3065 3066 3067
f 1125 3068 3069
f 2661 2658 1125
f 2659 3068 1125
f 1125 3070 3071
f 2257 1126 1125
f 845 2665 3072
f 845 2266 3073
f 2668 2666 845
f 2669 3074 3075
f 2669 3076 2670
f 2671 3077 2669
f 2669 3078 3079
f 1846 3080 3081
f 1846 3082 2672
f 2673 3083 1846
f 1846 3084 2674
f 2675 3085 1846
f 2679 2676 1846
f 3086 3087 3088
f 2681 3089 1853
f 1853 3090 3091
f 1853 2684 3092
f 2276 2683 1853
f 1853 3093 3094
f 2688 2685 1853
f 2686 3093 1853
f 1853 3095 3096
f 2278 3097 1853
f 2689 3098 1454
f 2692 2690 1454
f 2694 2693 1454
f 2696 3099 1457
f 1457 3100 2697
f 2698 2286 1457
f 2289 3100 1457
f 1457 3101 1867
f 1457 3102 2699
f 2700 3101 1457
f 2305 1463 2703
f 1872 3103 566
f 2705 3104 2707
f 2712 1484 1145
f 2307 3105 1145
f 355 1486 1174
f 2716 3106 1898
f 2717 3107 1511
f 2718 2312 371
f 1504 3108 2719
f 2316 1906 51
f 2721 3109 1905
f 2722 679 428
f 1533 182 179
f 2320 3110 2724
f 2726 3111 977
f 3111 3112 977
f 2324 3113 293
f 2327 3114 2325
f 2325 712 3115
f 2331 1561 712
f 2330 3116 3117
f 2730 3116 2330
f 2731 3118 117
f 2732 3119 724
f 2342 1948 724
f 2343 3120 724
f 1 33 29
f 2737 2734 1262
f 2735 2345 1262
f 2741 1262 2739
f 2742 3121 1576
f 3121 3122 1576
f 2749 2746 1576
f 2747 1968 1576
f 2362 727 472
f 1588 3123 3124
f 1588 3125 3126
f 2753 2750 1588
f 2751 3125 1588
f 1588 3127 3128
f 2755 3127 1588
f 1588 3129 2756
f 2757 2365 1588
f 1588 2758 3130
f 1588 3131 3132
f 1979 3133 3134
f 1979 3135 2760
f 2761 3133 1979
f 2764 1985 1984
f 1986 3136 2378
f 1986 3137 2767
f 2768 3136 1986
f 1986 2770 3138
f 2774 2771 1986
f 2772 3139 1986
f 2775 2773 1986
f 2776 3140 1986
f 309 120 1594
f 2778 1597 309
f 1025 3141 2779
f 2398 3142 201
f 2397 3143 2398
f 517 3144 2401
f 1046 2784 2022
f 2785 2031 1046
f 2787 2042 1642
f 1635 1632 1046
f 2417 2415 1642
f 2789 1318 529
f 1319 3145 3146
f 2791 3145 1319
f 1319 3147 3148
f 2425 2792 1319
f 3149 3150 3151
f 1656 2795 3152
f 1656 3153 2794
f 1656 3154 3155
f 1656 3156 3157
f 2797 3158 1656
f 3158 3156 1656
f 2440 3159 1656
f 1326 2441 3160
f 2443 2076 1326
f 2798 2078 1663
f 2800 1666 1663
f 2803 2801 1663
f 2804 3161 3162
f 2806 3163 2804
f 3163 3161 2804
f 2810 2807 2804
f 2808 2805 2804
f 2804 3164 3165
f 2804 3166 3167
f 2804 3168 3169
f 2804 3170 3171
f 2804 3172 3173
f 2812 3174 2804
f 3174 3172 2804
f 2804 3175 3176
f 2453 3177 3178
f 2453 3179 3180
f 2453 3181 3182
f 2453 3183 2813
f 2814 3181 2453
f 2453 3184 2815
f 2816 3185 2453
f 2453 3186 2454
f 2453 3187 3188
f 2453 2821 2456
f 2460 2453 2822
f 2826 2824 1673
f 2828 3189 1673
f 3189 3190 1673
f 2830 3191 1673
f 3191 2827 1673
f 2832 3192 1673
f 3192 3193 1673
f 2467 3194 1673
f 2466 3195 3196
f 2466 3197 3198
f 2470 3199 1334
f 2833 3200 1347
f 2834 1367 1366
f 1708 3201 2835
f 208 2475 2836
f 2843 2840 810
f 2841 2484 810
f 2844 2487 810
f 2845 3202 2495
f 2849 2846 1727
f 2847 1728 1727
f 2150 3203 3204
f 1727 3205 3206
f 1727 3207 3208
f 1727 3209 3210
f 2851 3211 1727
f 3211 3209 1727
f 2495 3212 2498
f 2502 3213 2500
f 2500 815 2503
f 2856 1739 815
f 2150 3214 2857
f 2858 3215 2150
f 2150 3216 2859
f 2860 3214 2150
f 1398 3217 3218
f 2862 3217 1398
f 1398 3219 3220
f 2865 3221 1398
f 3221 3219 1398
f 2868 2513 1398
f 2869 3222 1398
f 2516 2873 2870
f 2871 3223 2516
f 2877 2874 2516
f 2162 2879 3224
f 2162 3225 3226
f 2529 3227 2162
f 2167 3228 3229
f 2167 3230 3231
f 2882 3230 2167
f 2167 3232 3233
f 2886 2883 2167
f 2884 3232 2167
f 2890 2887 2167
f 2888 2885 2167
f 2892 3234 2167
f 3234 2889 2167
f 823 3235 3236
f 823 3237 2895
f 2896 1765 823
f 2897 3237 823
f 823 3238 3239
f 2899 3240 2536
f 3240 3241 2536
f 2536 3242 2537
f 2539 3243 3244
f 2539 3245 3246
f 2902 3245 2539
f 3247 3248 3249
f 3250 3251 3252
f 3250 3253 3254
f 2542 3255 3256
f 2904 3257 2542
f 3257 3255 2542
f 2906 3258 2542
f 1404 3259 3260
f 2547 2908 1404
f 1404 3261 2911
f 2912 3262 1404
f 1404 3263 3264
f 1404 3265 3266
f 1404 3267 3268
f 2915 3269 2913
f 3269 3270 2913
f 2917 3271 2913
f 3271 2914 2913
f 2919 3272 2913
f 3272 3273 2913
f 2913 3274 2920
f 2921 2918 2913
f 2913 3275 2922
f 2923 3276 2913
f 2925 3277 1772
f 1772 3278 2559
f 2561 2931 2928
f 2929 3279 2561
f 2561 3280 3281
f 2934 3282 2561
f 3282 3280 2561
f 2561 3283 2935
f 2936 3284 2561
f 2561 2938 3285
f 2572 2561 2940
f 2943 3286 2940
f 2945 2576 1407
f 2947 3287 1407
f 3287 3288 1407
f 2951 2948 1407
f 2949 3289 1407
f 1407 2952 3290
f 2952 3291 3292
f 2952 3293 2953
f 2954 3294 2952
f 2580 2190 826
f 2955 2194 826
f 826 3295 3296
f 829 3297 3298
f 829 3299 3300
f 2957 3301 829
f 1108 3302 3303
f 1108 3304 3305
f 1108 3306 3307
f 1108 3308 3309
f 2961 2958 1108
f 2959 3308 1108
f 1108 3310 2591
f 2593 3311 3312
f 2593 3313 3314
f 2965 3315 2593
f 2209 3316 3317
f 2969 2966 2209
f 2967 3316 2209
f 2209 3318 2970
f 2971 2968 2209
f 2209 3319 2972
f 2973 3318 2209
f 2209 3320 3321
f 2209 3322 3323
f 2209 3324 3325
f 2209 3326 3327
f 2976 2974 2209
f 2980 2977 2209
f 2978 2210 2209
f 2212 3328 3329
f 2984 2599 2212
f 2212 3330 3331
f 2985 3330 2212
f 1426 3332 3333
f 2987 3334 1426
f 2990 2604 1426
f 2218 2991 1426
f 1426 3335 3336
f 3337 3338 3339
f 3337 3340 3341
f 2993 3342 3343
f 2993 3344 2994
f 2995 3345 2993
f 2220 2998 2996
f 2997 3346 2220
f 3000 2608 2220
f 3004 3001 2220
f 3002 3347 2220
f 2220 3348 3349
f 2220 3350 3351
f 3006 3352 2610
f 3352 3353 2610
f 2610 3354 3355
f 2610 3356 3357
f 2610 3358 3359
f 2610 3360 3361
f 2610 3362 3363
f 3010 2610 549
f 3010 2611 2610
f 549 3364 3011
f 3012 3009 549
f 3013 1435 549
f 3365 3366 3367
f 3365 3368 3369
f 2616 3370 3014
f 2616 3371 3372
f 3017 3373 2616
f 3373 3374 2616
f 2616 3375 3376
f 3019 3377 2616
f 3377 3378 2616
f 3379 3380 3381
f 1800 3382 3020
f 3021 3383 1800
f 1800 2620 3022
f 3023 3384 1800
f 1800 3385 3024
f 3028 3025 1800
f 3026 3386 1800
f 2621 3387 1800
f 2622 3030 3388
f 3032 3029 2622
f 2622 3389 3390
f 3034 3391 2622
f 3391 3389 2622
f 2622 3392 3393
f 2622 3394 3395
f 3036 3396 2622
f 3396 3394 2622
f 3039 3037 2622
f 1114 3040 3397
f 1114 3398 3399
f 1114 3400 3401
f 1114 3402 3403
f 3404 3405 3406
f 1809 3407 3408
f 1809 3409 3410
f 1809 3411 3412
f 1809 1114 3413
f 3043 2635 1809
f 2637 3044 1809
f 2237 3414 3415
f 3047 3416 2237
f 2640 3417 2638
f 2638 1119 3418
f 3050 3418 1119
f 1443 3419 3420
f 1443 3421 3422
f 3051 3423 1443
f 3423 3424 1443
f 3054 2650 215
f 215 2653 3055
f 3056 3053 215
f 2643 3425 3057
f 3059 3426 1833
f 3426 3427 1833
f 3061 3058 1833
f 3063 3428 1833
f 3428 3060 1833
f 3064 3062 1833
f 1833 3429 3430
f 3065 3431 3432
f 3065 3433 3066
f 3067 3431 3065
f 1125 3434 3435
f 1125 3436 3437
f 3069 3438 1125
f 1125 3439 3440
f 2255 3070 1125
f 845 3441 3442
f 3073 3441 845
f 3443 3444 3445
f 2669 3446 3447
f 2669 3448 3449
f 2669 3450 3451
f 2669 3452 3074
f 3075 3453 2669
f 2669 3454 3455
f 2669 3456 3457
f 3077 3456 2669
f 3079 3458 2669
f 1846 3459 3080
f 3081 3460 1846
f 3083 3461 1846
f 1846 3462 3463
f 1846 3464 3465
f 1846 2268 3084
f 2677 1851 1846
f 2678 3466 3467
f 3468 3088 3469
f 3088 3470 3086
f 3088 3468 3470
f 3471 3472 3087
f 1853 3089 3472
f 3091 2682 1853
f 3094 1856 1853
f 3097 3095 1853
f 2277 3473 3474
f 2277 3475 3476
f 1454 3477 3478
f 1454 3479 3480
f 1457 3481 3482
f 3099 3481 1457
f 3483 3484 3485
f 1872 3486 3103
f 346 557 2707
f 3105 2711 1145
f 1486 3487 1174
f 371 358 1898
f 93 42 374
f 1208 112 405
f 1227 1238 185
f 2323 2725 977
f 3113 3488 293
f 3115 2728 2325
f 2330 3489 3490
f 3117 3489 2330
f 712 2325 2336
f 717 1939 3491
f 3118 301 117
f 3492 717 3493
f 2739 724 3494
f 3120 1001 724
f 28 31 1
f 1 1262 1953
f 2741 2351 1262
f 1576 3495 3496
f 2745 1579 1576
f 2361 2360 472
f 472 23 26
f 3497 3498 3499
f 3497 3500 3501
f 3124 3497 1588
f 3126 3123 1588
f 1588 3502 3129
f 3130 3502 1588
f 3132 3503 1588
f 1984 1979 3504
f 1979 3505 3506
f 3134 3505 1979
f 1979 3507 3508
f 1979 3509 3510
f 1979 3497 3511
f 1979 2763 3512
f 1984 3513 3514
f 3515 3516 3517
f 3139 2384 1986
f 3140 2387 1986
f 1989 3518 3519
f 1989 3520 3521
f 1989 3522 3523
f 1989 3524 3525
f 1025 3526 3141
f 3527 3144 517
f 3527 201 3142
f 2014 2012 1296
f 2782 3528 517
f 2783 3529 1049
f 2022 3530 2403
f 318 1638 2051
f 526 2418 3531
f 3146 3532 1319
f 1319 3533 3147
f 3148 2422 1319
f 3534 3151 3535
f 3151 3536 3149
f 3151 3534 3536
f 3537 3538 3150
f 1656 3539 3538
f 3152 3540 1656
f 3540 3539 1656
f 3155 3153 1656
f 3157 3154 1656
f 3159 1657 1656
f 1656 3537 2802
f 1326 3541 3542
f 3160 3543 1326
f 3543 3544 1326
f 3545 3546 3547
f 3162 3545 2804
f 3167 3164 2804
f 3165 2809 2804
f 2804 3548 3549
f 3169 3550 2804
f 3550 3548 2804
f 2804 3551 3552
f 3171 3553 2804
f 3553 3551 2804
f 3173 3554 2804
f 3554 3170 2804
f 3176 2811 2804
f 2804 3555 3556
f 2822 2453 3557
f 2453 3558 3177
f 3178 3559 2453
f 2453 3560 3179
f 3180 3558 2453
f 3182 3560 2453
f 3185 3183 2453
f 2453 3545 3561
f 2453 3562 3563
f 2818 3564 2453
f 2453 2820 3187
f 3188 3186 2453
f 2822 3565 3566
f 3190 2825 1673
f 1673 3193 2829
f 3194 2831 1673
f 2466 3567 3568
f 3198 3195 2466
f 3196 3569 2466
f 3199 2103 1334
f 3200 1358 1347
f 3570 1334 3571
f 1708 3572 3201
f 2837 3573 208
f 2836 3574 2837
f 2838 2124 2123
f 3575 2489 810
f 3575 208 3573
f 3202 3576 2495
f 1727 2490 3577
f 1727 1088 3578
f 2150 3579 3203
f 3204 3580 2150
f 3206 2150 1727
f 3206 3579 2150
f 1727 3581 3207
f 3208 3205 1727
f 1727 3582 3583
f 3210 3584 1727
f 3584 3582 1727
f 2852 2850 1727
f 2495 3585 3586
f 2853 3587 2495
f 2503 2854 2500
f 3215 2152 2150
f 2150 3580 3216
f 3220 2511 1398
f 3222 2867 1398
f 3588 818 3589
f 2875 2521 2516
f 2162 3590 3591
f 3224 3592 2162
f 3227 3225 2162
f 3593 3594 3595
f 3231 3228 2167
f 3229 3596 2167
f 3233 2530 2167
f 2893 2891 2167
f 2894 3235 823
f 823 3597 3238
f 3239 2172 823
f 823 3598 3599
f 823 3600 3601
f 823 3602 3603
f 3604 3605 3606
f 2536 3607 3608
f 2536 3241 3609
f 2536 3610 2898
f 2536 3611 3612
f 2536 3613 3614
f 2536 3615 3616
f 2536 3617 3618
f 2900 3619 2536
f 3620 3621 3622
f 3620 3623 3624
f 3625 3626 3627
f 3628 3629 3630
f 2539 3631 3243
f 3244 3632 2539
f 2539 3633 3634
f 2539 3635 3636
f 3246 3635 2539
f 2539 3637 3638
f 2539 3639 3640
f 3249 3641 3247
f 3641 3642 3247
f 3252 3643 3250
f 3643 3644 3250
f 3250 3645 3646
f 3250 3647 3648
f 3254 3649 3250
f 3256 3650 2542
f 3258 2903 2542
f 2542 3651 3652
f 3653 3654 3655
f 1404 2909 3259
f 3260 3656 1404
f 3262 2551 1404
f 3264 3657 1404
f 3657 3261 1404
f 3268 3265 1404
f 3266 3263 1404
f 2913 3658 3659
f 3270 3660 2913
f 2913 3273 2916
f 2913 3661 3275
f 2913 3662 3663
f 1772 3664 3665
f 1772 3666 3667
f 1772 3668 3669
f 1772 3277 3670
f 2927 3671 1772
f 2940 2561 3672
f 3281 2932 2561
f 2561 3673 3674
f 3285 3283 2561
f 2940 3675 2942
f 3676 3677 3678
f 3288 2578 1407
f 3289 2946 1407
f 3292 3290 2952
f 2952 3679 3680
f 3294 3679 2952
f 2584 3295 826
f 3300 3297 829
f 3298 2202 829
f 3301 2206 829
f 3681 826 3682
f 3305 3302 1108
f 3303 3683 1108
f 3309 3306 1108
f 3307 3304 1108
f 2962 2960 1108
f 2963 3684 1108
f 2593 3685 3311
f 3312 3686 2593
f 2593 3315 3313
f 3314 3685 2593
f 2593 3687 2594
f 2593 3688 3689
f 2593 3690 3691
f 2593 3692 3693
f 3317 3694 2209
f 3323 3320 2209
f 3321 3695 2209
f 3327 3324 2209
f 3325 3696 2209
f 2209 2975 3697
f 2212 3698 3328
f 3329 3699 2212
f 2982 3698 2212
f 2212 3700 3701
f 3333 3702 1426
f 3334 3703 1426
f 3336 3704 1426
f 3705 3337 3706
f 3337 3707 3708
f 3337 3709 3710
f 3337 3711 3712
f 3341 3338 3337
f 3339 3711 3337
f 3337 3713 3714
f 2993 3715 3716
f 3343 3717 2993
f 3717 3715 2993
f 2993 3718 3344
f 2993 3719 3720
f 2993 3721 3722
f 2220 3723 3724
f 2220 3346 3725
f 3347 2999 2220
f 2220 3726 3727
f 2220 3728 3348
f 3349 3729 2220
f 3351 3730 2220
f 3730 3731 2220
f 2610 3732 3733
f 3355 3005 2610
f 3357 3734 2610
f 3734 3354 2610
f 2610 3735 3736
f 2610 3737 3738
f 3361 3358 2610
f 3359 3737 2610
f 3363 3739 2610
f 3739 3740 2610
f 2610 3741 3742
f 2610 3743 3744
f 3008 3743 2610
f 2614 3364 549
f 3365 3745 3746
f 3365 3747 3748
f 3365 3749 3366
f 3367 3747 3365
f 3369 3750 3365
f 3750 3749 3365
f 3365 3751 3752
f 3365 3753 3754
f 3372 3370 2616
f 2616 3374 3755
f 3376 3016 2616
f 2616 3756 3757
f 3378 3758 2616
f 3381 2616 3379
f 1800 3759 3760
f 1800 3761 3382
f 3386 3385 1800
f 1800 3762 3763
f 1800 3764 3765
f 1800 3766 3767
f 2622 3768 3769
f 2622 3770 3771
f 3388 3770 2622
f 3390 3031 2622
f 3395 3392 2622
f 3393 3033 2622
f 1114 3772 3773
f 1114 3774 3775
f 1114 3776 3398
f 3399 3774 1114
f 1114 3777 3778
f 3403 3400 1114
f 3401 3777 1114
f 3779 3406 3780
f 3406 3781 3404
f 3406 3779 3781
f 1809 3782 3783
f 1809 3784 3785
f 3408 3786 1809
f 3786 3784 1809
f 1809 3787 3409
f 3410 3407 1809
f 1809 3788 3789
f 1809 3790 3411
f 3412 3788 1809
f 3413 3791 1809
f 3415 2238 2237
f 2237 3792 3046
f 3418 3048 2638
f 3422 3419 1443
f 3420 1445 1443
f 3424 3421 1443
f 3057 3793 1833
f 3425 3794 3057
f 1833 3795 3796
f 1833 3797 3798
f 1833 3799 3429
f 3430 3797 1833
f 3800 3801 3802
f 3432 3801 3065
f 3803 3804 3433
f 3803 3805 3806
f 3803 3807 3808
f 3809 3810 3807
f 1125 3811 3434
f 3435 3812 1125
f 3437 3813 1125
f 3813 3811 1125
f 3438 3436 1125
f 3071 3439 1125
f 3072 2260 845
f 3445 3814 3443
f 3814 3815 3443
f 3447 3443 2669
f 3451 3448 2669
f 3449 3816 2669
f 2669 3817 3818
f 2669 3819 3820
f 2669 3453 3821
f 3455 3452 2669
f 3457 3454 2669
f 2669 3822 3078
f 2678 1846 3823
f 1846 3461 3459
f 3463 3082 1846
f 1846 3824 3464
f 3465 3462 1846
f 1846 3825 3826
f 1846 3085 3827
f 2678 3828 3829
f 3467 3830 2678
f 3469 3831 3468
f 3472 3471 1853
f 3087 3086 3471
f 3092 3090 1853
f 3096 2687 1853
f 3474 3832 2277
f 3832 2279 2277
f 2277 3827 3475
f 3476 3833 2277
f 1454 3834 3477
f 3478 3835 1454
f 1454 3836 3837
f 1454 3838 3839
f 1454 3840 3841
f 1454 3098 3479
f 3480 3842 1454
f 2285 2282 1454
f 1457 3843 3844
f 1457 3845 3846
f 1457 3847 3848
f 3483 3849 3850
f 3485 3851 3483
f 3851 3852 3483
f 3483 3853 3854
f 3483 3855 3856
f 3483 3857 3858
f 2702 1880 1463
f 1872 3859 3486
f 2708 1478 568
f 2308 3860 1486
f 2715 1899 358
f 2314 3861 1504
f 428 51 1905
f 188 280 2724
f 977 3112 3862
f 3488 1925 293
f 1928 3115 712
f 2325 3863 2336
f 3493 3864 3492
f 3494 3865 2739
f 1953 33 1
f 1262 1 23
f 1576 3122 3495
f 26 1005 472
f 3497 3866 3867
f 3497 3868 3869
f 3501 3498 3497
f 3499 3868 3497
f 3124 3870 3497
f 3128 2752 1588
f 1588 3871 3131
f 3504 3872 1984
f 1979 3873 3874
f 3506 3873 1979
f 3508 3875 1979
f 3875 3135 1979
f 1979 3876 3877
f 1979 3878 3509
f 3510 3879 1979
f 3511 3880 1979
f 1979 3881 3882
f 3514 3883 1984
f 3515 3884 3516
f 3138 3137 1986
f 3521 3518 1989
f 3519 1991 1989
f 3525 3522 1989
f 3523 3520 1989
f 3142 3885 3527
f 3528 1044 517
f 2414 3886 1638
f 1638 3887 2051
f 3888 526 3889
f 2438 1319 3890
f 2793 3533 1319
f 3535 3891 3534
f 3538 3537 1656
f 3150 3149 3537
f 3537 3892 2802
f 1326 3544 3541
f 3545 3893 3546
f 3547 3894 3545
f 3162 3895 3545
f 3549 3166 2804
f 3552 3168 2804
f 3556 3896 2804
f 3557 3897 2822
f 2453 3559 3898
f 3561 3899 2453
f 3563 2466 2453
f 3563 3900 2466
f 3564 3562 2453
f 3566 3901 2822
f 2466 3902 3567
f 3568 2468 2466
f 3569 3902 2466
f 1673 1671 2471
f 1334 2097 3903
f 3571 3904 3570
f 2128 2123 789
f 3573 3905 3575
f 1727 3906 2845
f 3578 3907 1727
f 3583 3581 1727
f 3587 3585 2495
f 815 2500 2160
f 3218 2509 1398
f 3589 3908 3588
f 3591 2516 2162
f 3591 2876 2516
f 2162 3592 3909
f 3226 2527 2162
f 3910 3595 3911
f 3595 3912 3593
f 3595 3910 3912
f 2167 3596 3594
f 2516 3223 3913
f 2167 3914 3605
f 823 3915 3597
f 3599 3916 823
f 3916 3917 823
f 823 3918 3919
f 3603 3600 823
f 3601 3920 823
f 3604 3921 3922
f 3604 3923 3924
f 3606 3925 3604
f 3623 3926 3927
f 3623 3928 3929
f 3608 3930 2536
f 3930 3931 2536
f 3609 3607 2536
f 3612 3932 2536
f 3932 3933 2536
f 2536 3934 3935
f 2536 3936 3937
f 2536 3938 3613
f 3614 3939 2536
f 2536 3940 3615
f 3616 3938 2536
f 3618 3941 2536
f 3941 3940 2536
f 3619 3942 2536
f 3628 3620 3943
f 3620 3944 3945
f 3620 3946 3947
f 3620 3948 3949
f 3620 3950 3621
f 3622 3948 3620
f 3620 3951 3952
f 3624 3953 3620
f 3627 3954 3625
f 3954 3955 3625
f 3625 3956 3957
f 3630 3958 3628
f 2539 3959 3960
f 2539 3632 3961
f 3634 3631 2539
f 2539 3962 3637
f 3638 3963 2539
f 3640 3964 2539
f 3964 3965 2539
f 3625 3966 3639
f 3247 3967 3968
f 3642 3969 3247
f 3970 3971 3972
f 3646 3251 3250
f 3250 3973 3974
f 3250 3975 3647
f 3648 3973 3250
f 3250 3976 3253
f 2542 3650 3977
f 2542 3978 3979
f 2542 3980 3651
f 3652 3981 2542
f 3655 2542 3653
f 3656 3982 1404
f 3659 1404 2913
f 3659 3267 1404
f 3660 3658 2913
f 2913 3276 3983
f 3663 3661 2913
f 3673 3984 3985
f 3673 3986 3987
f 3673 3988 3989
f 3665 3673 1772
f 3669 3666 1772
f 3667 3990 1772
f 1772 3991 3992
f 3670 3993 1772
f 3993 3994 1772
f 3671 2558 1772
f 3672 3995 2940
f 2561 3279 3996
f 2561 3997 3998
f 3674 3999 2561
f 2561 4000 4001
f 2561 3284 4002
f 3286 4003 2940
f 3676 4004 3677
f 3290 2950 1407
f 2952 4005 4006
f 3296 2196 826
f 2956 3299 829
f 3682 4007 3681
f 4008 1108 3683
f 3684 1795 1108
f 2593 4009 3687
f 2593 4010 3688
f 3689 4009 2593
f 2593 4011 4012
f 2593 4013 4014
f 3693 3690 2593
f 3691 4013 2593
f 3695 3319 2209
f 3696 3322 2209
f 3331 3700 2212
f 3702 4015 4016
f 3702 4017 4018
f 3333 4019 3702
f 1426 4020 4021
f 1426 4022 4023
f 1426 4024 4025
f 1426 3703 4026
f 1426 4027 3335
f 3706 4028 3705
f 3710 3707 3337
f 3708 4029 3337
f 3712 3709 3337
f 3714 4030 3337
f 4030 3340 3337
f 3337 4031 4032
f 3337 4033 4034
f 3337 4035 4036
f 3337 3702 4037
f 3716 4038 2993
f 2993 4039 3718
f 2993 4040 3719
f 3720 4039 2993
f 3722 4041 2993
f 4041 4040 2993
f 3725 3723 2220
f 3724 4042 2220
f 3727 4043 2220
f 4043 3003 2220
f 2220 4044 4045
f 2220 4046 4047
f 3729 4048 2220
f 3731 3728 2220
f 2610 3353 3732
f 3733 4049 2610
f 3736 4050 2610
f 4050 3356 2610
f 2610 4051 4052
f 3738 4051 2610
f 3740 3360 2610
f 3744 3741 2610
f 3742 3362 2610
f 4053 2610 4049
f 3365 4054 4055
f 3365 4056 4057
f 3365 4058 4059
f 3365 4060 4061
f 3365 4062 3745
f 3746 4063 3365
f 3365 4064 4065
f 3748 4064 3365
f 3752 3368 3365
f 3365 4066 3753
f 3754 3751 3365
f 4067 4068 4069
f 3015 4070 2616
f 3755 3371 2616
f 3757 4071 2616
f 4071 3375 2616
f 2616 4072 4073
f 2616 4074 4075
f 3381 4076 2616
f 1800 3383 3759
f 3760 4077 1800
f 1800 3384 3761
f 3765 3762 1800
f 3763 3027 1800
f 3387 3766 1800
f 3771 3768 2622
f 3769 2623 2622
f 3397 3772 1114
f 3775 1807 1114
f 3778 3776 1114
f 1114 4078 4079
f 4080 4081 4082
f 3780 4083 3779
f 2237 4084 3405
f 3783 2237 1809
f 3783 4085 2237
f 3785 4086 1809
f 3789 3787 1809
f 3791 3790 1809
f 3045 2235 1809
f 3416 4087 2237
f 1119 2638 843
f 3794 4088 3057
f 1833 3427 4089
f 1833 4090 3795
f 3796 1834 1833
f 3798 4090 1833
f 1833 4091 4092
f 4093 3802 4094
f 3802 4095 3800
f 3802 4093 4095
f 3801 3800 3065
f 3803 4096 3804
f 3433 3065 3803
f 3806 4097 3803
f 4097 4098 3803
f 3803 4099 4100
f 3803 4101 4102
f 3807 3803 3809
f 3803 3065 4103
f 1125 4104 4105
f 3440 2660 1125
f 3442 1129 845
f 845 4103 4106
f 3443 4107 3444
f 3447 4108 3443
f 3816 3446 2669
f 3820 3817 2669
f 3818 3450 2669
f 3821 4109 2669
f 4109 3819 2669
f 2669 4110 4111
f 2669 4112 4113
f 2669 4114 4115
f 3458 4116 2669
f 3823 4117 2678
f 3826 3824 1846
f 1846 3443 4118
f 3829 4119 2678
f 4119 2679 2678
f 2678 4120 3466
f 2277 4121 3473
f 3833 4121 2277
f 3837 3834 1454
f 1454 4122 3838
f 3839 3836 1454
f 1454 3842 3840
f 3841 4122 1454
f 3846 3843 1457
f 3844 1458 1457
f 3848 4123 1457
f 4124 1454 3835
f 2703 3483 4125
f 3483 4126 4127
f 3483 4128 4129
f 3483 4130 3849
f 3850 4128 3483
f 3483 4131 4132
f 3483 4133 4134
f 3483 4135 4136
f 3854 3484 3483
f 3483 4137 3855
f 3856 4138 3483
f 3858 4139 3483
f 4139 4137 3483
f 566 72 1463
f 3107 1512 1511
f 1908 4140 1213
f 977 4141 2729
f 3490 2332 2330
f 3491 3493 717
f 3492 2733 724
f 3864 4142 3492
f 3119 3494 724
f 1 24 23
f 3496 4143 1576
f 3495 4144 3496
f 4145 3871 1588
f 4145 1576 4143
f 3869 3866 3497
f 3867 3511 3497
f 3870 3500 3497
f 3503 4146 1588
f 3872 4147 1984
f 3874 4148 1979
f 3877 3507 1979
f 1979 3879 4149
f 3880 3878 1979
f 1979 4150 3524
f 3512 3881 1979
f 1984 4151 3513
f 3517 4152 3515
f 3515 1986 2766
f 2010 1038 1028
f 2781 2785 1296
f 3531 3889 526
f 3889 4153 3888
f 3890 4154 2438
f 3537 4155 3892
f 3542 4156 1326
f 3541 4157 3542
f 3894 4158 3545
f 3545 4159 4160
f 3895 4161 3545
f 2804 4162 3555
f 3897 4163 2822
f 3899 3184 2453
f 3900 3197 2466
f 2822 4164 3565
f 1671 4165 2471
f 3570 2473 1366
f 3904 4166 3570
f 2839 3578 1088
f 3576 4167 2495
f 2845 4168 3202
f 3907 2848 1727
f 3586 2496 2495
f 2500 4169 2160
f 818 1742 4170
f 3588 2880 2162
f 3908 4171 3588
f 3911 4172 3910
f 3594 3914 2167
f 3594 3593 3914
f 3913 2167 2516
f 3914 4173 3605
f 3236 4174 823
f 3917 3915 823
f 823 4175 3918
f 3919 3598 823
f 3920 4175 823
f 3604 4176 4177
f 3604 4178 4179
f 3604 4180 4181
f 3924 3921 3604
f 3922 4180 3604
f 3925 4182 3604
f 3623 4183 4184
f 3929 3926 3623
f 3927 4185 3623
f 2536 4186 4187
f 3933 3610 2536
f 3937 3934 2536
f 3935 3611 2536
f 3942 3617 2536
f 3943 4188 3628
f 3620 4189 3944
f 3945 4190 3620
f 3620 4191 4192
f 3620 4193 3946
f 3947 4191 3620
f 3949 4193 3620
f 3620 4194 4195
f 3953 3951 3620
f 3955 4196 3625
f 3625 4197 4198
f 3957 4199 3625
f 4199 4197 3625
f 3625 4200 4201
f 3620 4202 4203
f 3620 3628 4204
f 3628 4205 4206
f 3628 4207 3629
f 3961 3959 2539
f 3960 4208 2539
f 3636 3633 2539
f 3963 4209 2539
f 2539 3965 4210
f 3639 2539 3625
f 3625 4211 4212
f 3247 4213 3967
f 3968 4214 3247
f 3247 4215 4216
f 3247 4217 4218
f 3969 4219 3247
f 3247 4220 4221
f 3972 3247 3970
f 3972 4222 3247
f 3970 4223 4224
f 3250 4225 4226
f 3644 4225 3250
f 3974 3645 3250
f 3649 4227 3250
f 4228 4229 4230
f 2542 4231 4232
f 2542 4233 4234
f 3979 4235 2542
f 4235 2543 2542
f 3981 3978 2542
f 2542 4236 4237
f 3655 4238 2542
f 3983 3274 2913
f 3985 4239 3673
f 4239 3674 3673
f 3989 3986 3673
f 3987 3984 3673
f 3665 4240 3673
f 3990 4241 1772
f 1772 3994 3991
f 3992 3668 1772
f 3995 4242 2940
f 3999 3997 2561
f 4002 4000 2561
f 4001 4243 2561
f 4003 2941 2940
f 3678 4244 3676
f 3676 1407 2574
f 3680 4005 2952
f 1407 3676 2588
f 826 1782 4245
f 3681 3310 1108
f 4007 4246 3681
f 3683 4247 4008
f 4248 4249 4250
f 4012 4010 2593
f 2593 4251 4252
f 2593 4253 4254
f 4014 4255 2593
f 4008 4256 3692
f 3697 3326 2209
f 2212 4257 4258
f 2212 4259 4260
f 3701 2983 2212
f 2212 4261 4262
f 3702 4263 4264
f 4018 4015 3702
f 4016 4263 3702
f 4019 4265 3702
f 1426 4266 4020
f 4021 3332 1426
f 4025 4022 1426
f 4023 4266 1426
f 3704 4267 1426
f 4028 4268 3705
f 4032 3713 3337
f 4036 4033 3337
f 4034 4031 3337
f 4037 4269 3337
f 4038 4270 2993
f 3345 3342 2993
f 2993 4271 4272
f 3705 4273 4274
f 4275 4276 4277
f 2220 4278 3726
f 2220 4279 4044
f 4045 4280 2220
f 2220 4048 4046
f 4047 4279 2220
f 2220 4281 4282
f 2993 4270 4281
f 4052 3735 2610
f 4049 4283 4053
f 3379 4284 4285
f 3365 4286 4284
f 4057 4054 3365
f 4055 4287 3365
f 4061 4058 3365
f 4059 4056 3365
f 4063 4060 3365
f 4065 4062 3365
f 3365 4288 4289
f 4067 4290 4068
f 3758 3756 2616
f 4075 4072 2616
f 4073 3018 2616
f 4076 4291 2616
f 2616 4067 3038
f 1800 4292 4293
f 3773 3413 1114
f 4079 3402 1114
f 1114 4294 4295
f 4080 4296 4294
f 4082 4297 4080
f 3405 3404 2237
f 4085 4084 2237
f 4086 3782 1809
f 4087 3414 2237
f 2638 4298 843
f 1833 215 3057
f 1833 4299 4300
f 4092 4301 1833
f 4094 4302 4093
f 3803 4098 4303
f 4100 3805 3803
f 3803 4304 4101
f 4102 4305 3803
f 3808 4306 3803
f 3065 4307 4103
f 1125 3812 4104
f 4106 2667 845
f 3815 4308 3443
f 4108 4309 3443
f 4113 4110 2669
f 4111 3076 2669
f 4116 4114 2669
f 4117 4310 2678
f 1846 3460 4311
f 1846 4312 4313
f 4118 4314 1846
f 3830 4315 2678
f 3482 3845 1457
f 4123 4316 1457
f 3835 4317 4124
f 4125 4318 2703
f 4129 4126 3483
f 4127 4125 3483
f 3483 4319 4130
f 4134 4131 3483
f 4132 4319 3483
f 3483 4320 4135
f 4136 4133 3483
f 3852 4320 3483
f 3483 4138 4321
f 3483 4322 4323
f 3862 4141 977
f 2336 117 712
f 4142 4324 3492
f 31 6 1
f 1 19 24
f 4143 4325 4145
f 4146 2759 1588
f 1979 4148 3504
f 3882 4150 1979
f 3883 4326 1984
f 2766 3884 3515
f 517 201 3527
f 2051 529 318
f 3888 2058 1319
f 4153 4327 3888
f 3532 3890 1319
f 3537 4328 4155
f 4161 4159 3545
f 3896 4329 2804
f 2453 4330 3557
f 2453 4331 4332
f 3901 4333 2822
f 3903 3571 1334
f 4166 4334 3570
f 810 208 3575
f 3577 3906 1727
f 2160 1398 815
f 4171 4335 3588
f 3909 3590 2162
f 3913 2168 2167
f 3914 4336 4173
f 4177 823 3604
f 4177 4337 823
f 4181 4178 3604
f 4179 4338 3604
f 4182 3923 3604
f 3623 4339 4183
f 4184 3624 3623
f 4185 4339 3623
f 4187 3623 2536
f 2536 3939 3936
f 4188 4340 3628
f 3620 4190 4341
f 4192 4189 3620
f 3952 4194 3620
f 4196 4342 3625
f 4198 3626 3625
f 3625 4343 4200
f 4201 3956 3625
f 4203 3625 3620
f 4203 4343 3625
f 3620 4344 4345
f 4206 4204 3628
f 3958 4346 3628
f 4347 4348 4349
f 2539 4208 4350
f 4209 2540 2539
f 3625 4351 4352
f 4212 4353 3625
f 4353 4351 3625
f 3247 4214 4354
f 3247 4355 4213
f 3247 4356 4357
f 4218 4215 3247
f 4216 4356 3247
f 4221 4358 3247
f 4358 4359 3247
f 3247 4360 4361
f 4224 4362 3970
f 4362 4363 3970
f 3970 4364 4365
f 3970 4366 4367
f 3970 4368 4369
f 3970 4370 4371
f 3970 4372 4373
f 3250 4374 4375
f 3250 4376 4377
f 3250 4378 4379
f 3250 4380 4381
f 4226 4382 3250
f 4227 3975 3250
f 4228 4383 4229
f 4232 4384 2542
f 4384 4385 2542
f 3977 4233 2542
f 4238 4236 2542
f 2542 4228 4386
f 1404 4387 4388
f 4240 4389 3673
f 2561 4390 3672
f 3998 2933 2561
f 2561 4243 3293
f 2574 4004 3676
f 4006 3291 2952
f 3676 4391 2588
f 4246 4392 3681
f 4248 4393 4249
f 4254 4251 2593
f 4252 4011 2593
f 2593 4255 4394
f 3692 2593 4008
f 2593 4248 4261
f 2209 4395 4396
f 4258 2209 2212
f 4258 2979 2209
f 2212 3699 4259
f 4260 4257 2212
f 4262 2602 2212
f 4264 4037 3702
f 4265 4397 3702
f 4267 2992 1426
f 3337 4029 3706
f 4269 4035 3337
f 4272 3721 2993
f 3337 3705 4271
f 4274 4398 3705
f 4275 4399 4276
f 4280 4278 2220
f 4281 2220 2993
f 4282 3350 2220
f 4053 4400 3365
f 4283 4401 4053
f 4284 3379 3365
f 4285 3380 3379
f 4287 4286 3365
f 4289 4402 3365
f 4069 4403 4067
f 4067 2616 4070
f 4291 4074 2616
f 4067 4404 3038
f 1800 4077 4292
f 4294 1114 4080
f 4295 4078 1114
f 4080 4405 4081
f 3417 4406 2638
f 4300 4407 1833
f 4407 4408 1833
f 4089 4299 1833
f 1833 3793 4091
f 4303 4096 3803
f 3803 4409 4410
f 3803 4411 4412
f 3803 4305 4413
f 4306 4304 3803
f 3065 4414 4307
f 4105 4415 1125
f 4104 4416 4105
f 2663 846 845
f 3443 4308 4417
f 4309 4107 3443
f 4115 4112 2669
f 1846 4418 3823
f 4314 4312 1846
f 4315 3828 2678
f 1853 3471 3847
f 4316 3102 1457
f 4124 4419 3483
f 4317 4420 4124
f 4321 3853 3483
f 4323 4421 3483
f 1174 132 355
f 3114 4422 2325
f 3865 2740 2739
f 1 9 19
f 1588 1576 4145
f 4147 4423 1984
f 3504 4424 3872
f 4149 3876 1979
f 4326 2376 1984
f 1986 3515 1271
f 4327 4425 3888
f 4160 3893 3545
f 4329 3175 2804
f 4163 4426 2822
f 3557 4427 3897
f 3898 4331 2453
f 4333 2823 2822
f 2471 1347 1673
f 4170 3589 818
f 3914 4428 4336
f 823 4429 4430
f 4337 3602 823
f 3604 4338 4431
f 4187 4432 3623
f 3620 4433 3943
f 4341 4433 3620
f 4195 3950 3620
f 4204 4344 3620
f 4346 4434 3628
f 4435 4349 4436
f 4349 4437 4347
f 4349 4435 4437
f 4438 4439 4348
f 2539 4440 4439
f 4210 3962 2539
f 4352 4441 3625
f 4441 3966 3625
f 3625 4342 4211
f 4354 4442 3247
f 4442 4443 3247
f 4357 4355 3247
f 4219 4217 3247
f 3247 4444 4445
f 4359 4444 3247
f 4222 4360 3247
f 3970 4446 4447
f 3970 4448 4449
f 3970 4450 4451
f 3970 4452 4453
f 3970 4363 4454
f 4365 4223 3970
f 3970 4455 4456
f 4369 4366 3970
f 4367 4455 3970
f 4371 4457 3970
f 4457 4458 3970
f 3970 4459 4460
f 4373 4461 3970
f 3250 4462 4463
f 4375 4464 3250
f 4464 4465 3250
f 3250 4466 4376
f 4377 4374 3250
f 4381 4378 3250
f 4379 4466 3250
f 3250 4382 4467
f 4230 4468 4228
f 4228 2542 4385
f 4234 4231 2542
f 4237 3980 2542
f 4228 4469 4386
f 1404 3982 4387
f 2913 4386 4470
f 4389 3988 3673
f 4242 4471 2940
f 3672 4472 3995
f 3996 4473 2561
f 4245 3682 826
f 4247 4256 4008
f 4250 4474 4248
f 4248 2593 3686
f 4248 4475 4261
f 2209 3694 4395
f 4397 4017 3702
f 4026 4024 1426
f 4268 4476 3705
f 3706 4477 4028
f 3705 4478 4271
f 3705 4479 4273
f 4277 4480 4275
f 4275 2220 4042
f 2220 4275 2223
f 4401 4481 4053
f 3365 4400 4288
f 4070 4290 4067
f 4067 4482 4404
f 4293 4483 1800
f 4292 4484 4293
f 3767 3764 1800
f 4485 4405 4080
f 4485 1800 4483
f 4297 4486 4080
f 843 222 1119
f 3809 1833 4408
f 4301 4487 1833
f 4412 4409 3803
f 4410 4099 3803
f 3803 4488 4489
f 3065 4490 4414
f 4491 3822 2669
f 4491 1125 4415
f 4310 4492 2678
f 3823 4493 4117
f 4313 3825 1846
f 3471 4494 3847
f 4420 4495 4124
f 3483 4419 4322
f 2729 2330 977
f 23 472 1262
f 4152 4496 3515
f 3515 4497 1271
f 1319 526 3888
f 2802 1663 1656
f 4498 4162 2804
f 4498 1326 4156
f 4332 4330 2453
f 2162 818 3588
f 3605 3604 2167
f 823 4174 4429
f 4499 3242 2536
f 4499 823 4500
f 4432 3928 3623
f 4340 4501 3628
f 3943 4502 4188
f 4434 4205 3628
f 4436 4503 4435
f 4439 4438 2539
f 4348 4347 4438
f 4443 4504 3247
f 4445 3248 3247
f 4361 4505 3247
f 4449 4446 3970
f 4447 3971 3970
f 4453 4450 3970
f 4451 4448 3970
f 4454 4452 3970
f 4456 4364 3970
f 4458 4506 3970
f 3970 4507 4459
f 4460 4370 3970
f 4461 4508 3970
f 4509 3247 4510
f 4463 4511 3250
f 4511 4512 3250
f 4465 4462 3250
f 4385 4383 4228
f 4228 4513 4469
f 4388 4514 1404
f 4387 4515 4388
f 4470 3662 2913
f 4516 3278 1772
f 4516 1404 4514
f 4241 3664 1772
f 4473 4390 2561
f 4244 4517 3676
f 1108 826 3681
f 3686 4393 4248
f 4394 4253 2593
f 4248 4518 4475
f 4396 4519 2209
f 4395 4520 4396
f 4521 4027 1426
f 4521 2209 4519
f 4271 2993 3337
f 4398 4522 3705
f 4042 4399 4275
f 4275 4523 2223
f 3365 2610 4053
f 4402 4524 3365
f 4067 4525 4482
f 4483 4526 4485
f 4486 4296 4080
f 4408 4527 3809
f 4487 3799 1833
f 4413 4488 3803
f 4415 4528 4491
f 4311 4418 1846
f 3847 1457 1853
f 3483 1454 4124
f 4421 4529 3483
f 724 717 3492
f 1271 198 1986
f 4154 2439 2438
f 4156 4530 4498
f 1366 1334 3570
f 4430 4500 823
f 4429 4531 4430
f 4431 4176 3604
f 4500 4532 4499
f 3931 4186 2536
f 4345 4202 3620
f 4505 4220 3247
f 4506 4368 3970
f 4508 4507 3970
f 4510 4533 4509
f 3653 3250 4512
f 4467 4380 3250
f 4228 4534 4513
f 4514 4535 4516
f 2588 829 1407
f 4248 4536 4518
f 4519 4537 4521
f 4522 4478 3705
f 4524 4066 3365
f 3038 2622 2616
f 4080 1800 4485
f 4489 4411 3803
f 2669 1125 4491
f 4529 3857 3483
f 1993 1595 120
f 4158 3561 3545
f 3213 4538 2500
f 4350 4440 2539
f 3247 4504 4539
f 4509 3976 3250
f 4533 4540 4509
f 4512 4541 3653
f 4386 2913 2542
f 1772 1404 4516
f 3293 2952 2561
f 4261 2212 2593
f 1426 2209 4521
f 2223 549 2220
f 4403 4542 4067
f 4417 4118 3443
f 4318 2704 2703
f 3524 1989 1979
f 2536 823 4499
f 2539 4438 4372
f 4540 4543 4509
f 4474 4544 4248
f 4527 3810 3809
f 3827 2277 1846
f 2804 1326 4498
f 4438 4545 4372
f 4541 3654 3653
f 4480 4546 4275
f 4103 845 3803
f 4539 4510 3247
f 4468 4547 4228
f 4372 3970 2539
f 3250 3247 4509
f 4145 4548 4549
f 4550 4551 4548
f 4548 4145 4550
f 4145 4325 4552
f 4552 4553 4145
f 4553 4550 4145
f 4549 3871 4145
f 4550 4554 4555
f 4555 4551 4550
f 3132 3131 4556
f 4557 3503 3132
f 3503 4557 4558
f 3871 4549 4559
f 4559 4560 3871
f 4556 3131 3871
f 4549 4548 4561
f 4561 4548 4551
f 4551 4555 4561
f 4561 4559 4549
f 4560 4556 3871
f 4558 4146 3503
f 3132 4562 4557
f 4556 4562 3132
f 3496 4144 4563
f 4564 4143 3496
f 4563 4144 3495
f 4325 4565 4566
f 4566 4552 4325
f 4143 4564 4565
f 4552 4566 4567
f 4567 4554 4550
f 4550 4553 4567
f 4567 4553 4552
f 4325 4143 4565
f 3495 4568 4563
f 3496 4569 4564
f 4563 4569 3496
f 4570 4560 4559
f 4559 4561 4570
f 4570 4567 4566
f 4555 4554 4567
f 4567 4570 4555
f 4566 4565 4570
f 4561 4555 4570
f 1984 4571 4572
f 4573 4574 4571
f 4571 1984 4573
f 1984 4423 4575
f 4575 4576 1984
f 4576 4573 1984
f 4572 4151 1984
f 4573 4577 4578
f 4578 4574 4573
f 4579 3514 3513
f 4580 3883 3514
f 3883 4580 4581
f 4151 4572 4582
f 4582 4583 4151
f 4584 3513 4151
f 4572 4571 4585
f 4571 4574 4578
f 4578 4585 4571
f 4585 4582 4572
f 4583 4584 4151
f 4581 4326 3883
f 3514 4579 4580
f 3513 4584 4579
f 4586 4587 3872
f 4588 4147 3872
f 4586 4424 3504
f 4423 4589 4590
f 4423 4588 4589
f 4590 4575 4423
f 4590 4591 4576
f 4591 4577 4573
f 4573 4576 4591
f 4576 4575 4590
f 4423 4147 4588
f 3504 4592 4586
f 3872 4587 4588
f 3872 4424 4586
f 4593 4583 4582
f 4582 4585 4593
f 4593 4591 4590
f 4578 4577 4591
f 4591 4593 4578
f 4590 4589 4593
f 4585 4578 4593
f 3515 4594 4595
f 4596 4597 4594
f 4594 3515 4596
f 3515 4496 4598
f 4598 4599 3515
f 4599 4596 3515
f 4595 4497 3515
f 4596 4600 4601
f 4601 4597 4596
f 4602 4603 1272
f 4604 1593 1272
f 1593 4604 4605
f 4497 4595 4606
f 4606 4607 4497
f 4602 1271 4497
f 4606 4595 4594
f 4594 4597 4601
f 4601 4608 4594
f 4594 4608 4606
f 4607 4602 4497
f 4605 1994 1593
f 1272 4603 4604
f 1272 1271 4602
f 4609 4610 3517
f 4152 3517 4610
f 4609 3516 3884
f 4496 4611 4612
f 4612 4598 4496
f 4152 4613 4611
f 4598 4612 4614
f 4614 4600 4596
f 4596 4599 4614
f 4614 4599 4598
f 4496 4152 4611
f 3884 4615 4609
f 4610 4613 4152
f 3517 3516 4609
f 4616 4607 4606
f 4606 4608 4616
f 4616 4614 4612
f 4601 4600 4614
f 4614 4616 4601
f 4612 4611 4616
f 4608 4601 4616
f 4498 4617 4618
f 4619 4620 4617
f 4617 4498 4619
f 4498 4530 4621
f 4621 4622 4498
f 4622 4619 4498
f 4618 4162 4498
f 4619 4623 4624
f 4624 4620 4619
f 4625 3556 3555
f 4625 4626 3896
f 3896 4626 4627
f 4162 4618 4628
f 4628 4629 4162
f 4630 3555 4162
f 4618 4617 4631
f 4631 4617 4620
f 4620 4624 4631
f 4631 4628 4618
f 4629 4630 4162
f 4627 4329 3896
f 3896 3556 4625
f 3555 4630 4625
f 4632 3542 4157
f 4633 4156 3542
f 4634 4157 3541
f 4530 4635 4636
f 4530 4633 4635
f 4636 4621 4530
f 4621 4636 4637
f 4637 4623 4619
f 4619 4622 4637
f 4637 4622 4621
f 4530 4156 4633
f 3541 4638 4634
f 3542 4632 4633
f 4157 4634 4632
f 4639 4629 4628
f 4628 4631 4639
f 4639 4637 4636
f 4624 4623 4637
f 4637 4639 4624
f 4636 4635 4639
f 4631 4624 4639
f 3537 3149 4640
f 4640 4641 3537
f 3537 4642 4643
f 4644 4645 4642
f 4642 3537 4644
f 4643 4328 3537
f 4641 4644 3537
f 4644 4646 4647
f 4647 4645 4644
f 4648 3534 3891
f 4649 3536 3534
f 4650 3891 3535
f 3149 4651 4652
f 3149 4649 4651
f 4652 4640 3149
f 4640 4652 4653
f 4653 4646 4644
f 4644 4641 4653
f 4653 4641 4640
f 3149 3536 4649
f 3535 4654 4650
f 3534 4648 4649
f 3891 4650 4648
f 4655 3892 4155
f 4655 4656 2802
f 2802 4656 4657
f 4328 4643 4658
f 4658 4659 4328
f 4660 4155 4328
f 4658 4643 4642
f 4661 4642 4645
f 4645 4647 4661
f 4642 4661 4658
f 4659 4660 4328
f 4657 2803 2802
f 2802 3892 4655
f 4155 4660 4655
f 4662 4653 4652
f 4647 4646 4653
f 4653 4662 4647
f 4662 4659 4658
f 4658 4661 4662
f 4661 4647 4662
f 4652 4651 4662
f 1638 4663 4664
f 4665 4666 4663
f 4663 1638 4665
f 1638 3886 4667
f 4667 4668 1638
f 4668 4665 1638
f 4664 3887 1638
f 4665 4669 4670
f 4670 4666 4665
f 4671 2052 2051
f 4672 2421 2052
f 2421 4672 4673
f 3887 4664 4674
f 4674 4675 3887
f 4676 2051 3887
f 4664 4663 4677
f 4677 4663 4666
f 4666 4670 4677
f 4677 4674 4664
f 4675 4676 3887
f 4673 2789 2421
f 2052 4671 4672
f 2051 4676 4671
f 4678 1640 1639
f 2414 1640 4678
f 4679 1639 2037
f 3886 4680 4681
f 3886 4682 4680
f 4681 4667 3886
f 4667 4681 4683
f 4683 4669 4665
f 4665 4668 4683
f 4683 4668 4667
f 3886 2414 4682
f 2037 4684 4679
f 4678 4682 2414
f 1639 4679 4678
f 4685 4675 4674
f 4674 4677 4685
f 4685 4683 4681
f 4670 4669 4683
f 4683 4685 4670
f 4681 4680 4685
f 4677 4670 4685
f 3888 4425 4686
f 4686 4687 3888
f 3888 4688 4689
f 4690 4691 4688
f 4688 3888 4690
f 4689 2058 3888
f 4687 4690 3888
f 4690 4692 4693
f 4693 4691 4690
f 4694 4153 3889
f 4695 4327 4153
f 4696 3889 3531
f 4425 4697 4698
f 4425 4695 4697
f 4698 4686 4425
f 4698 4699 4687
f 4699 4692 4690
f 4690 4687 4699
f 4687 4686 4698
f 4425 4327 4695
f 3531 4700 4696
f 4153 4694 4695
f 3889 4696 4694
f 4701 4702 1325
f 4703 1655 1325
f 1655 4703 4704
f 2058 4689 4705
f 4705 4706 2058
f 4701 1324 2058
f 4705 4689 4688
f 4688 4691 4693
f 4693 4707 4688
f 4688 4707 4705
f 4706 4701 2058
f 4704 2429 1655
f 1325 4702 4703
f 1325 1324 4701
f 4708 4699 4698
f 4693 4692 4699
f 4699 4708 4693
f 4708 4706 4705
f 4705 4707 4708
f 4707 4693 4708
f 4698 4697 4708
f 3527 4709 4710
f 4711 4712 4709
f 4709 3527 4711
f 3527 3885 4713
f 4713 4714 3527
f 4714 4711 3527
f 4710 3144 3527
f 4711 4715 4716
f 4716 4712 4711
f 4717 2402 2401
f 4718 2782 2402
f 2782 4718 4719
f 4720 3144 4710
f 4720 2401 3144
f 4710 4721 4720
f 4710 4709 4722
f 4709 4712 4716
f 4716 4722 4709
f 4722 4721 4710
f 4720 4723 2401
f 4719 3528 2782
f 2402 4717 4718
f 2401 4723 4717
f 4724 2398 3143
f 2398 4724 4725
f 4726 3143 2397
f 3885 4727 4728
f 3885 4725 4727
f 4728 4713 3885
f 4728 4729 4714
f 4729 4715 4711
f 4711 4714 4729
f 4714 4713 4728
f 3885 3142 4725
f 2397 4730 4726
f 4725 3142 2398
f 3143 4726 4724
f 4731 4720 4721
f 4721 4722 4731
f 4731 4729 4728
f 4716 4715 4729
f 4729 4731 4716
f 4728 4727 4731
f 4722 4716 4731
f 1049 3529 4732
f 4732 4733 1049
f 1049 4734 4735
f 4736 4737 4734
f 4734 1049 4736
f 4735 1637 1049
f 4733 4736 1049
f 4736 4738 4739
f 4739 4737 4736
f 4740 2403 3530
f 4741 2783 2403
f 4742 3530 2022
f 3529 4743 4744
f 4744 4732 3529
f 2783 4741 4743
f 4744 4745 4733
f 4745 4738 4736
f 4736 4733 4745
f 4733 4732 4744
f 3529 2783 4743
f 2022 4746 4742
f 2403 4740 4741
f 3530 4742 4740
f 4747 1052 1051
f 4747 4748 1300
f 1300 4748 4749
f 1637 4735 4750
f 4751 1051 1637
f 4750 4751 1637
f 4735 4734 4752
f 4752 4734 4737
f 4737 4739 4752
f 4752 4750 4735
f 4751 4753 1051
f 4749 2036 1300
f 1300 1052 4747
f 1051 4753 4747
f 4754 4745 4744
f 4739 4738 4745
f 4745 4754 4739
f 4754 4751 4750
f 4750 4752 4754
f 4752 4739 4754
f 4744 4743 4754
f 1025 1278 4755
f 4755 4756 1025
f 1025 4757 4758
f 4759 4760 4757
f 4757 1025 4759
f 4758 3526 1025
f 4756 4759 1025
f 4759 4761 4762
f 4762 4760 4759
f 1601 1998 4763
f 1603 1601 4764
f 4763 1998 1602
f 1278 4765 4766
f 1278 4767 4765
f 4766 4755 1278
f 4755 4766 4768
f 4768 4761 4759
f 4759 4756 4768
f 4768 4756 4755
f 1278 1603 4767
f 1602 4769 4763
f 4764 4767 1603
f 4763 4764 1601
f 4770 2779 3141
f 4771 2010 2779
f 2010 4771 4772
f 3526 4758 4773
f 4773 4774 3526
f 4775 3141 3526
f 4758 4757 4776
f 4757 4760 4762
f 4762 4776 4757
f 4776 4773 4758
f 4774 4775 3526
f 4772 2011 2010
f 2779 4770 4771
f 3141 4775 4770
f 4777 4768 4766
f 4762 4761 4768
f 4768 4777 4762
f 4777 4774 4773
f 4773 4776 4777
f 4776 4762 4777
f 4766 4765 4777
f 1594 2777 4778
f 4778 4779 1594
f 1594 4780 4781
f 4782 4783 4780
f 4780 1594 4782
f 4781 2389 1594
f 4779 4782 1594
f 4782 4784 4785
f 4785 4783 4782
f 1995 1595 4786
f 2390 1995 4787
f 4786 1595 1993
f 2777 4788 4789
f 2777 4790 4788
f 4789 4778 2777
f 4789 4791 4779
f 4791 4784 4782
f 4782 4779 4791
f 4779 4778 4789
f 2777 2390 4790
f 1993 4792 4786
f 4787 4790 2390
f 4786 4787 1995
f 1600 1599 4793
f 4794 1997 1600
f 1997 4794 4795
f 2389 4781 4796
f 4796 4797 2389
f 4793 1599 2389
f 4796 4781 4780
f 4780 4783 4785
f 4785 4798 4780
f 4780 4798 4796
f 4797 4793 2389
f 4795 2778 1997
f 1600 4799 4794
f 4793 4799 1600
f 4800 4791 4789
f 4785 4784 4791
f 4791 4800 4785
f 4800 4797 4796
f 4796 4798 4800
f 4798 4785 4800
f 4789 4788 4800
f 2822 4801 4802
f 4803 4804 4801
f 4801 2822 4803
f 2822 4426 4805
f 4805 4806 2822
f 4806 4803 2822
f 4802 4164 2822
f 4803 4807 4808
f 4808 4804 4803
f 4809 3566 3565
f 3566 4809 4810
f 3901 4810 4811
f 4164 4802 4812
f 4812 4813 4164
f 4814 3565 4164
f 4812 4802 4801
f 4801 4804 4808
f 4808 4815 4801
f 4801 4815 4812
f 4813 4814 4164
f 4811 4333 3901
f 4810 3901 3566
f 3565 4814 4809
f 4816 3897 4427
f 4817 4163 3897
f 4818 4427 3557
f 4426 4819 4820
f 4426 4817 4819
f 4820 4805 4426
f 4805 4820 4821
f 4821 4807 4803
f 4803 4806 4821
f 4821 4806 4805
f 4426 4163 4817
f 3557 4822 4818
f 3897 4816 4817
f 4427 4818 4816
f 4823 4813 4812
f 4812 4815 4823
f 4823 4821 4820
f 4808 4807 4821
f 4821 4823 4808
f 4820 4819 4823
f 4815 4808 4823
f 1671 4824 4825
f 4826 4827 4824
f 4824 1671 4826
f 1671 1331 4828
f 4828 4829 1671
f 4829 4826 1671
f 4825 4165 1671
f 4826 4830 4831
f 4831 4827 4826
f 4832 2472 2471
f 2472 4832 4833
f 2833 4833 4834
f 4835 4165 4825
f 4835 2471 4165
f 4825 4836 4835
f 4825 4824 4837
f 4837 4824 4827
f 4827 4831 4837
f 4837 4836 4825
f 4835 4838 2471
f 4834 3200 2833
f 4833 2833 2472
f 2471 4838 4832
f 2092 4839 4840
f 1670 1668 4840
f 4839 2092 1669
f 1331 4841 4842
f 1331 4843 4841
f 4842 4828 1331
f 4828 4842 4844
f 4844 4830 4826
f 4826 4829 4844
f 4844 4829 4828
f 1331 1670 4843
f 1669 4845 4839
f 4840 4843 1670
f 4840 1668 2092
f 4846 4835 4836
f 4836 4837 4846
f 4846 4844 4842
f 4831 4830 4844
f 4844 4846 4831
f 4842 4841 4846
f 4837 4831 4846
f 3570 4847 4848
f 4849 4850 4847
f 4847 3570 4849
f 3570 4334 4851
f 4851 4852 3570
f 4852 4849 3570
f 4848 2473 3570
f 4849 4853 4854
f 4854 4850 4849
f 4855 1704 1703
f 2114 1704 4855
f 2114 4856 4857
f 2473 4848 4858
f 4859 1703 2473
f 4858 4859 2473
f 4848 4847 4860
f 4860 4847 4850
f 4850 4854 4860
f 4860 4858 4848
f 4859 4861 1703
f 4857 2834 2114
f 4855 4856 2114
f 1703 4861 4855
f 4862 3904 3571
f 3904 4862 4863
f 4864 3571 3903
f 4334 4865 4866
f 4866 4851 4334
f 4166 4863 4865
f 4851 4866 4867
f 4867 4853 4849
f 4849 4852 4867
f 4867 4852 4851
f 4334 4166 4865
f 3903 4868 4864
f 4863 4166 3904
f 3571 4864 4862
f 4869 4859 4858
f 4858 4860 4869
f 4869 4867 4866
f 4854 4853 4867
f 4867 4869 4854
f 4866 4865 4869
f 4860 4854 4869
f 1708 4870 4871
f 4872 4873 4870
f 4870 1708 4872
f 1708 1369 4874
f 4874 4875 1708
f 4875 4872 1708
f 4871 3572 1708
f 4872 4876 4877
f 4877 4873 4872
f 4878 2835 3201
f 4878 4879 2128
f 2128 4879 4880
f 4881 3572 4871
f 4881 3201 3572
f 4871 4882 4881
f 4882 4871 4870
f 4870 4873 4877
f 4877 4883 4870
f 4870 4883 4882
f 4881 4884 3201
f 4880 2129 2128
f 2128 2835 4878
f 3201 4884 4878
f 4885 4886 1705
f 4887 1707 1705
f 4885 2115 1706
f 1369 4888 4889
f 1369 4887 4888
f 4889 4874 1369
f 4889 4890 4875
f 4890 4876 4872
f 4872 4875 4890
f 4875 4874 4889
f 1369 1707 4887
f 1706 4891 4885
f 1705 4886 4887
f 1705 2115 4885
f 4892 4881 4882
f 4882 4883 4892
f 4892 4890 4889
f 4877 4876 4890
f 4890 4892 4877
f 4889 4888 4892
f 4883 4877 4892
f 3575 4893 4894
f 4895 4896 4893
f 4893 3575 4895
f 3575 3905 4897
f 4897 4898 3575
f 4898 4895 3575
f 4894 2489 3575
f 4895 4899 4900
f 4900 4896 4895
f 4901 1726 1725
f 4902 2136 1726
f 2136 4902 4903
f 2489 4894 4904
f 4904 4905 2489
f 4906 1725 2489
f 4894 4893 4907
f 4907 4893 4896
f 4896 4900 4907
f 4907 4904 4894
f 4905 4906 2489
f 4903 2844 2136
f 1726 4901 4902
f 1725 4906 4901
f 4908 2837 3574
f 3573 2837 4908
f 4909 3574 2836
f 3905 4910 4911
f 3905 4912 4910
f 4911 4897 3905
f 4911 4913 4898
f 4913 4899 4895
f 4895 4898 4913
f 4898 4897 4911
f 3905 3573 4912
f 2836 4914 4909
f 4908 4912 3573
f 3574 4909 4908
f 4915 4905 4904
f 4904 4907 4915
f 4915 4913 4911
f 4900 4899 4913
f 4913 4915 4900
f 4911 4910 4915
f 4907 4900 4915
f 2495 4916 4917
f 4918 4919 4916
f 4916 2495 4918
f 2495 4167 4920
f 4920 4921 2495
f 4921 4918 2495
f 4917 3212 2495
f 4918 4922 4923
f 4923 4919 4918
f 4924 2499 2498
f 4925 2853 2499
f 2853 4925 4926
f 3212 4917 4927
f 4927 4928 3212
f 4929 2498 3212
f 4927 4917 4916
f 4916 4919 4923
f 4923 4930 4916
f 4916 4930 4927
f 4928 4929 3212
f 4926 3587 2853
f 2499 4924 4925
f 2498 4929 4924
f 4168 4931 4932
f 4933 3576 3202
f 4931 4168 2845
f 4934 4935 4920
f 4920 4167 4934
f 3576 4933 4934
f 4920 4935 4936
f 4936 4922 4918
f 4918 4921 4936
f 4936 4921 4920
f 4167 3576 4934
f 2845 4937 4931
f 3202 4932 4933
f 4932 3202 4168
f 4938 4928 4927
f 4927 4930 4938
f 4938 4936 4935
f 4923 4922 4936
f 4936 4938 4923
f 4935 4934 4938
f 4930 4923 4938
f 2500 4939 4940
f 4941 4942 4939
f 4939 2500 4941
f 2500 4538 4943
f 4943 4944 2500
f 4944 4941 2500
f 4940 4169 2500
f 4941 4945 4946
f 4946 4942 4941
f 4947 2161 2160
f 2161 4947 4948
f 2515 4948 4949
f 4169 4940 4950
f 4950 4951 4169
f 4952 2160 4169
f 4950 4940 4939
f 4953 4939 4942
f 4942 4946 4953
f 4939 4953 4950
f 4951 4952 4169
f 4949 2869 2515
f 4948 2515 2161
f 2160 4952 4947
f 4954 2502 2501
f 4955 3213 2502
f 4956 2501 2854
f 4538 4957 4958
f 4538 4955 4957
f 4958 4943 4538
f 4943 4958 4959
f 4959 4945 4941
f 4941 4944 4959
f 4959 4944 4943
f 4538 3213 4955
f 2854 4960 4956
f 2502 4954 4955
f 2501 4956 4954
f 4961 4951 4950
f 4950 4953 4961
f 4961 4959 4958
f 4946 4945 4959
f 4959 4961 4946
f 4958 4957 4961
f 4953 4946 4961
f 3588 4962 4963
f 4964 4965 4962
f 4962 3588 4964
f 3588 4335 4966
f 4966 4967 3588
f 4967 4964 3588
f 4963 2880 3588
f 4964 4968 4969
f 4969 4965 4964
f 4970 2166 2165
f 2529 2166 4970
f 2529 4971 4972
f 2880 4963 4973
f 4973 4974 2880
f 4975 2165 2880
f 4973 4963 4962
f 4962 4965 4969
f 4969 4976 4962
f 4962 4976 4973
f 4974 4975 2880
f 4972 3227 2529
f 4970 4971 2529
f 2165 4975 4970
f 4977 3908 3589
f 4978 4171 3908
f 4979 3589 4170
f 4335 4980 4981
f 4335 4978 4980
f 4981 4966 4335
f 4966 4981 4982
f 4982 4968 4964
f 4964 4967 4982
f 4982 4967 4966
f 4335 4171 4978
f 4170 4983 4979
f 3908 4977 4978
f 3589 4979 4977
f 4984 4974 4973
f 4973 4976 4984
f 4984 4982 4981
f 4969 4968 4982
f 4982 4984 4969
f 4981 4980 4984
f 4976 4969 4984
f 2940 4985 4986
f 4987 4988 4985
f 4985 2940 4987
f 2940 4471 4989
f 4989 4990 2940
f 4990 4987 2940
f 4986 3675 2940
f 4987 4991 4992
f 4992 4988 4987
f 4993 2943 2942
f 4994 3286 2943
f 3286 4994 4995
f 4996 3675 4986
f 4996 2942 3675
f 4986 4997 4996
f 4997 4986 4985
f 4985 4988 4992
f 4992 4998 4985
f 4985 4998 4997
f 4996 4999 2942
f 4995 4003 3286
f 2943 4993 4994
f 2942 4999 4993
f 4472 5000 5001
f 5002 4242 3995
f 5000 4472 3672
f 5003 5004 4989
f 4989 4471 5003
f 4242 5002 5003
f 5004 5005 4990
f 5005 4991 4987
f 4987 4990 5005
f 4990 4989 5004
f 4471 4242 5003
f 3672 5006 5000
f 3995 5001 5002
f 5001 3995 4472
f 5007 4996 4997
f 4997 4998 5007
f 5007 5005 5004
f 4992 4991 5005
f 5005 5007 4992
f 5004 5003 5007
f 4998 4992 5007
f 4516 4535 5008
f 5008 5009 4516
f 4516 5010 5011
f 5012 5013 5010
f 5010 4516 5012
f 5011 3278 4516
f 5009 5012 4516
f 5012 5014 5015
f 5015 5013 5012
f 4388 4515 5016
f 5017 4514 4388
f 5016 4515 4387
f 4535 5018 5019
f 4535 5017 5018
f 5019 5008 4535
f 5019 5020 5009
f 5020 5014 5012
f 5012 5009 5020
f 5009 5008 5019
f 4535 4514 5017
f 4387 5021 5016
f 4388 5022 5017
f 5016 5022 4388
f 2559 5023 5024
f 5025 2927 2560
f 2927 5025 5026
f 3278 5011 5027
f 5027 5028 3278
f 5023 2559 3278
f 5011 5010 5029
f 5010 5013 5015
f 5015 5029 5010
f 5029 5027 5011
f 5028 5023 3278
f 5026 3671 2927
f 2560 5024 5025
f 5024 2560 2559
f 5030 5020 5019
f 5015 5014 5020
f 5020 5030 5015
f 5030 5028 5027
f 5027 5029 5030
f 5029 5015 5030
f 5019 5018 5030
f 4228 4547 5031
f 5031 5032 4228
f 4228 5033 5034
f 5035 5036 5033
f 5033 4228 5035
f 5034 4534 4228
f 5032 5035 4228
f 5035 5037 5038
f 5038 5036 5035
f 5039 4230 4229
f 5040 4468 4230
f 5041 4229 4383
f 4547 5042 5043
f 4547 5040 5042
f 5043 5031 4547
f 5043 5044 5032
f 5044 5037 5035
f 5035 5032 5044
f 5032 5031 5043
f 4547 4468 5040
f 4383 5045 5041
f 4230 5039 5040
f 4229 5041 5039
f 5046 4469 4513
f 5047 4386 4469
f 4386 5047 5048
f 4534 5034 5049
f 5049 5050 4534
f 5051 4513 4534
f 5049 5034 5033
f 5052 5033 5036
f 5036 5038 5052
f 5033 5052 5049
f 5050 5051 4534
f 5048 4470 4386
f 4469 5046 5047
f 4513 5051 5046
f 5053 5044 5043
f 5038 5037 5044
f 5044 5053 5038
f 5053 5050 5049
f 5049 5052 5053
f 5052 5038 5053
f 5043 5042 5053
f 4509 4543 5054
f 5054 5055 4509
f 4509 5056 5057
f 5058 5059 5056
f 5056 4509 5058
f 5057 3976 4509
f 5055 5058 4509
f 5058 5060 5061
f 5061 5059 5058
f 5062 4533 4510
f 4540 4533 5062
f 5063 4510 4539
f 4543 5064 5065
f 4543 5066 5064
f 5065 5054 4543
f 5065 5067 5055
f 5067 5060 5058
f 5058 5055 5067
f 5055 5054 5065
f 4543 4540 5066
f 4539 5068 5063
f 5062 5066 4540
f 4510 5063 5062
f 3254 3253 5069
f 3254 5070 5071
f 3649 5071 5072
f 3976 5057 5073
f 5073 5074 3976
f 5069 3253 3976
f 5073 5057 5056
f 5056 5059 5061
f 5061 5075 5056
f 5056 5075 5073
f 5074 5069 3976
f 5072 4227 3649
f 5071 3649 3254
f 5069 5070 3254
f 5076 5067 5065
f 5061 5060 5067
f 5067 5076 5061
f 5076 5074 5073
f 5073 5075 5076
f 5075 5061 5076
f 5065 5064 5076
f 3914 5077 5078
f 5079 5080 5077
f 5077 3914 5079
f 3914 3593 5081
f 5081 5082 3914
f 5082 5079 3914
f 5078 4428 3914
f 5079 5083 5084
f 5084 5080 5079
f 5085 4173 4336
f 5085 5086 3605
f 3605 5086 5087
f 4428 5078 5088
f 5088 5089 4428
f 5090 4336 4428
f 5078 5077 5091
f 5091 5077 5080
f 5080 5084 5091
f 5091 5088 5078
f 5089 5090 4428
f 5087 3606 3605
f 3605 4173 5085
f 4336 5090 5085
f 3910 4172 5092
f 3910 5093 5094
f 5092 4172 3911
f 3593 5095 5096
f 3593 5094 5095
f 5096 5081 3593
f 5081 5096 5097
f 5097 5083 5079
f 5079 5082 5097
f 5097 5082 5081
f 3593 3912 5094
f 3911 5098 5092
f 5094 3912 3910
f 5092 5093 3910
f 5099 5089 5088
f 5088 5091 5099
f 5099 5097 5096
f 5084 5083 5097
f 5097 5099 5084
f 5096 5095 5099
f 5091 5084 5099
f 4499 5100 5101
f 5102 5103 5100
f 5100 4499 5102
f 4499 4532 5104
f 5104 5105 4499
f 5105 5102 4499
f 5101 3242 4499
f 5102 5106 5107
f 5107 5103 5102
f 2538 2537 5108
f 5109 2900 2538
f 2900 5109 5110
f 5111 3242 5101
f 5111 2537 3242
f 5101 5112 5111
f 5112 5101 5100
f 5100 5103 5107
f 5107 5113 5100
f 5100 5113 5112
f 5111 5108 2537
f 5110 3619 2900
f 2538 5114 5109
f 5108 5114 2538
f 4531 5115 5116
f 4500 4430 5116
f 5115 4531 4429
f 5117 5118 5104
f 5104 4532 5117
f 4500 5119 5117
f 5118 5120 5105
f 5120 5106 5102
f 5102 5105 5120
f 5105 5104 5118
f 4532 4500 5117
f 4429 5121 5115
f 5116 5119 4500
f 5116 4430 4531
f 5122 5111 5112
f 5112 5113 5122
f 5122 5120 5118
f 5107 5106 5120
f 5120 5122 5107
f 5118 5117 5122
f 5113 5107 5122
f 4438 4347 5123
f 5123 5124 4438
f 4438 5125 5126
f 5127 5128 5125
f 5125 4438 5127
f 5126 4545 4438
f 5124 5127 4438
f 5127 5129 5130
f 5130 5128 5127
f 4435 4503 5131
f 4435 5132 5133
f 5131 4503 4436
f 4347 5134 5135
f 4347 5133 5134
f 5135 5123 4347
f 5123 5135 5136
f 5136 5129 5127
f 5127 5124 5136
f 5136 5124 5123
f 4347 4437 5133
f 4436 5137 5131
f 5133 4437 4435
f 5131 5132 4435
f 4372 5138 5139
f 4461 4373 5139
f 4461 5140 5141
f 4545 5126 5142
f 5142 5143 4545
f 5138 4372 4545
f 5142 5126 5125
f 5144 5125 5128
f 5128 5130 5144
f 5125 5144 5142
f 5143 5138 4545
f 5141 4508 4461
f 5139 5140 4461
f 5139 4373 4372
f 5145 5136 5135
f 5130 5129 5136
f 5136 5145 5130
f 5145 5143 5142
f 5142 5144 5145
f 5144 5130 5145
f 5135 5134 5145
f 3628 4501 5146
f 5146 5147 3628
f 3628 5148 5149
f 5150 5151 5148
f 5148 3628 5150
f 5149 4207 3628
f 5147 5150 3628
f 5150 5152 5153
f 5153 5151 5150
f 5154 4188 4502
f 5154 5155 4340
f 5156 4502 3943
f 4501 5157 5158
f 4501 5155 5157
f 5158 5146 4501
f 5158 5159 5147
f 5159 5152 5150
f 5150 5147 5159
f 5147 5146 5158
f 4501 4340 5155
f 3943 5160 5156
f 4340 4188 5154
f 4502 5156 5154
f 3630 3629 5161
f 3630 5162 5163
f 3958 5163 5164
f 4207 5149 5165
f 5165 5166 4207
f 5161 3629 4207
f 5165 5149 5148
f 5148 5151 5153
f 5153 5167 5148
f 5148 5167 5165
f 5166 5161 4207
f 5164 4346 3958
f 5163 3958 3630
f 5161 5162 3630
f 5168 5159 5158
f 5153 5152 5159
f 5159 5168 5153
f 5168 5166 5165
f 5165 5167 5168
f 5167 5153 5168
f 5158 5157 5168
f 3676 5169 5170
f 5171 5172 5169
f 5169 3676 5171
f 3676 4517 5173
f 5173 5174 3676
f 5174 5171 3676
f 5170 4391 3676
f 5171 5175 5176
f 5176 5172 5171
f 2589 2588 5177
f 5178 2957 2589
f 2957 5178 5179
f 4391 5170 5180
f 5180 5181 4391
f 5177 2588 4391
f 5180 5170 5169
f 5182 5169 5172
f 5172 5176 5182
f 5169 5182 5180
f 5181 5177 4391
f 5179 3301 2957
f 2589 5183 5178
f 5177 5183 2589
f 5184 3678 3677
f 5185 4244 3678
f 5186 3677 4004
f 4517 5187 5188
f 5188 5173 4517
f 4244 5185 5187
f 5173 5188 5189
f 5189 5175 5171
f 5171 5174 5189
f 5189 5174 5173
f 4517 4244 5187
f 4004 5190 5186
f 3678 5184 5185
f 3677 5186 5184
f 5191 5181 5180
f 5180 5182 5191
f 5191 5189 5188
f 5176 5175 5189
f 5189 5191 5176
f 5188 5187 5191
f 5182 5176 5191
f 3681 5192 5193
f 5194 5195 5192
f 5192 3681 5194
f 3681 4392 5196
f 5196 5197 3681
f 5197 5194 3681
f 5193 3310 3681
f 5194 5198 5199
f 5199 5195 5194
f 5200 2592 2591
f 5200 5201 2963
f 2963 5201 5202
f 3310 5193 5203
f 5203 5204 3310
f 5205 2591 3310
f 5203 5193 5192
f 5206 5192 5195
f 5195 5199 5206
f 5192 5206 5203
f 5204 5205 3310
f 5202 3684 2963
f 2963 2592 5200
f 2591 5205 5200
f 3682 5207 5208
f 4246 4007 5208
f 5207 3682 4245
f 5209 5210 5196
f 5196 4392 5209
f 4246 5211 5209
f 5210 5212 5197
f 5212 5198 5194
f 5194 5197 5212
f 5197 5196 5210
f 4392 4246 5209
f 4245 5213 5207
f 5208 5211 4246
f 5208 4007 3682
f 5214 5204 5203
f 5203 5206 5214
f 5214 5212 5210
f 5199 5198 5212
f 5212 5214 5199
f 5210 5209 5214
f 5206 5199 5214
f 4248 5215 5216
f 5217 5218 5215
f 5215 4248 5217
f 4248 4544 5219
f 5219 5220 4248
f 5220 5217 4248
f 5216 4536 4248
f 5217 5221 5222
f 5222 5218 5217
f 5223 4475 4518
f 5224 4261 4475
f 4261 5224 5225
f 4536 5216 5226
f 5226 5227 4536
f 5228 4518 4536
f 5226 5216 5215
f 5215 5218 5222
f 5222 5229 5215
f 5215 5229 5226
f 5227 5228 4536
f 5225 4262 4261
f 4475 5223 5224
f 4518 5228 5223
f 4250 4249 5230
f 5231 4474 4250
f 5230 4249 4393
f 4544 5232 5233
f 4544 5231 5232
f 5233 5219 4544
f 5219 5233 5234
f 5234 5221 5217
f 5217 5220 5234
f 5234 5220 5219
f 4544 4474 5231
f 4393 5235 5230
f 4250 5236 5231
f 5230 5236 4250
f 5237 5227 5226
f 5226 5229 5237
f 5237 5234 5233
f 5222 5221 5234
f 5234 5237 5222
f 5233 5232 5237
f 5229 5222 5237
f 4521 5238 5239
f 5240 5241 5238
f 5238 4521 5240
f 4521 4537 5242
f 5242 5243 4521
f 5243 5240 4521
f 5239 4027 4521
f 5240 5244 5245
f 5245 5241 5240
f 3335 5246 5247
f 5248 3704 3336
f 3704 5248 5249
f 5250 4027 5239
f 5250 3335 4027
f 5239 5251 5250
f 5251 5239 5238
f 5252 5238 5241
f 5241 5245 5252
f 5238 5252 5251
f 5250 5246 3335
f 5249 4267 3704
f 3336 5247 5248
f 5247 3336 3335
f 5253 5254 4396
f 5255 4519 4396
f 5253 4520 4395
f 4537 5256 5257
f 4537 5255 5256
f 5257 5242 4537
f 5257 5258 5243
f 5258 5244 5240
f 5240 5243 5258
f 5243 5242 5257
f 4537 4519 5255
f 4395 5259 5253
f 4396 5254 5255
f 4396 4520 5253
f 5260 5250 5251
f 5251 5252 5260
f 5260 5258 5257
f 5245 5244 5258
f 5258 5260 5245
f 5257 5256 5260
f 5252 5245 5260
f 3705 5261 5262
f 5263 5264 5261
f 5261 3705 5263
f 3705 4476 5265
f 5265 5266 3705
f 5266 5263 3705
f 5262 4479 3705
f 5263 5267 5268
f 5268 5264 5263
f 5269 5270 4274
f 5271 4398 4274
f 4398 5271 5272
f 4479 5262 5273
f 5273 5274 4479
f 5269 4273 4479
f 5273 5262 5261
f 5275 5261 5264
f 5264 5268 5275
f 5261 5275 5273
f 5274 5269 4479
f 5272 4522 4398
f 4274 5270 5271
f 4274 4273 5269
f 4028 4477 5276
f 4028 5277 5278
f 5276 4477 3706
f 4476 5279 5280
f 4476 5278 5279
f 5280 5265 4476
f 5280 5281 5266
f 5266 5281 5267
f 5267 5263 5266
f 5266 5265 5280
f 4476 4268 5278
f 3706 5282 5276
f 5278 4268 4028
f 5276 5277 4028
f 5283 5274 5273
f 5273 5275 5283
f 5283 5281 5280
f 5268 5267 5281
f 5281 5283 5268
f 5280 5279 5283
f 5275 5268 5283
f 4275 5284 5285
f 5286 5287 5284
f 5284 4275 5286
f 4275 4546 5288
f 5288 5289 4275
f 5289 5286 4275
f 5285 4523 4275
f 5286 5290 5291
f 5291 5287 5286
f 5292 2224 2223
f 2615 2224 5292
f 2615 5293 5294
f 5295 4523 5285
f 5285 5296 5295
f 5297 2223 4523
f 5285 5284 5298
f 5298 5284 5287
f 5287 5291 5298
f 5298 5296 5285
f 5295 5297 4523
f 5294 3013 2615
f 5292 5293 2615
f 2223 5297 5292
f 4277 4276 5299
f 5300 4480 4277
f 5299 4276 4399
f 4546 5301 5302
f 4546 5300 5301
f 5302 5288 4546
f 5302 5303 5289
f 5303 5290 5286
f 5286 5289 5303
f 5289 5288 5302
f 4546 4480 5300
f 4399 5304 5299
f 4277 5305 5300
f 5299 5305 4277
f 5306 5295 5296
f 5296 5298 5306
f 5306 5303 5302
f 5291 5290 5303
f 5303 5306 5291
f 5302 5301 5306
f 5298 5291 5306
f 4053 5307 5308
f 5309 5310 5307
f 5307 4053 5309
f 4053 4481 5311
f 5311 5312 4053
f 5312 5309 4053
f 5308 4400 4053
f 5309 5313 5314
f 5314 5310 5309
f 5315 4289 4288
f 5316 4402 4289
f 4402 5316 5317
f 4400 5308 5318
f 5318 5319 4400
f 5320 4288 4400
f 5318 5308 5307
f 5321 5307 5310
f 5310 5314 5321
f 5307 5321 5318
f 5319 5320 4400
f 5317 4524 4402
f 4289 5315 5316
f 4288 5320 5315
f 4049 5322 5323
f 4401 4283 5323
f 5322 4049 3733
f 5324 5325 5311
f 5311 4481 5324
f 4401 5326 5324
f 5311 5325 5327
f 5327 5313 5309
f 5309 5312 5327
f 5327 5312 5311
f 4481 4401 5324
f 3733 5328 5322
f 5323 5326 4401
f 5323 4283 4049
f 5329 5319 5318
f 5318 5321 5329
f 5329 5327 5325
f 5314 5313 5327
f 5327 5329 5314
f 5325 5324 5329
f 5321 5314 5329
f 4067 5330 5331
f 5332 5333 5330
f 5330 4067 5332
f 4067 4542 5334
f 5334 5335 4067
f 5335 5332 4067
f 5331 4525 4067
f 5332 5336 5337
f 5337 5333 5332
f 4482 5338 5339
f 5340 3038 4404
f 3038 5340 5341
f 4525 5331 5342
f 5342 5343 4525
f 5338 4482 4525
f 5342 5331 5330
f 5344 5330 5333
f 5333 5337 5344
f 5330 5344 5342
f 5343 5338 4525
f 5341 3039 3038
f 4404 5339 5340
f 5339 4404 4482
f 4068 5345 5346
f 5347 4403 4069
f 5345 4068 4290
f 4542 5348 5349
f 4542 5347 5348
f 5349 5334 4542
f 5334 5349 5350
f 5350 5336 5332
f 5332 5335 5350
f 5350 5335 5334
f 4542 4403 5347
f 4290 5351 5345
f 4069 5346 5347
f 5346 4069 4068
f 5352 5343 5342
f 5342 5344 5352
f 5352 5350 5349
f 5337 5336 5350
f 5350 5352 5337
f 5349 5348 5352
f 5344 5337 5352
f 2638 5353 5354
f 5355 5356 5353
f 5353 2638 5355
f 2638 4406 5357
f 5357 5358 2638
f 5358 5355 2638
f 5354 4298 2638
f 5355 5359 5360
f 5360 5356 5355
f 5361 844 843
f 5361 5362 1124
f 1124 5362 5363
f 5364 4298 5354
f 5364 843 4298
f 5354 5365 5364
f 5365 5354 5353
f 5366 5353 5356
f 5356 5360 5366
f 5353 5366 5365
f 5364 5367 843
f 5363 1449 1124
f 1124 844 5361
f 843 5367 5361
f 5368 2640 2639
f 5369 3417 2640
f 5370 2639 3048
f 4406 5371 5372
f 4406 5369 5371
f 5372 5357 4406
f 5372 5373 5358
f 5373 5359 5355
f 5355 5358 5373
f 5358 5357 5372
f 4406 3417 5369
f 3048 5374 5370
f 2640 5368 5369
f 2639 5370 5368
f 5375 5364 5365
f 5365 5366 5375
f 5375 5373 5372
f 5360 5359 5373
f 5373 5375 5360
f 5372 5371 5375
f 5366 5360 5375
f 3057 5376 5377
f 5378 5379 5376
f 5376 3057 5378
f 3057 4088 5380
f 5380 5381 3057
f 5381 5378 3057
f 5377 3793 3057
f 5378 5382 5383
f 5383 5379 5378
f 5384 4092 4091
f 5384 5385 4301
f 4301 5385 5386
f 3793 5377 5387
f 5387 5388 3793
f 5389 4091 3793
f 5387 5377 5376
f 5390 5376 5379
f 5379 5383 5390
f 5376 5390 5387
f 5388 5389 3793
f 5386 4487 4301
f 4301 4092 5384
f 4091 5389 5384
f 2643 5391 5392
f 3794 3425 5392
f 5391 2643 2246
f 4088 5393 5394
f 4088 5395 5393
f 5394 5380 4088
f 5394 5396 5381
f 5396 5382 5378
f 5378 5381 5396
f 5381 5380 5394
f 4088 3794 5395
f 2246 5397 5391
f 5392 5395 3794
f 5392 3425 2643
f 5398 5388 5387
f 5387 5390 5398
f 5398 5396 5394
f 5383 5382 5396
f 5396 5398 5383
f 5394 5393 5398
f 5390 5383 5398
f 4485 5399 5400
f 5401 5402 5399
f 5399 4485 5401
f 4485 4526 5403
f 5403 5404 4485
f 5404 5401 4485
f 5400 4405 4485
f 5401 5405 5406
f 5406 5402 5401
f 5407 4082 4081
f 5408 4297 4082
f 4297 5408 5409
f 5410 4405 5400
f 5410 4081 4405
f 5400 5411 5410
f 5411 5400 5399
f 5412 5399 5402
f 5402 5406 5412
f 5399 5412 5411
f 5410 5413 4081
f 5409 4486 4297
f 4082 5407 5408
f 4081 5413 5407
f 5414 4293 4484
f 5415 4483 4293
f 5416 4484 4292
f 4526 5417 5418
f 4526 5415 5417
f 5418 5403 4526
f 5418 5419 5404
f 5419 5405 5401
f 5401 5404 5419
f 5404 5403 5418
f 4526 4483 5415
f 4292 5420 5416
f 4293 5414 5415
f 4484 5416 5414
f 5421 5410 5411
f 5411 5412 5421
f 5421 5419 5418
f 5406 5405 5419
f 5419 5421 5406
f 5418 5417 5421
f 5412 5406 5421
f 2237 3404 5422
f 5422 5423 2237
f 2237 5424 5425
f 5426 5427 5424
f 5424 2237 5426
f 5425 3792 2237
f 5423 5426 2237
f 5426 5428 5429
f 5429 5427 5426
f 5430 5431 3779
f 5432 3781 3779
f 5430 4083 3780
f 5433 5434 5422
f 5422 3404 5433
f 3781 5432 5433
f 5434 5435 5423
f 5435 5428 5426
f 5426 5423 5435
f 5423 5422 5434
f 3404 3781 5433
f 3780 5436 5430
f 3779 5431 5432
f 3779 4083 5430
f 3046 5437 5438
f 5439 3416 3047
f 3416 5439 5440
f 5441 3792 5425
f 5441 3046 3792
f 5425 5442 5441
f 5442 5425 5424
f 5443 5424 5427
f 5427 5429 5443
f 5424 5443 5442
f 5441 5437 3046
f 5440 4087 3416
f 3047 5438 5439
f 5438 3047 3046
f 5444 5435 5434
f 5429 5428 5435
f 5435 5444 5429
f 5444 5441 5442
f 5442 5443 5444
f 5443 5429 5444
f 5434 5433 5444
f 3065 5445 5446
f 5447 5448 5445
f 5445 3065 5447
f 3065 3800 5449
f 5449 5450 3065
f 5450 5447 3065
f 5446 4490 3065
f 5447 5451 5452
f 5452 5448 5447
f 5453 4307 4414
f 4307 5453 5454
f 4103 5454 5455
f 5456 4490 5446
f 5456 4414 4490
f 5446 5457 5456
f 5457 5446 5445
f 5458 5445 5448
f 5448 5452 5458
f 5445 5458 5457
f 5456 5459 4414
f 5455 4106 4103
f 5454 4103 4307
f 4414 5459 5453
f 5460 4093 4302
f 4093 5460 5461
f 5462 4302 4094
f 3800 5463 5464
f 3800 5461 5463
f 5464 5449 3800
f 5449 5464 5465
f 5465 5451 5447
f 5447 5450 5465
f 5465 5450 5449
f 3800 4095 5461
f 4094 5466 5462
f 5461 4095 4093
f 4302 5462 5460
f 5467 5456 5457
f 5457 5458 5467
f 5467 5465 5464
f 5452 5451 5465
f 5465 5467 5452
f 5464 5463 5467
f 5458 5452 5467
f 4491 5468 5469
f 5470 5471 5468
f 5468 4491 5470
f 4491 4528 5472
f 5472 5473 4491
f 5473 5470 4491
f 5469 3822 4491
f 5470 5474 5475
f 5475 5471 5470
f 3078 5476 5477
f 3458 3079 5477
f 3458 5478 5479
f 3822 5469 5480
f 5480 5481 3822
f 5476 3078 3822
f 5480 5469 5468
f 5482 5468 5471
f 5471 5475 5482
f 5468 5482 5480
f 5481 5476 3822
f 5479 4116 3458
f 5477 5478 3458
f 5477 3079 3078
f 5483 4105 4416
f 5484 4415 4105
f 5485 4416 4104
f 4528 5486 5487
f 4528 5484 5486
f 5487 5472 4528
f 5472 5487 5488
f 5488 5474 5470
f 5470 5473 5488
f 5488 5473 5472
f 4528 4415 5484
f 4104 5489 5485
f 4105 5483 5484
f 4416 5485 5483
f 5490 5481 5480
f 5480 5482 5490
f 5490 5488 5487
f 5475 5474 5488
f 5488 5490 5475
f 5487 5486 5490
f 5482 5475 5490
f 2678 5491 5492
f 5493 5494 5491
f 5491 2678 5493
f 2678 4492 5495
f 5495 5496 2678
f 5496 5493 2678
f 5492 4120 2678
f 5493 5497 5498
f 5498 5494 5493
f 5499 3467 3466
f 5500 3830 3467
f 3830 5500 5501
f 4120 5492 5502
f 5502 5503 4120
f 5504 3466 4120
f 5502 5492 5491
f 5505 5491 5494
f 5494 5498 5505
f 5491 5505 5502
f 5503 5504 4120
f 5501 4315 3830
f 3467 5499 5500
f 3466 5504 5499
f 4117 4493 5506
f 5507 4310 4117
f 5506 4493 3823
f 4492 5508 5509
f 4492 5507 5508
f 5509 5495 4492
f 5509 5510 5496
f 5510 5497 5493
f 5493 5496 5510
f 5496 5495 5509
f 4492 4310 5507
f 3823 5511 5506
f 4117 5512 5507
f 5506 5512 4117
f 5513 5503 5502
f 5502 5505 5513
f 5513 5510 5509
f 5498 5497 5510
f 5510 5513 5498
f 5509 5508 5513
f 5505 5498 5513
f 3471 5514 5515
f 5516 5517 5514
f 5514 3471 5516
f 3471 3086 5518
f 5518 5519 3471
f 5519 5516 3471
f 5515 4494 3471
f 5516 5520 5521
f 5521 5517 5516
f 5522 3848 3847
f 5523 4123 3848
f 4123 5523 5524
f 4494 5515 5525
f 5525 5526 4494
f 5527 3847 4494
f 5525 5515 5514
f 5528 5514 5517
f 5517 5521 5528
f 5514 5528 5525
f 5526 5527 4494
f 5524 4316 4123
f 3848 5522 5523
f 3847 5527 5522
f 5529 3468 3831
f 3468 5529 5530
f 5531 3831 3469
f 3086 5532 5533
f 3086 5530 5532
f 5533 5518 3086
f 5533 5534 5519
f 5534 5520 5516
f 5516 5519 5534
f 5519 5518 5533
f 3086 3470 5530
f 3469 5535 5531
f 5530 3470 3468
f 3831 5531 5529
f 5536 5526 5525
f 5525 5528 5536
f 5536 5534 5533
f 5521 5520 5534
f 5534 5536 5521
f 5533 5532 5536
f 5528 5521 5536
f 3492 4324 5537
f 5537 5538 3492
f 3492 5539 5540
f 5541 5542 5539
f 5539 3492 5541
f 5540 2733 3492
f 5538 5541 3492
f 5541 5543 5544
f 5544 5542 5541
f 5545 5546 3864
f 5547 4142 3864
f 5545 3493 3491
f 4324 5548 5549
f 4324 5547 5548
f 5549 5537 4324
f 5537 5549 5550
f 5550 5543 5541
f 5541 5538 5550
f 5550 5538 5537
f 4324 4142 5547
f 3491 5551 5545
f 3864 5546 5547
f 3864 3493 5545
f 5552 5553 1952
f 5554 2343 1952
f 2343 5554 5555
f 5556 2733 5540
f 5556 1951 2733
f 5540 5557 5556
f 5557 5540 5539
f 5558 5539 5542
f 5542 5544 5558
f 5539 5558 5557
f 5556 5552 1951
f 5555 3120 2343
f 1952 5553 5554
f 1952 1951 5552
f 5559 5550 5549
f 5544 5543 5550
f 5550 5559 5544
f 5559 5556 5557
f 5557 5558 5559
f 5558 5544 5559
f 5549 5548 5559
f 2325 4422 5560
f 5560 5561 2325
f 2325 5562 5563
f 5564 5565 5562
f 5562 2325 5564
f 5563 3863 2325
f 5561 5564 2325
f 5564 5566 5567
f 5567 5565 5564
f 5568 2327 2326
f 5569 3114 2327
f 5570 2326 2728
f 4422 5571 5572
f 4422 5569 5571
f 5572 5560 4422
f 5560 5572 5573
f 5573 5566 5564
f 5564 5561 5573
f 5573 5561 5560
f 4422 3114 5569
f 2728 5574 5570
f 2327 5568 5569
f 2326 5570 5568
f 2336 5575 5576
f 2731 2337 5576
f 2731 5577 5578
f 3863 5563 5579
f 5579 5580 3863
f 5575 2336 3863
f 5579 5563 5562
f 5581 5562 5565
f 5565 5567 5581
f 5562 5581 5579
f 5580 5575 3863
f 5578 3118 2731
f 5576 5577 2731
f 5576 2337 2336
f 5582 5573 5572
f 5567 5566 5573
f 5573 5582 5567
f 5582 5580 5579
f 5579 5581 5582
f 5581 5567 5582
f 5572 5571 5582
f 293 1232 5583
f 5583 5584 293
f 293 5585 5586
f 5587 5588 5585
f 5585 293 5587
f 5586 2727 293
f 5584 5587 293
f 5587 5589 5590
f 5590 5588 5587
f 466 1233 5591
f 5592 710 466
f 5591 1233 465
f 1232 5593 5594
f 1232 5592 5593
f 5594 5583 1232
f 5583 5594 5595
f 5595 5589 5587
f 5587 5584 5595
f 5595 5584 5583
f 1232 710 5592
f 465 5596 5591
f 466 5597 5592
f 5591 5597 466
f 5598 5599 1927
f 5600 2324 1927
f 2324 5600 5601
f 2727 5586 5602
f 5602 5603 2727
f 5598 1926 2727
f 5602 5586 5585
f 5604 5585 5588
f 5588 5590 5604
f 5585 5604 5602
f 5603 5598 2727
f 5601 3113 2324
f 1927 5599 5600
f 1927 1926 5598
f 5605 5595 5594
f 5590 5589 5595
f 5595 5605 5590
f 5605 5603 5602
f 5602 5604 5605
f 5604 5590 5605
f 5594 5593 5605
f 2724 3110 5606
f 5606 5607 2724
f 2724 5608 5609
f 5610 5611 5608
f 5608 2724 5610
f 5609 1912 2724
f 5607 5610 2724
f 5610 5612 5613
f 5613 5611 5610
f 5614 1535 2321
f 1535 5614 5615
f 5616 2321 1534
f 3110 5617 5618
f 3110 5615 5617
f 5618 5606 3110
f 5618 5619 5607
f 5619 5612 5610
f 5610 5607 5619
f 5607 5606 5618
f 3110 2320 5615
f 1534 5620 5616
f 5615 2320 1535
f 2321 5616 5614
f 1231 1230 5621
f 1231 5622 5623
f 1547 5623 5624
f 1912 5609 5625
f 5625 5626 1912
f 5621 1230 1912
f 5609 5608 5627
f 5627 5608 5611
f 5611 5613 5627
f 5627 5625 5609
f 5626 5621 1912
f 5624 2322 1547
f 5623 1547 1231
f 5621 5622 1231
f 5628 5619 5618
f 5613 5612 5619
f 5619 5628 5613
f 5628 5626 5625
f 5625 5627 5628
f 5627 5613 5628
f 5618 5617 5628
f 402 5629 5630
f 5631 5632 5629
f 5629 402 5631
f 402 656 5633
f 5633 5634 402
f 5634 5631 402
f 5630 2720 402
f 5631 5635 5636
f 5636 5632 5631
f 1208 5637 5638
f 5639 1519 1209
f 1519 5639 5640
f 2720 5630 5641
f 5641 5642 2720
f 5637 1208 2720
f 5630 5629 5643
f 5643 5629 5632
f 5632 5636 5643
f 5643 5641 5630
f 5642 5637 2720
f 5640 1904 1519
f 1209 5638 5639
f 5638 1209 1208
f 928 1195 5644
f 928 5645 5646
f 5644 1195 929
f 656 5647 5648
f 5648 5633 656
f 657 5646 5647
f 5633 5648 5649
f 5649 5635 5631
f 5631 5634 5649
f 5649 5634 5633
f 656 657 5647
f 929 5650 5644
f 5646 657 928
f 5644 5645 928
f 5651 5642 5641
f 5641 5643 5651
f 5651 5649 5648
f 5636 5635 5649
f 5649 5651 5636
f 5648 5647 5651
f 5643 5636 5651
f 256 1192 5652
f 5652 5653 256
f 256 5654 5655
f 5656 5657 5654
f 5654 256 5656
f 5655 1517 256
f 5653 5656 256
f 5656 5658 5659
f 5659 5657 5656
f 5660 5661 383
f 5662 644 383
f 5660 1193 257
f 1192 5663 5664
f 1192 5662 5663
f 5664 5652 1192
f 5664 5665 5653
f 5665 5658 5656
f 5656 5653 5665
f 5653 5652 5664
f 1192 644 5662
f 257 5666 5660
f 383 5661 5662
f 383 1193 5660
f 5667 927 926
f 5668 1194 927
f 1194 5668 5669
f 5670 1517 5655
f 5670 926 1517
f 5655 5671 5670
f 5655 5654 5672
f 5672 5654 5657
f 5657 5659 5672
f 5672 5671 5655
f 5670 5673 926
f 5669 1903 1194
f 927 5667 5668
f 926 5673 5667
f 5674 5665 5664
f 5659 5658 5665
f 5665 5674 5659
f 5674 5670 5671
f 5671 5672 5674
f 5672 5659 5674
f 5664 5663 5674
f 1905 5675 5676
f 5677 5678 5675
f 5675 1905 5677
f 1905 3109 5679
f 5679 5680 1905
f 5680 5677 1905
f 5676 2318 1905
f 5677 5681 5682
f 5682 5678 5677
f 1529 5683 5684
f 1907 1530 5684
f 1907 5685 5686
f 5687 2318 5676
f 5687 1529 2318
f 5676 5688 5687
f 5676 5675 5689
f 5689 5675 5678
f 5678 5682 5689
f 5689 5688 5676
f 5687 5683 1529
f 5686 2722 1907
f 5684 5685 1907
f 5684 1530 1529
f 5690 2317 1906
f 5691 2721 2317
f 5692 1906 2316
f 3109 5693 5694
f 3109 5691 5693
f 5694 5679 3109
f 5694 5695 5680
f 5695 5681 5677
f 5677 5680 5695
f 5680 5679 5694
f 3109 2721 5691
f 2316 5696 5692
f 2317 5690 5691
f 1906 5692 5690
f 5697 5687 5688
f 5688 5689 5697
f 5697 5695 5694
f 5682 5681 5695
f 5695 5697 5682
f 5694 5693 5697
f 5689 5682 5697
f 1213 4140 5698
f 5698 5699 1213
f 1213 5700 5701
f 5702 5703 5700
f 5700 1213 5702
f 5701 2723 1213
f 5699 5702 1213
f 5702 5704 5705
f 5705 5703 5702
f 5706 1215 1214
f 1908 1215 5706
f 5707 1214 1531
f 4140 5708 5709
f 5709 5698 4140
f 1908 5710 5708
f 5709 5711 5699
f 5711 5704 5702
f 5702 5699 5711
f 5699 5698 5709
f 4140 1908 5708
f 1531 5712 5707
f 5706 5710 1908
f 1214 5707 5706
f 1909 2319 5713
f 5714 1533 1909
f 1533 5714 5715
f 2723 5701 5716
f 5716 5717 2723
f 5713 2319 2723
f 5716 5701 5700
f 5718 5700 5703
f 5703 5705 5718
f 5700 5718 5716
f 5717 5713 2723
f 5715 1546 1533
f 1909 5719 5714
f 5713 5719 1909
f 5720 5711 5709
f 5705 5704 5711
f 5711 5720 5705
f 5720 5717 5716
f 5716 5718 5720
f 5718 5705 5720
f 5709 5708 5720
f 1191 1514 5721
f 5721 5722 1191
f 1191 5723 5724
f 5725 5726 5723
f 5723 1191 5725
f 5724 165 1191
f 5722 5725 1191
f 5725 5727 5728
f 5728 5726 5725
f 1190 5729 5730
f 5731 1189 638
f 5729 1190 637
f 1514 5732 5733
f 1514 5731 5732
f 5733 5721 1514
f 5733 5734 5722
f 5734 5727 5725
f 5725 5722 5734
f 5722 5721 5733
f 1514 1189 5731
f 637 5735 5729
f 638 5730 5731
f 5730 638 1190
f 5736 66 65
f 105 66 5736
f 105 5737 5738
f 5739 165 5724
f 5739 65 165
f 5724 5740 5739
f 5724 5723 5741
f 5741 5723 5726
f 5726 5728 5741
f 5741 5740 5724
f 5739 5742 65
f 5738 255 105
f 5736 5737 105
f 65 5742 5736
f 5743 5734 5733
f 5728 5727 5734
f 5734 5743 5728
f 5743 5739 5740
f 5740 5741 5743
f 5741 5728 5743
f 5733 5732 5743
f 1504 3861 5744
f 5744 5745 1504
f 1504 5746 5747
f 5748 5749 5746
f 5746 1504 5748
f 5747 3108 1504
f 5745 5748 1504
f 5748 5750 5751
f 5751 5749 5748
f 5752 1506 1505
f 5753 2314 1506
f 5754 1505 1902
f 5755 5756 5744
f 5744 3861 5755
f 2314 5753 5755
f 5744 5756 5757
f 5757 5750 5748
f 5748 5745 5757
f 5757 5745 5744
f 3861 2314 5755
f 1902 5758 5754
f 1506 5752 5753
f 1505 5754 5752
f 5759 5760 2315
f 5761 93 2315
f 93 5761 5762
f 3108 5747 5763
f 5763 5764 3108
f 5759 2719 3108
f 5763 5747 5746
f 5765 5746 5749
f 5749 5751 5765
f 5746 5765 5763
f 5764 5759 3108
f 5762 94 93
f 2315 5760 5761
f 2315 2719 5759
f 5766 5757 5756
f 5751 5750 5757
f 5757 5766 5751
f 5766 5764 5763
f 5763 5765 5766
f 5765 5751 5766
f 5756 5755 5766
f 1898 3106 5767
f 5767 5768 1898
f 1898 5769 5770
f 5771 5772 5769
f 5769 1898 5771
f 5770 2313 1898
f 5768 5771 1898
f 5771 5773 5774
f 5774 5772 5771
f 1899 5775 5776
f 2716 2311 5776
f 5775 1899 2715
f 3106 5777 5778
f 3106 5779 5777
f 5778 5767 3106
f 5778 5780 5768
f 5780 5773 5771
f 5771 5768 5780
f 5768 5767 5778
f 3106 2716 5779
f 2715 5781 5775
f 5776 5779 2716
f 5776 2311 1899
f 5782 1503 1502
f 1503 5782 5783
f 1901 5783 5784
f 5785 2313 5770
f 5785 1502 2313
f 5770 5786 5785
f 5770 5769 5787
f 5787 5769 5772
f 5772 5774 5787
f 5787 5786 5770
f 5785 5788 1502
f 5784 2718 1901
f 5783 1901 1503
f 1502 5788 5782
f 5789 5780 5778
f 5774 5773 5780
f 5780 5789 5774
f 5789 5785 5786
f 5786 5787 5789
f 5787 5774 5789
f 5778 5777 5789
f 1486 3860 5790
f 5790 5791 1486
f 1486 5792 5793
f 5794 5795 5792
f 5792 1486 5794
f 5793 3487 1486
f 5791 5794 1486
f 5794 5796 5797
f 5797 5795 5794
f 5798 1488 1487
f 5799 2308 1488
f 5800 1487 1894
f 3860 5801 5802
f 3860 5799 5801
f 5802 5790 3860
f 5790 5802 5803
f 5803 5796 5794
f 5794 5791 5803
f 5803 5791 5790
f 3860 2308 5799
f 1894 5804 5800
f 1488 5798 5799
f 1487 5800 5798
f 5805 1175 1174
f 5806 1500 1175
f 1500 5806 5807
f 3487 5793 5808
f 5808 5809 3487
f 5810 1174 3487
f 5793 5792 5811
f 5811 5792 5795
f 5795 5797 5811
f 5811 5808 5793
f 5809 5810 3487
f 5807 1897 1500
f 1175 5805 5806
f 1174 5810 5805
f 5812 5803 5802
f 5797 5796 5803
f 5803 5812 5797
f 5812 5809 5808
f 5808 5811 5812
f 5811 5797 5812
f 5802 5801 5812
f 1145 2709 5813
f 5813 5814 1145
f 1145 5815 5816
f 5817 5818 5815
f 5815 1145 5817
f 5816 2713 1145
f 5814 5817 1145
f 5817 5819 5820
f 5820 5818 5817
f 1473 2710 5821
f 1473 5822 5823
f 5821 2710 1146
f 5824 5825 5813
f 5813 2709 5824
f 1889 5823 5824
f 5813 5825 5826
f 5814 5826 5819
f 5819 5817 5814
f 5826 5814 5813
f 2709 1889 5824
f 1146 5827 5821
f 5823 1889 1473
f 5821 5822 1473
f 1893 1892 5828
f 5829 2307 1893
f 2307 5829 5830
f 5831 2713 5816
f 5831 1892 2713
f 5816 5832 5831
f 5816 5815 5833
f 5833 5815 5818
f 5818 5820 5833
f 5833 5832 5816
f 5831 5828 1892
f 5830 3105 2307
f 1893 5834 5829
f 5828 5834 1893
f 5835 5826 5825
f 5820 5819 5826
f 5826 5835 5820
f 5835 5831 5832
f 5832 5833 5835
f 5833 5820 5835
f 5825 5824 5835
f 2707 3104 5836
f 5836 5837 2707
f 2707 5838 5839
f 5840 5841 5838
f 5838 2707 5840
f 5839 1472 2707
f 5837 5840 2707
f 5840 5842 5843
f 5843 5841 5840
f 5844 1885 2706
f 2705 1885 5844
f 5845 2706 1884
f 3104 5846 5847
f 5847 5836 3104
f 2705 5848 5846
f 5847 5849 5837
f 5849 5842 5840
f 5840 5837 5849
f 5837 5836 5847
f 3104 2705 5846
f 1884 5850 5845
f 5844 5848 2705
f 2706 5845 5844
f 5851 872 871
f 872 5851 5852
f 1144 5852 5853
f 5854 1472 5839
f 5854 871 1472
f 5839 5855 5854
f 5839 5838 5856
f 5856 5838 5841
f 5841 5843 5856
f 5856 5855 5839
f 5854 5857 871
f 5853 1888 1144
f 5852 1144 872
f 871 5857 5851
f 5858 5849 5847
f 5843 5842 5849
f 5849 5858 5843
f 5858 5854 5855
f 5855 5856 5858
f 5856 5843 5858
f 5847 5846 5858
f 1872 1460 5859
f 5859 5860 1872
f 1872 5861 5862
f 5863 5864 5861
f 5861 1872 5863
f 5862 3859 1872
f 5860 5863 1872
f 5863 5865 5866
f 5866 5864 5863
f 5867 1869 2293
f 1871 1869 5867
f 5868 2293 1870
f 5869 5870 5859
f 5859 1460 5869
f 1871 5871 5869
f 5870 5872 5860
f 5860 5872 5865
f 5865 5863 5860
f 5860 5859 5870
f 1460 1871 5869
f 1870 5873 5868
f 5867 5871 1871
f 2293 5868 5867
f 3486 5874 5875
f 566 3103 5875
f 566 5876 5877
f 5878 3859 5862
f 5878 3486 3859
f 5862 5879 5878
f 5879 5862 5861
f 5880 5861 5864
f 5864 5866 5880
f 5861 5880 5879
f 5878 5874 3486
f 5877 567 566
f 5875 5876 566
f 5875 3103 3486
f 5881 5872 5870
f 5866 5865 5872
f 5872 5881 5866
f 5881 5878 5879
f 5879 5880 5881
f 5880 5866 5881
f 5870 5869 5881
f 4124 4495 5882
f 5882 5883 4124
f 4124 5884 5885
f 5886 5887 5884
f 5884 4124 5886
f 5885 4419 4124
f 5883 5886 4124
f 5886 5888 5889
f 5889 5887 5886
f 3835 5890 5891
f 5892 4420 4317
f 5890 3835 3478
f 5893 5894 5882
f 5882 4495 5893
f 4420 5892 5893
f 5894 5895 5883
f 5895 5888 5886
f 5886 5883 5895
f 5883 5882 5894
f 4495 4420 5893
f 3478 5896 5890
f 4317 5891 5892
f 5891 4317 3835
f 4323 4322 5897
f 5898 4421 4323
f 4421 5898 5899
f 4419 5885 5900
f 5900 5901 4419
f 5897 4322 4419
f 5900 5885 5884
f 5902 5884 5887
f 5887 5889 5902
f 5884 5902 5900
f 5901 5897 4419
f 5899 4529 4421
f 4323 5903 5898
f 5897 5903 4323
f 5904 5895 5894
f 5889 5888 5895
f 5895 5904 5889
f 5904 5901 5900
f 5900 5902 5904
f 5902 5889 5904
f 5894 5893 5904
f 3102 4316 5524
f 2699 3102 5905
f 2700 2699 5906
f 3101 2700 5907
f 1867 3101 5908
f 1868 1867 5909
f 2291 1868 5910
f 2292 2291 5911
f 2290 2292 5912
f 1865 2290 5913
f 1866 1865 5914
f 1863 1866 5915
f 1864 1863 5916
f 2288 1864 5917
f 2289 2288 5918
f 3100 2289 5919
f 2697 3100 5920
f 2698 2697 5921
f 2286 2698 5922
f 2287 2286 5923
f 2695 2287 5924
f 2696 2695 5925
f 3099 2696 5926
f 3481 3099 5927
f 3482 3481 5928
f 3845 3482 5929
f 3846 3845 5930
f 3843 3846 5931
f 3844 3843 5932
f 1458 3844 5933
f 1459 1458 5934
f 5934 5935 1459
f 5933 5934 1458
f 5932 5933 3844
f 5931 5932 3843
f 5930 5931 3846
f 5929 5930 3845
f 5928 5929 3482
f 5927 5928 3481
f 5926 5927 3099
f 5925 5926 2696
f 5924 5925 2695
f 5923 5924 2287
f 5922 5923 2286
f 5921 5922 2698
f 5920 5921 2697
f 5919 5920 3100
f 5918 5919 2289
f 5917 5918 2288
f 5916 5917 1864
f 5915 5916 1863
f 5914 5915 1866
f 5913 5914 1865
f 5912 5913 2290
f 5911 5912 2292
f 5910 5911 2291
f 5909 5910 1868
f 5908 5909 1867
f 5907 5908 3101
f 5906 5907 2700
f 5905 5906 2699
f 5524 5905 3102
f 2694 1862 5936
f 2693 2694 5937
f 2284 2693 5938
f 1860 2284 5939
f 1861 1860 5940
f 2285 1861 5941
f 2282 2285 5942
f 2283 2282 5943
f 2691 2283 5944
f 2692 2691 5945
f 2690 2692 5946
f 2281 2690 5947
f 1455 2281 5948
f 1456 1455 5949
f 1858 1456 5950
f 1859 1858 5951
f 2689 1859 5952
f 3098 2689 5953
f 3479 3098 5954
f 3480 3479 5955
f 3842 3480 5956
f 3840 3842 5957
f 3841 3840 5958
f 4122 3841 5959
f 3838 4122 5960
f 3839 3838 5961
f 3836 3839 5962
f 3837 3836 5963
f 3834 3837 5964
f 3477 3834 5965
f 3478 3477 5966
f 5966 5896 3478
f 5965 5966 3477
f 5964 5965 3834
f 5963 5964 3837
f 5962 5963 3836
f 5961 5962 3839
f 5960 5961 3838
f 5959 5960 4122
f 5958 5959 3841
f 5957 5958 3840
f 5956 5957 3842
f 5955 5956 3480
f 5954 5955 3479
f 5953 5954 3098
f 5952 5953 2689
f 5951 5952 1859
f 5950 5951 1858
f 5949 5950 1456
f 5948 5949 1455
f 5947 5948 2281
f 5946 5947 2690
f 5945 5946 2692
f 5944 5945 2691
f 5943 5944 2283
f 5942 5943 2282
f 5941 5942 2285
f 5940 5941 1861
f 5939 5940 1860
f 5938 5939 2284
f 5937 5938 2693
f 5936 5937 2694
f 1459 5935 5936
f 5936 1862 1459
f 3857 4529 5899
f 3858 3857 5967
f 4139 3858 5968
f 4137 4139 5969
f 3855 4137 5970
f 3856 3855 5971
f 4138 3856 5972
f 4321 4138 5973
f 3853 4321 5974
f 3854 3853 5975
f 3484 3854 5976
f 3485 3484 5977
f 3851 3485 5978
f 3852 3851 5979
f 4320 3852 5980
f 4135 4320 5981
f 4136 4135 5982
f 4133 4136 5983
f 4134 4133 5984
f 4131 4134 5985
f 4132 4131 5986
f 4319 4132 5987
f 4130 4319 5988
f 3849 4130 5989
f 3850 3849 5990
f 4128 3850 5991
f 4129 4128 5992
f 4126 4129 5993
f 4127 4126 5994
f 4125 4127 5995
f 4318 4125 5996
f 5996 5997 4318
f 5995 5996 4125
f 5994 5995 4127
f 5993 5994 4126
f 5992 5993 4129
f 5991 5992 4128
f 5990 5991 3850
f 5989 5990 3849
f 5988 5989 4130
f 5987 5988 4319
f 5986 5987 4132
f 5985 5986 4131
f 5984 5985 4134
f 5983 5984 4133
f 5982 5983 4136
f 5981 5982 4135
f 5980 5981 4320
f 5979 5980 3852
f 5978 5979 3851
f 5977 5978 3485
f 5976 5977 3484
f 5975 5976 3854
f 5974 5975 3853
f 5973 5974 4321
f 5972 5973 4138
f 5971 5972 3856
f 5970 5971 3855
f 5969 5970 4137
f 5968 5969 4139
f 5967 5968 3858
f 5899 5967 3857
f 2305 2704 5998
f 2306 2305 5999
f 2303 2306 6000
f 2304 2303 6001
f 1464 2304 6002
f 1465 1464 6003
f 1882 1465 6004
f 1883 1882 6005
f 2301 1883 6006
f 2302 2301 6007
f 2701 2302 6008
f 2702 2701 6009
f 1880 2702 6010
f 1881 1880 6011
f 2300 1881 6012
f 2298 2300 6013
f 2299 2298 6014
f 2297 2299 6015
f 1878 2297 6016
f 1879 1878 6017
f 2296 1879 6018
f 1876 2296 6019
f 1877 1876 6020
f 1874 1877 6021
f 1875 1874 6022
f 2295 1875 6023
f 2294 2295 6024
f 1873 2294 6025
f 1461 1873 6026
f 1462 1461 6027
f 1870 1462 6028
f 6028 5873 1870
f 6027 6028 1462
f 6026 6027 1461
f 6025 6026 1873
f 6024 6025 2294
f 6023 6024 2295
f 6022 6023 1875
f 6021 6022 1874
f 6020 6021 1877
f 6019 6020 1876
f 6018 6019 2296
f 6017 6018 1879
f 6016 6017 1878
f 6015 6016 2297
f 6014 6015 2299
f 6013 6014 2298
f 6012 6013 2300
f 6011 6012 1881
f 6010 6011 1880
f 6009 6010 2702
f 6008 6009 2701
f 6007 6008 2302
f 6006 6007 2301
f 6005 6006 1883
f 6004 6005 1882
f 6003 6004 1465
f 6002 6003 1464
f 6001 6002 2304
f 6000 6001 2303
f 5999 6000 2306
f 5998 5999 2305
f 4318 5997 5998
f 5998 2704 4318
f 238 567 5877
f 239 238 6029
f 236 239 6030
f 130 236 6031
f 131 130 6032
f 237 131 6033
f 234 237 6034
f 235 234 6035
f 232 235 6036
f 233 232 6037
f 230 233 6038
f 231 230 6039
f 344 231 6040
f 345 344 6041
f 77 345 6042
f 78 77 6043
f 75 78 6044
f 76 75 6045
f 129 76 6046
f 229 129 6047
f 73 229 6048
f 74 73 6049
f 127 74 6050
f 128 127 6051
f 227 128 6052
f 228 227 6053
f 343 228 6054
f 1140 343 6055
f 1139 1140 6056
f 858 1139 6057
f 859 858 6058
f 6058 6059 859
f 6057 6058 858
f 6056 6057 1139
f 6055 6056 1140
f 6054 6055 343
f 6053 6054 228
f 6052 6053 227
f 6051 6052 128
f 6050 6051 127
f 6049 6050 74
f 6048 6049 73
f 6047 6048 229
f 6046 6047 129
f 6045 6046 76
f 6044 6045 75
f 6043 6044 78
f 6042 6043 77
f 6041 6042 345
f 6040 6041 344
f 6039 6040 231
f 6038 6039 230
f 6037 6038 233
f 6036 6037 232
f 6035 6036 235
f 6034 6035 234
f 6033 6034 237
f 6032 6033 131
f 6031 6032 130
f 6030 6031 236
f 6029 6030 239
f 5877 6029 238
f 1469 1138 6060
f 1470 1469 6061
f 1467 1470 6062
f 1468 1467 6063
f 1136 1468 6064
f 1137 1136 6065
f 1134 1137 6066
f 1135 1134 6067
f 564 1135 6068
f 565 564 6069
f 856 565 6070
f 857 856 6071
f 1133 857 6072
f 562 1133 6073
f 563 562 6074
f 855 563 6075
f 560 855 6076
f 561 560 6077
f 854 561 6078
f 558 854 6079
f 559 558 6080
f 852 559 6081
f 853 852 6082
f 850 853 6083
f 851 850 6084
f 848 851 6085
f 849 848 6086
f 1131 849 6087
f 1132 1131 6088
f 1466 1132 6089
f 1884 1466 6090
f 6090 5850 1884
f 6089 6090 1466
f 6088 6089 1132
f 6087 6088 1131
f 6086 6087 849
f 6085 6086 848
f 6084 6085 851
f 6083 6084 850
f 6082 6083 853
f 6081 6082 852
f 6080 6081 559
f 6079 6080 558
f 6078 6079 854
f 6077 6078 561
f 6076 6077 560
f 6075 6076 855
f 6074 6075 563
f 6073 6074 562
f 6072 6073 1133
f 6071 6072 857
f 6070 6071 856
f 6069 6070 565
f 6068 6069 564
f 6067 6068 1135
f 6066 6067 1134
f 6065 6066 1137
f 6064 6065 1136
f 6063 6064 1468
f 6062 6063 1467
f 6061 6062 1470
f 6060 6061 1469
f 859 6059 6060
f 6060 1138 859
f 1886 1888 5853
f 1887 1886 6091
f 353 1887 6092
f 354 353 6093
f 582 354 6094
f 580 582 6095
f 581 580 6096
f 869 581 6097
f 870 869 6098
f 578 870 6099
f 579 578 6100
f 351 579 6101
f 352 351 6102
f 577 352 6103
f 349 577 6104
f 350 349 6105
f 576 350 6106
f 574 576 6107
f 575 574 6108
f 572 575 6109
f 573 572 6110
f 867 573 6111
f 868 867 6112
f 1143 868 6113
f 865 1143 6114
f 866 865 6115
f 347 866 6116
f 348 347 6117
f 571 348 6118
f 569 571 6119
f 570 569 6120
f 6120 6121 570
f 6119 6120 569
f 6118 6119 571
f 6117 6118 348
f 6116 6117 347
f 6115 6116 866
f 6114 6115 865
f 6113 6114 1143
f 6112 6113 868
f 6111 6112 867
f 6110 6111 573
f 6109 6110 572
f 6108 6109 575
f 6107 6108 574
f 6106 6107 576
f 6105 6106 350
f 6104 6105 349
f 6103 6104 577
f 6102 6103 352
f 6101 6102 351
f 6100 6101 579
f 6099 6100 578
f 6098 6099 870
f 6097 6098 869
f 6096 6097 581
f 6095 6096 580
f 6094 6095 582
f 6093 6094 354
f 6092 6093 353
f 6091 6092 1887
f 5853 6091 1886
f 1142 864 6122
f 862 1142 6123
f 863 862 6124
f 860 863 6125
f 861 860 6126
f 1141 861 6127
f 1471 1141 6128
f 2708 1471 6129
f 1478 2708 6130
f 1153 1478 6131
f 1154 1153 6132
f 1477 1154 6133
f 877 1477 6134
f 584 877 6135
f 585 584 6136
f 878 585 6137
f 1152 878 6138
f 1476 1152 6139
f 1151 1476 6140
f 875 1151 6141
f 876 875 6142
f 1149 876 6143
f 1150 1149 6144
f 1475 1150 6145
f 1474 1475 6146
f 1147 1474 6147
f 873 1147 6148
f 874 873 6149
f 1148 874 6150
f 1890 1148 6151
f 1146 1890 6152
f 6152 5827 1146
f 6151 6152 1890
f 6150 6151 1148
f 6149 6150 874
f 6148 6149 873
f 6147 6148 1147
f 6146 6147 1474
f 6145 6146 1475
f 6144 6145 1150
f 6143 6144 1149
f 6142 6143 876
f 6141 6142 875
f 6140 6141 1151
f 6139 6140 1476
f 6138 6139 1152
f 6137 6138 878
f 6136 6137 585
f 6135 6136 584
f 6134 6135 877
f 6133 6134 1477
f 6132 6133 1154
f 6131 6132 1153
f 6130 6131 1478
f 6129 6130 2708
f 6128 6129 1471
f 6127 6128 1141
f 6126 6127 861
f 6125 6126 860
f 6124 6125 863
f 6123 6124 862
f 6122 6123 1142
f 570 6121 6122
f 6122 864 570
f 2711 3105 5830
f 2712 2711 6153
f 1484 2712 6154
f 1485 1484 6155
f 1159 1485 6156
f 1160 1159 6157
f 1483 1160 6158
f 1157 1483 6159
f 1158 1157 6160
f 1482 1158 6161
f 881 1482 6162
f 882 881 6163
f 586 882 6164
f 587 586 6165
f 879 587 6166
f 880 879 6167
f 1155 880 6168
f 1156 1155 6169
f 1481 1156 6170
f 1479 1481 6171
f 1480 1479 6172
f 1891 1480 6173
f 1895 1891 6174
f 1498 1895 6175
f 1499 1498 6176
f 1896 1499 6177
f 2309 1896 6178
f 2310 2309 6179
f 2714 2310 6180
f 1496 2714 6181
f 1497 1496 6182
f 6182 6183 1497
f 6181 6182 1496
f 6180 6181 2714
f 6179 6180 2310
f 6178 6179 2309
f 6177 6178 1896
f 6176 6177 1499
f 6175 6176 1498
f 6174 6175 1895
f 6173 6174 1891
f 6172 6173 1480
f 6171 6172 1479
f 6170 6171 1481
f 6169 6170 1156
f 6168 6169 1155
f 6167 6168 880
f 6166 6167 879
f 6165 6166 587
f 6164 6165 586
f 6163 6164 882
f 6162 6163 881
f 6161 6162 1482
f 6160 6161 1158
f 6159 6160 1157
f 6158 6159 1483
f 6157 6158 1160
f 6156 6157 1159
f 6155 6156 1485
f 6154 6155 1484
f 6153 6154 2712
f 5830 6153 2711
f 888 1495 6184
f 594 888 6185
f 595 594 6186
f 889 595 6187
f 1168 889 6188
f 1166 1168 6189
f 1167 1166 6190
f 1164 1167 6191
f 1165 1164 6192
f 1492 1165 6193
f 1493 1492 6194
f 1490 1493 6195
f 1491 1490 6196
f 592 1491 6197
f 593 592 6198
f 356 593 6199
f 357 356 6200
f 590 357 6201
f 591 590 6202
f 588 591 6203
f 589 588 6204
f 887 589 6205
f 885 887 6206
f 886 885 6207
f 1163 886 6208
f 883 1163 6209
f 884 883 6210
f 1161 884 6211
f 1162 1161 6212
f 1489 1162 6213
f 1894 1489 6214
f 6214 5804 1894
f 6213 6214 1489
f 6212 6213 1162
f 6211 6212 1161
f 6210 6211 884
f 6209 6210 883
f 6208 6209 1163
f 6207 6208 886
f 6206 6207 885
f 6205 6206 887
f 6204 6205 589
f 6203 6204 588
f 6202 6203 591
f 6201 6202 590
f 6200 6201 357
f 6199 6200 356
f 6198 6199 593
f 6197 6198 592
f 6196 6197 1491
f 6195 6196 1490
f 6194 6195 1493
f 6193 6194 1492
f 6192 6193 1165
f 6191 6192 1164
f 6190 6191 1167
f 6189 6190 1166
f 6188 6189 1168
f 6187 6188 889
f 6186 6187 595
f 6185 6186 594
f 6184 6185 888
f 1497 6183 6184
f 6184 1495 1497
f 133 1897 5807
f 134 133 6215
f 240 134 6216
f 241 240 6217
f 369 241 6218
f 370 369 6219
f 617 370 6220
f 618 617 6221
f 907 618 6222
f 1173 907 6223
f 905 1173 6224
f 906 905 6225
f 615 906 6226
f 616 615 6227
f 613 616 6228
f 367 613 6229
f 368 367 6230
f 614 368 6231
f 904 614 6232
f 611 904 6233
f 612 611 6234
f 609 612 6235
f 610 609 6236
f 365 610 6237
f 366 365 6238
f 363 366 6239
f 364 363 6240
f 607 364 6241
f 608 607 6242
f 605 608 6243
f 606 605 6244
f 6244 6245 606
f 6243 6244 605
f 6242 6243 608
f 6241 6242 607
f 6240 6241 364
f 6239 6240 363
f 6238 6239 366
f 6237 6238 365
f 6236 6237 610
f 6235 6236 609
f 6234 6235 612
f 6233 6234 611
f 6232 6233 904
f 6231 6232 614
f 6230 6231 368
f 6229 6230 367
f 6228 6229 613
f 6227 6228 616
f 6226 6227 615
f 6225 6226 906
f 6224 6225 905
f 6223 6224 1173
f 6222 6223 907
f 6221 6222 618
f 6220 6221 617
f 6219 6220 370
f 6218 6219 369
f 6217 6218 241
f 6216 6217 240
f 6215 6216 134
f 5807 6215 133
f 1171 903 6246
f 1172 1171 6247
f 901 1172 6248
f 603 901 6249
f 604 603 6250
f 902 604 6251
f 1169 902 6252
f 1170 1169 6253
f 899 1170 6254
f 900 899 6255
f 897 900 6256
f 898 897 6257
f 895 898 6258
f 896 895 6259
f 893 896 6260
f 894 893 6261
f 361 894 6262
f 362 361 6263
f 602 362 6264
f 359 602 6265
f 360 359 6266
f 600 360 6267
f 601 600 6268
f 598 601 6269
f 599 598 6270
f 892 599 6271
f 596 892 6272
f 597 596 6273
f 890 597 6274
f 891 890 6275
f 2715 891 6276
f 6276 5781 2715
f 6275 6276 891
f 6274 6275 890
f 6273 6274 597
f 6272 6273 596
f 6271 6272 892
f 6270 6271 599
f 6269 6270 598
f 6268 6269 601
f 6267 6268 600
f 6266 6267 360
f 6265 6266 359
f 6264 6265 602
f 6263 6264 362
f 6262 6263 361
f 6261 6262 894
f 6260 6261 893
f 6259 6260 896
f 6258 6259 895
f 6257 6258 898
f 6256 6257 897
f 6255 6256 900
f 6254 6255 899
f 6253 6254 1170
f 6252 6253 1169
f 6251 6252 902
f 6250 6251 604
f 6249 6250 603
f 6248 6249 901
f 6247 6248 1172
f 6246 6247 1171
f 606 6245 6246
f 6246 903 606
f 2312 2718 5784
f 1181 2312 6277
f 1182 1181 6278
f 1501 1182 6279
f 1179 1501 6280
f 1180 1179 6281
f 1177 1180 6282
f 1178 1177 6283
f 627 1178 6284
f 628 627 6285
f 372 628 6286
f 373 372 6287
f 625 373 6288
f 626 625 6289
f 623 626 6290
f 624 623 6291
f 621 624 6292
f 622 621 6293
f 914 622 6294
f 912 914 6295
f 913 912 6296
f 910 913 6297
f 911 910 6298
f 1176 911 6299
f 908 1176 6300
f 619 908 6301
f 620 619 6302
f 909 620 6303
f 1900 909 6304
f 2717 1900 6305
f 3107 2717 6306
f 6306 6307 3107
f 6305 6306 2717
f 6304 6305 1900
f 6303 6304 909
f 6302 6303 620
f 6301 6302 619
f 6300 6301 908
f 6299 6300 1176
f 6298 6299 911
f 6297 6298 910
f 6296 6297 913
f 6295 6296 912
f 6294 6295 914
f 6293 6294 622
f 6292 6293 621
f 6291 6292 624
f 6290 6291 623
f 6289 6290 626
f 6288 6289 625
f 6287 6288 373
f 6286 6287 372
f 6285 6286 628
f 6284 6285 627
f 6283 6284 1178
f 6282 6283 1177
f 6281 6282 1180
f 6280 6281 1179
f 6279 6280 1501
f 6278 6279 1182
f 6277 6278 1181
f 5784 6277 2312
f 1513 1512 6308
f 922 1513 6309
f 923 922 6310
f 1187 923 6311
f 1188 1187 6312
f 1509 1188 6313
f 1510 1509 6314
f 1185 1510 6315
f 1186 1185 6316
f 1507 1186 6317
f 1508 1507 6318
f 1184 1508 6319
f 635 1184 6320
f 636 635 6321
f 633 636 6322
f 634 633 6323
f 920 634 6324
f 921 920 6325
f 1183 921 6326
f 918 1183 6327
f 919 918 6328
f 375 919 6329
f 376 375 6330
f 631 376 6331
f 632 631 6332
f 917 632 6333
f 629 917 6334
f 630 629 6335
f 915 630 6336
f 916 915 6337
f 1902 916 6338
f 6338 5758 1902
f 6337 6338 916
f 6336 6337 915
f 6335 6336 630
f 6334 6335 629
f 6333 6334 917
f 6332 6333 632
f 6331 6332 631
f 6330 6331 376
f 6329 6330 375
f 6328 6329 919
f 6327 6328 918
f 6326 6327 1183
f 6325 6326 921
f 6324 6325 920
f 6323 6324 634
f 6322 6323 633
f 6321 6322 636
f 6320 6321 635
f 6319 6320 1184
f 6318 6319 1508
f 6317 6318 1507
f 6316 6317 1186
f 6315 6316 1185
f 6314 6315 1510
f 6313 6314 1509
f 6312 6313 1188
f 6311 6312 1187
f 6310 6311 923
f 6309 6310 922
f 6308 6309 1513
f 3107 6307 6308
f 6308 1512 3107
f 153 94 5762
f 151 153 6339
f 152 151 6340
f 92 152 6341
f 59 92 6342
f 60 59 6343
f 57 60 6344
f 49 57 6345
f 50 49 6346
f 58 50 6347
f 91 58 6348
f 245 91 6349
f 378 245 6350
f 639 378 6351
f 640 639 6352
f 149 640 6353
f 150 149 6354
f 148 150 6355
f 89 148 6356
f 90 89 6357
f 146 90 6358
f 147 146 6359
f 144 147 6360
f 145 144 6361
f 87 145 6362
f 88 87 6363
f 85 88 6364
f 86 85 6365
f 143 86 6366
f 43 143 6367
f 44 43 6368
f 6368 6369 44
f 6367 6368 43
f 6366 6367 143
f 6365 6366 86
f 6364 6365 85
f 6363 6364 88
f 6362 6363 87
f 6361 6362 145
f 6360 6361 144
f 6359 6360 147
f 6358 6359 146
f 6357 6358 90
f 6356 6357 89
f 6355 6356 148
f 6354 6355 150
f 6353 6354 149
f 6352 6353 640
f 6351 6352 639
f 6350 6351 378
f 6349 6350 245
f 6348 6349 91
f 6347 6348 58
f 6346 6347 50
f 6345 6346 49
f 6344 6345 57
f 6343 6344 60
f 6342 6343 59
f 6341 6342 92
f 6340 6341 152
f 6339 6340 151
f 5762 6339 153
f 84 48 6370
f 40 84 6371
f 41 40 6372
f 46 41 6373
f 47 46 6374
f 38 47 6375
f 39 38 6376
f 36 39 6377
f 37 36 6378
f 45 37 6379
f 56 45 6380
f 142 56 6381
f 54 142 6382
f 55 54 6383
f 83 55 6384
f 81 83 6385
f 82 81 6386
f 141 82 6387
f 79 141 6388
f 80 79 6389
f 139 80 6390
f 140 139 6391
f 137 140 6392
f 138 137 6393
f 135 138 6394
f 136 135 6395
f 244 136 6396
f 242 244 6397
f 243 242 6398
f 377 243 6399
f 637 377 6400
f 6400 5735 637
f 6399 6400 377
f 6398 6399 243
f 6397 6398 242
f 6396 6397 244
f 6395 6396 136
f 6394 6395 135
f 6393 6394 138
f 6392 6393 137
f 6391 6392 140
f 6390 6391 139
f 6389 6390 80
f 6388 6389 79
f 6387 6388 141
f 6386 6387 82
f 6385 6386 81
f 6384 6385 83
f 6383 6384 55
f 6382 6383 54
f 6381 6382 142
f 6380 6381 56
f 6379 6380 45
f 6378 6379 37
f 6377 6378 36
f 6376 6377 39
f 6375 6376 38
f 6374 6375 47
f 6373 6374 46
f 6372 6373 41
f 6371 6372 40
f 6370 6371 84
f 44 6369 6370
f 6370 48 44
f 679 2722 5686
f 680 679 6401
f 953 680 6402
f 677 953 6403
f 678 677 6404
f 431 678 6405
f 432 431 6406
f 676 432 6407
f 675 676 6408
f 429 675 6409
f 430 429 6410
f 673 430 6411
f 674 673 6412
f 671 674 6413
f 672 671 6414
f 951 672 6415
f 952 951 6416
f 1212 952 6417
f 1527 1212 6418
f 1528 1527 6419
f 1525 1528 6420
f 1526 1525 6421
f 1524 1526 6422
f 1522 1524 6423
f 1523 1522 6424
f 1521 1523 6425
f 1210 1521 6426
f 949 1210 6427
f 950 949 6428
f 1211 950 6429
f 1520 1211 6430
f 6430 6431 1520
f 6429 6430 1211
f 6428 6429 950
f 6427 6428 949
f 6426 6427 1210
f 6425 6426 1521
f 6424 6425 1523
f 6423 6424 1522
f 6422 6423 1524
f 6421 6422 1526
f 6420 6421 1525
f 6419 6420 1528
f 6418 6419 1527
f 6417 6418 1212
f 6416 6417 952
f 6415 6416 951
f 6414 6415 672
f 6413 6414 671
f 6412 6413 674
f 6411 6412 673
f 6410 6411 430
f 6409 6410 429
f 6408 6409 675
f 6407 6408 676
f 6406 6407 432
f 6405 6406 431
f 6404 6405 678
f 6403 6404 677
f 6402 6403 953
f 6401 6402 680
f 5686 6401 679
f 686 1532 6432
f 687 686 6433
f 956 687 6434
f 957 956 6435
f 1221 957 6436
f 1222 1221 6437
f 1219 1222 6438
f 1220 1219 6439
f 1217 1220 6440
f 1218 1217 6441
f 955 1218 6442
f 437 955 6443
f 438 437 6444
f 685 438 6445
f 436 685 6446
f 278 436 6447
f 279 278 6448
f 434 279 6449
f 435 434 6450
f 684 435 6451
f 682 684 6452
f 683 682 6453
f 433 683 6454
f 276 433 6455
f 180 276 6456
f 181 180 6457
f 277 181 6458
f 681 277 6459
f 954 681 6460
f 1216 954 6461
f 1531 1216 6462
f 6462 5712 1531
f 6461 6462 1216
f 6460 6461 954
f 6459 6460 681
f 6458 6459 277
f 6457 6458 181
f 6456 6457 180
f 6455 6456 276
f 6454 6455 433
f 6453 6454 683
f 6452 6453 682
f 6451 6452 684
f 6450 6451 435
f 6449 6450 434
f 6448 6449 279
f 6447 6448 278
f 6446 6447 436
f 6445 6446 685
f 6444 6445 438
f 6443 6444 437
f 6442 6443 955
f 6441 6442 1218
f 6440 6441 1217
f 6439 6440 1220
f 6438 6439 1219
f 6437 6438 1222
f 6436 6437 1221
f 6435 6436 957
f 6434 6435 956
f 6433 6434 687
f 6432 6433 686
f 1520 6431 6432
f 6432 1532 1520
f 115 1904 5640
f 116 115 6463
f 113 116 6464
f 114 113 6465
f 178 114 6466
f 274 178 6467
f 275 274 6468
f 427 275 6469
f 670 427 6470
f 947 670 6471
f 668 947 6472
f 669 668 6473
f 272 669 6474
f 273 272 6475
f 426 273 6476
f 424 426 6477
f 425 424 6478
f 423 425 6479
f 176 423 6480
f 177 176 6481
f 270 177 6482
f 271 270 6483
f 422 271 6484
f 420 422 6485
f 421 420 6486
f 418 421 6487
f 419 418 6488
f 666 419 6489
f 667 666 6490
f 174 667 6491
f 175 174 6492
f 6492 6493 175
f 6491 6492 174
f 6490 6491 667
f 6489 6490 666
f 6488 6489 419
f 6487 6488 418
f 6486 6487 421
f 6485 6486 420
f 6484 6485 422
f 6483 6484 271
f 6482 6483 270
f 6481 6482 177
f 6480 6481 176
f 6479 6480 423
f 6478 6479 425
f 6477 6478 424
f 6476 6477 426
f 6475 6476 273
f 6474 6475 272
f 6473 6474 669
f 6472 6473 668
f 6471 6472 947
f 6470 6471 670
f 6469 6470 427
f 6468 6469 275
f 6467 6468 274
f 6466 6467 178
f 6465 6466 114
f 6464 6465 113
f 6463 6464 116
f 5640 6463 115
f 416 269 6494
f 417 416 6495
f 70 417 6496
f 52 70 6497
f 53 52 6498
f 71 53 6499
f 110 71 6500
f 111 110 6501
f 108 111 6502
f 109 108 6503
f 173 109 6504
f 171 173 6505
f 172 171 6506
f 267 172 6507
f 268 267 6508
f 415 268 6509
f 945 415 6510
f 946 945 6511
f 169 946 6512
f 170 169 6513
f 266 170 6514
f 264 266 6515
f 265 264 6516
f 414 265 6517
f 665 414 6518
f 663 665 6519
f 412 663 6520
f 413 412 6521
f 664 413 6522
f 944 664 6523
f 2316 944 6524
f 6524 5696 2316
f 6523 6524 944
f 6522 6523 664
f 6521 6522 413
f 6520 6521 412
f 6519 6520 663
f 6518 6519 665
f 6517 6518 414
f 6516 6517 265
f 6515 6516 264
f 6514 6515 266
f 6513 6514 170
f 6512 6513 169
f 6511 6512 946
f 6510 6511 945
f 6509 6510 415
f 6508 6509 268
f 6507 6508 267
f 6506 6507 172
f 6505 6506 171
f 6504 6505 173
f 6503 6504 109
f 6502 6503 108
f 6501 6502 111
f 6500 6501 110
f 6499 6500 71
f 6498 6499 53
f 6497 6498 52
f 6496 6497 70
f 6495 6496 417
f 6494 6495 416
f 175 6493 6494
f 6494 269 175
f 382 255 5738
f 103 382 6525
f 104 103 6526
f 101 104 6527
f 102 101 6528
f 99 102 6529
f 100 99 6530
f 97 100 6531
f 98 97 6532
f 164 98 6533
f 162 164 6534
f 163 162 6535
f 160 163 6536
f 161 160 6537
f 254 161 6538
f 381 254 6539
f 643 381 6540
f 924 643 6541
f 641 924 6542
f 642 641 6543
f 252 642 6544
f 253 252 6545
f 250 253 6546
f 251 250 6547
f 379 251 6548
f 380 379 6549
f 158 380 6550
f 159 158 6551
f 156 159 6552
f 157 156 6553
f 248 157 6554
f 6554 6555 248
f 6553 6554 157
f 6552 6553 156
f 6551 6552 159
f 6550 6551 158
f 6549 6550 380
f 6548 6549 379
f 6547 6548 251
f 6546 6547 250
f 6545 6546 253
f 6544 6545 252
f 6543 6544 642
f 6542 6543 641
f 6541 6542 924
f 6540 6541 643
f 6539 6540 381
f 6538 6539 254
f 6537 6538 161
f 6536 6537 160
f 6535 6536 163
f 6534 6535 162
f 6533 6534 164
f 6532 6533 98
f 6531 6532 97
f 6530 6531 100
f 6529 6530 99
f 6528 6529 102
f 6527 6528 101
f 6526 6527 104
f 6525 6526 103
f 5738 6525 382
f 95 249 6556
f 62 95 6557
f 63 62 6558
f 96 63 6559
f 154 96 6560
f 155 154 6561
f 246 155 6562
f 247 246 6563
f 168 247 6564
f 260 168 6565
f 106 260 6566
f 68 106 6567
f 69 68 6568
f 107 69 6569
f 166 107 6570
f 167 166 6571
f 258 167 6572
f 259 258 6573
f 392 259 6574
f 390 392 6575
f 391 390 6576
f 388 391 6577
f 389 388 6578
f 646 389 6579
f 647 646 6580
f 386 647 6581
f 387 386 6582
f 384 387 6583
f 385 384 6584
f 645 385 6585
f 257 645 6586
f 6586 5666 257
f 6585 6586 645
f 6584 6585 385
f 6583 6584 384
f 6582 6583 387
f 6581 6582 386
f 6580 6581 647
f 6579 6580 646
f 6578 6579 389
f 6577 6578 388
f 6576 6577 391
f 6575 6576 390
f 6574 6575 392
f 6573 6574 259
f 6572 6573 258
f 6571 6572 167
f 6570 6571 166
f 6569 6570 107
f 6568 6569 69
f 6567 6568 68
f 6566 6567 106
f 6565 6566 260
f 6564 6565 168
f 6563 6564 247
f 6562 6563 246
f 6561 6562 155
f 6560 6561 154
f 6559 6560 96
f 6558 6559 63
f 6557 6558 62
f 6556 6557 95
f 248 6555 6556
f 6556 249 248
f 1515 1903 5669
f 1516 1515 6587
f 400 1516 6588
f 401 400 6589
f 654 401 6590
f 655 654 6591
f 925 655 6592
f 652 925 6593
f 653 652 6594
f 650 653 6595
f 651 650 6596
f 398 651 6597
f 399 398 6598
f 649 399 6599
f 397 649 6600
f 395 397 6601
f 396 395 6602
f 393 396 6603
f 262 393 6604
f 263 262 6605
f 394 263 6606
f 648 394 6607
f 1207 648 6608
f 661 1207 6609
f 662 661 6610
f 942 662 6611
f 943 942 6612
f 941 943 6613
f 659 941 6614
f 410 659 6615
f 411 410 6616
f 6616 6617 411
f 6615 6616 410
f 6614 6615 659
f 6613 6614 941
f 6612 6613 943
f 6611 6612 942
f 6610 6611 662
f 6609 6610 661
f 6608 6609 1207
f 6607 6608 648
f 6606 6607 394
f 6605 6606 263
f 6604 6605 262
f 6603 6604 393
f 6602 6603 396
f 6601 6602 395
f 6600 6601 397
f 6599 6600 649
f 6598 6599 399
f 6597 6598 398
f 6596 6597 651
f 6595 6596 650
f 6594 6595 653
f 6593 6594 652
f 6592 6593 925
f 6591 6592 655
f 6590 6591 654
f 6589 6590 401
f 6588 6589 400
f 6587 6588 1516
f 5669 6587 1515
f 940 660 6618
f 938 940 6619
f 939 938 6620
f 1205 939 6621
f 1206 1205 6622
f 1518 1206 6623
f 1204 1518 6624
f 936 1204 6625
f 937 936 6626
f 1202 937 6627
f 1203 1202 6628
f 1200 1203 6629
f 1201 1200 6630
f 408 1201 6631
f 409 408 6632
f 406 409 6633
f 407 406 6634
f 658 407 6635
f 934 658 6636
f 935 934 6637
f 1199 935 6638
f 932 1199 6639
f 933 932 6640
f 1197 933 6641
f 1198 1197 6642
f 930 1198 6643
f 931 930 6644
f 1196 931 6645
f 403 1196 6646
f 404 403 6647
f 929 404 6648
f 6648 5650 929
f 6647 6648 404
f 6646 6647 403
f 6645 6646 1196
f 6644 6645 931
f 6643 6644 930
f 6642 6643 1198
f 6641 6642 1197
f 6640 6641 933
f 6639 6640 932
f 6638 6639 1199
f 6637 6638 935
f 6636 6637 934
f 6635 6636 658
f 6634 6635 407
f 6633 6634 406
f 6632 6633 409
f 6631 6632 408
f 6630 6631 1201
f 6629 6630 1200
f 6628 6629 1203
f 6627 6628 1202
f 6626 6627 937
f 6625 6626 936
f 6624 6625 1204
f 6623 6624 1518
f 6622 6623 1206
f 6621 6622 1205
f 6620 6621 939
f 6619 6620 938
f 6618 6619 940
f 411 6617 6618
f 6618 660 411
f 1225 1546 5715
f 1226 1225 6649
f 1545 1226 6650
f 452 1545 6651
f 453 452 6652
f 183 453 6653
f 184 183 6654
f 287 184 6655
f 285 287 6656
f 286 285 6657
f 451 286 6658
f 450 451 6659
f 283 450 6660
f 284 283 6661
f 448 284 6662
f 449 448 6663
f 446 449 6664
f 447 446 6665
f 699 447 6666
f 700 699 6667
f 1224 700 6668
f 1543 1224 6669
f 1544 1543 6670
f 1541 1544 6671
f 1542 1541 6672
f 1539 1542 6673
f 1540 1539 6674
f 1910 1540 6675
f 1911 1910 6676
f 697 1911 6677
f 698 697 6678
f 6678 6679 698
f 6677 6678 697
f 6676 6677 1911
f 6675 6676 1910
f 6674 6675 1540
f 6673 6674 1539
f 6672 6673 1542
f 6671 6672 1541
f 6670 6671 1544
f 6669 6670 1543
f 6668 6669 1224
f 6667 6668 700
f 6666 6667 699
f 6665 6666 447
f 6664 6665 446
f 6663 6664 449
f 6662 6663 448
f 6661 6662 284
f 6660 6661 283
f 6659 6660 450
f 6658 6659 451
f 6657 6658 286
f 6656 6657 285
f 6655 6656 287
f 6654 6655 184
f 6653 6654 183
f 6652 6653 453
f 6651 6652 452
f 6650 6651 1545
f 6649 6650 1226
f 5715 6649 1225
f 1538 966 6680
f 1536 1538 6681
f 1537 1536 6682
f 964 1537 6683
f 965 964 6684
f 962 965 6685
f 963 962 6686
f 444 963 6687
f 445 444 6688
f 695 445 6689
f 696 695 6690
f 961 696 6691
f 693 961 6692
f 694 693 6693
f 281 694 6694
f 282 281 6695
f 443 282 6696
f 441 443 6697
f 442 441 6698
f 692 442 6699
f 690 692 6700
f 691 690 6701
f 688 691 6702
f 439 688 6703
f 440 439 6704
f 689 440 6705
f 960 689 6706
f 958 960 6707
f 959 958 6708
f 1223 959 6709
f 1534 1223 6710
f 6710 5620 1534
f 6709 6710 1223
f 6708 6709 959
f 6707 6708 958
f 6706 6707 960
f 6705 6706 689
f 6704 6705 440
f 6703 6704 439
f 6702 6703 688
f 6701 6702 691
f 6700 6701 690
f 6699 6700 692
f 6698 6699 442
f 6697 6698 441
f 6696 6697 443
f 6695 6696 282
f 6694 6695 281
f 6693 6694 694
f 6692 6693 693
f 6691 6692 961
f 6690 6691 696
f 6689 6690 695
f 6688 6689 445
f 6687 6688 444
f 6686 6687 963
f 6685 6686 962
f 6684 6685 965
f 6683 6684 964
f 6682 6683 1537
f 6681 6682 1536
f 6680 6681 1538
f 698 6679 6680
f 6680 966 698
f 974 2322 5624
f 291 974 6711
f 292 291 6712
f 464 292 6713
f 462 464 6714
f 289 462 6715
f 290 289 6716
f 463 290 6717
f 1228 463 6718
f 1229 1228 6719
f 460 1229 6720
f 461 460 6721
f 458 461 6722
f 459 458 6723
f 709 459 6724
f 972 709 6725
f 973 972 6726
f 456 973 6727
f 457 456 6728
f 707 457 6729
f 708 707 6730
f 970 708 6731
f 971 970 6732
f 705 971 6733
f 706 705 6734
f 703 706 6735
f 704 703 6736
f 189 704 6737
f 190 189 6738
f 186 190 6739
f 187 186 6740
f 6740 6741 187
f 6739 6740 186
f 6738 6739 190
f 6737 6738 189
f 6736 6737 704
f 6735 6736 703
f 6734 6735 706
f 6733 6734 705
f 6732 6733 971
f 6731 6732 970
f 6730 6731 708
f 6729 6730 707
f 6728 6729 457
f 6727 6728 456
f 6726 6727 973
f 6725 6726 972
f 6724 6725 709
f 6723 6724 459
f 6722 6723 458
f 6721 6722 461
f 6720 6721 460
f 6719 6720 1229
f 6718 6719 1228
f 6717 6718 463
f 6716 6717 290
f 6715 6716 289
f 6714 6715 462
f 6713 6714 464
f 6712 6713 292
f 6711 6712 291
f 5624 6711 974
f 454 288 6742
f 455 454 6743
f 969 455 6744
f 701 969 6745
f 702 701 6746
f 967 702 6747
f 968 967 6748
f 1227 968 6749
f 1238 1227 6750
f 1553 1238 6751
f 1914 1553 6752
f 1913 1914 6753
f 1551 1913 6754
f 1552 1551 6755
f 1236 1552 6756
f 1237 1236 6757
f 1550 1237 6758
f 1548 1550 6759
f 1549 1548 6760
f 1235 1549 6761
f 978 1235 6762
f 979 978 6763
f 1234 979 6764
f 711 1234 6765
f 467 711 6766
f 294 467 6767
f 295 294 6768
f 468 295 6769
f 976 468 6770
f 975 976 6771
f 465 975 6772
f 6772 5596 465
f 6771 6772 975
f 6770 6771 976
f 6769 6770 468
f 6768 6769 295
f 6767 6768 294
f 6766 6767 467
f 6765 6766 711
f 6764 6765 1234
f 6763 6764 979
f 6762 6763 978
f 6761 6762 1235
f 6760 6761 1549
f 6759 6760 1548
f 6758 6759 1550
f 6757 6758 1237
f 6756 6757 1236
f 6755 6756 1552
f 6754 6755 1551
f 6753 6754 1913
f 6752 6753 1914
f 6751 6752 1553
f 6750 6751 1238
f 6749 6750 1227
f 6748 6749 968
f 6747 6748 967
f 6746 6747 702
f 6745 6746 701
f 6744 6745 969
f 6743 6744 455
f 6742 6743 454
f 187 6741 6742
f 6742 288 187
f 3488 3113 5601
f 1925 3488 6773
f 1923 1925 6774
f 1924 1923 6775
f 1921 1924 6776
f 1922 1921 6777
f 1919 1922 6778
f 1920 1919 6779
f 1917 1920 6780
f 1918 1917 6781
f 1915 1918 6782
f 1554 1915 6783
f 1555 1554 6784
f 1916 1555 6785
f 2323 1916 6786
f 2725 2323 6787
f 2726 2725 6788
f 3111 2726 6789
f 3112 3111 6790
f 3862 3112 6791
f 4141 3862 6792
f 2729 4141 6793
f 2334 2729 6794
f 2335 2334 6795
f 2730 2335 6796
f 3116 2730 6797
f 3117 3116 6798
f 3489 3117 6799
f 3490 3489 6800
f 2332 3490 6801
f 2333 2332 6802
f 6802 6803 2333
f 6801 6802 2332
f 6800 6801 3490
f 6799 6800 3489
f 6798 6799 3117
f 6797 6798 3116
f 6796 6797 2730
f 6795 6796 2335
f 6794 6795 2334
f 6793 6794 2729
f 6792 6793 4141
f 6791 6792 3862
f 6790 6791 3112
f 6789 6790 3111
f 6788 6789 2726
f 6787 6788 2725
f 6786 6787 2323
f 6785 6786 1916
f 6784 6785 1555
f 6783 6784 1554
f 6782 6783 1915
f 6781 6782 1918
f 6780 6781 1917
f 6779 6780 1920
f 6778 6779 1919
f 6777 6778 1922
f 6776 6777 1921
f 6775 6776 1924
f 6774 6775 1923
f 6773 6774 1925
f 5601 6773 3488
f 1561 2331 6804
f 1562 1561 6805
f 1937 1562 6806
f 1938 1937 6807
f 2329 1938 6808
f 1935 2329 6809
f 1936 1935 6810
f 1933 1936 6811
f 1934 1933 6812
f 1931 1934 6813
f 1932 1931 6814
f 2328 1932 6815
f 1929 2328 6816
f 1930 1929 6817
f 1559 1930 6818
f 1560 1559 6819
f 1239 1560 6820
f 1240 1239 6821
f 1558 1240 6822
f 715 1558 6823
f 716 715 6824
f 982 716 6825
f 980 982 6826
f 713 980 6827
f 714 713 6828
f 981 714 6829
f 1556 981 6830
f 1557 1556 6831
f 1928 1557 6832
f 3115 1928 6833
f 2728 3115 6834
f 6834 5574 2728
f 6833 6834 3115
f 6832 6833 1928
f 6831 6832 1557
f 6830 6831 1556
f 6829 6830 981
f 6828 6829 714
f 6827 6828 713
f 6826 6827 980
f 6825 6826 982
f 6824 6825 716
f 6823 6824 715
f 6822 6823 1558
f 6821 6822 1240
f 6820 6821 1239
f 6819 6820 1560
f 6818 6819 1559
f 6817 6818 1930
f 6816 6817 1929
f 6815 6816 2328
f 6814 6815 1932
f 6813 6814 1931
f 6812 6813 1934
f 6811 6812 1933
f 6810 6811 1936
f 6809 6810 1935
f 6808 6809 2329
f 6807 6808 1938
f 6806 6807 1937
f 6805 6806 1562
f 6804 6805 1561
f 2333 6803 6804
f 6804 2331 2333
f 301 3118 5578
f 302 301 6835
f 299 302 6836
f 300 299 6837
f 297 300 6838
f 298 297 6839
f 470 298 6840
f 471 470 6841
f 994 471 6842
f 296 994 6843
f 118 296 6844
f 119 118 6845
f 191 119 6846
f 192 191 6847
f 469 192 6848
f 722 469 6849
f 723 722 6850
f 992 723 6851
f 993 992 6852
f 1257 993 6853
f 1258 1257 6854
f 1255 1258 6855
f 1256 1255 6856
f 990 1256 6857
f 991 990 6858
f 1254 991 6859
f 1253 1254 6860
f 989 1253 6861
f 720 989 6862
f 721 720 6863
f 987 721 6864
f 6864 6865 987
f 6863 6864 721
f 6862 6863 720
f 6861 6862 989
f 6860 6861 1253
f 6859 6860 1254
f 6858 6859 991
f 6857 6858 990
f 6856 6857 1256
f 6855 6856 1255
f 6854 6855 1258
f 6853 6854 1257
f 6852 6853 993
f 6851 6852 992
f 6850 6851 723
f 6849 6850 722
f 6848 6849 469
f 6847 6848 192
f 6846 6847 191
f 6845 6846 119
f 6844 6845 118
f 6843 6844 296
f 6842 6843 994
f 6841 6842 471
f 6840 6841 470
f 6839 6840 298
f 6838 6839 297
f 6837 6838 300
f 6836 6837 299
f 6835 6836 302
f 5578 6835 301
f 1252 988 6866
f 1570 1252 6867
f 1250 1570 6868
f 1251 1250 6869
f 1571 1251 6870
f 1941 1571 6871
f 1568 1941 6872
f 1569 1568 6873
f 718 1569 6874
f 719 718 6875
f 985 719 6876
f 986 985 6877
f 1249 986 6878
f 1247 1249 6879
f 1248 1247 6880
f 1245 1248 6881
f 1246 1245 6882
f 1567 1246 6883
f 1940 1567 6884
f 1566 1940 6885
f 1243 1566 6886
f 1244 1243 6887
f 1241 1244 6888
f 983 1241 6889
f 984 983 6890
f 1242 984 6891
f 1565 1242 6892
f 1563 1565 6893
f 1564 1563 6894
f 1939 1564 6895
f 3491 1939 6896
f 6896 5551 3491
f 6895 6896 1939
f 6894 6895 1564
f 6893 6894 1563
f 6892 6893 1565
f 6891 6892 1242
f 6890 6891 984
f 6889 6890 983
f 6888 6889 1241
f 6887 6888 1244
f 6886 6887 1243
f 6885 6886 1566
f 6884 6885 1940
f 6883 6884 1567
f 6882 6883 1246
f 6881 6882 1245
f 6880 6881 1248
f 6879 6880 1247
f 6878 6879 1249
f 6877 6878 986
f 6876 6877 985
f 6875 6876 719
f 6874 6875 718
f 6873 6874 1569
f 6872 6873 1568
f 6871 6872 1941
f 6870 6871 1571
f 6869 6870 1251
f 6868 6869 1250
f 6867 6868 1570
f 6866 6867 1252
f 987 6865 6866
f 6866 988 987
f 3828 4315 5501
f 3829 3828 6897
f 4119 3829 6898
f 2679 4119 6899
f 2676 2679 6900
f 2677 2676 6901
f 1851 2677 6902
f 1852 1851 6903
f 2271 1852 6904
f 2269 2271 6905
f 1849 2269 6906
f 1850 1849 6907
f 2270 1850 6908
f 1847 2270 6909
f 1848 1847 6910
f 2267 1848 6911
f 2268 2267 6912
f 3084 2268 6913
f 2674 3084 6914
f 2675 2674 6915
f 3085 2675 6916
f 3827 3085 6917
f 3475 3827 6918
f 3476 3475 6919
f 3833 3476 6920
f 4121 3833 6921
f 3473 4121 6922
f 3474 3473 6923
f 3832 3474 6924
f 2279 3832 6925
f 2280 2279 6926
f 6926 6927 2280
f 6925 6926 2279
f 6924 6925 3832
f 6923 6924 3474
f 6922 6923 3473
f 6921 6922 4121
f 6920 6921 3833
f 6919 6920 3476
f 6918 6919 3475
f 6917 6918 3827
f 6916 6917 3085
f 6915 6916 2675
f 6914 6915 2674
f 6913 6914 3084
f 6912 6913 2268
f 6911 6912 2267
f 6910 6911 1848
f 6909 6910 1847
f 6908 6909 2270
f 6907 6908 1850
f 6906 6907 1849
f 6905 6906 2269
f 6904 6905 2271
f 6903 6904 1852
f 6902 6903 1851
f 6901 6902 2677
f 6900 6901 2676
f 6899 6900 2679
f 6898 6899 4119
f 6897 6898 3829
f 5501 6897 3828
f 3097 2278 6928
f 3095 3097 6929
f 3096 3095 6930
f 2687 3096 6931
f 2688 2687 6932
f 2685 2688 6933
f 2686 2685 6934
f 3093 2686 6935
f 3094 3093 6936
f 1856 3094 6937
f 1857 1856 6938
f 1854 1857 6939
f 1855 1854 6940
f 2276 1855 6941
f 2683 2276 6942
f 2274 2683 6943
f 2275 2274 6944
f 2684 2275 6945
f 3092 2684 6946
f 3090 3092 6947
f 3091 3090 6948
f 2682 3091 6949
f 2272 2682 6950
f 2273 2272 6951
f 2680 2273 6952
f 2681 2680 6953
f 3089 2681 6954
f 3472 3089 6955
f 3087 3472 6956
f 3088 3087 6957
f 3469 3088 6958
f 6958 5535 3469
f 6957 6958 3088
f 6956 6957 3087
f 6955 6956 3472
f 6954 6955 3089
f 6953 6954 2681
f 6952 6953 2680
f 6951 6952 2273
f 6950 6951 2272
f 6949 6950 2682
f 6948 6949 3091
f 6947 6948 3090
f 6946 6947 3092
f 6945 6946 2684
f 6944 6945 2275
f 6943 6944 2274
f 6942 6943 2683
f 6941 6942 2276
f 6940 6941 1855
f 6939 6940 1854
f 6938 6939 1857
f 6937 6938 1856
f 6936 6937 3094
f 6935 6936 3093
f 6934 6935 2686
f 6933 6934 2685
f 6932 6933 2688
f 6931 6932 2687
f 6930 6931 3096
f 6929 6930 3095
f 6928 6929 3097
f 2280 6927 6928
f 6928 2278 2280
f 4114 4116 5479
f 4115 4114 6959
f 4112 4115 6960
f 4113 4112 6961
f 4110 4113 6962
f 4111 4110 6963
f 3076 4111 6964
f 2670 3076 6965
f 2671 2670 6966
f 3077 2671 6967
f 3456 3077 6968
f 3457 3456 6969
f 3454 3457 6970
f 3455 3454 6971
f 3452 3455 6972
f 3074 3452 6973
f 3075 3074 6974
f 3453 3075 6975
f 3821 3453 6976
f 4109 3821 6977
f 3819 4109 6978
f 3820 3819 6979
f 3817 3820 6980
f 3818 3817 6981
f 3450 3818 6982
f 3451 3450 6983
f 3448 3451 6984
f 3449 3448 6985
f 3816 3449 6986
f 3446 3816 6987
f 3447 3446 6988
f 6988 6989 3447
f 6987 6988 3446
f 6986 6987 3816
f 6985 6986 3449
f 6984 6985 3448
f 6983 6984 3451
f 6982 6983 3450
f 6981 6982 3818
f 6980 6981 3817
f 6979 6980 3820
f 6978 6979 3819
f 6977 6978 4109
f 6976 6977 3821
f 6975 6976 3453
f 6974 6975 3075
f 6973 6974 3074
f 6972 6973 3452
f 6971 6972 3455
f 6970 6971 3454
f 6969 6970 3457
f 6968 6969 3456
f 6967 6968 3077
f 6966 6967 2671
f 6965 6966 2670
f 6964 6965 3076
f 6963 6964 4111
f 6962 6963 4110
f 6961 6962 4113
f 6960 6961 4112
f 6959 6960 4115
f 5479 6959 4114
f 4309 4108 6990
f 4107 4309 6991
f 3444 4107 6992
f 3445 3444 6993
f 3814 3445 6994
f 3815 3814 6995
f 4308 3815 6996
f 4417 4308 6997
f 4118 4417 6998
f 4314 4118 6999
f 4312 4314 7000
f 4313 4312 7001
f 3825 4313 7002
f 3826 3825 7003
f 3824 3826 7004
f 3464 3824 7005
f 3465 3464 7006
f 3462 3465 7007
f 3463 3462 7008
f 3082 3463 7009
f 2672 3082 7010
f 2673 2672 7011
f 3083 2673 7012
f 3461 3083 7013
f 3459 3461 7014
f 3080 3459 7015
f 3081 3080 7016
f 3460 3081 7017
f 4311 3460 7018
f 4418 4311 7019
f 3823 4418 7020
f 7020 5511 3823
f 7019 7020 4418
f 7018 7019 4311
f 7017 7018 3460
f 7016 7017 3081
f 7015 7016 3080
f 7014 7015 3459
f 7013 7014 3461
f 7012 7013 3083
f 7011 7012 2673
f 7010 7011 2672
f 7009 7010 3082
f 7008 7009 3463
f 7007 7008 3462
f 7006 7007 3465
f 7005 7006 3464
f 7004 7005 3824
f 7003 7004 3826
f 7002 7003 3825
f 7001 7002 4313
f 7000 7001 4312
f 6999 7000 4314
f 6998 6999 4118
f 6997 6998 4417
f 6996 6997 4308
f 6995 6996 3815
f 6994 6995 3814
f 6993 6994 3445
f 6992 6993 3444
f 6991 6992 4107
f 6990 6991 4309
f 3447 6989 6990
f 6990 4108 3447
f 2667 4106 5455
f 2668 2667 7021
f 2666 2668 7022
f 2265 2666 7023
f 1844 2265 7024
f 1845 1844 7025
f 2266 1845 7026
f 3073 2266 7027
f 3441 3073 7028
f 3442 3441 7029
f 1129 3442 7030
f 1130 1129 7031
f 1452 1130 7032
f 1453 1452 7033
f 1843 1453 7034
f 2264 1843 7035
f 2262 2264 7036
f 2263 2262 7037
f 2664 2263 7038
f 2665 2664 7039
f 3072 2665 7040
f 2260 3072 7041
f 1841 2260 7042
f 1842 1841 7043
f 2261 1842 7044
f 2662 2261 7045
f 2258 2662 7046
f 2259 2258 7047
f 2663 2259 7048
f 846 2663 7049
f 847 846 7050
f 7050 7051 847
f 7049 7050 846
f 7048 7049 2663
f 7047 7048 2259
f 7046 7047 2258
f 7045 7046 2662
f 7044 7045 2261
f 7043 7044 1842
f 7042 7043 1841
f 7041 7042 2260
f 7040 7041 3072
f 7039 7040 2665
f 7038 7039 2664
f 7037 7038 2263
f 7036 7037 2262
f 7035 7036 2264
f 7034 7035 1843
f 7033 7034 1453
f 7032 7033 1452
f 7031 7032 1130
f 7030 7031 1129
f 7029 7030 3442
f 7028 7029 3441
f 7027 7028 3073
f 7026 7027 2266
f 7025 7026 1845
f 7024 7025 1844
f 7023 7024 2265
f 7022 7023 2666
f 7021 7022 2668
f 5455 7021 2667
f 1840 1128 7052
f 1838 1840 7053
f 1839 1838 7054
f 2256 1839 7055
f 2257 2256 7056
f 1126 2257 7057
f 1127 1126 7058
f 1450 1127 7059
f 1451 1450 7060
f 1836 1451 7061
f 1837 1836 7062
f 2255 1837 7063
f 3070 2255 7064
f 3071 3070 7065
f 3439 3071 7066
f 3440 3439 7067
f 2660 3440 7068
f 2661 2660 7069
f 2658 2661 7070
f 2659 2658 7071
f 3068 2659 7072
f 3069 3068 7073
f 3438 3069 7074
f 3436 3438 7075
f 3437 3436 7076
f 3813 3437 7077
f 3811 3813 7078
f 3434 3811 7079
f 3435 3434 7080
f 3812 3435 7081
f 4104 3812 7082
f 7082 5489 4104
f 7081 7082 3812
f 7080 7081 3435
f 7079 7080 3434
f 7078 7079 3811
f 7077 7078 3813
f 7076 7077 3437
f 7075 7076 3436
f 7074 7075 3438
f 7073 7074 3069
f 7072 7073 3068
f 7071 7072 2659
f 7070 7071 2658
f 7069 7070 2661
f 7068 7069 2660
f 7067 7068 3440
f 7066 7067 3439
f 7065 7066 3071
f 7064 7065 3070
f 7063 7064 2255
f 7062 7063 1837
f 7061 7062 1836
f 7060 7061 1451
f 7059 7060 1450
f 7058 7059 1127
f 7057 7058 1126
f 7056 7057 2257
f 7055 7056 2256
f 7054 7055 1839
f 7053 7054 1838
f 7052 7053 1840
f 847 7051 7052
f 7052 1128 847
f 3799 4487 5386
f 3429 3799 7083
f 3430 3429 7084
f 3797 3430 7085
f 3798 3797 7086
f 4090 3798 7087
f 3795 4090 7088
f 3796 3795 7089
f 1834 3796 7090
f 1835 1834 7091
f 2253 1835 7092
f 2254 2253 7093
f 2657 2254 7094
f 3064 2657 7095
f 3062 3064 7096
f 3063 3062 7097
f 3428 3063 7098
f 3060 3428 7099
f 2655 3060 7100
f 2656 2655 7101
f 3061 2656 7102
f 3058 3061 7103
f 3059 3058 7104
f 3426 3059 7105
f 3427 3426 7106
f 4089 3427 7107
f 4299 4089 7108
f 4300 4299 7109
f 4407 4300 7110
f 4408 4407 7111
f 4527 4408 7112
f 7112 7113 4527
f 7111 7112 4408
f 7110 7111 4407
f 7109 7110 4300
f 7108 7109 4299
f 7107 7108 4089
f 7106 7107 3427
f 7105 7106 3426
f 7104 7105 3059
f 7103 7104 3058
f 7102 7103 3061
f 7101 7102 2656
f 7100 7101 2655
f 7099 7100 3060
f 7098 7099 3428
f 7097 7098 3063
f 7096 7097 3062
f 7095 7096 3064
f 7094 7095 2657
f 7093 7094 2254
f 7092 7093 2253
f 7091 7092 1835
f 7090 7091 1834
f 7089 7090 3796
f 7088 7089 3795
f 7087 7088 4090
f 7086 7087 3798
f 7085 7086 3797
f 7084 7085 3430
f 7083 7084 3429
f 5386 7083 3799
f 3807 3810 7114
f 3808 3807 7115
f 4306 3808 7116
f 4304 4306 7117
f 4101 4304 7118
f 4102 4101 7119
f 4305 4102 7120
f 4413 4305 7121
f 4488 4413 7122
f 4489 4488 7123
f 4411 4489 7124
f 4412 4411 7125
f 4409 4412 7126
f 4410 4409 7127
f 4099 4410 7128
f 4100 4099 7129
f 3805 4100 7130
f 3806 3805 7131
f 4097 3806 7132
f 4098 4097 7133
f 4303 4098 7134
f 4096 4303 7135
f 3804 4096 7136
f 3433 3804 7137
f 3066 3433 7138
f 3067 3066 7139
f 3431 3067 7140
f 3432 3431 7141
f 3801 3432 7142
f 3802 3801 7143
f 4094 3802 7144
f 7144 5466 4094
f 7143 7144 3802
f 7142 7143 3801
f 7141 7142 3432
f 7140 7141 3431
f 7139 7140 3067
f 7138 7139 3066
f 7137 7138 3433
f 7136 7137 3804
f 7135 7136 4096
f 7134 7135 4303
f 7133 7134 4098
f 7132 7133 4097
f 7131 7132 3806
f 7130 7131 3805
f 7129 7130 4100
f 7128 7129 4099
f 7127 7128 4410
f 7126 7127 4409
f 7125 7126 4412
f 7124 7125 4411
f 7123 7124 4489
f 7122 7123 4488
f 7121 7122 4413
f 7120 7121 4305
f 7119 7120 4102
f 7118 7119 4101
f 7117 7118 4304
f 7116 7117 4306
f 7115 7116 3808
f 7114 7115 3807
f 4527 7113 7114
f 7114 3810 4527
f 4296 4486 5409
f 4294 4296 7145
f 4295 4294 7146
f 4078 4295 7147
f 4079 4078 7148
f 3402 4079 7149
f 3403 3402 7150
f 3400 3403 7151
f 3401 3400 7152
f 3777 3401 7153
f 3778 3777 7154
f 3776 3778 7155
f 3398 3776 7156
f 3399 3398 7157
f 3774 3399 7158
f 3775 3774 7159
f 1807 3775 7160
f 1808 1807 7161
f 2232 1808 7162
f 2230 2232 7163
f 2231 2230 7164
f 1439 2231 7165
f 1117 1439 7166
f 1118 1117 7167
f 1440 1118 7168
f 1805 1440 7169
f 1806 1805 7170
f 1804 1806 7171
f 1437 1804 7172
f 1115 1437 7173
f 1116 1115 7174
f 7174 7175 1116
f 7173 7174 1115
f 7172 7173 1437
f 7171 7172 1804
f 7170 7171 1806
f 7169 7170 1805
f 7168 7169 1440
f 7167 7168 1118
f 7166 7167 1117
f 7165 7166 1439
f 7164 7165 2231
f 7163 7164 2230
f 7162 7163 2232
f 7161 7162 1808
f 7160 7161 1807
f 7159 7160 3775
f 7158 7159 3774
f 7157 7158 3399
f 7156 7157 3398
f 7155 7156 3776
f 7154 7155 3778
f 7153 7154 3777
f 7152 7153 3401
f 7151 7152 3400
f 7150 7151 3403
f 7149 7150 3402
f 7148 7149 4079
f 7147 7148 4078
f 7146 7147 4295
f 7145 7146 4294
f 5409 7145 4296
f 1803 1438 7176
f 2229 1803 7177
f 2629 2229 7178
f 2630 2629 7179
f 3040 2630 7180
f 3397 3040 7181
f 3772 3397 7182
f 3773 3772 7183
f 3413 3773 7184
f 3791 3413 7185
f 3790 3791 7186
f 3411 3790 7187
f 3412 3411 7188
f 3788 3412 7189
f 3789 3788 7190
f 3787 3789 7191
f 3409 3787 7192
f 3410 3409 7193
f 3407 3410 7194
f 3408 3407 7195
f 3786 3408 7196
f 3784 3786 7197
f 3785 3784 7198
f 4086 3785 7199
f 3782 4086 7200
f 3783 3782 7201
f 4085 3783 7202
f 4084 4085 7203
f 3405 4084 7204
f 3406 3405 7205
f 3780 3406 7206
f 7206 5436 3780
f 7205 7206 3406
f 7204 7205 3405
f 7203 7204 4084
f 7202 7203 4085
f 7201 7202 3783
f 7200 7201 3782
f 7199 7200 4086
f 7198 7199 3785
f 7197 7198 3784
f 7196 7197 3786
f 7195 7196 3408
f 7194 7195 3407
f 7193 7194 3410
f 7192 7193 3409
f 7191 7192 3787
f 7190 7191 3789
f 7189 7190 3788
f 7188 7189 3412
f 7187 7188 3411
f 7186 7187 3790
f 7185 7186 3791
f 7184 7185 3413
f 7183 7184 3773
f 7182 7183 3772
f 7181 7182 3397
f 7180 7181 3040
f 7179 7180 2630
f 7178 7179 2629
f 7177 7178 2229
f 7176 7177 1803
f 1116 7175 7176
f 7176 1438 1116
f 3037 3039 5341
f 2627 3037 7207
f 2628 2627 7208
f 3035 2628 7209
f 3036 3035 7210
f 3396 3036 7211
f 3394 3396 7212
f 3395 3394 7213
f 3392 3395 7214
f 3393 3392 7215
f 3033 3393 7216
f 3034 3033 7217
f 3391 3034 7218
f 3389 3391 7219
f 3390 3389 7220
f 3031 3390 7221
f 3032 3031 7222
f 3029 3032 7223
f 2625 3029 7224
f 2626 2625 7225
f 3030 2626 7226
f 3388 3030 7227
f 3770 3388 7228
f 3771 3770 7229
f 3768 3771 7230
f 3769 3768 7231
f 2623 3769 7232
f 2624 2623 7233
f 2227 2624 7234
f 1801 2227 7235
f 1802 1801 7236
f 7236 7237 1802
f 7235 7236 1801
f 7234 7235 2227
f 7233 7234 2624
f 7232 7233 2623
f 7231 7232 3769
f 7230 7231 3768
f 7229 7230 3771
f 7228 7229 3770
f 7227 7228 3388
f 7226 7227 3030
f 7225 7226 2626
f 7224 7225 2625
f 7223 7224 3029
f 7222 7223 3032
f 7221 7222 3031
f 7220 7221 3390
f 7219 7220 3389
f 7218 7219 3391
f 7217 7218 3034
f 7216 7217 3033
f 7215 7216 3393
f 7214 7215 3392
f 7213 7214 3395
f 7212 7213 3394
f 7211 7212 3396
f 7210 7211 3036
f 7209 7210 3035
f 7208 7209 2628
f 7207 7208 2627
f 5341 7207 3037
f 2621 2228 7238
f 3387 2621 7239
f 3766 3387 7240
f 3767 3766 7241
f 3764 3767 7242
f 3765 3764 7243
f 3762 3765 7244
f 3763 3762 7245
f 3027 3763 7246
f 3028 3027 7247
f 3025 3028 7248
f 3026 3025 7249
f 3386 3026 7250
f 3385 3386 7251
f 3024 3385 7252
f 2225 3024 7253
f 2226 2225 7254
f 2619 2226 7255
f 2620 2619 7256
f 3022 2620 7257
f 3023 3022 7258
f 3384 3023 7259
f 3761 3384 7260
f 3382 3761 7261
f 3020 3382 7262
f 3021 3020 7263
f 3383 3021 7264
f 3759 3383 7265
f 3760 3759 7266
f 4077 3760 7267
f 4292 4077 7268
f 7268 5420 4292
f 7267 7268 4077
f 7266 7267 3760
f 7265 7266 3759
f 7264 7265 3383
f 7263 7264 3021
f 7262 7263 3020
f 7261 7262 3382
f 7260 7261 3761
f 7259 7260 3384
f 7258 7259 3023
f 7257 7258 3022
f 7256 7257 2620
f 7255 7256 2619
f 7254 7255 2226
f 7253 7254 2225
f 7252 7253 3024
f 7251 7252 3385
f 7250 7251 3386
f 7249 7250 3026
f 7248 7249 3025
f 7247 7248 3028
f 7246 7247 3027
f 7245 7246 3763
f 7244 7245 3762
f 7243 7244 3765
f 7242 7243 3764
f 7241 7242 3767
f 7240 7241 3766
f 7239 7240 3387
f 7238 7239 2621
f 1802 7237 7238
f 7238 2228 1802
f 1448 1449 5363
f 1122 1448 7269
f 1123 1122 7270
f 225 1123 7271
f 226 225 7272
f 341 226 7273
f 342 341 7274
f 555 342 7275
f 556 555 7276
f 842 556 7277
f 339 842 7278
f 340 339 7279
f 337 340 7280
f 223 337 7281
f 224 223 7282
f 338 224 7283
f 840 338 7284
f 841 840 7285
f 838 841 7286
f 839 838 7287
f 335 839 7288
f 336 335 7289
f 333 336 7290
f 334 333 7291
f 554 334 7292
f 220 554 7293
f 221 220 7294
f 218 221 7295
f 219 218 7296
f 216 219 7297
f 217 216 7298
f 7298 7299 217
f 7297 7298 216
f 7296 7297 219
f 7295 7296 218
f 7294 7295 221
f 7293 7294 220
f 7292 7293 554
f 7291 7292 334
f 7290 7291 333
f 7289 7290 336
f 7288 7289 335
f 7287 7288 839
f 7286 7287 838
f 7285 7286 841
f 7284 7285 840
f 7283 7284 338
f 7282 7283 224
f 7281 7282 223
f 7280 7281 337
f 7279 7280 340
f 7278 7279 339
f 7277 7278 842
f 7276 7277 556
f 7275 7276 555
f 7274 7275 342
f 7273 7274 341
f 7272 7273 226
f 7271 7272 225
f 7270 7271 1123
f 7269 7270 1122
f 5363 7269 1448
f 332 331 7300
f 1447 332 7301
f 2252 1447 7302
f 2654 2252 7303
f 2250 2654 7304
f 2251 2250 7305
f 1831 2251 7306
f 1832 1831 7307
f 1829 1832 7308
f 1830 1829 7309
f 2249 1830 7310
f 2652 2249 7311
f 2247 2652 7312
f 2248 2247 7313
f 2653 2248 7314
f 3055 2653 7315
f 3056 3055 7316
f 3053 3056 7317
f 3054 3053 7318
f 2650 3054 7319
f 2651 2650 7320
f 2648 2651 7321
f 2649 2648 7322
f 2646 2649 7323
f 2647 2646 7324
f 2644 2647 7325
f 2645 2644 7326
f 3052 2645 7327
f 2642 3052 7328
f 2245 2642 7329
f 2246 2245 7330
f 7330 5397 2246
f 7329 7330 2245
f 7328 7329 2642
f 7327 7328 3052
f 7326 7327 2645
f 7325 7326 2644
f 7324 7325 2647
f 7323 7324 2646
f 7322 7323 2649
f 7321 7322 2648
f 7320 7321 2651
f 7319 7320 2650
f 7318 7319 3054
f 7317 7318 3053
f 7316 7317 3056
f 7315 7316 3055
f 7314 7315 2653
f 7313 7314 2248
f 7312 7313 2247
f 7311 7312 2652
f 7310 7311 2249
f 7309 7310 1830
f 7308 7309 1829
f 7307 7308 1832
f 7306 7307 1831
f 7305 7306 2251
f 7304 7305 2250
f 7303 7304 2654
f 7302 7303 2252
f 7301 7302 1447
f 7300 7301 332
f 217 7299 7300
f 7300 331 217
f 3414 4087 5440
f 3415 3414 7331
f 2238 3415 7332
f 2239 2238 7333
f 2637 2239 7334
f 3044 2637 7335
f 3045 3044 7336
f 2235 3045 7337
f 2236 2235 7338
f 2233 2236 7339
f 1810 2233 7340
f 1811 1810 7341
f 2234 1811 7342
f 3042 2234 7343
f 3043 3042 7344
f 2635 3043 7345
f 2636 2635 7346
f 2633 2636 7347
f 2634 2633 7348
f 2631 2634 7349
f 2632 2631 7350
f 3041 2632 7351
f 3051 3041 7352
f 3423 3051 7353
f 3424 3423 7354
f 3421 3424 7355
f 3422 3421 7356
f 3419 3422 7357
f 3420 3419 7358
f 1445 3420 7359
f 1446 1445 7360
f 7360 7361 1446
f 7359 7360 1445
f 7358 7359 3420
f 7357 7358 3419
f 7356 7357 3422
f 7355 7356 3421
f 7354 7355 3424
f 7353 7354 3423
f 7352 7353 3051
f 7351 7352 3041
f 7350 7351 2632
f 7349 7350 2631
f 7348 7349 2634
f 7347 7348 2633
f 7346 7347 2636
f 7345 7346 2635
f 7344 7345 3043
f 7343 7344 3042
f 7342 7343 2234
f 7341 7342 1811
f 7340 7341 1810
f 7339 7340 2233
f 7338 7339 2236
f 7337 7338 2235
f 7336 7337 3045
f 7335 7336 3044
f 7334 7335 2637
f 7333 7334 2239
f 7332 7333 2238
f 7331 7332 3415
f 5440 7331 3414
f 1827 1444 7362
f 1828 1827 7363
f 1825 1828 7364
f 1826 1825 7365
f 1823 1826 7366
f 1824 1823 7367
f 1441 1824 7368
f 1120 1441 7369
f 1121 1120 7370
f 1442 1121 7371
f 1822 1442 7372
f 2244 1822 7373
f 1820 2244 7374
f 1821 1820 7375
f 1818 1821 7376
f 1819 1818 7377
f 1816 1819 7378
f 1817 1816 7379
f 2243 1817 7380
f 1814 2243 7381
f 1815 1814 7382
f 2242 1815 7383
f 1812 2242 7384
f 1813 1812 7385
f 2240 1813 7386
f 2241 2240 7387
f 2641 2241 7388
f 3049 2641 7389
f 3050 3049 7390
f 3418 3050 7391
f 3048 3418 7392
f 7392 5374 3048
f 7391 7392 3418
f 7390 7391 3050
f 7389 7390 3049
f 7388 7389 2641
f 7387 7388 2241
f 7386 7387 2240
f 7385 7386 1813
f 7384 7385 1812
f 7383 7384 2242
f 7382 7383 1815
f 7381 7382 1814
f 7380 7381 2243
f 7379 7380 1817
f 7378 7379 1816
f 7377 7378 1819
f 7376 7377 1818
f 7375 7376 1821
f 7374 7375 1820
f 7373 7374 2244
f 7372 7373 1822
f 7371 7372 1442
f 7370 7371 1121
f 7369 7370 1120
f 7368 7369 1441
f 7367 7368 1824
f 7366 7367 1823
f 7365 7366 1826
f 7364 7365 1825
f 7363 7364 1828
f 7362 7363 1827
f 1446 7361 7362
f 7362 1444 1446
f 4066 4524 5317
f 3753 4066 7393
f 3754 3753 7394
f 3751 3754 7395
f 3752 3751 7396
f 3368 3752 7397
f 3369 3368 7398
f 3750 3369 7399
f 3749 3750 7400
f 3366 3749 7401
f 3367 3366 7402
f 3747 3367 7403
f 3748 3747 7404
f 4064 3748 7405
f 4065 4064 7406
f 4062 4065 7407
f 3745 4062 7408
f 3746 3745 7409
f 4063 3746 7410
f 4060 4063 7411
f 4061 4060 7412
f 4058 4061 7413
f 4059 4058 7414
f 4056 4059 7415
f 4057 4056 7416
f 4054 4057 7417
f 4055 4054 7418
f 4287 4055 7419
f 4286 4287 7420
f 4284 4286 7421
f 4285 4284 7422
f 7422 7423 4285
f 7421 7422 4284
f 7420 7421 4286
f 7419 7420 4287
f 7418 7419 4055
f 7417 7418 4054
f 7416 7417 4057
f 7415 7416 4056
f 7414 7415 4059
f 7413 7414 4058
f 7412 7413 4061
f 7411 7412 4060
f 7410 7411 4063
f 7409 7410 3746
f 7408 7409 3745
f 7407 7408 4062
f 7406 7407 4065
f 7405 7406 4064
f 7404 7405 3748
f 7403 7404 3747
f 7402 7403 3367
f 7401 7402 3366
f 7400 7401 3749
f 7399 7400 3750
f 7398 7399 3369
f 7397 7398 3368
f 7396 7397 3752
f 7395 7396 3751
f 7394 7395 3754
f 7393 7394 3753
f 5317 7393 4066
f 3381 3380 7424
f 4076 3381 7425
f 4291 4076 7426
f 4074 4291 7427
f 4075 4074 7428
f 4072 4075 7429
f 4073 4072 7430
f 3018 4073 7431
f 3019 3018 7432
f 3377 3019 7433
f 3378 3377 7434
f 3758 3378 7435
f 3756 3758 7436
f 3757 3756 7437
f 4071 3757 7438
f 3375 4071 7439
f 3376 3375 7440
f 3016 3376 7441
f 3017 3016 7442
f 3373 3017 7443
f 3374 3373 7444
f 3755 3374 7445
f 3371 3755 7446
f 3372 3371 7447
f 3370 3372 7448
f 3014 3370 7449
f 2617 3014 7450
f 2618 2617 7451
f 3015 2618 7452
f 4070 3015 7453
f 4290 4070 7454
f 7454 5351 4290
f 7453 7454 4070
f 7452 7453 3015
f 7451 7452 2618
f 7450 7451 2617
f 7449 7450 3014
f 7448 7449 3370
f 7447 7448 3372
f 7446 7447 3371
f 7445 7446 3755
f 7444 7445 3374
f 7443 7444 3373
f 7442 7443 3017
f 7441 7442 3016
f 7440 7441 3376
f 7439 7440 3375
f 7438 7439 4071
f 7437 7438 3757
f 7436 7437 3756
f 7435 7436 3758
f 7434 7435 3378
f 7433 7434 3377
f 7432 7433 3019
f 7431 7432 3018
f 7430 7431 4073
f 7429 7430 4072
f 7428 7429 4075
f 7427 7428 4074
f 7426 7427 4291
f 7425 7426 4076
f 7424 7425 3381
f 4285 7423 7424
f 7424 3380 4285
f 1435 3013 5294
f 1436 1435 7455
f 1433 1436 7456
f 1434 1433 7457
f 1112 1434 7458
f 1113 1112 7459
f 1431 1113 7460
f 1432 1431 7461
f 1430 1432 7462
f 836 1430 7463
f 837 836 7464
f 552 837 7465
f 553 552 7466
f 835 553 7467
f 834 835 7468
f 550 834 7469
f 551 550 7470
f 832 551 7471
f 833 832 7472
f 1111 833 7473
f 1429 1111 7474
f 1799 1429 7475
f 2613 1799 7476
f 2614 2613 7477
f 3364 2614 7478
f 3011 3364 7479
f 3012 3011 7480
f 3009 3012 7481
f 3010 3009 7482
f 2611 3010 7483
f 2612 2611 7484
f 7484 7485 2612
f 7483 7484 2611
f 7482 7483 3010
f 7481 7482 3009
f 7480 7481 3012
f 7479 7480 3011
f 7478 7479 3364
f 7477 7478 2614
f 7476 7477 2613
f 7475 7476 1799
f 7474 7475 1429
f 7473 7474 1111
f 7472 7473 833
f 7471 7472 832
f 7470 7471 551
f 7469 7470 550
f 7468 7469 834
f 7467 7468 835
f 7466 7467 553
f 7465 7466 552
f 7464 7465 837
f 7463 7464 836
f 7462 7463 1430
f 7461 7462 1432
f 7460 7461 1431
f 7459 7460 1113
f 7458 7459 1112
f 7457 7458 1434
f 7456 7457 1433
f 7455 7456 1436
f 5294 7455 1435
f 3008 3007 7486
f 3743 3008 7487
f 3744 3743 7488
f 3741 3744 7489
f 3742 3741 7490
f 3362 3742 7491
f 3363 3362 7492
f 3739 3363 7493
f 3740 3739 7494
f 3360 3740 7495
f 3361 3360 7496
f 3358 3361 7497
f 3359 3358 7498
f 3737 3359 7499
f 3738 3737 7500
f 4051 3738 7501
f 4052 4051 7502
f 3735 4052 7503
f 3736 3735 7504
f 4050 3736 7505
f 3356 4050 7506
f 3357 3356 7507
f 3734 3357 7508
f 3354 3734 7509
f 3355 3354 7510
f 3005 3355 7511
f 3006 3005 7512
f 3352 3006 7513
f 3353 3352 7514
f 3732 3353 7515
f 3733 3732 7516
f 7516 5328 3733
f 7515 7516 3732
f 7514 7515 3353
f 7513 7514 3352
f 7512 7513 3006
f 7511 7512 3005
f 7510 7511 3355
f 7509 7510 3354
f 7508 7509 3734
f 7507 7508 3357
f 7506 7507 3356
f 7505 7506 4050
f 7504 7505 3736
f 7503 7504 3735
f 7502 7503 4052
f 7501 7502 4051
f 7500 7501 3738
f 7499 7500 3737
f 7498 7499 3359
f 7497 7498 3358
f 7496 7497 3361
f 7495 7496 3360
f 7494 7495 3740
f 7493 7494 3739
f 7492 7493 3363
f 7491 7492 3362
f 7490 7491 3742
f 7489 7490 3741
f 7488 7489 3744
f 7487 7488 3743
f 7486 7487 3008
f 2612 7485 7486
f 7486 3007 2612
f 4478 4522 5272
f 4271 4478 7517
f 4272 4271 7518
f 3721 4272 7519
f 3722 3721 7520
f 4041 3722 7521
f 4040 4041 7522
f 3719 4040 7523
f 3720 3719 7524
f 4039 3720 7525
f 3718 4039 7526
f 3344 3718 7527
f 2994 3344 7528
f 2995 2994 7529
f 3345 2995 7530
f 3342 3345 7531
f 3343 3342 7532
f 3717 3343 7533
f 3715 3717 7534
f 3716 3715 7535
f 4038 3716 7536
f 4270 4038 7537
f 4281 4270 7538
f 4282 4281 7539
f 3350 4282 7540
f 3351 3350 7541
f 3730 3351 7542
f 3731 3730 7543
f 3728 3731 7544
f 3348 3728 7545
f 3349 3348 7546
f 7546 7547 3349
f 7545 7546 3348
f 7544 7545 3728
f 7543 7544 3731
f 7542 7543 3730
f 7541 7542 3351
f 7540 7541 3350
f 7539 7540 4282
f 7538 7539 4281
f 7537 7538 4270
f 7536 7537 4038
f 7535 7536 3716
f 7534 7535 3715
f 7533 7534 3717
f 7532 7533 3343
f 7531 7532 3342
f 7530 7531 3345
f 7529 7530 2995
f 7528 7529 2994
f 7527 7528 3344
f 7526 7527 3718
f 7525 7526 4039
f 7524 7525 3720
f 7523 7524 3719
f 7522 7523 4040
f 7521 7522 4041
f 7520 7521 3722
f 7519 7520 3721
f 7518 7519 4272
f 7517 7518 4271
f 5272 7517 4478
f 4048 3729 7548
f 4046 4048 7549
f 4047 4046 7550
f 4279 4047 7551
f 4044 4279 7552
f 4045 4044 7553
f 4280 4045 7554
f 4278 4280 7555
f 3726 4278 7556
f 3727 3726 7557
f 4043 3727 7558
f 3003 4043 7559
f 3004 3003 7560
f 3001 3004 7561
f 3002 3001 7562
f 3347 3002 7563
f 2999 3347 7564
f 3000 2999 7565
f 2608 3000 7566
f 2221 2608 7567
f 2222 2221 7568
f 2609 2222 7569
f 2998 2609 7570
f 2996 2998 7571
f 2997 2996 7572
f 3346 2997 7573
f 3725 3346 7574
f 3723 3725 7575
f 3724 3723 7576
f 4042 3724 7577
f 4399 4042 7578
f 7578 5304 4399
f 7577 7578 4042
f 7576 7577 3724
f 7575 7576 3723
f 7574 7575 3725
f 7573 7574 3346
f 7572 7573 2997
f 7571 7572 2996
f 7570 7571 2998
f 7569 7570 2609
f 7568 7569 2222
f 7567 7568 2221
f 7566 7567 2608
f 7565 7566 3000
f 7564 7565 2999
f 7563 7564 3347
f 7562 7563 3002
f 7561 7562 3001
f 7560 7561 3004
f 7559 7560 3003
f 7558 7559 4043
f 7557 7558 3727
f 7556 7557 3726
f 7555 7556 4278
f 7554 7555 4280
f 7553 7554 4045
f 7552 7553 4044
f 7551 7552 4279
f 7550 7551 4047
f 7549 7550 4046
f 7548 7549 4048
f 3349 7547 7548
f 7548 3729 3349
f 2992 4267 5249
f 2219 2992 7579
f 1798 2219 7580
f 1427 1798 7581
f 1428 1427 7582
f 1796 1428 7583
f 1797 1796 7584
f 2217 1797 7585
f 2218 2217 7586
f 2991 2218 7587
f 2606 2991 7588
f 2607 2606 7589
f 2989 2607 7590
f 2990 2989 7591
f 2604 2990 7592
f 2605 2604 7593
f 2988 2605 7594
f 2986 2988 7595
f 2987 2986 7596
f 3334 2987 7597
f 3703 3334 7598
f 4026 3703 7599
f 4024 4026 7600
f 4025 4024 7601
f 4022 4025 7602
f 4023 4022 7603
f 4266 4023 7604
f 4020 4266 7605
f 4021 4020 7606
f 3332 4021 7607
f 3333 3332 7608
f 7608 7609 3333
f 7607 7608 3332
f 7606 7607 4021
f 7605 7606 4020
f 7604 7605 4266
f 7603 7604 4023
f 7602 7603 4022
f 7601 7602 4025
f 7600 7601 4024
f 7599 7600 4026
f 7598 7599 3703
f 7597 7598 3334
f 7596 7597 2987
f 7595 7596 2986
f 7594 7595 2988
f 7593 7594 2605
f 7592 7593 2604
f 7591 7592 2990
f 7590 7591 2989
f 7589 7590 2607
f 7588 7589 2606
f 7587 7588 2991
f 7586 7587 2218
f 7585 7586 2217
f 7584 7585 1797
f 7583 7584 1796
f 7582 7583 1428
f 7581 7582 1427
f 7580 7581 1798
f 7579 7580 2219
f 5249 7579 2992
f 4265 4019 7610
f 4397 4265 7611
f 4017 4397 7612
f 4018 4017 7613
f 4015 4018 7614
f 4016 4015 7615
f 4263 4016 7616
f 4264 4263 7617
f 4037 4264 7618
f 4269 4037 7619
f 4035 4269 7620
f 4036 4035 7621
f 4033 4036 7622
f 4034 4033 7623
f 4031 4034 7624
f 4032 4031 7625
f 3713 4032 7626
f 3714 3713 7627
f 4030 3714 7628
f 3340 4030 7629
f 3341 3340 7630
f 3338 3341 7631
f 3339 3338 7632
f 3711 3339 7633
f 3712 3711 7634
f 3709 3712 7635
f 3710 3709 7636
f 3707 3710 7637
f 3708 3707 7638
f 4029 3708 7639
f 3706 4029 7640
f 7640 5282 3706
f 7639 7640 4029
f 7638 7639 3708
f 7637 7638 3707
f 7636 7637 3710
f 7635 7636 3709
f 7634 7635 3712
f 7633 7634 3711
f 7632 7633 3339
f 7631 7632 3338
f 7630 7631 3341
f 7629 7630 3340
f 7628 7629 4030
f 7627 7628 3714
f 7626 7627 3713
f 7625 7626 4032
f 7624 7625 4031
f 7623 7624 4034
f 7622 7623 4033
f 7621 7622 4036
f 7620 7621 4035
f 7619 7620 4269
f 7618 7619 4037
f 7617 7618 4264
f 7616 7617 4263
f 7615 7616 4016
f 7614 7615 4015
f 7613 7614 4018
f 7612 7613 4017
f 7611 7612 4397
f 7610 7611 4265
f 3333 7609 7610
f 7610 4019 3333
f 2602 4262 5225
f 2603 2602 7641
f 2215 2603 7642
f 2216 2215 7643
f 2213 2216 7644
f 2214 2213 7645
f 2601 2214 7646
f 2985 2601 7647
f 3330 2985 7648
f 3331 3330 7649
f 3700 3331 7650
f 3701 3700 7651
f 2983 3701 7652
f 2984 2983 7653
f 2599 2984 7654
f 2600 2599 7655
f 2981 2600 7656
f 2982 2981 7657
f 3698 2982 7658
f 3328 3698 7659
f 3329 3328 7660
f 3699 3329 7661
f 4259 3699 7662
f 4260 4259 7663
f 4257 4260 7664
f 4258 4257 7665
f 2979 4258 7666
f 2980 2979 7667
f 2977 2980 7668
f 2978 2977 7669
f 2210 2978 7670
f 7670 7671 2210
f 7669 7670 2978
f 7668 7669 2977
f 7667 7668 2980
f 7666 7667 2979
f 7665 7666 4258
f 7664 7665 4257
f 7663 7664 4260
f 7662 7663 4259
f 7661 7662 3699
f 7660 7661 3329
f 7659 7660 3328
f 7658 7659 3698
f 7657 7658 2982
f 7656 7657 2981
f 7655 7656 2600
f 7654 7655 2599
f 7653 7654 2984
f 7652 7653 2983
f 7651 7652 3701
f 7650 7651 3700
f 7649 7650 3331
f 7648 7649 3330
f 7647 7648 2985
f 7646 7647 2601
f 7645 7646 2214
f 7644 7645 2213
f 7643 7644 2216
f 7642 7643 2215
f 7641 7642 2603
f 5225 7641 2602
f 2598 2211 7672
f 2976 2598 7673
f 2974 2976 7674
f 2596 2974 7675
f 2597 2596 7676
f 2975 2597 7677
f 3697 2975 7678
f 3326 3697 7679
f 3327 3326 7680
f 3324 3327 7681
f 3325 3324 7682
f 3696 3325 7683
f 3322 3696 7684
f 3323 3322 7685
f 3320 3323 7686
f 3321 3320 7687
f 3695 3321 7688
f 3319 3695 7689
f 2972 3319 7690
f 2973 2972 7691
f 3318 2973 7692
f 2970 3318 7693
f 2971 2970 7694
f 2968 2971 7695
f 2969 2968 7696
f 2966 2969 7697
f 2967 2966 7698
f 3316 2967 7699
f 3317 3316 7700
f 3694 3317 7701
f 4395 3694 7702
f 7702 5259 4395
f 7701 7702 3694
f 7700 7701 3317
f 7699 7700 3316
f 7698 7699 2967
f 7697 7698 2966
f 7696 7697 2969
f 7695 7696 2968
f 7694 7695 2971
f 7693 7694 2970
f 7692 7693 3318
f 7691 7692 2973
f 7690 7691 2972
f 7689 7690 3319
f 7688 7689 3695
f 7687 7688 3321
f 7686 7687 3320
f 7685 7686 3323
f 7684 7685 3322
f 7683 7684 3696
f 7682 7683 3325
f 7681 7682 3324
f 7680 7681 3327
f 7679 7680 3326
f 7678 7679 3697
f 7677 7678 2975
f 7676 7677 2597
f 7675 7676 2596
f 7674 7675 2974
f 7673 7674 2976
f 7672 7673 2598
f 2210 7671 7672
f 7672 2211 2210
f 1795 3684 5202
f 1424 1795 7703
f 1425 1424 7704
f 1422 1425 7705
f 1423 1422 7706
f 1109 1423 7707
f 1110 1109 7708
f 1420 1110 7709
f 1421 1420 7710
f 2208 1421 7711
f 2590 2208 7712
f 2207 2590 7713
f 1418 2207 7714
f 1419 1418 7715
f 1793 1419 7716
f 1794 1793 7717
f 2962 1794 7718
f 2960 2962 7719
f 2961 2960 7720
f 2958 2961 7721
f 2959 2958 7722
f 3308 2959 7723
f 3309 3308 7724
f 3306 3309 7725
f 3307 3306 7726
f 3304 3307 7727
f 3305 3304 7728
f 3302 3305 7729
f 3303 3302 7730
f 3683 3303 7731
f 4247 3683 7732
f 7732 7733 4247
f 7731 7732 3683
f 7730 7731 3303
f 7729 7730 3302
f 7728 7729 3305
f 7727 7728 3304
f 7726 7727 3307
f 7725 7726 3306
f 7724 7725 3309
f 7723 7724 3308
f 7722 7723 2959
f 7721 7722 2958
f 7720 7721 2961
f 7719 7720 2960
f 7718 7719 2962
f 7717 7718 1794
f 7716 7717 1793
f 7715 7716 1419
f 7714 7715 1418
f 7713 7714 2207
f 7712 7713 2590
f 7711 7712 2208
f 7710 7711 1421
f 7709 7710 1420
f 7708 7709 1110
f 7707 7708 1109
f 7706 7707 1423
f 7705 7706 1422
f 7704 7705 1425
f 7703 7704 1424
f 5202 7703 1795
f 3692 4256 7734
f 3693 3692 7735
f 3690 3693 7736
f 3691 3690 7737
f 4013 3691 7738
f 4014 4013 7739
f 4255 4014 7740
f 4394 4255 7741
f 4253 4394 7742
f 4254 4253 7743
f 4251 4254 7744
f 4252 4251 7745
f 4011 4252 7746
f 4012 4011 7747
f 4010 4012 7748
f 3688 4010 7749
f 3689 3688 7750
f 4009 3689 7751
f 3687 4009 7752
f 2594 3687 7753
f 2595 2594 7754
f 2964 2595 7755
f 2965 2964 7756
f 3315 2965 7757
f 3313 3315 7758
f 3314 3313 7759
f 3685 3314 7760
f 3311 3685 7761
f 3312 3311 7762
f 3686 3312 7763
f 4393 3686 7764
f 7764 5235 4393
f 7763 7764 3686
f 7762 7763 3312
f 7761 7762 3311
f 7760 7761 3685
f 7759 7760 3314
f 7758 7759 3313
f 7757 7758 3315
f 7756 7757 2965
f 7755 7756 2964
f 7754 7755 2595
f 7753 7754 2594
f 7752 7753 3687
f 7751 7752 4009
f 7750 7751 3689
f 7749 7750 3688
f 7748 7749 4010
f 7747 7748 4012
f 7746 7747 4011
f 7745 7746 4252
f 7744 7745 4251
f 7743 7744 4254
f 7742 7743 4253
f 7741 7742 4394
f 7740 7741 4255
f 7739 7740 4014
f 7738 7739 4013
f 7737 7738 3691
f 7736 7737 3690
f 7735 7736 3693
f 7734 7735 3692
f 4247 7733 7734
f 7734 4256 4247
f 2206 3301 5179
f 1416 2206 7765
f 1417 1416 7766
f 1415 1417 7767
f 1106 1415 7768
f 830 1106 7769
f 831 830 7770
f 1107 831 7771
f 2586 1107 7772
f 2204 2586 7773
f 2205 2204 7774
f 2587 2205 7775
f 2956 2587 7776
f 3299 2956 7777
f 3300 3299 7778
f 3297 3300 7779
f 3298 3297 7780
f 2202 3298 7781
f 2203 2202 7782
f 2200 2203 7783
f 2201 2200 7784
f 2585 2201 7785
f 2198 2585 7786
f 2199 2198 7787
f 1413 2199 7788
f 1414 1413 7789
f 1792 1414 7790
f 1412 1792 7791
f 1104 1412 7792
f 827 1104 7793
f 828 827 7794
f 7794 7795 828
f 7793 7794 827
f 7792 7793 1104
f 7791 7792 1412
f 7790 7791 1792
f 7789 7790 1414
f 7788 7789 1413
f 7787 7788 2199
f 7786 7787 2198
f 7785 7786 2585
f 7784 7785 2201
f 7783 7784 2200
f 7782 7783 2203
f 7781 7782 2202
f 7780 7781 3298
f 7779 7780 3297
f 7778 7779 3300
f 7777 7778 3299
f 7776 7777 2956
f 7775 7776 2587
f 7774 7775 2205
f 7773 7774 2204
f 7772 7773 2586
f 7771 7772 1107
f 7770 7771 831
f 7769 7770 830
f 7768 7769 1106
f 7767 7768 1415
f 7766 7767 1417
f 7765 7766 1416
f 5179 7765 2206
f 1791 1105 7796
f 2583 1791 7797
f 2584 2583 7798
f 3295 2584 7799
f 3296 3295 7800
f 2196 3296 7801
f 2197 2196 7802
f 2581 2197 7803
f 2582 2581 7804
f 2955 2582 7805
f 2194 2955 7806
f 2195 2194 7807
f 2192 2195 7808
f 1789 2192 7809
f 1790 1789 7810
f 2193 1790 7811
f 2580 2193 7812
f 2190 2580 7813
f 2191 2190 7814
f 1787 2191 7815
f 1788 1787 7816
f 1785 1788 7817
f 1786 1785 7818
f 2189 1786 7819
f 1783 2189 7820
f 1784 1783 7821
f 1781 1784 7822
f 1410 1781 7823
f 1411 1410 7824
f 1782 1411 7825
f 4245 1782 7826
f 7826 5213 4245
f 7825 7826 1782
f 7824 7825 1411
f 7823 7824 1410
f 7822 7823 1781
f 7821 7822 1784
f 7820 7821 1783
f 7819 7820 2189
f 7818 7819 1786
f 7817 7818 1785
f 7816 7817 1788
f 7815 7816 1787
f 7814 7815 2191
f 7813 7814 2190
f 7812 7813 2580
f 7811 7812 2193
f 7810 7811 1790
f 7809 7810 1789
f 7808 7809 2192
f 7807 7808 2195
f 7806 7807 2194
f 7805 7806 2955
f 7804 7805 2582
f 7803 7804 2581
f 7802 7803 2197
f 7801 7802 2196
f 7800 7801 3296
f 7799 7800 3295
f 7798 7799 2584
f 7797 7798 2583
f 7796 7797 1791
f 828 7795 7796
f 7796 1105 828
f 2941 4003 4995
f 2572 2941 7827
f 2573 2572 7828
f 2570 2573 7829
f 2571 2570 7830
f 2939 2571 7831
f 2568 2939 7832
f 2569 2568 7833
f 2937 2569 7834
f 2566 2937 7835
f 2567 2566 7836
f 2938 2567 7837
f 3285 2938 7838
f 3283 3285 7839
f 2935 3283 7840
f 2936 2935 7841
f 3284 2936 7842
f 4002 3284 7843
f 4000 4002 7844
f 4001 4000 7845
f 4243 4001 7846
f 3293 4243 7847
f 2953 3293 7848
f 2954 2953 7849
f 3294 2954 7850
f 3679 3294 7851
f 3680 3679 7852
f 4005 3680 7853
f 4006 4005 7854
f 3291 4006 7855
f 3292 3291 7856
f 7856 7857 3292
f 7855 7856 3291
f 7854 7855 4006
f 7853 7854 4005
f 7852 7853 3680
f 7851 7852 3679
f 7850 7851 3294
f 7849 7850 2954
f 7848 7849 2953
f 7847 7848 3293
f 7846 7847 4243
f 7845 7846 4001
f 7844 7845 4000
f 7843 7844 4002
f 7842 7843 3284
f 7841 7842 2936
f 7840 7841 2935
f 7839 7840 3283
f 7838 7839 3285
f 7837 7838 2938
f 7836 7837 2567
f 7835 7836 2566
f 7834 7835 2937
f 7833 7834 2569
f 7832 7833 2568
f 7831 7832 2939
f 7830 7831 2571
f 7829 7830 2570
f 7828 7829 2573
f 7827 7828 2572
f 4995 7827 2941
f 2950 3290 7858
f 2951 2950 7859
f 2948 2951 7860
f 2949 2948 7861
f 3289 2949 7862
f 2946 3289 7863
f 2947 2946 7864
f 3287 2947 7865
f 3288 3287 7866
f 2578 3288 7867
f 2579 2578 7868
f 2944 2579 7869
f 2945 2944 7870
f 2576 2945 7871
f 2577 2576 7872
f 2187 2577 7873
f 2188 2187 7874
f 2575 2188 7875
f 2185 2575 7876
f 2186 2185 7877
f 1779 2186 7878
f 1780 1779 7879
f 1777 1780 7880
f 1778 1777 7881
f 1408 1778 7882
f 1409 1408 7883
f 1775 1409 7884
f 1776 1775 7885
f 2184 1776 7886
f 2574 2184 7887
f 4004 2574 7888
f 7888 5190 4004
f 7887 7888 2574
f 7886 7887 2184
f 7885 7886 1776
f 7884 7885 1775
f 7883 7884 1409
f 7882 7883 1408
f 7881 7882 1778
f 7880 7881 1777
f 7879 7880 1780
f 7878 7879 1779
f 7877 7878 2186
f 7876 7877 2185
f 7875 7876 2575
f 7874 7875 2188
f 7873 7874 2187
f 7872 7873 2577
f 7871 7872 2576
f 7870 7871 2945
f 7869 7870 2944
f 7868 7869 2579
f 7867 7868 2578
f 7866 7867 3288
f 7865 7866 3287
f 7864 7865 2947
f 7863 7864 2946
f 7862 7863 3289
f 7861 7862 2949
f 7860 7861 2948
f 7859 7860 2951
f 7858 7859 2950
f 3292 7857 7858
f 7858 3290 3292
f 3942 3619 5110
f 3617 3942 7889
f 3618 3617 7890
f 3941 3618 7891
f 3940 3941 7892
f 3615 3940 7893
f 3616 3615 7894
f 3938 3616 7895
f 3613 3938 7896
f 3614 3613 7897
f 3939 3614 7898
f 3936 3939 7899
f 3937 3936 7900
f 3934 3937 7901
f 3935 3934 7902
f 3611 3935 7903
f 3612 3611 7904
f 3932 3612 7905
f 3933 3932 7906
f 3610 3933 7907
f 2898 3610 7908
f 2899 2898 7909
f 3240 2899 7910
f 3241 3240 7911
f 3609 3241 7912
f 3607 3609 7913
f 3608 3607 7914
f 3930 3608 7915
f 3931 3930 7916
f 4186 3931 7917
f 4187 4186 7918
f 7918 7919 4187
f 7917 7918 4186
f 7916 7917 3931
f 7915 7916 3930
f 7914 7915 3608
f 7913 7914 3607
f 7912 7913 3609
f 7911 7912 3241
f 7910 7911 3240
f 7909 7910 2899
f 7908 7909 2898
f 7907 7908 3610
f 7906 7907 3933
f 7905 7906 3932
f 7904 7905 3612
f 7903 7904 3611
f 7902 7903 3935
f 7901 7902 3934
f 7900 7901 3937
f 7899 7900 3936
f 7898 7899 3939
f 7897 7898 3614
f 7896 7897 3613
f 7895 7896 3938
f 7894 7895 3616
f 7893 7894 3615
f 7892 7893 3940
f 7891 7892 3941
f 7890 7891 3618
f 7889 7890 3617
f 5110 7889 3942
f 3928 4432 7920
f 3929 3928 7921
f 3926 3929 7922
f 3927 3926 7923
f 4185 3927 7924
f 4339 4185 7925
f 4183 4339 7926
f 4184 4183 7927
f 3624 4184 7928
f 3953 3624 7929
f 3951 3953 7930
f 3952 3951 7931
f 4194 3952 7932
f 4195 4194 7933
f 3950 4195 7934
f 3621 3950 7935
f 3622 3621 7936
f 3948 3622 7937
f 3949 3948 7938
f 4193 3949 7939
f 3946 4193 7940
f 3947 3946 7941
f 4191 3947 7942
f 4192 4191 7943
f 4189 4192 7944
f 3944 4189 7945
f 3945 3944 7946
f 4190 3945 7947
f 4341 4190 7948
f 4433 4341 7949
f 3943 4433 7950
f 7950 5160 3943
f 7949 7950 4433
f 7948 7949 4341
f 7947 7948 4190
f 7946 7947 3945
f 7945 7946 3944
f 7944 7945 4189
f 7943 7944 4192
f 7942 7943 4191
f 7941 7942 3947
f 7940 7941 3946
f 7939 7940 4193
f 7938 7939 3949
f 7937 7938 3948
f 7936 7937 3622
f 7935 7936 3621
f 7934 7935 3950
f 7933 7934 4195
f 7932 7933 4194
f 7931 7932 3952
f 7930 7931 3951
f 7929 7930 3953
f 7928 7929 3624
f 7927 7928 4184
f 7926 7927 4183
f 7925 7926 4339
f 7924 7925 4185
f 7923 7924 3927
f 7922 7923 3926
f 7921 7922 3929
f 7920 7921 3928
f 4187 7919 7920
f 7920 4432 4187
f 4434 4346 5164
f 4205 4434 7951
f 4206 4205 7952
f 4204 4206 7953
f 4344 4204 7954
f 4345 4344 7955
f 4202 4345 7956
f 4203 4202 7957
f 4343 4203 7958
f 4200 4343 7959
f 4201 4200 7960
f 3956 4201 7961
f 3957 3956 7962
f 4199 3957 7963
f 4197 4199 7964
f 4198 4197 7965
f 3626 4198 7966
f 3627 3626 7967
f 3954 3627 7968
f 3955 3954 7969
f 4196 3955 7970
f 4342 4196 7971
f 4211 4342 7972
f 4212 4211 7973
f 4353 4212 7974
f 4351 4353 7975
f 4352 4351 7976
f 4441 4352 7977
f 3966 4441 7978
f 3639 3966 7979
f 3640 3639 7980
f 7980 7981 3640
f 7979 7980 3639
f 7978 7979 3966
f 7977 7978 4441
f 7976 7977 4352
f 7975 7976 4351
f 7974 7975 4353
f 7973 7974 4212
f 7972 7973 4211
f 7971 7972 4342
f 7970 7971 4196
f 7969 7970 3955
f 7968 7969 3954
f 7967 7968 3627
f 7966 7967 3626
f 7965 7966 4198
f 7964 7965 4197
f 7963 7964 4199
f 7962 7963 3957
f 7961 7962 3956
f 7960 7961 4201
f 7959 7960 4200
f 7958 7959 4343
f 7957 7958 4203
f 7956 7957 4202
f 7955 7956 4345
f 7954 7955 4344
f 7953 7954 4204
f 7952 7953 4206
f 7951 7952 4205
f 5164 7951 4434
f 3965 3964 7982
f 4210 3965 7983
f 3962 4210 7984
f 3637 3962 7985
f 3638 3637 7986
f 3963 3638 7987
f 4209 3963 7988
f 2540 4209 7989
f 2541 2540 7990
f 2901 2541 7991
f 2902 2901 7992
f 3245 2902 7993
f 3246 3245 7994
f 3635 3246 7995
f 3636 3635 7996
f 3633 3636 7997
f 3634 3633 7998
f 3631 3634 7999
f 3243 3631 8000
f 3244 3243 8001
f 3632 3244 8002
f 3961 3632 8003
f 3959 3961 8004
f 3960 3959 8005
f 4208 3960 8006
f 4350 4208 8007
f 4440 4350 8008
f 4439 4440 8009
f 4348 4439 8010
f 4349 4348 8011
f 4436 4349 8012
f 8012 5137 4436
f 8011 8012 4349
f 8010 8011 4348
f 8009 8010 4439
f 8008 8009 4440
f 8007 8008 4350
f 8006 8007 4208
f 8005 8006 3960
f 8004 8005 3959
f 8003 8004 3961
f 8002 8003 3632
f 8001 8002 3244
f 8000 8001 3243
f 7999 8000 3631
f 7998 7999 3634
f 7997 7998 3633
f 7996 7997 3636
f 7995 7996 3635
f 7994 7995 3246
f 7993 7994 3245
f 7992 7993 2902
f 7991 7992 2901
f 7990 7991 2541
f 7989 7990 2540
f 7988 7989 4209
f 7987 7988 3963
f 7986 7987 3638
f 7985 7986 3637
f 7984 7985 3962
f 7983 7984 4210
f 7982 7983 3965
f 3640 7981 7982
f 7982 3964 3640
f 3925 3606 5087
f 4182 3925 8013
f 3923 4182 8014
f 3924 3923 8015
f 3921 3924 8016
f 3922 3921 8017
f 4180 3922 8018
f 4181 4180 8019
f 4178 4181 8020
f 4179 4178 8021
f 4338 4179 8022
f 4431 4338 8023
f 4176 4431 8024
f 4177 4176 8025
f 4337 4177 8026
f 3602 4337 8027
f 3603 3602 8028
f 3600 3603 8029
f 3601 3600 8030
f 3920 3601 8031
f 4175 3920 8032
f 3918 4175 8033
f 3919 3918 8034
f 3598 3919 8035
f 3599 3598 8036
f 3916 3599 8037
f 3917 3916 8038
f 3915 3917 8039
f 3597 3915 8040
f 3238 3597 8041
f 3239 3238 8042
f 8042 8043 3239
f 8041 8042 3238
f 8040 8041 3597
f 8039 8040 3915
f 8038 8039 3917
f 8037 8038 3916
f 8036 8037 3599
f 8035 8036 3598
f 8034 8035 3919
f 8033 8034 3918
f 8032 8033 4175
f 8031 8032 3920
f 8030 8031 3601
f 8029 8030 3600
f 8028 8029 3603
f 8027 8028 3602
f 8026 8027 4337
f 8025 8026 4177
f 8024 8025 4176
f 8023 8024 4431
f 8022 8023 4338
f 8021 8022 4179
f 8020 8021 4178
f 8019 8020 4181
f 8018 8019 4180
f 8017 8018 3922
f 8016 8017 3921
f 8015 8016 3924
f 8014 8015 3923
f 8013 8014 4182
f 5087 8013 3925
f 2173 2172 8044
f 2534 2173 8045
f 2535 2534 8046
f 2897 2535 8047
f 3237 2897 8048
f 2895 3237 8049
f 2896 2895 8050
f 1765 2896 8051
f 1766 1765 8052
f 1763 1766 8053
f 1764 1763 8054
f 2171 1764 8055
f 1762 2171 8056
f 1102 1762 8057
f 824 1102 8058
f 825 824 8059
f 1103 825 8060
f 1403 1103 8061
f 1401 1403 8062
f 1100 1401 8063
f 1101 1100 8064
f 1402 1101 8065
f 1761 1402 8066
f 1759 1761 8067
f 1760 1759 8068
f 2170 1760 8069
f 2894 2170 8070
f 3235 2894 8071
f 3236 3235 8072
f 4174 3236 8073
f 4429 4174 8074
f 8074 5121 4429
f 8073 8074 4174
f 8072 8073 3236
f 8071 8072 3235
f 8070 8071 2894
f 8069 8070 2170
f 8068 8069 1760
f 8067 8068 1759
f 8066 8067 1761
f 8065 8066 1402
f 8064 8065 1101
f 8063 8064 1100
f 8062 8063 1401
f 8061 8062 1403
f 8060 8061 1103
f 8059 8060 825
f 8058 8059 824
f 8057 8058 1102
f 8056 8057 1762
f 8055 8056 2171
f 8054 8055 1764
f 8053 8054 1763
f 8052 8053 1766
f 8051 8052 1765
f 8050 8051 2896
f 8049 8050 2895
f 8048 8049 3237
f 8047 8048 2897
f 8046 8047 2535
f 8045 8046 2534
f 8044 8045 2173
f 3239 8043 8044
f 8044 2172 3239
f 3225 3227 4972
f 3226 3225 8075
f 2527 3226 8076
f 2163 2527 8077
f 2164 2163 8078
f 2528 2164 8079
f 2878 2528 8080
f 2525 2878 8081
f 2526 2525 8082
f 2879 2526 8083
f 3224 2879 8084
f 3592 3224 8085
f 3909 3592 8086
f 3590 3909 8087
f 3591 3590 8088
f 2876 3591 8089
f 2877 2876 8090
f 2874 2877 8091
f 2523 2874 8092
f 2524 2523 8093
f 2875 2524 8094
f 2521 2875 8095
f 2522 2521 8096
f 2519 2522 8097
f 2520 2519 8098
f 2872 2520 8099
f 2517 2872 8100
f 2518 2517 8101
f 2873 2518 8102
f 2870 2873 8103
f 2871 2870 8104
f 8104 8105 2871
f 8103 8104 2870
f 8102 8103 2873
f 8101 8102 2518
f 8100 8101 2517
f 8099 8100 2872
f 8098 8099 2520
f 8097 8098 2519
f 8096 8097 2522
f 8095 8096 2521
f 8094 8095 2875
f 8093 8094 2524
f 8092 8093 2523
f 8091 8092 2874
f 8090 8091 2877
f 8089 8090 2876
f 8088 8089 3591
f 8087 8088 3590
f 8086 8087 3909
f 8085 8086 3592
f 8084 8085 3224
f 8083 8084 2879
f 8082 8083 2526
f 8081 8082 2525
f 8080 8081 2878
f 8079 8080 2528
f 8078 8079 2164
f 8077 8078 2163
f 8076 8077 2527
f 8075 8076 3226
f 4972 8075 3225
f 3913 3223 8106
f 2168 3913 8107
f 2169 2168 8108
f 2532 2169 8109
f 2533 2532 8110
f 2893 2533 8111
f 2891 2893 8112
f 2892 2891 8113
f 3234 2892 8114
f 2889 3234 8115
f 2890 2889 8116
f 2887 2890 8117
f 2888 2887 8118
f 2885 2888 8119
f 2886 2885 8120
f 2883 2886 8121
f 2884 2883 8122
f 3232 2884 8123
f 3233 3232 8124
f 2530 3233 8125
f 2531 2530 8126
f 2881 2531 8127
f 2882 2881 8128
f 3230 2882 8129
f 3231 3230 8130
f 3228 3231 8131
f 3229 3228 8132
f 3596 3229 8133
f 3594 3596 8134
f 3595 3594 8135
f 3911 3595 8136
f 8136 5098 3911
f 8135 8136 3595
f 8134 8135 3594
f 8133 8134 3596
f 8132 8133 3229
f 8131 8132 3228
f 8130 8131 3231
f 8129 8130 3230
f 8128 8129 2882
f 8127 8128 2881
f 8126 8127 2531
f 8125 8126 2530
f 8124 8125 3233
f 8123 8124 3232
f 8122 8123 2884
f 8121 8122 2883
f 8120 8121 2886
f 8119 8120 2885
f 8118 8119 2888
f 8117 8118 2887
f 8116 8117 2890
f 8115 8116 2889
f 8114 8115 3234
f 8113 8114 2892
f 8112 8113 2891
f 8111 8112 2893
f 8110 8111 2533
f 8109 8110 2532
f 8108 8109 2169
f 8107 8108 2168
f 8106 8107 3913
f 2871 8105 8106
f 8106 3223 2871
f 4507 4508 5141
f 4459 4507 8137
f 4460 4459 8138
f 4370 4460 8139
f 4371 4370 8140
f 4457 4371 8141
f 4458 4457 8142
f 4506 4458 8143
f 4368 4506 8144
f 4369 4368 8145
f 4366 4369 8146
f 4367 4366 8147
f 4455 4367 8148
f 4456 4455 8149
f 4364 4456 8150
f 4365 4364 8151
f 4223 4365 8152
f 4224 4223 8153
f 4362 4224 8154
f 4363 4362 8155
f 4454 4363 8156
f 4452 4454 8157
f 4453 4452 8158
f 4450 4453 8159
f 4451 4450 8160
f 4448 4451 8161
f 4449 4448 8162
f 4446 4449 8163
f 4447 4446 8164
f 3971 4447 8165
f 3972 3971 8166
f 8166 8167 3972
f 8165 8166 3971
f 8164 8165 4447
f 8163 8164 4446
f 8162 8163 4449
f 8161 8162 4448
f 8160 8161 4451
f 8159 8160 4450
f 8158 8159 4453
f 8157 8158 4452
f 8156 8157 4454
f 8155 8156 4363
f 8154 8155 4362
f 8153 8154 4224
f 8152 8153 4223
f 8151 8152 4365
f 8150 8151 4364
f 8149 8150 4456
f 8148 8149 4455
f 8147 8148 4367
f 8146 8147 4366
f 8145 8146 4369
f 8144 8145 4368
f 8143 8144 4506
f 8142 8143 4458
f 8141 8142 4457
f 8140 8141 4371
f 8139 8140 4370
f 8138 8139 4460
f 8137 8138 4459
f 5141 8137 4507
f 4360 4222 8168
f 4361 4360 8169
f 4505 4361 8170
f 4220 4505 8171
f 4221 4220 8172
f 4358 4221 8173
f 4359 4358 8174
f 4444 4359 8175
f 4445 4444 8176
f 3248 4445 8177
f 3249 3248 8178
f 3641 3249 8179
f 3642 3641 8180
f 3969 3642 8181
f 4219 3969 8182
f 4217 4219 8183
f 4218 4217 8184
f 4215 4218 8185
f 4216 4215 8186
f 4356 4216 8187
f 4357 4356 8188
f 4355 4357 8189
f 4213 4355 8190
f 3967 4213 8191
f 3968 3967 8192
f 4214 3968 8193
f 4354 4214 8194
f 4442 4354 8195
f 4443 4442 8196
f 4504 4443 8197
f 4539 4504 8198
f 8198 5068 4539
f 8197 8198 4504
f 8196 8197 4443
f 8195 8196 4442
f 8194 8195 4354
f 8193 8194 4214
f 8192 8193 3968
f 8191 8192 3967
f 8190 8191 4213
f 8189 8190 4355
f 8188 8189 4357
f 8187 8188 4356
f 8186 8187 4216
f 8185 8186 4215
f 8184 8185 4218
f 8183 8184 4217
f 8182 8183 4219
f 8181 8182 3969
f 8180 8181 3642
f 8179 8180 3641
f 8178 8179 3249
f 8177 8178 3248
f 8176 8177 4445
f 8175 8176 4444
f 8174 8175 4359
f 8173 8174 4358
f 8172 8173 4221
f 8171 8172 4220
f 8170 8171 4505
f 8169 8170 4361
f 8168 8169 4360
f 3972 8167 8168
f 8168 4222 3972
f 3975 4227 5072
f 3647 3975 8199
f 3648 3647 8200
f 3973 3648 8201
f 3974 3973 8202
f 3645 3974 8203
f 3646 3645 8204
f 3251 3646 8205
f 3252 3251 8206
f 3643 3252 8207
f 3644 3643 8208
f 4225 3644 8209
f 4226 4225 8210
f 4382 4226 8211
f 4467 4382 8212
f 4380 4467 8213
f 4381 4380 8214
f 4378 4381 8215
f 4379 4378 8216
f 4466 4379 8217
f 4376 4466 8218
f 4377 4376 8219
f 4374 4377 8220
f 4375 4374 8221
f 4464 4375 8222
f 4465 4464 8223
f 4462 4465 8224
f 4463 4462 8225
f 4511 4463 8226
f 4512 4511 8227
f 4541 4512 8228
f 8228 8229 4541
f 8227 8228 4512
f 8226 8227 4511
f 8225 8226 4463
f 8224 8225 4462
f 8223 8224 4465
f 8222 8223 4464
f 8221 8222 4375
f 8220 8221 4374
f 8219 8220 4377
f 8218 8219 4376
f 8217 8218 4466
f 8216 8217 4379
f 8215 8216 4378
f 8214 8215 4381
f 8213 8214 4380
f 8212 8213 4467
f 8211 8212 4382
f 8210 8211 4226
f 8209 8210 4225
f 8208 8209 3644
f 8207 8208 3643
f 8206 8207 3252
f 8205 8206 3251
f 8204 8205 3646
f 8203 8204 3645
f 8202 8203 3974
f 8201 8202 3973
f 8200 8201 3648
f 8199 8200 3647
f 5072 8199 3975
f 3655 3654 8230
f 4238 3655 8231
f 4236 4238 8232
f 4237 4236 8233
f 3980 4237 8234
f 3651 3980 8235
f 3652 3651 8236
f 3981 3652 8237
f 3978 3981 8238
f 3979 3978 8239
f 4235 3979 8240
f 2543 4235 8241
f 2544 2543 8242
f 2907 2544 8243
f 2905 2907 8244
f 2906 2905 8245
f 3258 2906 8246
f 2903 3258 8247
f 2904 2903 8248
f 3257 2904 8249
f 3255 3257 8250
f 3256 3255 8251
f 3650 3256 8252
f 3977 3650 8253
f 4233 3977 8254
f 4234 4233 8255
f 4231 4234 8256
f 4232 4231 8257
f 4384 4232 8258
f 4385 4384 8259
f 4383 4385 8260
f 8260 5045 4383
f 8259 8260 4385
f 8258 8259 4384
f 8257 8258 4232
f 8256 8257 4231
f 8255 8256 4234
f 8254 8255 4233
f 8253 8254 3977
f 8252 8253 3650
f 8251 8252 3256
f 8250 8251 3255
f 8249 8250 3257
f 8248 8249 2904
f 8247 8248 2903
f 8246 8247 3258
f 8245 8246 2906
f 8244 8245 2905
f 8243 8244 2907
f 8242 8243 2544
f 8241 8242 2543
f 8240 8241 4235
f 8239 8240 3979
f 8238 8239 3978
f 8237 8238 3981
f 8236 8237 3652
f 8235 8236 3651
f 8234 8235 3980
f 8233 8234 4237
f 8232 8233 4236
f 8231 8232 4238
f 8230 8231 3655
f 4541 8229 8230
f 8230 3654 4541
f 3662 4470 5048
f 3663 3662 8261
f 3661 3663 8262
f 3275 3661 8263
f 2922 3275 8264
f 2923 2922 8265
f 3276 2923 8266
f 3983 3276 8267
f 3274 3983 8268
f 2920 3274 8269
f 2921 2920 8270
f 2918 2921 8271
f 2919 2918 8272
f 3272 2919 8273
f 3273 3272 8274
f 2916 3273 8275
f 2917 2916 8276
f 3271 2917 8277
f 2914 3271 8278
f 2915 2914 8279
f 3269 2915 8280
f 3270 3269 8281
f 3660 3270 8282
f 3658 3660 8283
f 3659 3658 8284
f 3267 3659 8285
f 3268 3267 8286
f 3265 3268 8287
f 3266 3265 8288
f 3263 3266 8289
f 3264 3263 8290
f 8290 8291 3264
f 8289 8290 3263
f 8288 8289 3266
f 8287 8288 3265
f 8286 8287 3268
f 8285 8286 3267
f 8284 8285 3659
f 8283 8284 3658
f 8282 8283 3660
f 8281 8282 3270
f 8280 8281 3269
f 8279 8280 2915
f 8278 8279 2914
f 8277 8278 3271
f 8276 8277 2917
f 8275 8276 2916
f 8274 8275 3273
f 8273 8274 3272
f 8272 8273 2919
f 8271 8272 2918
f 8270 8271 2921
f 8269 8270 2920
f 8268 8269 3274
f 8267 8268 3983
f 8266 8267 3276
f 8265 8266 2923
f 8264 8265 2922
f 8263 8264 3275
f 8262 8263 3661
f 8261 8262 3663
f 5048 8261 3662
f 3261 3657 8292
f 2911 3261 8293
f 2912 2911 8294
f 3262 2912 8295
f 2551 3262 8296
f 2552 2551 8297
f 2549 2552 8298
f 2550 2549 8299
f 2910 2550 8300
f 2176 2910 8301
f 2177 2176 8302
f 2548 2177 8303
f 1405 2548 8304
f 1406 1405 8305
f 1771 1406 8306
f 1769 1771 8307
f 1770 1769 8308
f 2174 1770 8309
f 1767 2174 8310
f 1768 1767 8311
f 2175 1768 8312
f 2547 2175 8313
f 2908 2547 8314
f 2545 2908 8315
f 2546 2545 8316
f 2909 2546 8317
f 3259 2909 8318
f 3260 3259 8319
f 3656 3260 8320
f 3982 3656 8321
f 4387 3982 8322
f 8322 5021 4387
f 8321 8322 3982
f 8320 8321 3656
f 8319 8320 3260
f 8318 8319 3259
f 8317 8318 2909
f 8316 8317 2546
f 8315 8316 2545
f 8314 8315 2908
f 8313 8314 2547
f 8312 8313 2175
f 8311 8312 1768
f 8310 8311 1767
f 8309 8310 2174
f 8308 8309 1770
f 8307 8308 1769
f 8306 8307 1771
f 8305 8306 1406
f 8304 8305 1405
f 8303 8304 2548
f 8302 8303 2177
f 8301 8302 2176
f 8300 8301 2910
f 8299 8300 2550
f 8298 8299 2549
f 8297 8298 2552
f 8296 8297 2551
f 8295 8296 3262
f 8294 8295 2912
f 8293 8294 2911
f 8292 8293 3261
f 3264 8291 8292
f 8292 3657 3264
f 2558 3671 5026
f 2182 2558 8323
f 2183 2182 8324
f 2180 2183 8325
f 2181 2180 8326
f 2178 2181 8327
f 1773 2178 8328
f 1774 1773 8329
f 2179 1774 8330
f 2557 2179 8331
f 2555 2557 8332
f 2556 2555 8333
f 2553 2556 8334
f 2554 2553 8335
f 2926 2554 8336
f 2924 2926 8337
f 2925 2924 8338
f 3277 2925 8339
f 3670 3277 8340
f 3993 3670 8341
f 3994 3993 8342
f 3991 3994 8343
f 3992 3991 8344
f 3668 3992 8345
f 3669 3668 8346
f 3666 3669 8347
f 3667 3666 8348
f 3990 3667 8349
f 4241 3990 8350
f 3664 4241 8351
f 3665 3664 8352
f 8352 8353 3665
f 8351 8352 3664
f 8350 8351 4241
f 8349 8350 3990
f 8348 8349 3667
f 8347 8348 3666
f 8346 8347 3669
f 8345 8346 3668
f 8344 8345 3992
f 8343 8344 3991
f 8342 8343 3994
f 8341 8342 3993
f 8340 8341 3670
f 8339 8340 3277
f 8338 8339 2925
f 8337 8338 2924
f 8336 8337 2926
f 8335 8336 2554
f 8334 8335 2553
f 8333 8334 2556
f 8332 8333 2555
f 8331 8332 2557
f 8330 8331 2179
f 8329 8330 1774
f 8328 8329 1773
f 8327 8328 2178
f 8326 8327 2181
f 8325 8326 2180
f 8324 8325 2183
f 8323 8324 2182
f 5026 8323 2558
f 4389 4240 8354
f 3988 4389 8355
f 3989 3988 8356
f 3986 3989 8357
f 3987 3986 8358
f 3984 3987 8359
f 3985 3984 8360
f 4239 3985 8361
f 3674 4239 8362
f 3999 3674 8363
f 3997 3999 8364
f 3998 3997 8365
f 2933 3998 8366
f 2934 2933 8367
f 3282 2934 8368
f 3280 3282 8369
f 3281 3280 8370
f 2932 3281 8371
f 2564 2932 8372
f 2565 2564 8373
f 2562 2565 8374
f 2563 2562 8375
f 2930 2563 8376
f 2931 2930 8377
f 2928 2931 8378
f 2929 2928 8379
f 3279 2929 8380
f 3996 3279 8381
f 4473 3996 8382
f 4390 4473 8383
f 3672 4390 8384
f 8384 5006 3672
f 8383 8384 4390
f 8382 8383 4473
f 8381 8382 3996
f 8380 8381 3279
f 8379 8380 2929
f 8378 8379 2928
f 8377 8378 2931
f 8376 8377 2930
f 8375 8376 2563
f 8374 8375 2562
f 8373 8374 2565
f 8372 8373 2564
f 8371 8372 2932
f 8370 8371 3281
f 8369 8370 3280
f 8368 8369 3282
f 8367 8368 2934
f 8366 8367 2933
f 8365 8366 3998
f 8364 8365 3997
f 8363 8364 3999
f 8362 8363 3674
f 8361 8362 4239
f 8360 8361 3985
f 8359 8360 3984
f 8358 8359 3987
f 8357 8358 3986
f 8356 8357 3989
f 8355 8356 3988
f 8354 8355 4389
f 3665 8353 8354
f 8354 4240 3665
f 3222 2869 4949
f 2867 3222 8385
f 2868 2867 8386
f 2513 2868 8387
f 2514 2513 8388
f 2866 2514 8389
f 2864 2866 8390
f 2865 2864 8391
f 3221 2865 8392
f 3219 3221 8393
f 3220 3219 8394
f 2511 3220 8395
f 2512 2511 8396
f 2863 2512 8397
f 2861 2863 8398
f 2862 2861 8399
f 3217 2862 8400
f 3218 3217 8401
f 2509 3218 8402
f 2510 2509 8403
f 2507 2510 8404
f 2508 2507 8405
f 1757 2508 8406
f 1758 1757 8407
f 2158 1758 8408
f 2159 2158 8409
f 2506 2159 8410
f 2156 2506 8411
f 2157 2156 8412
f 1399 2157 8413
f 1400 1399 8414
f 8414 8415 1400
f 8413 8414 1399
f 8412 8413 2157
f 8411 8412 2156
f 8410 8411 2506
f 8409 8410 2159
f 8408 8409 2158
f 8407 8408 1758
f 8406 8407 1757
f 8405 8406 2508
f 8404 8405 2507
f 8403 8404 2510
f 8402 8403 2509
f 8401 8402 3218
f 8400 8401 3217
f 8399 8400 2862
f 8398 8399 2861
f 8397 8398 2863
f 8396 8397 2512
f 8395 8396 2511
f 8394 8395 3220
f 8393 8394 3219
f 8392 8393 3221
f 8391 8392 2865
f 8390 8391 2864
f 8389 8390 2866
f 8388 8389 2514
f 8387 8388 2513
f 8386 8387 2868
f 8385 8386 2867
f 4949 8385 3222
f 2505 1756 8416
f 1754 2505 8417
f 1755 1754 8418
f 1752 1755 8419
f 1753 1752 8420
f 1750 1753 8421
f 1751 1750 8422
f 2155 1751 8423
f 1748 2155 8424
f 1749 1748 8425
f 1746 1749 8426
f 1747 1746 8427
f 2154 1747 8428
f 1098 2154 8429
f 1099 1098 8430
f 1096 1099 8431
f 821 1096 8432
f 822 821 8433
f 1097 822 8434
f 1094 1097 8435
f 819 1094 8436
f 820 819 8437
f 1095 820 8438
f 1745 1095 8439
f 1743 1745 8440
f 1744 1743 8441
f 1396 1744 8442
f 1397 1396 8443
f 1741 1397 8444
f 1742 1741 8445
f 4170 1742 8446
f 8446 4983 4170
f 8445 8446 1742
f 8444 8445 1741
f 8443 8444 1397
f 8442 8443 1396
f 8441 8442 1744
f 8440 8441 1743
f 8439 8440 1745
f 8438 8439 1095
f 8437 8438 820
f 8436 8437 819
f 8435 8436 1094
f 8434 8435 1097
f 8433 8434 822
f 8432 8433 821
f 8431 8432 1096
f 8430 8431 1099
f 8429 8430 1098
f 8428 8429 2154
f 8427 8428 1747
f 8426 8427 1746
f 8425 8426 1749
f 8424 8425 1748
f 8423 8424 2155
f 8422 8423 1751
f 8421 8422 1750
f 8420 8421 1753
f 8419 8420 1752
f 8418 8419 1755
f 8417 8418 1754
f 8416 8417 2505
f 1400 8415 8416
f 8416 1756 1400
f 3585 3587 4926
f 3586 3585 8447
f 2496 3586 8448
f 2497 2496 8449
f 2852 2497 8450
f 2850 2852 8451
f 2851 2850 8452
f 3211 2851 8453
f 3209 3211 8454
f 3210 3209 8455
f 3584 3210 8456
f 3582 3584 8457
f 3583 3582 8458
f 3581 3583 8459
f 3207 3581 8460
f 3208 3207 8461
f 3205 3208 8462
f 3206 3205 8463
f 3579 3206 8464
f 3203 3579 8465
f 3204 3203 8466
f 3580 3204 8467
f 3216 3580 8468
f 2859 3216 8469
f 2860 2859 8470
f 3214 2860 8471
f 2857 3214 8472
f 2858 2857 8473
f 3215 2858 8474
f 2152 3215 8475
f 2153 2152 8476
f 8476 8477 2153
f 8475 8476 2152
f 8474 8475 3215
f 8473 8474 2858
f 8472 8473 2857
f 8471 8472 3214
f 8470 8471 2860
f 8469 8470 2859
f 8468 8469 3216
f 8467 8468 3580
f 8466 8467 3204
f 8465 8466 3203
f 8464 8465 3579
f 8463 8464 3206
f 8462 8463 3205
f 8461 8462 3208
f 8460 8461 3207
f 8459 8460 3581
f 8458 8459 3583
f 8457 8458 3582
f 8456 8457 3584
f 8455 8456 3210
f 8454 8455 3209
f 8453 8454 3211
f 8452 8453 2851
f 8451 8452 2850
f 8450 8451 2852
f 8449 8450 2497
f 8448 8449 2496
f 8447 8448 3586
f 4926 8447 3585
f 2856 2151 8478
f 1739 2856 8479
f 1740 1739 8480
f 2148 1740 8481
f 2149 2148 8482
f 1737 2149 8483
f 1738 1737 8484
f 1735 1738 8485
f 1736 1735 8486
f 1394 1736 8487
f 1395 1394 8488
f 1392 1395 8489
f 1393 1392 8490
f 1734 1393 8491
f 1092 1734 8492
f 816 1092 8493
f 817 816 8494
f 1093 817 8495
f 1391 1093 8496
f 1732 1391 8497
f 1733 1732 8498
f 2146 1733 8499
f 2147 2146 8500
f 2504 2147 8501
f 2855 2504 8502
f 2144 2855 8503
f 1730 2144 8504
f 1731 1730 8505
f 2145 1731 8506
f 2503 2145 8507
f 2854 2503 8508
f 8508 4960 2854
f 8507 8508 2503
f 8506 8507 2145
f 8505 8506 1731
f 8504 8505 1730
f 8503 8504 2144
f 8502 8503 2855
f 8501 8502 2504
f 8500 8501 2147
f 8499 8500 2146
f 8498 8499 1733
f 8497 8498 1732
f 8496 8497 1391
f 8495 8496 1093
f 8494 8495 817
f 8493 8494 816
f 8492 8493 1092
f 8491 8492 1734
f 8490 8491 1393
f 8489 8490 1392
f 8488 8489 1395
f 8487 8488 1394
f 8486 8487 1736
f 8485 8486 1735
f 8484 8485 1738
f 8483 8484 1737
f 8482 8483 2149
f 8481 8482 2148
f 8480 8481 1740
f 8479 8480 1739
f 8478 8479 2856
f 2153 8477 8478
f 8478 2151 2153
f 2487 2844 4903
f 2488 2487 8509
f 2485 2488 8510
f 2486 2485 8511
f 2842 2486 8512
f 2843 2842 8513
f 2840 2843 8514
f 2841 2840 8515
f 2484 2841 8516
f 2134 2484 8517
f 2135 2134 8518
f 2482 2135 8519
f 2132 2482 8520
f 2133 2132 8521
f 2483 2133 8522
f 2480 2483 8523
f 2481 2480 8524
f 813 2481 8525
f 814 813 8526
f 811 814 8527
f 812 811 8528
f 1091 812 8529
f 1389 1091 8530
f 1390 1389 8531
f 1723 1390 8532
f 1724 1723 8533
f 1387 1724 8534
f 1388 1387 8535
f 1385 1388 8536
f 1089 1385 8537
f 1090 1089 8538
f 8538 8539 1090
f 8537 8538 1089
f 8536 8537 1385
f 8535 8536 1388
f 8534 8535 1387
f 8533 8534 1724
f 8532 8533 1723
f 8531 8532 1390
f 8530 8531 1389
f 8529 8530 1091
f 8528 8529 812
f 8527 8528 811
f 8526 8527 814
f 8525 8526 813
f 8524 8525 2481
f 8523 8524 2480
f 8522 8523 2483
f 8521 8522 2133
f 8520 8521 2132
f 8519 8520 2482
f 8518 8519 2135
f 8517 8518 2134
f 8516 8517 2484
f 8515 8516 2841
f 8514 8515 2840
f 8513 8514 2843
f 8512 8513 2842
f 8511 8512 2486
f 8510 8511 2485
f 8509 8510 2488
f 4903 8509 2487
f 1383 1386 8540
f 1384 1383 8541
f 1721 1384 8542
f 1722 1721 8543
f 2130 1722 8544
f 2131 2130 8545
f 2479 2131 8546
f 2839 2479 8547
f 3578 2839 8548
f 3907 3578 8549
f 2848 3907 8550
f 2849 2848 8551
f 2846 2849 8552
f 2847 2846 8553
f 1728 2847 8554
f 1729 1728 8555
f 2143 1729 8556
f 2141 2143 8557
f 2142 2141 8558
f 2493 2142 8559
f 2494 2493 8560
f 2491 2494 8561
f 2492 2491 8562
f 2139 2492 8563
f 2140 2139 8564
f 2137 2140 8565
f 2138 2137 8566
f 2490 2138 8567
f 3577 2490 8568
f 3906 3577 8569
f 2845 3906 8570
f 8570 4937 2845
f 8569 8570 3906
f 8568 8569 3577
f 8567 8568 2490
f 8566 8567 2138
f 8565 8566 2137
f 8564 8565 2140
f 8563 8564 2139
f 8562 8563 2492
f 8561 8562 2491
f 8560 8561 2494
f 8559 8560 2493
f 8558 8559 2142
f 8557 8558 2141
f 8556 8557 2143
f 8555 8556 1729
f 8554 8555 1728
f 8553 8554 2847
f 8552 8553 2846
f 8551 8552 2849
f 8550 8551 2848
f 8549 8550 3907
f 8548 8549 3578
f 8547 8548 2839
f 8546 8547 2479
f 8545 8546 2131
f 8544 8545 2130
f 8543 8544 1722
f 8542 8543 1721
f 8541 8542 1384
f 8540 8541 1383
f 1090 8539 8540
f 8540 1386 1090
f 2478 2129 4880
f 2126 2478 8571
f 2127 2126 8572
f 2476 2127 8573
f 2477 2476 8574
f 2838 2477 8575
f 2124 2838 8576
f 2125 2124 8577
f 1381 2125 8578
f 1382 1381 8579
f 1720 1382 8580
f 1379 1720 8581
f 1380 1379 8582
f 1719 1380 8583
f 808 1719 8584
f 809 808 8585
f 547 809 8586
f 548 547 8587
f 806 548 8588
f 807 806 8589
f 804 807 8590
f 805 804 8591
f 802 805 8592
f 803 802 8593
f 800 803 8594
f 801 800 8595
f 798 801 8596
f 799 798 8597
f 329 799 8598
f 213 329 8599
f 214 213 8600
f 8600 8601 214
f 8599 8600 213
f 8598 8599 329
f 8597 8598 799
f 8596 8597 798
f 8595 8596 801
f 8594 8595 800
f 8593 8594 803
f 8592 8593 802
f 8591 8592 805
f 8590 8591 804
f 8589 8590 807
f 8588 8589 806
f 8587 8588 548
f 8586 8587 547
f 8585 8586 809
f 8584 8585 808
f 8583 8584 1719
f 8582 8583 1380
f 8581 8582 1379
f 8580 8581 1720
f 8579 8580 1382
f 8578 8579 1381
f 8577 8578 2125
f 8576 8577 2124
f 8575 8576 2838
f 8574 8575 2477
f 8573 8574 2476
f 8572 8573 2127
f 8571 8572 2126
f 4880 8571 2478
f 327 330 8602
f 328 327 8603
f 546 328 8604
f 211 546 8605
f 212 211 8606
f 209 212 8607
f 210 209 8608
f 325 210 8609
f 326 325 8610
f 323 326 8611
f 324 323 8612
f 321 324 8613
f 322 321 8614
f 545 322 8615
f 543 545 8616
f 544 543 8617
f 796 544 8618
f 797 796 8619
f 1087 797 8620
f 1085 1087 8621
f 1086 1085 8622
f 1378 1086 8623
f 2122 1378 8624
f 1717 2122 8625
f 1718 1717 8626
f 2121 1718 8627
f 2119 2121 8628
f 2120 2119 8629
f 2474 2120 8630
f 2475 2474 8631
f 2836 2475 8632
f 8632 4914 2836
f 8631 8632 2475
f 8630 8631 2474
f 8629 8630 2120
f 8628 8629 2119
f 8627 8628 2121
f 8626 8627 1718
f 8625 8626 1717
f 8624 8625 2122
f 8623 8624 1378
f 8622 8623 1086
f 8621 8622 1085
f 8620 8621 1087
f 8619 8620 797
f 8618 8619 796
f 8617 8618 544
f 8616 8617 543
f 8615 8616 545
f 8614 8615 322
f 8613 8614 321
f 8612 8613 324
f 8611 8612 323
f 8610 8611 326
f 8609 8610 325
f 8608 8609 210
f 8607 8608 209
f 8606 8607 212
f 8605 8606 211
f 8604 8605 546
f 8603 8604 328
f 8602 8603 327
f 214 8601 8602
f 8602 330 214
f 1367 2834 4857
f 1368 1367 8633
f 1702 1368 8634
f 2113 1702 8635
f 1700 2113 8636
f 1701 1700 8637
f 541 1701 8638
f 542 541 8639
f 539 542 8640
f 540 539 8641
f 787 540 8642
f 788 787 8643
f 1077 788 8644
f 1078 1077 8645
f 786 1078 8646
f 537 786 8647
f 538 537 8648
f 784 538 8649
f 785 784 8650
f 1075 785 8651
f 782 1075 8652
f 783 782 8653
f 1076 783 8654
f 1364 1076 8655
f 1365 1364 8656
f 1362 1365 8657
f 1363 1362 8658
f 1360 1363 8659
f 1361 1360 8660
f 1698 1361 8661
f 1699 1698 8662
f 8662 8663 1699
f 8661 8662 1698
f 8660 8661 1361
f 8659 8660 1360
f 8658 8659 1363
f 8657 8658 1362
f 8656 8657 1365
f 8655 8656 1364
f 8654 8655 1076
f 8653 8654 783
f 8652 8653 782
f 8651 8652 1075
f 8650 8651 785
f 8649 8650 784
f 8648 8649 538
f 8647 8648 537
f 8646 8647 786
f 8645 8646 1078
f 8644 8645 1077
f 8643 8644 788
f 8642 8643 787
f 8641 8642 540
f 8640 8641 539
f 8639 8640 542
f 8638 8639 541
f 8637 8638 1701
f 8636 8637 1700
f 8635 8636 2113
f 8634 8635 1702
f 8633 8634 1368
f 4857 8633 1367
f 1715 2118 8664
f 1716 1715 8665
f 1713 1716 8666
f 1714 1713 8667
f 1376 1714 8668
f 1377 1376 8669
f 1711 1377 8670
f 1712 1711 8671
f 1375 1712 8672
f 794 1375 8673
f 795 794 8674
f 1084 795 8675
f 1082 1084 8676
f 1083 1082 8677
f 1374 1083 8678
f 792 1374 8679
f 793 792 8680
f 790 793 8681
f 791 790 8682
f 1081 791 8683
f 1372 1081 8684
f 1079 1372 8685
f 1080 1079 8686
f 1373 1080 8687
f 1710 1373 8688
f 2117 1710 8689
f 2116 2117 8690
f 1709 2116 8691
f 1370 1709 8692
f 1371 1370 8693
f 1706 1371 8694
f 8694 4891 1706
f 8693 8694 1371
f 8692 8693 1370
f 8691 8692 1709
f 8690 8691 2116
f 8689 8690 2117
f 8688 8689 1710
f 8687 8688 1373
f 8686 8687 1080
f 8685 8686 1079
f 8684 8685 1372
f 8683 8684 1081
f 8682 8683 791
f 8681 8682 790
f 8680 8681 793
f 8679 8680 792
f 8678 8679 1374
f 8677 8678 1083
f 8676 8677 1082
f 8675 8676 1084
f 8674 8675 795
f 8673 8674 794
f 8672 8673 1375
f 8671 8672 1712
f 8670 8671 1711
f 8669 8670 1377
f 8668 8669 1376
f 8667 8668 1714
f 8666 8667 1713
f 8665 8666 1716
f 8664 8665 1715
f 1699 8663 8664
f 8664 2118 1699
f 1358 3200 4834
f 1359 1358 8695
f 1697 1359 8696
f 1695 1697 8697
f 1696 1695 8698
f 1693 1696 8699
f 1694 1693 8700
f 2112 1694 8701
f 1691 2112 8702
f 1692 1691 8703
f 1356 1692 8704
f 1357 1356 8705
f 1354 1357 8706
f 1355 1354 8707
f 1690 1355 8708
f 1689 1690 8709
f 1352 1689 8710
f 1353 1352 8711
f 1350 1353 8712
f 1351 1350 8713
f 1348 1351 8714
f 1349 1348 8715
f 1687 1349 8716
f 1688 1687 8717
f 2111 1688 8718
f 2109 2111 8719
f 2110 2109 8720
f 2107 2110 8721
f 2108 2107 8722
f 2105 2108 8723
f 2106 2105 8724
f 8724 8725 2106
f 8723 8724 2105
f 8722 8723 2108
f 8721 8722 2107
f 8720 8721 2110
f 8719 8720 2109
f 8718 8719 2111
f 8717 8718 1688
f 8716 8717 1687
f 8715 8716 1349
f 8714 8715 1348
f 8713 8714 1351
f 8712 8713 1350
f 8711 8712 1353
f 8710 8711 1352
f 8709 8710 1689
f 8708 8709 1690
f 8707 8708 1355
f 8706 8707 1354
f 8705 8706 1357
f 8704 8705 1356
f 8703 8704 1692
f 8702 8703 1691
f 8701 8702 2112
f 8700 8701 1694
f 8699 8700 1693
f 8698 8699 1696
f 8697 8698 1695
f 8696 8697 1697
f 8695 8696 1359
f 4834 8695 1358
f 3199 2470 8726
f 2103 3199 8727
f 2104 2103 8728
f 2101 2104 8729
f 2102 2101 8730
f 1685 2102 8731
f 1345 1685 8732
f 1346 1345 8733
f 1686 1346 8734
f 1343 1686 8735
f 1344 1343 8736
f 1341 1344 8737
f 1342 1341 8738
f 1684 1342 8739
f 1339 1684 8740
f 1340 1339 8741
f 1337 1340 8742
f 1338 1337 8743
f 1683 1338 8744
f 1681 1683 8745
f 1682 1681 8746
f 2100 1682 8747
f 2098 2100 8748
f 2099 2098 8749
f 1680 2099 8750
f 1335 1680 8751
f 1336 1335 8752
f 1678 1336 8753
f 1679 1678 8754
f 2097 1679 8755
f 3903 2097 8756
f 8756 4868 3903
f 8755 8756 2097
f 8754 8755 1679
f 8753 8754 1678
f 8752 8753 1336
f 8751 8752 1335
f 8750 8751 1680
f 8749 8750 2099
f 8748 8749 2098
f 8747 8748 2100
f 8746 8747 1682
f 8745 8746 1681
f 8744 8745 1683
f 8743 8744 1338
f 8742 8743 1337
f 8741 8742 1340
f 8740 8741 1339
f 8739 8740 1684
f 8738 8739 1342
f 8737 8738 1341
f 8736 8737 1344
f 8735 8736 1343
f 8734 8735 1686
f 8733 8734 1346
f 8732 8733 1345
f 8731 8732 1685
f 8730 8731 2102
f 8729 8730 2101
f 8728 8729 2104
f 8727 8728 2103
f 8726 8727 3199
f 2106 8725 8726
f 8726 2470 2106
f 2823 4333 4811
f 2460 2823 8757
f 2461 2460 8758
f 2458 2461 8759
f 2459 2458 8760
f 2821 2459 8761
f 2456 2821 8762
f 2457 2456 8763
f 2819 2457 8764
f 2820 2819 8765
f 3187 2820 8766
f 3188 3187 8767
f 3186 3188 8768
f 2454 3186 8769
f 2455 2454 8770
f 2817 2455 8771
f 2818 2817 8772
f 3564 2818 8773
f 3562 3564 8774
f 3563 3562 8775
f 3900 3563 8776
f 3197 3900 8777
f 3198 3197 8778
f 3195 3198 8779
f 3196 3195 8780
f 3569 3196 8781
f 3902 3569 8782
f 3567 3902 8783
f 3568 3567 8784
f 2468 3568 8785
f 2469 2468 8786
f 8786 8787 2469
f 8785 8786 2468
f 8784 8785 3568
f 8783 8784 3567
f 8782 8783 3902
f 8781 8782 3569
f 8780 8781 3196
f 8779 8780 3195
f 8778 8779 3198
f 8777 8778 3197
f 8776 8777 3900
f 8775 8776 3563
f 8774 8775 3562
f 8773 8774 3564
f 8772 8773 2818
f 8771 8772 2817
f 8770 8771 2455
f 8769 8770 2454
f 8768 8769 3186
f 8767 8768 3188
f 8766 8767 3187
f 8765 8766 2820
f 8764 8765 2819
f 8763 8764 2457
f 8762 8763 2456
f 8761 8762 2821
f 8760 8761 2459
f 8759 8760 2458
f 8758 8759 2461
f 8757 8758 2460
f 4811 8757 2823
f 3194 2467 8788
f 2831 3194 8789
f 2832 2831 8790
f 3192 2832 8791
f 3193 3192 8792
f 2829 3193 8793
f 2830 2829 8794
f 3191 2830 8795
f 2827 3191 8796
f 2828 2827 8797
f 3189 2828 8798
f 3190 3189 8799
f 2825 3190 8800
f 2826 2825 8801
f 2824 2826 8802
f 2464 2824 8803
f 2465 2464 8804
f 1676 2465 8805
f 1677 1676 8806
f 2096 1677 8807
f 2094 2096 8808
f 1674 2094 8809
f 1675 1674 8810
f 2095 1675 8811
f 2463 2095 8812
f 2462 2463 8813
f 2093 2462 8814
f 1672 2093 8815
f 1332 1672 8816
f 1333 1332 8817
f 1669 1333 8818
f 8818 4845 1669
f 8817 8818 1333
f 8816 8817 1332
f 8815 8816 1672
f 8814 8815 2093
f 8813 8814 2462
f 8812 8813 2463
f 8811 8812 2095
f 8810 8811 1675
f 8809 8810 1674
f 8808 8809 2094
f 8807 8808 2096
f 8806 8807 1677
f 8805 8806 1676
f 8804 8805 2465
f 8803 8804 2464
f 8802 8803 2824
f 8801 8802 2826
f 8800 8801 2825
f 8799 8800 3190
f 8798 8799 3189
f 8797 8798 2828
f 8796 8797 2827
f 8795 8796 3191
f 8794 8795 2830
f 8793 8794 2829
f 8792 8793 3193
f 8791 8792 3192
f 8790 8791 2832
f 8789 8790 2831
f 8788 8789 3194
f 2469 8787 8788
f 8788 2467 2469
f 3175 4329 4627
f 3176 3175 8819
f 2811 3176 8820
f 2812 2811 8821
f 3174 2812 8822
f 3172 3174 8823
f 3173 3172 8824
f 3554 3173 8825
f 3170 3554 8826
f 3171 3170 8827
f 3553 3171 8828
f 3551 3553 8829
f 3552 3551 8830
f 3168 3552 8831
f 3169 3168 8832
f 3550 3169 8833
f 3548 3550 8834
f 3549 3548 8835
f 3166 3549 8836
f 3167 3166 8837
f 3164 3167 8838
f 3165 3164 8839
f 2809 3165 8840
f 2810 2809 8841
f 2807 2810 8842
f 2808 2807 8843
f 2805 2808 8844
f 2806 2805 8845
f 3163 2806 8846
f 3161 3163 8847
f 3162 3161 8848
f 8848 8849 3162
f 8847 8848 3161
f 8846 8847 3163
f 8845 8846 2806
f 8844 8845 2805
f 8843 8844 2808
f 8842 8843 2807
f 8841 8842 2810
f 8840 8841 2809
f 8839 8840 3165
f 8838 8839 3164
f 8837 8838 3167
f 8836 8837 3166
f 8835 8836 3549
f 8834 8835 3548
f 8833 8834 3550
f 8832 8833 3169
f 8831 8832 3168
f 8830 8831 3552
f 8829 8830 3551
f 8828 8829 3553
f 8827 8828 3171
f 8826 8827 3170
f 8825 8826 3554
f 8824 8825 3173
f 8823 8824 3172
f 8822 8823 3174
f 8821 8822 2812
f 8820 8821 2811
f 8819 8820 3176
f 4627 8819 3175
f 4161 3895 8850
f 4159 4161 8851
f 4160 4159 8852
f 3893 4160 8853
f 3546 3893 8854
f 3547 3546 8855
f 3894 3547 8856
f 4158 3894 8857
f 3561 4158 8858
f 3899 3561 8859
f 3184 3899 8860
f 2815 3184 8861
f 2816 2815 8862
f 3185 2816 8863
f 3183 3185 8864
f 2813 3183 8865
f 2814 2813 8866
f 3181 2814 8867
f 3182 3181 8868
f 3560 3182 8869
f 3179 3560 8870
f 3180 3179 8871
f 3558 3180 8872
f 3177 3558 8873
f 3178 3177 8874
f 3559 3178 8875
f 3898 3559 8876
f 4331 3898 8877
f 4332 4331 8878
f 4330 4332 8879
f 3557 4330 8880
f 8880 4822 3557
f 8879 8880 4330
f 8878 8879 4332
f 8877 8878 4331
f 8876 8877 3898
f 8875 8876 3559
f 8874 8875 3178
f 8873 8874 3177
f 8872 8873 3558
f 8871 8872 3180
f 8870 8871 3179
f 8869 8870 3560
f 8868 8869 3182
f 8867 8868 3181
f 8866 8867 2814
f 8865 8866 2813
f 8864 8865 3183
f 8863 8864 3185
f 8862 8863 2816
f 8861 8862 2815
f 8860 8861 3184
f 8859 8860 3899
f 8858 8859 3561
f 8857 8858 4158
f 8856 8857 3894
f 8855 8856 3547
f 8854 8855 3546
f 8853 8854 3893
f 8852 8853 4160
f 8851 8852 4159
f 8850 8851 4161
f 3162 8849 8850
f 8850 3895 3162
f 1014 1994 4605
f 1015 1014 8881
f 491 1015 8882
f 492 491 8883
f 489 492 8884
f 307 489 8885
f 308 307 8886
f 490 308 8887
f 746 490 8888
f 306 746 8889
f 199 306 8890
f 200 199 8891
f 304 200 8892
f 305 304 8893
f 488 305 8894
f 745 488 8895
f 743 745 8896
f 744 743 8897
f 1013 744 8898
f 741 1013 8899
f 742 741 8900
f 739 742 8901
f 740 739 8902
f 1011 740 8903
f 1012 1011 8904
f 1009 1012 8905
f 1010 1009 8906
f 1007 1010 8907
f 1008 1007 8908
f 486 1008 8909
f 487 486 8910
f 8910 8911 487
f 8909 8910 486
f 8908 8909 1008
f 8907 8908 1007
f 8906 8907 1010
f 8905 8906 1009
f 8904 8905 1012
f 8903 8904 1011
f 8902 8903 740
f 8901 8902 739
f 8900 8901 742
f 8899 8900 741
f 8898 8899 1013
f 8897 8898 744
f 8896 8897 743
f 8895 8896 745
f 8894 8895 488
f 8893 8894 305
f 8892 8893 304
f 8891 8892 200
f 8890 8891 199
f 8889 8890 306
f 8888 8889 746
f 8887 8888 490
f 8886 8887 308
f 8885 8886 307
f 8884 8885 489
f 8883 8884 492
f 8882 8883 491
f 8881 8882 1015
f 4605 8881 1014
f 1006 738 8912
f 736 1006 8913
f 737 736 8914
f 484 737 8915
f 485 484 8916
f 482 485 8917
f 483 482 8918
f 125 483 8919
f 126 125 8920
f 123 126 8921
f 124 123 8922
f 197 124 8923
f 121 197 8924
f 122 121 8925
f 195 122 8926
f 196 195 8927
f 193 196 8928
f 194 193 8929
f 303 194 8930
f 481 303 8931
f 479 481 8932
f 480 479 8933
f 735 480 8934
f 733 735 8935
f 477 733 8936
f 478 477 8937
f 734 478 8938
f 1270 734 8939
f 1591 1270 8940
f 1592 1591 8941
f 1993 1592 8942
f 8942 4792 1993
f 8941 8942 1592
f 8940 8941 1591
f 8939 8940 1270
f 8938 8939 734
f 8937 8938 478
f 8936 8937 477
f 8935 8936 733
f 8934 8935 735
f 8933 8934 480
f 8932 8933 479
f 8931 8932 481
f 8930 8931 303
f 8929 8930 194
f 8928 8929 193
f 8927 8928 196
f 8926 8927 195
f 8925 8926 122
f 8924 8925 121
f 8923 8924 197
f 8922 8923 124
f 8921 8922 123
f 8920 8921 126
f 8919 8920 125
f 8918 8919 483
f 8917 8918 482
f 8916 8917 485
f 8915 8916 484
f 8914 8915 737
f 8913 8914 736
f 8912 8913 1006
f 487 8911 8912
f 8912 738 487
f 1597 2778 4795
f 1598 1597 8943
f 1023 1598 8944
f 1024 1023 8945
f 1277 1024 8946
f 1021 1277 8947
f 1022 1021 8948
f 1276 1022 8949
f 498 1276 8950
f 499 498 8951
f 312 499 8952
f 313 312 8953
f 497 313 8954
f 495 497 8955
f 496 495 8956
f 493 496 8957
f 310 493 8958
f 311 310 8959
f 494 311 8960
f 747 494 8961
f 1020 747 8962
f 1018 1020 8963
f 1019 1018 8964
f 1016 1019 8965
f 1017 1016 8966
f 1275 1017 8967
f 1273 1275 8968
f 1274 1273 8969
f 1596 1274 8970
f 1996 1596 8971
f 2006 1996 8972
f 8972 8973 2006
f 8971 8972 1996
f 8970 8971 1596
f 8969 8970 1274
f 8968 8969 1273
f 8967 8968 1275
f 8966 8967 1017
f 8965 8966 1016
f 8964 8965 1019
f 8963 8964 1018
f 8962 8963 1020
f 8961 8962 747
f 8960 8961 494
f 8959 8960 311
f 8958 8959 310
f 8957 8958 493
f 8956 8957 496
f 8955 8956 495
f 8954 8955 497
f 8953 8954 313
f 8952 8953 312
f 8951 8952 499
f 8950 8951 498
f 8949 8950 1276
f 8948 8949 1022
f 8947 8948 1021
f 8946 8947 1277
f 8945 8946 1024
f 8944 8945 1023
f 8943 8944 1598
f 4795 8943 1597
f 1608 1607 8974
f 2004 1608 8975
f 2005 2004 8976
f 2396 2005 8977
f 2002 2396 8978
f 2003 2002 8979
f 2000 2003 8980
f 2001 2000 8981
f 2395 2001 8982
f 2393 2395 8983
f 2394 2393 8984
f 2391 2394 8985
f 2392 2391 8986
f 1605 2392 8987
f 1031 1605 8988
f 1032 1031 8989
f 1285 1032 8990
f 1286 1285 8991
f 1999 1286 8992
f 1604 1999 8993
f 1283 1604 8994
f 1284 1283 8995
f 1029 1284 8996
f 1030 1029 8997
f 1282 1030 8998
f 1281 1282 8999
f 1026 1281 9000
f 1027 1026 9001
f 1279 1027 9002
f 1280 1279 9003
f 1602 1280 9004
f 9004 4769 1602
f 9003 9004 1280
f 9002 9003 1279
f 9001 9002 1027
f 9000 9001 1026
f 8999 9000 1281
f 8998 8999 1282
f 8997 8998 1030
f 8996 8997 1029
f 8995 8996 1284
f 8994 8995 1283
f 8993 8994 1604
f 8992 8993 1999
f 8991 8992 1286
f 8990 8991 1285
f 8989 8990 1032
f 8988 8989 1031
f 8987 8988 1605
f 8986 8987 2392
f 8985 8986 2391
f 8984 8985 2394
f 8983 8984 2393
f 8982 8983 2395
f 8981 8982 2001
f 8980 8981 2000
f 8979 8980 2003
f 8978 8979 2002
f 8977 8978 2396
f 8976 8977 2005
f 8975 8976 2004
f 8974 8975 1608
f 2006 8973 8974
f 8974 1607 2006
f 1044 3528 4719
f 1045 1044 9005
f 520 1045 9006
f 521 520 9007
f 762 521 9008
f 760 762 9009
f 518 760 9010
f 519 518 9011
f 761 519 9012
f 758 761 9013
f 759 758 9014
f 1043 759 9015
f 1041 1043 9016
f 1042 1041 9017
f 1299 1042 9018
f 1622 1299 9019
f 1623 1622 9020
f 2021 1623 9021
f 2019 2021 9022
f 2020 2019 9023
f 2017 2020 9024
f 2018 2017 9025
f 1620 2018 9026
f 1621 1620 9027
f 1618 1621 9028
f 1619 1618 9029
f 2015 1619 9030
f 2016 2015 9031
f 1617 2016 9032
f 1297 1617 9033
f 1298 1297 9034
f 9034 9035 1298
f 9033 9034 1297
f 9032 9033 1617
f 9031 9032 2016
f 9030 9031 2015
f 9029 9030 1619
f 9028 9029 1618
f 9027 9028 1621
f 9026 9027 1620
f 9025 9026 2018
f 9024 9025 2017
f 9023 9024 2020
f 9022 9023 2019
f 9021 9022 2021
f 9020 9021 1623
f 9019 9020 1622
f 9018 9019 1299
f 9017 9018 1042
f 9016 9017 1041
f 9015 9016 1043
f 9014 9015 759
f 9013 9014 758
f 9012 9013 761
f 9011 9012 519
f 9010 9011 518
f 9009 9010 760
f 9008 9009 762
f 9007 9008 521
f 9006 9007 520
f 9005 9006 1045
f 4719 9005 1044
f 1616 1615 9036
f 2014 1616 9037
f 2012 2014 9038
f 2013 2012 9039
f 2399 2013 9040
f 2400 2399 9041
f 2780 2400 9042
f 2781 2780 9043
f 2785 2781 9044
f 2031 2785 9045
f 2032 2031 9046
f 2029 2032 9047
f 2030 2029 9048
f 2407 2030 9049
f 2027 2407 9050
f 2028 2027 9051
f 2406 2028 9052
f 2025 2406 9053
f 2026 2025 9054
f 2404 2026 9055
f 2405 2404 9056
f 1628 2405 9057
f 1629 1628 9058
f 1626 1629 9059
f 1627 1626 9060
f 2023 1627 9061
f 1624 2023 9062
f 1625 1624 9063
f 2024 1625 9064
f 2784 2024 9065
f 2022 2784 9066
f 9066 4746 2022
f 9065 9066 2784
f 9064 9065 2024
f 9063 9064 1625
f 9062 9063 1624
f 9061 9062 2023
f 9060 9061 1627
f 9059 9060 1626
f 9058 9059 1629
f 9057 9058 1628
f 9056 9057 2405
f 9055 9056 2404
f 9054 9055 2026
f 9053 9054 2025
f 9052 9053 2406
f 9051 9052 2028
f 9050 9051 2027
f 9049 9050 2407
f 9048 9049 2030
f 9047 9048 2029
f 9046 9047 2032
f 9045 9046 2031
f 9044 9045 2785
f 9043 9044 2781
f 9042 9043 2780
f 9041 9042 2400
f 9040 9041 2399
f 9039 9040 2013
f 9038 9039 2012
f 9037 9038 2014
f 9036 9037 1616
f 1298 9035 9036
f 9036 1615 1298
f 2009 2011 4772
f 1613 2009 9067
f 1614 1613 9068
f 1611 1614 9069
f 1612 1611 9070
f 1295 1612 9071
f 1039 1295 9072
f 1040 1039 9073
f 1293 1040 9074
f 1294 1293 9075
f 1610 1294 9076
f 2007 1610 9077
f 2008 2007 9078
f 1036 2008 9079
f 1037 1036 9080
f 1292 1037 9081
f 1290 1292 9082
f 1291 1290 9083
f 206 1291 9084
f 207 206 9085
f 204 207 9086
f 205 204 9087
f 316 205 9088
f 317 316 9089
f 515 317 9090
f 516 515 9091
f 756 516 9092
f 757 756 9093
f 314 757 9094
f 202 314 9095
f 203 202 9096
f 9096 9097 203
f 9095 9096 202
f 9094 9095 314
f 9093 9094 757
f 9092 9093 756
f 9091 9092 516
f 9090 9091 515
f 9089 9090 317
f 9088 9089 316
f 9087 9088 205
f 9086 9087 204
f 9085 9086 207
f 9084 9085 206
f 9083 9084 1291
f 9082 9083 1290
f 9081 9082 1292
f 9080 9081 1037
f 9079 9080 1036
f 9078 9079 2008
f 9077 9078 2007
f 9076 9077 1610
f 9075 9076 1294
f 9074 9075 1293
f 9073 9074 1040
f 9072 9073 1039
f 9071 9072 1295
f 9070 9071 1612
f 9069 9070 1611
f 9068 9069 1614
f 9067 9068 1613
f 4772 9067 2009
f 514 315 9098
f 512 514 9099
f 513 512 9100
f 754 513 9101
f 755 754 9102
f 1034 755 9103
f 1035 1034 9104
f 510 1035 9105
f 511 510 9106
f 508 511 9107
f 509 508 9108
f 752 509 9109
f 753 752 9110
f 1289 753 9111
f 506 1289 9112
f 507 506 9113
f 504 507 9114
f 505 504 9115
f 751 505 9116
f 1033 751 9117
f 749 1033 9118
f 750 749 9119
f 502 750 9120
f 503 502 9121
f 500 503 9122
f 501 500 9123
f 748 501 9124
f 1287 748 9125
f 1288 1287 9126
f 1609 1288 9127
f 2397 1609 9128
f 9128 4730 2397
f 9127 9128 1609
f 9126 9127 1288
f 9125 9126 1287
f 9124 9125 748
f 9123 9124 501
f 9122 9123 500
f 9121 9122 503
f 9120 9121 502
f 9119 9120 750
f 9118 9119 749
f 9117 9118 1033
f 9116 9117 751
f 9115 9116 505
f 9114 9115 504
f 9113 9114 507
f 9112 9113 506
f 9111 9112 1289
f 9110 9111 753
f 9109 9110 752
f 9108 9109 509
f 9107 9108 508
f 9106 9107 511
f 9105 9106 510
f 9104 9105 1035
f 9103 9104 1034
f 9102 9103 755
f 9101 9102 754
f 9100 9101 513
f 9099 9100 512
f 9098 9099 514
f 203 9097 9098
f 9098 315 203
f 1318 2789 4673
f 534 1318 9129
f 535 534 9130
f 532 535 9131
f 533 532 9132
f 780 533 9133
f 781 780 9134
f 1074 781 9135
f 1651 1074 9136
f 1317 1651 9137
f 1072 1317 9138
f 1073 1072 9139
f 1070 1073 9140
f 1071 1070 9141
f 1069 1071 9142
f 778 1069 9143
f 779 778 9144
f 1068 779 9145
f 776 1068 9146
f 530 776 9147
f 531 530 9148
f 777 531 9149
f 774 777 9150
f 775 774 9151
f 1066 775 9152
f 1067 1066 9153
f 1316 1067 9154
f 1065 1316 9155
f 772 1065 9156
f 527 772 9157
f 528 527 9158
f 9158 9159 528
f 9157 9158 527
f 9156 9157 772
f 9155 9156 1065
f 9154 9155 1316
f 9153 9154 1067
f 9152 9153 1066
f 9151 9152 775
f 9150 9151 774
f 9149 9150 777
f 9148 9149 531
f 9147 9148 530
f 9146 9147 776
f 9145 9146 1068
f 9144 9145 779
f 9143 9144 778
f 9142 9143 1069
f 9141 9142 1071
f 9140 9141 1070
f 9139 9140 1073
f 9138 9139 1072
f 9137 9138 1317
f 9136 9137 1651
f 9135 9136 1074
f 9134 9135 781
f 9133 9134 780
f 9132 9133 533
f 9131 9132 532
f 9130 9131 535
f 9129 9130 534
f 4673 9129 1318
f 1064 773 9160
f 1649 1064 9161
f 1650 1649 9162
f 1314 1650 9163
f 1315 1314 9164
f 1312 1315 9165
f 1313 1312 9166
f 1062 1313 9167
f 770 1062 9168
f 771 770 9169
f 1063 771 9170
f 1310 1063 9171
f 1060 1310 9172
f 1061 1060 9173
f 1311 1061 9174
f 2420 1311 9175
f 2049 2420 9176
f 2050 2049 9177
f 2419 2050 9178
f 2048 2419 9179
f 1308 2048 9180
f 1309 1308 9181
f 1648 1309 9182
f 1646 1648 9183
f 1647 1646 9184
f 2046 1647 9185
f 2047 2046 9186
f 2044 2047 9187
f 2045 2044 9188
f 2418 2045 9189
f 3531 2418 9190
f 9190 4700 3531
f 9189 9190 2418
f 9188 9189 2045
f 9187 9188 2044
f 9186 9187 2047
f 9185 9186 2046
f 9184 9185 1647
f 9183 9184 1646
f 9182 9183 1648
f 9181 9182 1309
f 9180 9181 1308
f 9179 9180 2048
f 9178 9179 2419
f 9177 9178 2050
f 9176 9177 2049
f 9175 9176 2420
f 9174 9175 1311
f 9173 9174 1061
f 9172 9173 1060
f 9171 9172 1310
f 9170 9171 1063
f 9169 9170 771
f 9168 9169 770
f 9167 9168 1062
f 9166 9167 1313
f 9165 9166 1312
f 9164 9165 1315
f 9163 9164 1314
f 9162 9163 1650
f 9161 9162 1649
f 9160 9161 1064
f 528 9159 9160
f 9160 773 528
f 2413 2036 4749
f 2034 2413 9191
f 2035 2034 9192
f 1050 2035 9193
f 1047 1050 9194
f 1048 1047 9195
f 1636 1048 9196
f 1634 1636 9197
f 1635 1634 9198
f 1632 1635 9199
f 1633 1632 9200
f 1630 1633 9201
f 1631 1630 9202
f 2033 1631 9203
f 2411 2033 9204
f 2412 2411 9205
f 2410 2412 9206
f 2408 2410 9207
f 2409 2408 9208
f 2786 2409 9209
f 2787 2786 9210
f 2042 2787 9211
f 2043 2042 9212
f 2040 2043 9213
f 2041 2040 9214
f 2417 2041 9215
f 2415 2417 9216
f 2416 2415 9217
f 2788 2416 9218
f 1644 2788 9219
f 1645 1644 9220
f 9220 9221 1645
f 9219 9220 1644
f 9218 9219 2788
f 9217 9218 2416
f 9216 9217 2415
f 9215 9216 2417
f 9214 9215 2041
f 9213 9214 2040
f 9212 9213 2043
f 9211 9212 2042
f 9210 9211 2787
f 9209 9210 2786
f 9208 9209 2409
f 9207 9208 2408
f 9206 9207 2410
f 9205 9206 2412
f 9204 9205 2411
f 9203 9204 2033
f 9202 9203 1631
f 9201 9202 1630
f 9200 9201 1633
f 9199 9200 1632
f 9198 9199 1635
f 9197 9198 1634
f 9196 9197 1636
f 9195 9196 1048
f 9194 9195 1047
f 9193 9194 1050
f 9192 9193 2035
f 9191 9192 2034
f 4749 9191 2413
f 2038 1643 9222
f 2039 2038 9223
f 768 2039 9224
f 769 768 9225
f 1058 769 9226
f 1059 1058 9227
f 1307 1059 9228
f 1305 1307 9229
f 1306 1305 9230
f 1641 1306 9231
f 1303 1641 9232
f 1304 1303 9233
f 1301 1304 9234
f 1302 1301 9235
f 1056 1302 9236
f 1057 1056 9237
f 1055 1057 9238
f 766 1055 9239
f 767 766 9240
f 524 767 9241
f 525 524 9242
f 319 525 9243
f 320 319 9244
f 522 320 9245
f 523 522 9246
f 765 523 9247
f 763 765 9248
f 764 763 9249
f 1053 764 9250
f 1054 1053 9251
f 2037 1054 9252
f 9252 4684 2037
f 9251 9252 1054
f 9250 9251 1053
f 9249 9250 764
f 9248 9249 763
f 9247 9248 765
f 9246 9247 523
f 9245 9246 522
f 9244 9245 320
f 9243 9244 319
f 9242 9243 525
f 9241 9242 524
f 9240 9241 767
f 9239 9240 766
f 9238 9239 1055
f 9237 9238 1057
f 9236 9237 1056
f 9235 9236 1302
f 9234 9235 1301
f 9233 9234 1304
f 9232 9233 1303
f 9231 9232 1641
f 9230 9231 1306
f 9229 9230 1305
f 9228 9229 1307
f 9227 9228 1059
f 9226 9227 1058
f 9225 9226 769
f 9224 9225 768
f 9223 9224 2039
f 9222 9223 2038
f 1645 9221 9222
f 9222 1643 1645
f 2057 2429 4704
f 1322 2057 9253
f 1323 1322 9254
f 1320 1323 9255
f 1321 1320 9256
f 1654 1321 9257
f 2056 1654 9258
f 2428 2056 9259
f 2426 2428 9260
f 2427 2426 9261
f 1652 2427 9262
f 1653 1652 9263
f 2055 1653 9264
f 2053 2055 9265
f 2054 2053 9266
f 2424 2054 9267
f 2425 2424 9268
f 2792 2425 9269
f 2793 2792 9270
f 3533 2793 9271
f 3147 3533 9272
f 3148 3147 9273
f 2422 3148 9274
f 2423 2422 9275
f 2790 2423 9276
f 2791 2790 9277
f 3145 2791 9278
f 3146 3145 9279
f 3532 3146 9280
f 3890 3532 9281
f 4154 3890 9282
f 9282 9283 4154
f 9281 9282 3890
f 9280 9281 3532
f 9279 9280 3146
f 9278 9279 3145
f 9277 9278 2791
f 9276 9277 2790
f 9275 9276 2423
f 9274 9275 2422
f 9273 9274 3148
f 9272 9273 3147
f 9271 9272 3533
f 9270 9271 2793
f 9269 9270 2792
f 9268 9269 2425
f 9267 9268 2424
f 9266 9267 2054
f 9265 9266 2053
f 9264 9265 2055
f 9263 9264 1653
f 9262 9263 1652
f 9261 9262 2427
f 9260 9261 2426
f 9259 9260 2428
f 9258 9259 2056
f 9257 9258 1654
f 9256 9257 1321
f 9255 9256 1320
f 9254 9255 1323
f 9253 9254 1322
f 4704 9253 2057
f 2440 2439 9284
f 3159 2440 9285
f 1657 3159 9286
f 1658 1657 9287
f 2059 1658 9288
f 2060 2059 9289
f 2436 2060 9290
f 2437 2436 9291
f 2434 2437 9292
f 2435 2434 9293
f 2432 2435 9294
f 2433 2432 9295
f 2796 2433 9296
f 2797 2796 9297
f 3158 2797 9298
f 3156 3158 9299
f 3157 3156 9300
f 3154 3157 9301
f 3155 3154 9302
f 3153 3155 9303
f 2794 3153 9304
f 2430 2794 9305
f 2431 2430 9306
f 2795 2431 9307
f 3152 2795 9308
f 3540 3152 9309
f 3539 3540 9310
f 3538 3539 9311
f 3150 3538 9312
f 3151 3150 9313
f 3535 3151 9314
f 9314 4654 3535
f 9313 9314 3151
f 9312 9313 3150
f 9311 9312 3538
f 9310 9311 3539
f 9309 9310 3540
f 9308 9309 3152
f 9307 9308 2795
f 9306 9307 2431
f 9305 9306 2430
f 9304 9305 2794
f 9303 9304 3153
f 9302 9303 3155
f 9301 9302 3154
f 9300 9301 3157
f 9299 9300 3156
f 9298 9299 3158
f 9297 9298 2797
f 9296 9297 2796
f 9295 9296 2433
f 9294 9295 2432
f 9293 9294 2435
f 9292 9293 2434
f 9291 9292 2437
f 9290 9291 2436
f 9289 9290 2060
f 9288 9289 2059
f 9287 9288 1658
f 9286 9287 1657
f 9285 9286 3159
f 9284 9285 2440
f 4154 9283 9284
f 9284 2439 4154
f 2801 2803 4657
f 2451 2801 9315
f 2452 2451 9316
f 2449 2452 9317
f 2450 2449 9318
f 2447 2450 9319
f 2448 2447 9320
f 2799 2448 9321
f 2800 2799 9322
f 1666 2800 9323
f 1667 1666 9324
f 2091 1667 9325
f 2089 2091 9326
f 2090 2089 9327
f 2446 2090 9328
f 2087 2446 9329
f 2088 2087 9330
f 2086 2088 9331
f 1664 2086 9332
f 1665 1664 9333
f 2084 1665 9334
f 2085 2084 9335
f 2082 2085 9336
f 2083 2082 9337
f 2080 2083 9338
f 2081 2080 9339
f 2444 2081 9340
f 2445 2444 9341
f 2798 2445 9342
f 2078 2798 9343
f 2079 2078 9344
f 9344 9345 2079
f 9343 9344 2078
f 9342 9343 2798
f 9341 9342 2445
f 9340 9341 2444
f 9339 9340 2081
f 9338 9339 2080
f 9337 9338 2083
f 9336 9337 2082
f 9335 9336 2085
f 9334 9335 2084
f 9333 9334 1665
f 9332 9333 1664
f 9331 9332 2086
f 9330 9331 2088
f 9329 9330 2087
f 9328 9329 2446
f 9327 9328 2090
f 9326 9327 2089
f 9325 9326 2091
f 9324 9325 1667
f 9323 9324 1666
f 9322 9323 2800
f 9321 9322 2799
f 9320 9321 2448
f 9319 9320 2447
f 9318 9319 2450
f 9317 9318 2449
f 9316 9317 2452
f 9315 9316 2451
f 4657 9315 2801
f 2076 2443 9346
f 2077 2076 9347
f 2074 2077 9348
f 2075 2074 9349
f 2072 2075 9350
f 2073 2072 9351
f 2070 2073 9352
f 2071 2070 9353
f 2068 2071 9354
f 2069 2068 9355
f 2066 2069 9356
f 2067 2066 9357
f 2442 2067 9358
f 2064 2442 9359
f 2065 2064 9360
f 1661 2065 9361
f 1662 1661 9362
f 2063 1662 9363
f 1329 2063 9364
f 1330 1329 9365
f 1327 1330 9366
f 1328 1327 9367
f 1659 1328 9368
f 1660 1659 9369
f 2061 1660 9370
f 2062 2061 9371
f 2441 2062 9372
f 3160 2441 9373
f 3543 3160 9374
f 3544 3543 9375
f 3541 3544 9376
f 9376 4638 3541
f 9375 9376 3544
f 9374 9375 3543
f 9373 9374 3160
f 9372 9373 2441
f 9371 9372 2062
f 9370 9371 2061
f 9369 9370 1660
f 9368 9369 1659
f 9367 9368 1328
f 9366 9367 1327
f 9365 9366 1330
f 9364 9365 1329
f 9363 9364 2063
f 9362 9363 1662
f 9361 9362 1661
f 9360 9361 2065
f 9359 9360 2064
f 9358 9359 2442
f 9357 9358 2067
f 9356 9357 2066
f 9355 9356 2069
f 9354 9355 2068
f 9353 9354 2071
f 9352 9353 2070
f 9351 9352 2073
f 9350 9351 2072
f 9349 9350 2075
f 9348 9349 2074
f 9347 9348 2077
f 9346 9347 2076
f 2079 9345 9346
f 9346 2443 2079
f 2376 4326 4581
f 2377 2376 9377
f 2764 2377 9378
f 1985 2764 9379
f 2375 1985 9380
f 2374 2375 9381
f 1982 2374 9382
f 1983 1982 9383
f 2373 1983 9384
f 1980 2373 9385
f 1981 1980 9386
f 2371 1981 9387
f 2372 2371 9388
f 2369 2372 9389
f 2370 2369 9390
f 2762 2370 9391
f 2763 2762 9392
f 3512 2763 9393
f 3881 3512 9394
f 3882 3881 9395
f 4150 3882 9396
f 3524 4150 9397
f 3525 3524 9398
f 3522 3525 9399
f 3523 3522 9400
f 3520 3523 9401
f 3521 3520 9402
f 3518 3521 9403
f 3519 3518 9404
f 1991 3519 9405
f 1992 1991 9406
f 9406 9407 1992
f 9405 9406 1991
f 9404 9405 3519
f 9403 9404 3518
f 9402 9403 3521
f 9401 9402 3520
f 9400 9401 3523
f 9399 9400 3522
f 9398 9399 3525
f 9397 9398 3524
f 9396 9397 4150
f 9395 9396 3882
f 9394 9395 3881
f 9393 9394 3512
f 9392 9393 2763
f 9391 9392 2762
f 9390 9391 2370
f 9389 9390 2369
f 9388 9389 2372
f 9387 9388 2371
f 9386 9387 1981
f 9385 9386 1980
f 9384 9385 2373
f 9383 9384 1983
f 9382 9383 1982
f 9381 9382 2374
f 9380 9381 2375
f 9379 9380 1985
f 9378 9379 2764
f 9377 9378 2377
f 4581 9377 2376
f 2776 1990 9408
f 3140 2776 9409
f 2387 3140 9410
f 2388 2387 9411
f 2385 2388 9412
f 2386 2385 9413
f 2775 2386 9414
f 2773 2775 9415
f 2774 2773 9416
f 2771 2774 9417
f 2772 2771 9418
f 3139 2772 9419
f 2384 3139 9420
f 1987 2384 9421
f 1988 1987 9422
f 2382 1988 9423
f 2383 2382 9424
f 2769 2383 9425
f 2380 2769 9426
f 2381 2380 9427
f 2770 2381 9428
f 3138 2770 9429
f 3137 3138 9430
f 2767 3137 9431
f 2768 2767 9432
f 3136 2768 9433
f 2378 3136 9434
f 2379 2378 9435
f 2765 2379 9436
f 2766 2765 9437
f 3884 2766 9438
f 9438 4615 3884
f 9437 9438 2766
f 9436 9437 2765
f 9435 9436 2379
f 9434 9435 2378
f 9433 9434 3136
f 9432 9433 2768
f 9431 9432 2767
f 9430 9431 3137
f 9429 9430 3138
f 9428 9429 2770
f 9427 9428 2381
f 9426 9427 2380
f 9425 9426 2769
f 9424 9425 2383
f 9423 9424 2382
f 9422 9423 1988
f 9421 9422 1987
f 9420 9421 2384
f 9419 9420 3139
f 9418 9419 2772
f 9417 9418 2771
f 9416 9417 2774
f 9415 9416 2773
f 9414 9415 2775
f 9413 9414 2386
f 9412 9413 2385
f 9411 9412 2388
f 9410 9411 2387
f 9409 9410 3140
f 9408 9409 2776
f 1992 9407 9408
f 9408 1990 1992
f 2759 4146 4558
f 2368 2759 9439
f 1977 2368 9440
f 1589 1977 9441
f 1590 1589 9442
f 1978 1590 9443
f 2366 1978 9444
f 2367 2366 9445
f 2758 2367 9446
f 3130 2758 9447
f 3502 3130 9448
f 3129 3502 9449
f 2756 3129 9450
f 2757 2756 9451
f 2365 2757 9452
f 1975 2365 9453
f 1976 1975 9454
f 2363 1976 9455
f 2364 2363 9456
f 2754 2364 9457
f 2755 2754 9458
f 3127 2755 9459
f 3128 3127 9460
f 2752 3128 9461
f 2753 2752 9462
f 2750 2753 9463
f 2751 2750 9464
f 3125 2751 9465
f 3126 3125 9466
f 3123 3126 9467
f 3124 3123 9468
f 9468 9469 3124
f 9467 9468 3123
f 9466 9467 3126
f 9465 9466 3125
f 9464 9465 2751
f 9463 9464 2750
f 9462 9463 2753
f 9461 9462 2752
f 9460 9461 3128
f 9459 9460 3127
f 9458 9459 2755
f 9457 9458 2754
f 9456 9457 2364
f 9455 9456 2363
f 9454 9455 1976
f 9453 9454 1975
f 9452 9453 2365
f 9451 9452 2757
f 9450 9451 2756
f 9449 9450 3129
f 9448 9449 3502
f 9447 9448 3130
f 9446 9447 2758
f 9445 9446 2367
f 9444 9445 2366
f 9443 9444 1978
f 9442 9443 1590
f 9441 9442 1589
f 9440 9441 1977
f 9439 9440 2368
f 4558 9439 2759
f 3500 3870 9470
f 3501 3500 9471
f 3498 3501 9472
f 3499 3498 9473
f 3868 3499 9474
f 3869 3868 9475
f 3866 3869 9476
f 3867 3866 9477
f 3511 3867 9478
f 3880 3511 9479
f 3878 3880 9480
f 3509 3878 9481
f 3510 3509 9482
f 3879 3510 9483
f 4149 3879 9484
f 3876 4149 9485
f 3877 3876 9486
f 3507 3877 9487
f 3508 3507 9488
f 3875 3508 9489
f 3135 3875 9490
f 2760 3135 9491
f 2761 2760 9492
f 3133 2761 9493
f 3134 3133 9494
f 3505 3134 9495
f 3506 3505 9496
f 3873 3506 9497
f 3874 3873 9498
f 4148 3874 9499
f 3504 4148 9500
f 9500 4592 3504
f 9499 9500 4148
f 9498 9499 3874
f 9497 9498 3873
f 9496 9497 3506
f 9495 9496 3505
f 9494 9495 3134
f 9493 9494 3133
f 9492 9493 2761
f 9491 9492 2760
f 9490 9491 3135
f 9489 9490 3875
f 9488 9489 3508
f 9487 9488 3507
f 9486 9487 3877
f 9485 9486 3876
f 9484 9485 4149
f 9483 9484 3879
f 9482 9483 3510
f 9481 9482 3509
f 9480 9481 3878
f 9479 9480 3880
f 9478 9479 3511
f 9477 9478 3867
f 9476 9477 3866
f 9475 9476 3869
f 9474 9475 3868
f 9473 9474 3499
f 9472 9473 3498
f 9471 9472 3501
f 9470 9471 3500
f 3124 9469 9470
f 9470 3870 3124
f 1005 26 25
f 731 1005 9501
f 475 731 9502
f 476 475 9503
f 732 476 9504
f 473 732 9505
f 474 473 9506
f 729 474 9507
f 730 729 9508
f 1586 730 9509
f 1587 1586 9510
f 1584 1587 9511
f 1268 1584 9512
f 1269 1268 9513
f 1585 1269 9514
f 1974 1585 9515
f 2362 1974 9516
f 727 2362 9517
f 728 727 9518
f 1003 728 9519
f 1004 1003 9520
f 1267 1004 9521
f 1583 1267 9522
f 1972 1583 9523
f 1581 1972 9524
f 1582 1581 9525
f 1973 1582 9526
f 2361 1973 9527
f 2360 2361 9528
f 1970 2360 9529
f 1971 1970 9530
f 9530 9531 1971
f 9529 9530 1970
f 9528 9529 2360
f 9527 9528 2361
f 9526 9527 1973
f 9525 9526 1582
f 9524 9525 1581
f 9523 9524 1972
f 9522 9523 1583
f 9521 9522 1267
f 9520 9521 1004
f 9519 9520 1003
f 9518 9519 728
f 9517 9518 727
f 9516 9517 2362
f 9515 9516 1974
f 9514 9515 1585
f 9513 9514 1269
f 9512 9513 1268
f 9511 9512 1584
f 9510 9511 1587
f 9509 9510 1586
f 9508 9509 730
f 9507 9508 729
f 9506 9507 474
f 9505 9506 473
f 9504 9505 732
f 9503 9504 476
f 9502 9503 475
f 9501 9502 731
f 25 9501 1005
f 2357 2359 9532
f 2358 2357 9533
f 2355 2358 9534
f 2356 2355 9535
f 2748 2356 9536
f 2749 2748 9537
f 2746 2749 9538
f 2747 2746 9539
f 1968 2747 9540
f 1969 1968 9541
f 1966 1969 9542
f 1967 1966 9543
f 2354 1967 9544
f 2744 2354 9545
f 2745 2744 9546
f 1579 2745 9547
f 1580 1579 9548
f 1964 1580 9549
f 1965 1964 9550
f 2353 1965 9551
f 2743 2353 9552
f 1962 2743 9553
f 1963 1962 9554
f 1960 1963 9555
f 1577 1960 9556
f 1578 1577 9557
f 1961 1578 9558
f 2742 1961 9559
f 3121 2742 9560
f 3122 3121 9561
f 3495 3122 9562
f 9562 4568 3495
f 9561 9562 3122
f 9560 9561 3121
f 9559 9560 2742
f 9558 9559 1961
f 9557 9558 1578
f 9556 9557 1577
f 9555 9556 1960
f 9554 9555 1963
f 9553 9554 1962
f 9552 9553 2743
f 9551 9552 2353
f 9550 9551 1965
f 9549 9550 1964
f 9548 9549 1580
f 9547 9548 1579
f 9546 9547 2745
f 9545 9546 2744
f 9544 9545 2354
f 9543 9544 1967
f 9542 9543 1966
f 9541 9542 1969
f 9540 9541 1968
f 9539 9540 2747
f 9538 9539 2746
f 9537 9538 2749
f 9536 9537 2748
f 9535 9536 2356
f 9534 9535 2355
f 9533 9534 2358
f 9532 9533 2357
f 1971 9531 9532
f 9532 2359 1971
f 1001 3120 5555
f 1002 1001 9563
f 999 1002 9564
f 1000 999 9565
f 725 1000 9566
f 726 725 9567
f 997 726 9568
f 998 997 9569
f 1261 998 9570
f 1259 1261 9571
f 995 1259 9572
f 996 995 9573
f 1260 996 9574
f 1950 1260 9575
f 2341 1950 9576
f 2342 2341 9577
f 1948 2342 9578
f 1949 1948 9579
f 1946 1949 9580
f 1947 1946 9581
f 2340 1947 9582
f 1944 2340 9583
f 1945 1944 9584
f 1942 1945 9585
f 1943 1942 9586
f 2338 1943 9587
f 2339 2338 9588
f 2732 2339 9589
f 3119 2732 9590
f 3494 3119 9591
f 3865 3494 9592
f 9592 9593 3865
f 9591 9592 3494
f 9590 9591 3119
f 9589 9590 2732
f 9588 9589 2339
f 9587 9588 2338
f 9586 9587 1943
f 9585 9586 1942
f 9584 9585 1945
f 9583 9584 1944
f 9582 9583 2340
f 9581 9582 1947
f 9580 9581 1946
f 9579 9580 1949
f 9578 9579 1948
f 9577 9578 2342
f 9576 9577 2341
f 9575 9576 1950
f 9574 9575 1260
f 9573 9574 996
f 9572 9573 995
f 9571 9572 1259
f 9570 9571 1261
f 9569 9570 998
f 9568 9569 997
f 9567 9568 726
f 9566 9567 725
f 9565 9566 1000
f 9564 9565 999
f 9563 9564 1002
f 5555 9563 1001
f 2741 2740 9594
f 2351 2741 9595
f 2352 2351 9596
f 2349 2352 9597
f 2350 2349 9598
f 2347 2350 9599
f 2348 2347 9600
f 2738 2348 9601
f 2736 2738 9602
f 2737 2736 9603
f 2734 2737 9604
f 2735 2734 9605
f 2345 2735 9606
f 2346 2345 9607
f 2344 2346 9608
f 1958 2344 9609
f 1959 1958 9610
f 1956 1959 9611
f 1957 1956 9612
f 1265 1957 9613
f 1266 1265 9614
f 1574 1266 9615
f 1575 1574 9616
f 1954 1575 9617
f 1955 1954 9618
f 1572 1955 9619
f 1263 1572 9620
f 1264 1263 9621
f 1573 1264 9622
f 1953 1573 9623
f 33 1953 9624
f 9624 34 33
f 9623 9624 1953
f 9622 9623 1573
f 9621 9622 1264
f 9620 9621 1263
f 9619 9620 1572
f 9618 9619 1955
f 9617 9618 1954
f 9616 9617 1575
f 9615 9616 1574
f 9614 9615 1266
f 9613 9614 1265
f 9612 9613 1957
f 9611 9612 1956
f 9610 9611 1959
f 9609 9610 1958
f 9608 9609 2344
f 9607 9608 2346
f 9606 9607 2345
f 9605 9606 2735
f 9604 9605 2734
f 9603 9604 2737
f 9602 9603 2736
f 9601 9602 2738
f 9600 9601 2348
f 9599 9600 2347
f 9598 9599 2350
f 9597 9598 2349
f 9596 9597 2352
f 9595 9596 2351
f 9594 9595 2741
f 3865 9593 9594
f 9594 2740 3865
f 9625 5951 5950
f 9625 5911 5910
f 9625 5918 5917
f 9625 5920 5919
f 9625 5937 5936
f 9625 5941 5940
f 9625 5945 5944
f 9625 5948 5947
f 5950 5949 9625
f 5949 5948 9625
f 9625 5954 5953
f 9625 5957 5956
f 9626 6044 6043
f 9625 5912 5911
f 5910 5909 9625
f 9625 5914 5913
f 9625 5916 5915
f 5919 5918 9625
f 5917 5916 9625
f 9625 5923 5922
f 9625 5938 5937
f 5936 5935 9625
f 5940 5939 9625
f 5939 5938 9625
f 9625 5946 5945
f 5944 5943 9625
f 5947 5946 9625
f 5953 5952 9625
f 5952 5951 9625
f 5956 5955 9625
f 5955 5954 9625
f 9625 5960 5959
f 9625 5963 5962
f 9625 5965 5964
f 9626 6045 6044
f 6043 6042 9626
f 9626 6047 6046
f 9627 6076 6075
f 9628 6019 6018
f 9625 5908 5907
f 5913 5912 9625
f 5915 5914 9625
f 5922 5921 9625
f 5921 5920 9625
f 9625 5928 5927
f 9625 5943 5942
f 5959 5958 9625
f 5958 5957 9625
f 5962 5961 9625
f 5961 5960 9625
f 9625 5966 5965
f 5964 5963 9625
f 9626 6034 6033
f 6046 6045 9626
f 9626 6051 6050
f 9626 6055 6054
f 9627 6071 6070
f 9627 6074 6073
f 9627 6077 6076
f 6075 6074 9627
f 9627 6086 6085
f 9627 6088 6087
f 9627 5848 5844
f 9628 6016 6015
f 6018 6017 9628
f 6017 6016 9628
f 9628 6022 6021
f 5904 5968 5967
f 9629 5976 5975
f 5907 5906 9625
f 5906 5905 9625
f 5909 5908 9625
f 9625 5925 5924
f 5927 5926 9625
f 5926 5925 9625
f 9625 5930 5929
f 9625 5932 5931
f 9625 5934 5933
f 5935 5934 9625
f 5942 5941 9625
f 9630 6973 6972
f 9631 7060 7059
f 9631 7064 7063
f 9632 7468 7467
f 9632 7472 7471
f 9633 6202 6201
f 9633 6206 6205
f 9626 6031 6030
f 6033 6032 9626
f 6032 6031 9626
f 9626 6037 6036
f 9626 6039 6038
f 9626 6041 6040
f 6042 6041 9626
f 9626 6052 6051
f 6050 6049 9626
f 6054 6053 9626
f 6053 6052 9626
f 9627 6072 6071
f 6070 6069 9627
f 6073 6072 9627
f 9627 6079 6078
f 9627 6082 6081
f 9627 6084 6083
f 6087 6086 9627
f 6085 6084 9627
f 9627 6090 6089
f 5844 5845 9627
f 9634 6005 6004
f 9634 6008 6007
f 6015 6014 9628
f 6021 6020 9628
f 6020 6019 9628
f 9628 6024 6023
f 9628 6028 6027
f 5967 5901 5904
f 5967 5897 5901
f 5904 5973 5972
f 9629 5974 5973
f 9629 5977 5976
f 5975 5974 9629
f 9629 5979 5978
f 9629 5981 5980
f 9629 5989 5988
f 9629 5992 5991
f 5924 5923 9625
f 5929 5928 9625
f 5933 5932 9625
f 5931 5930 9625
f 9635 5890 5896
f 9636 6925 6924
f 9636 6929 6928
f 9637 6938 6937
f 9638 6909 6908
f 9638 6912 6911
f 6972 6971 9630
f 6971 6970 9630
f 9630 6976 6975
f 9630 6987 6986
f 9639 7033 7032
f 9631 7061 7060
f 7059 7058 9631
f 7063 7062 9631
f 7062 7061 9631
f 9632 7466 7465
f 9632 7469 7468
f 7467 7466 9632
f 7471 7470 9632
f 7470 7469 9632
f 9640 9508 9507
f 9641 6483 6482
f 9641 6485 6484
f 9642 6242 6241
f 9642 6244 6243
f 9633 6203 6202
f 6201 6200 9633
f 6205 6204 9633
f 6204 6203 9633
f 6030 6029 9626
f 6036 6035 9626
f 6035 6034 9626
f 6040 6039 9626
f 6038 6037 9626
f 9626 6048 6047
f 9627 6061 6060
f 9627 6069 6068
f 9627 6080 6079
f 6078 6077 9627
f 6083 6082 9627
f 6081 6080 9627
f 6089 6088 9627
f 5845 5850 9627
f 9634 6001 6000
f 9634 6003 6002
f 9634 6006 6005
f 6004 6003 9634
f 9634 6009 6008
f 6007 6006 9634
f 9628 6011 6010
f 9628 6025 6024
f 6023 6022 9628
f 6027 6026 9628
f 6026 6025 9628
f 5903 5967 5899
f 5967 5903 5897
f 5904 5970 5969
f 5972 5971 5904
f 5971 5970 5904
f 5973 5904 9629
f 5980 5979 9629
f 5978 5977 9629
f 9629 5984 5983
f 5988 5987 9629
f 5987 5986 9629
f 5991 5990 9629
f 5990 5989 9629
f 9629 5994 5993
f 9629 5996 5995
f 9629 5904 5890
f 9625 5524 5522
f 5896 9625 9635
f 5896 5966 9625
f 9636 6926 6925
f 6924 6923 9636
f 9636 6930 6929
f 6928 6927 9636
f 9636 6932 6931
f 6937 9636 9637
f 6937 6936 9636
f 9637 6946 6945
f 9637 6953 6952
f 9638 6910 6909
f 6908 6907 9638
f 9638 6913 6912
f 6911 6910 9638
f 9638 6917 6916
f 6970 6969 9630
f 6975 6974 9630
f 6974 6973 9630
f 9630 6985 6984
f 9630 6988 6987
f 6986 6985 9630
f 9630 6991 6990
f 9639 7027 7026
f 9639 7034 7033
f 7032 7031 9639
f 9631 7053 7052
f 9631 7071 7070
f 9631 7073 7072
f 9631 7076 7075
f 9643 7285 7284
f 7465 7464 9632
f 9632 7473 7472
f 9644 7697 7696
f 9640 9509 9508
f 9507 9506 9640
f 9645 9559 9558
f 9646 9616 9615
f 9646 9618 9617
f 9646 9623 9622
f 9647 6459 6458
f 6484 6483 9641
f 6482 6481 9641
f 9648 6495 6494
f 9649 6534 6533
f 9649 6537 6536
f 9649 6539 6538
f 9650 6285 6284
f 9642 6233 6232
f 9642 6240 6239
f 6243 6242 9642
f 6241 6240 9642
f 9651 6261 6260
f 9633 6209 6208
f 9633 6212 6211
f 9652 6107 6106
f 6049 6048 9626
f 9626 6057 6056
f 6060 9626 9627
f 6060 6059 9626
f 9627 6067 6066
f 6068 6067 9627
f 5850 6090 9627
f 9634 5999 5998
f 6002 6001 9634
f 6000 5999 9634
f 6010 9634 9628
f 6010 6009 9634
f 6014 6013 9628
f 9628 5871 5867
f 5899 5898 5903
f 5969 5968 5904
f 5983 5982 9629
f 5982 5981 9629
f 9629 5986 5985
f 5995 5994 9629
f 5993 5992 9629
f 9629 9634 5997
f 5904 5891 5890
f 9625 5905 5524
f 9636 6927 6926
f 6931 6930 9636
f 6936 6935 9636
f 9637 6943 6942
f 6945 6944 9637
f 6944 6943 9637
f 6952 6951 9637
f 6951 6950 9637
f 9637 6955 6954
f 9637 5530 5529
f 9638 6903 6902
f 9638 6905 6904
f 6916 6915 9638
f 6915 6914 9638
f 9630 6978 6977
f 6984 6983 9630
f 6990 6989 9630
f 7026 7025 9639
f 7025 7024 9639
f 9639 7035 7034
f 9639 7037 7036
f 9639 7039 7038
f 9639 7045 7044
f 9639 7047 7046
f 9639 7049 7048
f 7052 9639 9631
f 7052 7051 9639
f 9631 7056 7055
f 9631 7065 7064
f 7072 7071 9631
f 7070 7069 9631
f 7075 7074 9631
f 7074 7073 9631
f 9631 7078 7077
f 9631 7082 7081
f 7284 7283 9643
f 7283 7282 9643
f 9653 7453 7452
f 9654 7402 7401
f 9654 7404 7403
f 9632 7464 7463
f 9655 7570 7569
f 9644 7698 7697
f 7696 7695 9644
f 9644 7700 7699
f 9656 8436 8435
f 9656 8439 8438
f 9640 9510 9509
f 9640 9515 9514
f 9640 9523 9522
f 9645 9550 9549
f 9645 9556 9555
f 9558 9557 9645
f 9557 9556 9645
f 9617 9616 9646
f 9615 9614 9646
f 9646 9620 9619
f 9622 9621 9646
f 9621 9620 9646
f 9657 6837 6836
f 9657 6839 6838
f 9657 6841 6840
f 6458 6457 9647
f 6457 6456 9647
f 9647 6461 6460
f 9641 6465 6464
f 9641 6467 6466
f 9641 6481 6480
f 9641 6486 6485
f 6494 9641 9648
f 6494 6493 9641
f 9648 6505 6504
f 5743 6528 6527
f 5743 6530 6529
f 9649 6535 6534
f 6533 6532 9649
f 6538 6537 9649
f 6536 6535 9649
f 9649 6541 6540
f 9649 6549 6548
f 9649 6551 6550
f 9649 6553 6552
f 9649 6557 6556
f 9658 6332 6331
f 9650 6286 6285
f 6284 6283 9650
f 9650 6289 6288
f 9650 6291 6290
f 9650 6301 6300
f 9650 6304 6303
f 9642 6217 6216
f 6232 6231 9642
f 6231 6230 9642
f 9642 6238 6237
f 6239 6238 9642
f 6260 6259 9651
f 6259 6258 9651
f 9651 6263 6262
f 9651 6265 6264
f 9651 6268 6267
f 6200 6199 9633
f 6208 6207 9633
f 6207 6206 9633
f 6211 6210 9633
f 6210 6209 9633
f 9633 6214 6213
f 9652 6100 6099
f 9652 6104 6103
f 6106 6105 9652
f 6105 6104 9652
f 6056 6055 9626
f 9627 6063 6062
f 9627 6065 6064
f 6066 6065 9627
f 5998 5997 9634
f 9628 6013 6012
f 5867 5868 9628
f 5985 5984 9629
f 5997 5996 9629
f 5904 5892 5891
f 5522 5527 9625
f 5524 5523 5522
f 9636 6923 6922
f 9636 6934 6933
f 6935 6934 9636
f 6942 6941 9637
f 9637 6948 6947
f 9637 6950 6949
f 6954 6953 9637
f 5529 5531 9637
f 6902 6901 9638
f 6901 6900 9638
f 9638 6906 6905
f 6904 6903 9638
f 6907 6906 9638
f 6914 6913 9638
f 9638 5513 7016
f 5513 7018 7017
f 9630 6965 6964
f 9630 6968 6967
f 6969 6968 9630
f 9630 6979 6978
f 6977 6976 9630
f 9630 6983 6982
f 6989 6988 9630
f 9630 6995 6994
f 9639 7023 7022
f 7024 7023 9639
f 7036 7035 9639
f 9639 7040 7039
f 7038 7037 9639
f 7044 7043 9639
f 7043 7042 9639
f 7048 7047 9639
f 7046 7045 9639
f 7055 7054 9631
f 7054 7053 9631
f 7058 7057 9631
f 9631 7067 7066
f 9631 7069 7068
f 9631 7079 7078
f 7077 7076 9631
f 7081 7080 9631
f 7080 7079 9631
f 9659 5461 5460
f 9643 7281 7280
f 7282 7281 9643
f 9643 7293 7292
f 9643 7296 7295
f 9643 7298 7297
f 9653 7447 7446
f 7452 7451 9653
f 7451 7450 9653
f 9654 7400 7399
f 7403 7402 9654
f 7401 7400 9654
f 7463 7462 9632
f 9632 7475 7474
f 9632 7477 7476
f 7569 7568 9655
f 7568 7567 9655
f 9655 7572 7571
f 7699 7698 9644
f 8435 8434 9656
f 8434 8433 9656
f 8438 8437 9656
f 8437 8436 9656
f 9660 4682 4678
f 9506 9505 9640
f 9640 9512 9511
f 9514 9513 9640
f 9513 9512 9640
f 9522 9521 9640
f 9521 9520 9640
f 9640 9527 9526
f 9645 9541 9540
f 9645 9543 9542
f 9645 9545 9544
f 9645 9551 9550
f 9549 9548 9645
f 9645 9554 9553
f 9555 9554 9645
f 9646 9613 9612
f 9619 9618 9646
f 9646 9624 9623
f 9661 9575 9574
f 6838 6837 9657
f 6836 6835 9657
f 9657 6842 6841
f 6840 6839 9657
f 9657 6847 6846
f 9657 6850 6849
f 9657 6852 6851
f 9662 6826 6825
f 9662 6830 6829
f 9663 6730 6729
f 9664 6656 6655
f 9664 6659 6658
f 9664 6665 6664
f 9664 6667 6666
f 9665 6690 6689
f 9665 6693 6692
f 9665 6695 6694
f 9647 6450 6449
f 9647 6453 6452
f 6456 6455 9647
f 9647 6462 6461
f 6460 6459 9647
f 6466 6465 9641
f 6464 6463 9641
f 6480 6479 9641
f 9641 6492 6491
f 9648 6500 6499
f 9648 6506 6505
f 6504 6503 9648
f 9648 6508 6507
f 9648 6523 6522
f 9666 6570 6569
f 6529 6528 5743
f 6527 6526 5743
f 9649 6531 6530
f 6532 6531 9649
f 6540 6539 9649
f 9649 6547 6546
f 6550 6549 9649
f 6548 6547 9649
f 9649 6554 6553
f 6552 6551 9649
f 6556 6555 9649
f 9667 6348 6347
f 9658 6327 6326
f 9658 6333 6332
f 6331 6330 9658
f 9658 6335 6334
f 9658 6337 6336
f 9658 5753 5752
f 9650 6287 6286
f 6290 6289 9650
f 6288 6287 9650
f 9650 6293 6292
f 9650 6295 6294
f 6300 6299 9650
f 6299 6298 9650
f 6303 6302 9650
f 6302 6301 9650
f 9642 6218 6217
f 6216 6215 9642
f 6230 6229 9642
f 6237 6236 9642
f 9651 6252 6251
f 9651 6254 6253
f 6262 6261 9651
f 9651 6266 6265
f 6264 6263 9651
f 9651 6269 6268
f 6267 6266 9651
f 9651 6275 6274
f 9633 6185 6184
f 9633 6188 6187
f 9633 6198 6197
f 6213 6212 9633
f 9668 6167 6166
f 9652 6101 6100
f 6099 6098 9652
f 6103 6102 9652
f 6059 6058 9626
f 6064 6063 9627
f 6062 6061 9627
f 5881 9626 5876
f 6012 6011 9628
f 9628 5869 5871
f 5904 5893 5892
f 9636 6921 6920
f 6933 6932 9636
f 9637 6940 6939
f 6947 6946 9637
f 6949 6948 9637
f 9637 5532 5530
f 5513 5500 5499
f 9638 7008 7007
f 9638 7010 7009
f 9638 7013 7012
f 9638 7015 7014
f 7017 7016 5513
f 5513 5507 5512
f 5490 5479 5477
f 5490 6963 6962
f 6964 5490 9630
f 6964 6963 5490
f 6967 6966 9630
f 6966 6965 9630
f 9630 6981 6980
f 9630 6996 6995
f 6994 6993 9630
f 7022 7021 9639
f 9639 7029 7028
f 9639 7042 7041
f 7051 7050 9639
f 9631 7057 7056
f 7066 7065 9631
f 7068 7067 9631
f 9631 5484 5483
f 9659 7141 7140
f 5460 5462 9659
f 7280 7279 9643
f 7292 7291 9643
f 7291 7290 9643
f 7297 7296 9643
f 7295 7294 9643
f 9653 7434 7433
f 9653 7444 7443
f 7446 7445 9653
f 7445 7444 9653
f 9653 7449 7448
f 7450 7449 9653
f 7399 5329 9654
f 9654 7406 7405
f 9654 7414 7413
f 9632 7457 7456
f 9632 7459 7458
f 9632 7461 7460
f 7462 7461 9632
f 7476 7475 9632
f 7474 7473 9632
f 9632 7479 7478
f 9632 7482 7481
f 9632 7487 7486
f 9669 7514 7513
f 9655 7567 7566
f 7571 7570 9655
f 9655 7574 7573
f 9655 5300 5305
f 9670 7673 7672
f 7695 7694 9644
f 9644 7702 7701
f 4678 4679 9660
f 9671 9089 9088
f 9672 9494 9493
f 9672 4593 9496
f 4570 9444 9443
f 9673 9467 9466
f 9640 9505 9504
f 9511 9510 9640
f 9640 9516 9515
f 9640 9524 9523
f 9526 9525 9640
f 9525 9524 9640
f 9640 9533 9532
f 9542 9541 9645
f 9540 9539 9645
f 9645 9546 9545
f 9544 9543 9645
f 9645 9552 9551
f 9553 9552 9645
f 9645 9561 9560
f 9612 9611 9646
f 9611 9610 9646
f 5559 9567 9566
f 9661 9572 9571
f 9574 9573 9661
f 9573 9572 9661
f 9661 9586 9585
f 9657 6844 6843
f 9657 6848 6847
f 6846 6845 9657
f 6851 6850 9657
f 6849 6848 9657
f 9657 6854 6853
f 9657 6856 6855
f 9657 6858 6857
f 9657 6864 6863
f 9657 6892 6891
f 9657 6894 6893
f 9657 6896 6895
f 9662 6823 6822
f 9662 6827 6826
f 6825 6824 9662
f 6829 6828 9662
f 6828 6827 9662
f 9674 5605 6768
f 5605 6770 6769
f 5628 6714 6713
f 9663 6731 6730
f 6729 6728 9663
f 9663 6743 6742
f 9663 6748 6747
f 9664 6657 6656
f 6655 6654 9664
f 9664 6660 6659
f 6658 6657 9664
f 6664 6663 9664
f 6663 6662 9664
f 9664 6668 6667
f 6666 6665 9664
f 9665 6681 6680
f 9665 6691 6690
f 6689 6688 9665
f 6694 6693 9665
f 6692 6691 9665
f 9665 6697 6696
f 9665 6701 6700
f 9665 6706 6705
f 9647 6444 6443
f 9647 6446 6445
f 6449 6448 9647
f 6448 6447 9647
f 6452 6451 9647
f 6451 6450 9647
f 9647 6455 6454
f 9641 6468 6467
f 9641 6470 6469
f 9641 6478 6477
f 6479 6478 9641
f 9641 6490 6489
f 6493 6492 9641
f 6499 6498 9648
f 6498 6497 9648
f 6503 6502 9648
f 9648 6509 6508
f 6507 6506 9648
f 6522 6521 9648
f 6521 6520 9648
f 9675 6634 6633
f 9675 6636 6635
f 9675 6639 6638
f 9676 6607 6606
f 6569 6568 9666
f 6568 6567 9666
f 5674 5662 5661
f 5743 5738 5736
f 6530 5743 9649
f 9649 6543 6542
f 6546 6545 9649
f 6555 6554 9649
f 9667 6345 6344
f 6347 6346 9667
f 6346 6345 9667
f 9667 6350 6349
f 9677 6371 6370
f 9658 6325 6324
f 9658 6328 6327
f 6326 6325 9658
f 6334 6333 9658
f 9658 6338 6337
f 6336 6335 9658
f 5752 5754 9658
f 6294 6293 9650
f 6292 6291 9650
f 9650 6298 6297
f 6307 9650 9678
f 9642 6219 6218
f 9642 6221 6220
f 9642 6224 6223
f 9642 6229 6228
f 9642 6234 6233
f 6236 6235 9642
f 9651 6247 6246
f 6251 6250 9651
f 6250 6249 9651
f 9651 6255 6254
f 6253 6252 9651
f 6258 6257 9651
f 9651 6272 6271
f 9651 6276 6275
f 6274 6273 9651
f 9679 6178 6177
f 6184 9679 9633
f 6184 6183 9679
f 6187 6186 9633
f 6186 6185 9633
f 9633 6190 6189
f 9633 6192 6191
f 9633 6194 6193
f 9633 6199 6198
f 6197 6196 9633
f 9633 5799 5798
f 9668 6168 6167
f 6166 6165 9668
f 9668 6151 6150
f 9652 6098 6097
f 9652 6102 6101
f 9652 6108 6107
f 9652 6112 6111
f 9652 6115 6114
f 9652 6117 6116
f 6058 6057 9626
f 5876 5875 5881
f 5868 5873 9628
f 6920 6919 9636
f 6919 6918 9636
f 6922 6921 9636
f 9637 6941 6940
f 6939 6938 9637
f 5531 5535 9637
f 5513 5501 5500
f 9638 6900 6899
f 9638 9636 6918
f 7009 7008 9638
f 7007 7006 9638
f 7012 7011 9638
f 7011 7010 9638
f 7016 7015 9638
f 5512 5506 5513
f 5477 5476 5490
f 5490 6961 6960
f 6962 6961 5490
f 6982 6981 9630
f 9630 6997 6996
f 7028 7027 9639
f 9639 7031 7030
f 7041 7040 9639
f 7050 7049 9639
f 5483 5485 9631
f 9659 7121 7120
f 9659 7136 7135
f 7140 7139 9659
f 7139 7138 9659
f 9659 7143 7142
f 9659 5463 5461
f 9643 7278 7277
f 7279 7278 9643
f 9643 7287 7286
f 9643 7294 7293
f 9643 7299 7298
f 9653 7435 7434
f 7433 7432 9653
f 9653 7442 7441
f 7443 7442 9653
f 7448 7447 9653
f 7405 7404 9654
f 9654 7411 7410
f 7413 7412 9654
f 7412 7411 9654
f 9654 7416 7415
f 7458 7457 9632
f 7456 7455 9632
f 7460 7459 9632
f 7478 7477 9632
f 7481 7480 9632
f 7480 7479 9632
f 9632 7488 7487
f 7486 7485 9632
f 9669 7502 7501
f 9669 7512 7511
f 9669 7515 7514
f 7513 7512 9669
f 9669 5322 5328
f 9655 7564 7563
f 7566 7565 9655
f 7565 7564 9655
f 7573 7572 9655
f 5305 5299 9655
f 9670 7645 7644
f 9670 7647 7646
f 9670 7674 7673
f 7672 7671 9670
f 9670 7678 7677
f 9644 7691 7690
f 9644 7693 7692
f 7701 7700 9644
f 9680 7756 7755
f 9681 7885 7884
f 9656 8416 8415
f 9656 8420 8419
f 9656 8422 8421
f 9656 8424 8423
f 8433 8432 9656
f 9656 8445 8444
f 9682 8496 8495
f 9683 8597 8596
f 9683 8599 8598
f 9684 8812 8811
f 9684 8814 8813
f 9660 9249 9248
f 9660 4680 4682
f 9671 9090 9089
f 9088 9087 9671
f 9493 9492 9672
f 9492 9491 9672
f 9496 9495 9672
f 9443 9442 4570
f 9442 9441 4570
f 9673 9446 9445
f 9673 9453 9452
f 9673 9456 9455
f 9673 9458 9457
f 9673 9460 9459
f 9466 9465 9673
f 9465 9464 9673
f 9504 9503 9640
f 9503 9502 9640
f 9640 9518 9517
f 9640 9529 9528
f 9640 9534 9533
f 9532 9531 9640
f 9645 9562 9561
f 9560 9559 9645
f 9646 9598 9597
f 9646 9600 9599
f 9646 9602 9601
f 9610 9609 9646
f 9614 9613 9646
f 9566 9565 5559
f 9565 9564 5559
f 5559 9569 9568
f 9661 9570 9569
f 9571 9570 9661
f 9661 9583 9582
f 9585 9584 9661
f 9584 9583 9661
f 6843 6842 9657
f 6845 6844 9657
f 6853 6852 9657
f 6857 6856 9657
f 6855 6854 9657
f 9657 6860 6859
f 6863 6862 9657
f 6862 6861 9657
f 9657 6866 6865
f 9657 6871 6870
f 9657 6873 6872
f 9657 6875 6874
f 9657 6877 6876
f 9657 6884 6883
f 9657 6889 6888
f 6891 6890 9657
f 6890 6889 9657
f 6895 6894 9657
f 6893 6892 9657
f 9662 6824 6823
f 6822 6821 9662
f 9662 6833 6832
f 9674 6786 6785
f 9674 6765 6764
f 9674 6767 6766
f 6769 6768 5605
f 5628 6715 6714
f 6713 6712 5628
f 5628 6717 6716
f 9663 6721 6720
f 9663 6726 6725
f 9663 6728 6727
f 9663 6732 6731
f 9663 6734 6733
f 6742 6741 9663
f 9663 6745 6744
f 9663 6749 6748
f 6747 6746 9663
f 9664 6654 6653
f 9664 6670 6669
f 6680 9664 9665
f 6680 6679 9664
f 9665 6688 6687
f 9665 6698 6697
f 6696 6695 9665
f 6700 6699 9665
f 6699 6698 9665
f 9665 6703 6702
f 6705 6704 9665
f 6704 6703 9665
f 6443 6442 9647
f 6442 6441 9647
f 9647 6447 6446
f 6445 6444 9647
f 6454 6453 9647
f 6469 6468 9641
f 9641 6472 6471
f 9641 6475 6474
f 6477 6476 9641
f 9641 6488 6487
f 6491 6490 9641
f 9648 6501 6500
f 9648 6511 6510
f 9648 6515 6514
f 9648 6520 6519
f 9648 6524 6523
f 9648 5692 5696
f 9685 6612 6611
f 9685 6616 6615
f 9675 6628 6627
f 6635 6634 9675
f 6633 6632 9675
f 6638 6637 9675
f 6637 6636 9675
f 9675 6642 6641
f 9675 6646 6645
f 9675 5646 5645
f 9676 6600 6599
f 9676 6604 6603
f 6606 6605 9676
f 6605 6604 9676
f 9676 9685 6608
f 9666 6571 6570
f 9666 6573 6572
f 5661 5660 5674
f 5736 5742 5743
f 6526 6525 5743
f 6542 6541 9649
f 9649 6545 6544
f 9649 6560 6559
f 9649 6562 6561
f 9667 6342 6341
f 6344 6343 9667
f 6343 6342 9667
f 6349 6348 9667
f 6370 9667 9677
f 6370 6369 9667
f 9677 6377 6376
f 9677 6381 6380
f 9677 6389 6388
f 9677 5731 5730
f 9658 6323 6322
f 6324 6323 9658
f 9658 6330 6329
f 9658 5755 5753
f 5789 5784 5782
f 9650 6283 6282
f 6297 6296 9650
f 9678 6308 6307
f 6220 6219 9642
f 6223 6222 9642
f 6222 6221 9642
f 9642 6227 6226
f 6228 6227 9642
f 6235 6234 9642
f 6246 9642 9651
f 6246 6245 9642
f 9651 6249 6248
f 9651 6257 6256
f 6271 6270 9651
f 6270 6269 9651
f 6273 6272 9651
f 9679 6179 6178
f 6177 6176 9679
f 6189 6188 9633
f 6193 6192 9633
f 6191 6190 9633
f 9633 6196 6195
f 5798 5800 9633
f 9668 6159 6158
f 9668 6162 6161
f 9668 6165 6164
f 9668 6169 6168
f 9668 6171 6170
f 6150 6149 9668
f 6149 6148 9668
f 6097 6096 9652
f 6096 6095 9652
f 9652 6113 6112
f 6111 6110 9652
f 6116 6115 9652
f 6114 6113 9652
f 9626 6029 5877
f 5881 5869 9628
f 5875 5874 5881
f 5873 6028 9628
f 5890 9635 9629
f 5536 5532 9637
f 5536 9625 5527
f 9637 6957 6956
f 5535 6958 9637
f 5499 5504 5513
f 5513 9638 6897
f 6899 6898 9638
f 6898 6897 9638
f 6918 6917 9638
f 7006 7005 9638
f 7014 7013 9638
f 5513 5508 5507
f 5490 6959 5479
f 6960 6959 5490
f 6980 6979 9630
f 6993 6992 9630
f 9686 6999 6998
f 7030 7029 9639
f 5485 5489 9631
f 5467 9639 5454
f 9659 7118 7117
f 7120 7119 9659
f 7119 7118 9659
f 9659 7133 7132
f 7135 7134 9659
f 7134 7133 9659
f 9659 7138 7137
f 7142 7141 9659
f 5462 5466 9659
f 9643 7274 7273
f 7277 7276 9643
f 7276 7275 9643
f 7286 7285 9643
f 9687 7169 7168
f 9687 7171 7170
f 9653 7436 7435
f 7441 7440 9653
f 9653 7454 7453
f 9653 5347 5346
f 5329 7396 7395
f 5329 7398 7397
f 7399 7398 5329
f 7410 7409 9654
f 7409 7408 9654
f 7415 7414 9654
f 9654 7421 7420
f 7423 9654 9688
f 9632 7484 7483
f 7485 7484 9632
f 9669 7492 7491
f 9669 7498 7497
f 7501 7500 9669
f 7500 7499 9669
f 9669 7506 7505
f 7511 7510 9669
f 5328 7516 9669
f 7516 7515 9669
f 9655 7559 7558
f 9655 7561 7560
f 7563 7562 9655
f 7562 7561 9655
f 9655 7576 7575
f 9655 7578 7577
f 9655 5301 5300
f 9689 7526 7525
f 5260 7584 7583
f 9670 7643 7642
f 7646 7645 9670
f 7644 7643 9670
f 9670 7675 7674
f 7677 7676 9670
f 7676 7675 9670
f 9644 7685 7684
f 7692 7691 9644
f 7690 7689 9644
f 7694 7693 9644
f 9680 7757 7756
f 7755 7754 9680
f 9680 7761 7760
f 9681 7881 7880
f 9681 7883 7882
f 9681 7886 7885
f 7884 7883 9681
f 9690 8311 8310
f 9691 8061 8060
f 8415 8414 9656
f 8421 8420 9656
f 8419 8418 9656
f 9656 8425 8424
f 8423 8422 9656
f 8432 8431 9656
f 9656 8441 8440
f 9656 8443 8442
f 9656 8446 8445
f 8444 8443 9656
f 8495 8494 9682
f 8494 8493 9682
f 9683 8586 8585
f 9683 8595 8594
f 8598 8597 9683
f 8596 8595 9683
f 9692 8611 8610
f 9693 8713 8712
f 9693 8718 8717
f 9694 8732 8731
f 9694 8743 8742
f 9694 8745 8744
f 9684 8808 8807
f 8813 8812 9684
f 8811 8810 9684
f 9684 8818 8817
f 9695 8868 8867
f 9696 9132 9131
f 9696 9134 9133
f 9696 9146 9145
f 9696 9150 9149
f 9696 9153 9152
f 9697 9171 9170
f 9660 9242 9241
f 9660 9246 9245
f 9660 9250 9249
f 9248 9247 9660
f 4679 4684 9660
f 9671 9091 9090
f 9495 9494 9672
f 9441 9440 4570
f 9673 9447 9446
f 9445 4570 9673
f 9673 9449 9448
f 9452 9451 9673
f 9451 9450 9673
f 9455 9454 9673
f 9454 9453 9673
f 9459 9458 9673
f 9457 9456 9673
f 9673 9464 9463
f 9673 9468 9467
f 9673 9471 9470
f 9502 9501 9640
f 9517 9516 9640
f 9640 9520 9519
f 9528 9527 9640
f 9640 9531 9530
f 9640 9535 9534
f 9645 9537 9536
f 9645 9539 9538
f 9645 9547 9546
f 9645 4564 4569
f 9599 9598 9646
f 9597 9596 9646
f 9646 9603 9602
f 9601 9600 9646
f 9646 9605 9604
f 9646 9607 9606
f 9646 9609 9608
f 9646 30 27
f 9568 9567 5559
f 9569 5559 9661
f 9661 9579 9578
f 9661 9581 9580
f 9582 9581 9661
f 9661 9588 9587
f 9657 6861 6860
f 6859 6858 9657
f 6865 6864 9657
f 6870 6869 9657
f 6869 6868 9657
f 6874 6873 9657
f 6872 6871 9657
f 9657 6878 6877
f 6876 6875 9657
f 9657 6880 6879
f 6883 6882 9657
f 6882 6881 9657
f 9657 6886 6885
f 6888 6887 9657
f 6887 6886 9657
f 6832 6831 9662
f 6831 6830 9662
f 9662 5569 5568
f 9674 6777 6776
f 9674 6779 6778
f 9674 6781 6780
f 6785 6784 9674
f 6784 6783 9674
f 9674 6757 6756
f 9674 6762 6761
f 6764 6763 9674
f 6763 6762 9674
f 6768 6767 9674
f 5605 6772 6771
f 6716 6715 5628
f 9663 6718 6717
f 6720 6719 9663
f 6719 6718 9663
f 9663 6723 6722
f 6727 6726 9663
f 6725 6724 9663
f 6733 6732 9663
f 9663 6736 6735
f 9663 6738 6737
f 6741 6740 9663
f 9663 6746 6745
f 6744 6743 9663
f 9663 6750 6749
f 6653 6652 9664
f 9664 6662 6661
f 6669 6668 9664
f 9664 6672 6671
f 9664 6678 6677
f 6687 6686 9665
f 6702 6701 9665
f 9665 6708 6707
f 9665 6710 6709
f 9647 6435 6434
f 9647 6438 6437
f 9647 5710 5706
f 5697 6406 6405
f 9698 6412 6411
f 9698 6416 6415
f 9641 5640 5638
f 6471 6470 9641
f 6474 6473 9641
f 6473 6472 9641
f 6476 6475 9641
f 6489 6488 9641
f 9648 6497 6496
f 9648 6502 6501
f 6510 6509 9648
f 9648 6513 6512
f 9648 6516 6515
f 6514 6513 9648
f 6519 6518 9648
f 6518 6517 9648
f 5696 6524 9648
f 9685 6613 6612
f 6611 6610 9685
f 6615 6614 9685
f 6614 6613 9685
f 9685 6619 6618
f 6627 9685 9675
f 6627 6626 9685
f 6641 6640 9675
f 6640 6639 9675
f 9675 6647 6646
f 6645 6644 9675
f 5645 5644 9675
f 9676 6591 6590
f 9676 6593 6592
f 9676 6596 6595
f 9676 6598 6597
f 9676 6601 6600
f 6599 6598 9676
f 6603 6602 9676
f 6602 6601 9676
f 6608 6607 9676
f 9666 6567 6566
f 6572 6571 9666
f 9666 6575 6574
f 9676 6580 6579
f 5674 6584 6583
f 5674 6586 6585
f 5674 5663 5662
f 5743 6525 5738
f 6559 6558 9649
f 6558 6557 9649
f 9649 6563 6562
f 6561 6560 9649
f 9666 6565 6564
f 6341 6340 9667
f 6340 6339 9667
f 9667 6359 6358
f 9677 6378 6377
f 6376 6375 9677
f 6380 6379 9677
f 6379 6378 9677
f 9677 6385 6384
f 6388 6387 9677
f 6387 6386 9677
f 9677 6391 6390
f 5730 5729 9677
f 9658 6312 6311
f 9658 6316 6315
f 9658 6321 6320
f 6322 6321 9658
f 6329 6328 9658
f 5754 5758 9658
f 5782 5788 5789
f 6282 6281 9650
f 6296 6295 9650
f 6307 6306 9650
f 6226 6225 9642
f 6225 6224 9642
f 6248 6247 9651
f 6256 6255 9651
f 9651 5775 5781
f 6176 6175 9679
f 9679 6181 6180
f 6183 6182 9679
f 9633 5801 5799
f 9668 6160 6159
f 6158 6157 9668
f 9668 6163 6162
f 6161 6160 9668
f 6164 6163 9668
f 9668 6172 6171
f 6170 6169 9668
f 9668 9679 6174
f 9699 6138 6137
f 9668 6144 6143
f 6148 6147 9668
f 5835 5823 5822
f 5854 6092 6091
f 9652 6095 6094
f 9652 6110 6109
f 9652 6119 6118
f 9652 6123 6122
f 9652 6129 6128
f 5874 5878 5881
f 5527 5526 5536
f 6958 6957 9637
f 6897 5501 5513
f 9638 7003 7002
f 9638 7005 7004
f 5513 7020 7019
f 5506 5511 5513
f 5476 5481 5490
f 5479 5478 5477
f 6992 6991 9630
f 6998 9630 9686
f 6998 6997 9630
f 5489 7082 9631
f 5454 5453 5467
f 7117 7116 9659
f 9659 7123 7122
f 9659 7131 7130
f 7132 7131 9659
f 7137 7136 9659
f 5466 7144 9659
f 9700 7093 7092
f 9643 7275 7274
f 7273 7272 9643
f 9643 7289 7288
f 7290 7289 9643
f 9643 7301 7300
f 9643 7311 7310
f 9701 5391 5397
f 9702 7372 7371
f 7168 7167 9687
f 7167 7166 9687
f 9687 7172 7171
f 7170 7169 9687
f 9687 7174 7173
f 9653 7437 7436
f 9653 7439 7438
f 5346 5345 9653
f 5329 5317 5315
f 7395 7394 5329
f 7394 7393 5329
f 7397 7396 5329
f 9654 7408 7407
f 9654 7418 7417
f 7420 7419 9654
f 7419 7418 9654
f 9688 7424 7423
f 9632 7490 7489
f 7491 9632 9669
f 7491 7490 9632
f 9669 7494 7493
f 7497 7496 9669
f 7496 7495 9669
f 7499 7498 9669
f 9669 7507 7506
f 7505 7504 9669
f 9669 7509 7508
f 7560 7559 9655
f 7558 7557 9655
f 7577 7576 9655
f 7575 7574 9655
f 5299 5304 9655
f 9689 7522 7521
f 9689 7527 7526
f 7525 7524 9689
f 9689 7531 7530
f 9689 7534 7533
f 7583 7582 5260
f 7582 7581 5260
f 9703 7595 7594
f 9703 7599 7598
f 7642 7641 9670
f 9670 7649 7648
f 9670 7657 7656
f 9670 7669 7668
f 9670 7671 7670
f 9670 7680 7679
f 7684 9670 9644
f 7684 7683 9670
f 9644 7689 7688
f 9644 5255 5254
f 9680 7758 7757
f 7760 7759 9680
f 7759 7758 9680
f 9680 7764 7763
f 9681 7878 7877
f 7882 7881 9681
f 7880 7879 9681
f 9681 7887 7886
f 9704 8372 8371
f 9690 8307 8306
f 8310 8309 9690
f 8309 8308 9690
f 9690 8313 8312
f 9705 8169 8168
f 9691 8062 8061
f 8060 8059 9691
f 9691 8066 8065
f 9656 8409 8408
f 9656 8412 8411
f 8414 8413 9656
f 9656 8430 8429
f 8440 8439 9656
f 8442 8441 9656
f 9682 8497 8496
f 9682 4955 4954
f 9706 8530 8529
f 9683 8584 8583
f 9683 8587 8586
f 8585 8584 9683
f 9683 8589 8588
f 9683 8593 8592
f 8594 8593 9683
f 9692 8603 8602
f 8610 8609 9692
f 8609 8608 9692
f 9693 8710 8709
f 8712 8711 9693
f 8711 8710 9693
f 8717 8716 9693
f 8716 8715 9693
f 9694 8733 8732
f 8731 8730 9694
f 9694 8735 8734
f 9694 8740 8739
f 8742 8741 9694
f 8741 8740 9694
f 9694 8746 8745
f 8744 8743 9694
f 9694 8748 8747
f 9694 8754 8753
f 9684 8809 8808
f 8807 8806 9684
f 8810 8809 9684
f 8817 8816 9684
f 8816 8815 9684
f 9707 8772 8771
f 8867 8866 9695
f 8866 8865 9695
f 9707 8870 8869
f 9707 4823 8876
f 9708 8847 8846
f 9709 9336 9335
f 9133 9132 9696
f 9131 9130 9696
f 9696 9136 9135
f 9696 9141 9140
f 9145 9144 9696
f 9144 9143 9696
f 9696 9151 9150
f 9149 9148 9696
f 9696 9154 9153
f 9152 9151 9696
f 9696 9156 9155
f 9697 9168 9167
f 9170 9169 9697
f 9169 9168 9697
f 9697 9181 9180
f 9697 9183 9182
f 9697 9186 9185
f 9660 9239 9238
f 9241 9240 9660
f 9240 9239 9660
f 9660 9244 9243
f 9660 9247 9246
f 9245 9244 9660
f 9660 9251 9250
f 4684 9252 9660
f 9087 9086 9671
f 9671 9093 9092
f 9671 9099 9098
f 9671 9102 9101
f 9710 9484 9483
f 9672 9490 9489
f 4593 9498 9497
f 4593 9500 9499
f 4570 9445 9444
f 9448 9447 9673
f 9450 9449 9673
f 9673 9462 9461
f 9463 9462 9673
f 9470 9469 9673
f 9710 9479 9478
f 9519 9518 9640
f 9530 9529 9640
f 9536 9640 9645
f 9536 9535 9640
f 9538 9537 9645
f 9548 9547 9645
f 4569 4563 9645
f 9606 9605 9646
f 9604 9603 9646
f 27 32 9646
f 5559 5555 5553
f 9564 9563 5559
f 9661 9576 9575
f 9578 9577 9661
f 9577 9576 9661
f 9580 9579 9661
f 9661 9589 9588
f 9587 9586 9661
f 9661 9591 9590
f 9661 9711 9593
f 9657 6868 6867
f 6879 6878 9657
f 6885 6884 9657
f 9662 6817 6816
f 9662 6821 6820
f 5568 5570 9662
f 6776 6775 9674
f 6775 6774 9674
f 6780 6779 9674
f 6778 6777 9674
f 6783 6782 9674
f 9674 6788 6787
f 9674 6790 6789
f 9712 6753 6752
f 6756 9712 9674
f 6756 6755 9712
f 9674 6759 6758
f 6761 6760 9674
f 6771 6770 5605
f 5605 5592 5597
f 5628 5624 5622
f 6717 5628 9663
f 9663 6724 6723
f 6722 6721 9663
f 6737 6736 9663
f 6735 6734 9663
f 6740 6739 9663
f 9712 6751 6750
f 9664 6651 6650
f 6661 6660 9664
f 6671 6670 9664
f 6679 6678 9664
f 6686 6685 9665
f 6709 6708 9665
f 6707 6706 9665
f 9647 6436 6435
f 6434 6433 9647
f 9647 6439 6438
f 6437 6436 9647
f 9647 6441 6440
f 5706 5707 9647
f 5697 6404 6403
f 5697 6407 6406
f 6405 6404 5697
f 9698 6408 6407
f 6411 6410 9698
f 6410 6409 9698
f 6415 6414 9698
f 6414 6413 9698
f 9698 6419 6418
f 9698 6430 6429
f 9641 6463 5640
f 6487 6486 9641
f 6496 6495 9648
f 6512 6511 9648
f 9648 6517 6516
f 9685 6610 6609
f 9685 6620 6619
f 6618 6617 9685
f 9685 6622 6621
f 9685 6625 6624
f 6626 6625 9685
f 9675 6632 6631
f 9675 6644 6643
f 9675 6648 6647
f 9675 5647 5646
f 5674 5668 5667
f 6592 6591 9676
f 6590 6589 9676
f 6595 6594 9676
f 6594 6593 9676
f 6597 6596 9676
f 6566 6565 9666
f 9666 6576 6575
f 6574 6573 9666
f 9666 6578 6577
f 6579 9666 9676
f 6579 6578 9666
f 9676 5674 6582
f 6585 6584 5674
f 5660 5666 5674
f 5742 5739 5743
f 5738 5737 5736
f 6544 6543 9649
f 6564 9649 9666
f 6564 6563 9649
f 9667 6352 6351
f 9667 6356 6355
f 6358 6357 9667
f 6357 6356 9667
f 9667 6361 6360
f 9667 6363 6362
f 9667 6367 6366
f 6369 6368 9667
f 9677 6386 6385
f 6384 6383 9677
f 6390 6389 9677
f 9677 6393 6392
f 9677 6395 6394
f 9677 6397 6396
f 9677 6400 6399
f 5729 5735 9677
f 9658 6313 6312
f 6311 6310 9658
f 6315 6314 9658
f 6314 6313 9658
f 9658 6318 6317
f 6320 6319 9658
f 5758 6338 9658
f 5789 6277 5784
f 9650 6280 6279
f 6306 6305 9650
f 9650 5789 5775
f 9642 5807 5805
f 6245 6244 9642
f 5781 6276 9651
f 6175 6174 9679
f 6182 6181 9679
f 6195 6194 9633
f 5800 5804 9633
f 5835 5829 5834
f 9668 6157 6156
f 6174 6173 9668
f 9699 6134 6133
f 6137 6136 9699
f 6136 6135 9699
f 9668 6141 6140
f 6143 6142 9668
f 6142 6141 9668
f 9668 6146 6145
f 6147 6146 9668
f 5835 6152 6151
f 5822 5821 5835
f 5851 6091 5853
f 6091 5857 5854
f 6091 5851 5857
f 9652 6093 6092
f 6094 6093 9652
f 6109 6108 9652
f 9652 6120 6119
f 6118 6117 9652
f 6122 6121 9652
f 9652 6126 6125
f 6128 6127 9652
f 6127 6126 9652
f 9628 9626 5881
f 9637 9625 5536
f 6956 6955 9637
f 9686 7001 7000
f 7002 9686 9638
f 7002 7001 9686
f 5511 7020 5513
f 9630 5490 5484
f 9639 7021 5455
f 5467 5463 9659
f 5453 5459 5467
f 7122 7121 9659
f 9659 7125 7124
f 9659 7127 7126
f 9659 7129 7128
f 7130 7129 9659
f 7144 7143 9659
f 5398 5386 5384
f 9700 7094 7093
f 7092 7091 9700
f 9700 7106 7105
f 9643 7272 7271
f 9643 7302 7301
f 7300 7299 9643
f 9643 7304 7303
f 9643 7309 7308
f 9643 7312 7311
f 7310 7309 9643
f 9643 7315 7314
f 9701 7326 7325
f 9701 7328 7327
f 5397 7330 9701
f 7330 7329 9701
f 7371 7370 9702
f 7370 7369 9702
f 9702 7374 7373
f 9702 7379 7378
f 9702 7381 7380
f 9702 7384 7383
f 9702 7387 7386
f 9687 7175 7174
f 7173 7172 9687
f 9687 7177 7176
f 9687 7181 7180
f 9713 7229 7228
f 9653 7427 7426
f 9653 7430 7429
f 9653 7432 7431
f 7438 7437 9653
f 7440 7439 9653
f 9653 5348 5347
f 5315 5320 5329
f 7407 7406 9654
f 7417 7416 9654
f 7423 7422 9654
f 9654 5329 5322
f 7483 7482 9632
f 7489 7488 9632
f 9669 7495 7494
f 7493 7492 9669
f 7508 7507 9669
f 7510 7509 9669
f 9714 7543 7542
f 5304 7578 9655
f 9689 7523 7522
f 7521 7520 9689
f 7524 7523 9689
f 7530 7529 9689
f 7529 7528 9689
f 7533 7532 9689
f 7532 7531 9689
f 9689 7537 7536
f 9689 9714 7538
f 9689 5283 7636
f 5283 7638 7637
f 5283 7640 7639
f 5283 5278 5277
f 7581 7580 5260
f 9703 7586 7585
f 9703 7588 7587
f 9703 7591 7590
f 9703 7596 7595
f 7594 7593 9703
f 7598 7597 9703
f 7597 7596 9703
f 9703 7605 7604
f 9703 7618 7617
f 9715 7619 7618
f 7648 7647 9670
f 9670 7651 7650
f 9670 7658 7657
f 7656 7655 9670
f 9670 7662 7661
f 7670 7669 9670
f 7668 7667 9670
f 7679 7678 9670
f 9670 7682 7681
f 7683 7682 9670
f 9644 7687 7686
f 7688 7687 9644
f 5254 5253 9644
f 9680 7752 7751
f 7763 7762 9680
f 7762 7761 9680
f 9716 7772 7771
f 9681 7876 7875
f 9681 7879 7878
f 7877 7876 9681
f 9704 8373 8372
f 8371 8370 9704
f 9704 8375 8374
f 9704 8381 8380
f 9690 8298 8297
f 9690 8304 8303
f 9690 8308 8307
f 8306 8305 9690
f 8312 8311 9690
f 9717 8152 8151
f 9717 8155 8154
f 8168 9717 9705
f 8168 8167 9717
f 9718 8003 8002
f 9719 8045 8044
f 9691 8063 8062
f 8065 8064 9691
f 8064 8063 9691
f 9691 8068 8067
f 9691 8070 8069
f 9720 8103 8102
f 9656 8410 8409
f 8408 8407 9656
f 8413 8412 9656
f 8418 8417 9656
f 9656 8427 8426
f 8429 8428 9656
f 8428 8427 9656
f 9682 8490 8489
f 9682 8492 8491
f 8493 8492 9682
f 4954 4956 9682
f 9721 4938 8566
f 9706 8528 8527
f 9706 8531 8530
f 8529 8528 9706
f 8583 8582 9683
f 9683 8590 8589
f 8588 8587 9683
f 8592 8591 9683
f 8602 9683 9692
f 8602 8601 9683
f 9692 8608 8607
f 9692 8612 8611
f 9692 8619 8618
f 9693 8704 8703
f 8709 8708 9693
f 9693 8715 8714
f 9693 8719 8718
f 9693 8722 8721
f 9693 8724 8723
f 9693 8727 8726
f 8734 8733 9694
f 9694 8737 8736
f 8739 8738 9694
f 8747 8746 9694
f 8753 8752 9694
f 8752 8751 9694
f 9694 8756 8755
f 9722 8789 8788
f 9722 8792 8791
f 9684 8806 8805
f 8815 8814 9684
f 9707 8760 8759
f 9707 8762 8761
f 9707 8765 8764
f 9707 8769 8768
f 9707 8773 8772
f 8771 8770 9707
f 9695 8864 8863
f 8865 8864 9695
f 8869 9695 9707
f 8869 8868 9695
f 9707 8873 8872
f 8876 8875 9707
f 9708 8829 8828
f 9708 8841 8840
f 9708 8843 8842
f 9708 8845 8844
f 9708 8848 8847
f 8846 8845 9708
f 9335 9334 9709
f 9334 9333 9709
f 9723 9364 9363
f 9723 9366 9365
f 9724 9308 9307
f 9135 9134 9696
f 9696 9138 9137
f 9140 9139 9696
f 9139 9138 9696
f 9696 9143 9142
f 9696 9147 9146
f 9148 9147 9696
f 9155 9154 9696
f 9697 9161 9160
f 9697 9166 9165
f 9167 9166 9697
f 9697 9179 9178
f 9182 9181 9697
f 9180 9179 9697
f 9697 9187 9186
f 9185 9184 9697
f 9660 9227 9226
f 9660 9237 9236
f 9238 9237 9660
f 9243 9242 9660
f 9252 9251 9660
f 4754 9192 9191
f 9725 9053 9052
f 9725 4754 9062
f 4754 9066 9065
f 4731 9006 9005
f 4731 9009 9008
f 9671 9085 9084
f 9092 9091 9671
f 9671 9095 9094
f 9671 9100 9099
f 9098 9097 9671
f 9671 9103 9102
f 9101 9100 9671
f 9726 9110 9109
f 9726 9112 9111
f 9726 9115 9114
f 9726 9117 9116
f 9726 9123 9122
f 9726 9125 9124
f 9727 8955 8954
f 9727 8961 8960
f 9728 8893 8892
f 9728 8895 8894
f 9728 8897 8896
f 9729 8927 8926
f 9730 9426 9425
f 9710 9481 9480
f 9483 9482 9710
f 9482 9481 9710
f 9672 9486 9485
f 9491 9490 9672
f 9499 9498 4593
f 4593 4588 4587
f 4570 4558 4562
f 9440 9439 4570
f 9461 9460 9673
f 9469 9468 9673
f 9673 9473 9472
f 9673 9475 9474
f 9673 9477 9476
f 9478 9673 9710
f 9478 9477 9673
f 4563 4568 9645
f 10 9640 22
f 9596 9595 9646
f 9608 9607 9646
f 9646 18 30
f 5553 5552 5559
f 9590 9589 9661
f 9593 9592 9661
f 6867 6866 9657
f 9657 6881 6880
f 9662 6805 6804
f 9662 6807 6806
f 6816 6815 9662
f 6815 6814 9662
f 9662 6819 6818
f 6820 6819 9662
f 9662 5571 5569
f 6787 6786 9674
f 9674 6791 6790
f 6789 6788 9674
f 9712 6754 6753
f 6752 6751 9712
f 6755 6754 9712
f 9674 6760 6759
f 6758 6757 9674
f 6766 6765 9674
f 5597 5591 5605
f 5622 5621 5628
f 6712 6711 5628
f 6739 6738 9663
f 6750 9663 9712
f 9664 6652 6651
f 6650 6649 9664
f 6677 6676 9664
f 9665 6684 6683
f 6685 6684 9665
f 9665 5615 5614
f 5720 9664 5714
f 9647 5708 5710
f 6403 6402 5697
f 9698 6409 6408
f 6407 5697 9698
f 9698 6413 6412
f 9698 6417 6416
f 9698 6420 6419
f 6418 6417 9698
f 9698 6423 6422
f 6429 6428 9698
f 6428 6427 9698
f 6431 9698 9731
f 5638 5637 9641
f 5640 5639 5638
f 6609 6608 9685
f 6617 6616 9685
f 9685 6623 6622
f 6621 6620 9685
f 6624 6623 9685
f 9675 6630 6629
f 6631 6630 9675
f 6643 6642 9675
f 5644 5650 9675
f 5674 5669 5668
f 6577 6576 9666
f 6582 6581 9676
f 5666 6586 5674
f 9649 5743 5731
f 6351 6350 9667
f 9667 6354 6353
f 6355 6354 9667
f 6362 6361 9667
f 6360 6359 9667
f 9667 6365 6364
f 6368 6367 9667
f 9677 6374 6373
f 6375 6374 9677
f 9677 6383 6382
f 6394 6393 9677
f 6392 6391 9677
f 9677 6398 6397
f 6396 6395 9677
f 5735 6400 9677
f 5766 9667 5761
f 9658 6319 6318
f 6317 6316 9658
f 5788 5785 5789
f 5784 5783 5782
f 9650 6278 6277
f 9650 6281 6280
f 6279 6278 9650
f 6305 6304 9650
f 5789 5776 5775
f 9642 6215 5807
f 5812 5801 9633
f 5812 9642 5810
f 6180 6179 9679
f 5804 6214 9633
f 5835 5830 5829
f 6156 6155 9668
f 6173 6172 9668
f 9699 6135 6134
f 6133 6132 9699
f 9699 6139 6138
f 6140 9699 9668
f 6140 6139 9699
f 6145 6144 9668
f 6151 9668 5835
f 5835 5824 5823
f 5853 5852 5851
f 6092 5858 9652
f 6092 5854 5858
f 6121 6120 9652
f 6125 6124 9652
f 9699 6131 6130
f 5504 5503 5513
f 7000 6999 9686
f 7019 7018 5513
f 5490 5486 5484
f 5459 5456 5467
f 7124 7123 9659
f 7128 7127 9659
f 7126 7125 9659
f 5384 5389 5398
f 9700 7095 7094
f 9700 7097 7096
f 9700 7099 7098
f 9700 7103 7102
f 7105 7104 9700
f 7104 7103 9700
f 7271 7270 9643
f 7270 7269 9643
f 7288 7287 9643
f 7303 7302 9643
f 7308 7307 9643
f 7314 7313 9643
f 7313 7312 9643
f 7327 7326 9701
f 7325 7324 9701
f 7329 7328 9701
f 9702 7363 7362
f 9702 7369 7368
f 7373 7372 9702
f 7380 7379 9702
f 7378 7377 9702
f 9702 7385 7384
f 7383 7382 9702
f 9702 7388 7387
f 7386 7385 9702
f 9702 5369 5368
f 9732 7343 7342
f 9732 9733 7352
f 9687 7163 7162
f 9687 7166 7165
f 9687 7178 7177
f 7176 7175 9687
f 7180 7179 9687
f 7179 7178 9687
f 9713 7223 7222
f 7228 7227 9713
f 7227 7226 9713
f 5352 9713 5340
f 9653 7428 7427
f 7426 7425 9653
f 7431 7430 9653
f 7429 7428 9653
f 5345 5351 9653
f 5329 7393 5317
f 7422 7421 9654
f 5329 5323 5322
f 9632 5294 5292
f 9669 7504 7503
f 9714 7541 7540
f 9714 7544 7543
f 7542 7541 9714
f 9714 7546 7545
f 9655 7549 7548
f 9655 7555 7554
f 9655 7557 7556
f 7528 7527 9689
f 9689 7535 7534
f 7538 7537 9689
f 9689 7632 7631
f 9689 7634 7633
f 7636 7635 9689
f 7639 7638 5283
f 5277 5276 5283
f 5260 5249 5247
f 5260 7585 7584
f 7587 7586 9703
f 7585 5260 9703
f 7590 7589 9703
f 7589 7588 9703
f 9703 7593 7592
f 9703 7606 7605
f 7604 7603 9703
f 9703 7608 7607
f 9703 7611 7610
f 7618 9703 9715
f 7617 7616 9703
f 7650 7649 9670
f 9670 7653 7652
f 9670 7659 7658
f 7661 7660 9670
f 7660 7659 9670
f 9670 7665 7664
f 7681 7680 9670
f 7686 7685 9644
f 5253 5259 9644
f 9680 7753 7752
f 7751 7750 9680
f 5214 7708 7707
f 9734 7713 7712
f 9734 7717 7716
f 7771 7770 9716
f 7770 7769 9716
f 9716 7776 7775
f 9716 7791 7790
f 9716 7795 7794
f 9716 7797 7796
f 9735 7812 7811
f 9735 7826 7825
f 7875 7874 9681
f 9681 7888 7887
f 8374 8373 9704
f 9704 8377 8376
f 8380 8379 9704
f 8379 8378 9704
f 9690 8293 8292
f 9690 8299 8298
f 8297 8296 9690
f 9690 8301 8300
f 9690 8305 8304
f 8303 8302 9690
f 9690 8315 8314
f 9690 8318 8317
f 9717 8153 8152
f 8151 8150 9717
f 9717 8156 8155
f 8154 8153 9717
f 9717 8158 8157
f 9705 8181 8180
f 9705 8183 8182
f 9718 7998 7997
f 9718 8000 7999
f 8002 8001 9718
f 8001 8000 9718
f 9736 7913 7912
f 9719 8046 8045
f 8044 8043 9719
f 9691 8057 8056
f 8069 8068 9691
f 8067 8066 9691
f 8102 8101 9720
f 8101 8100 9720
f 8411 8410 9656
f 8417 8416 9656
f 8426 8425 9656
f 8431 8430 9656
f 8489 8488 9682
f 8488 8487 9682
f 8491 8490 9682
f 9682 4957 4955
f 9721 8557 8556
f 9721 8560 8559
f 9721 8562 8561
f 8566 8565 9721
f 4938 8568 8567
f 4938 4933 4932
f 9706 8520 8519
f 9706 8523 8522
f 8527 8526 9706
f 9706 8533 8532
f 9706 8537 8536
f 9706 8541 8540
f 8591 8590 9683
f 8607 8606 9692
f 9692 8616 8615
f 8618 8617 9692
f 8617 8616 9692
f 9692 8621 8620
f 9692 4912 4908
f 9737 8653 8652
f 8703 8702 9693
f 8702 8701 9693
f 9693 8707 8706
f 8708 8707 9693
f 8714 8713 9693
f 8723 8722 9693
f 8721 8720 9693
f 8726 8725 9693
f 9694 8730 8729
f 8736 8735 9694
f 8738 8737 9694
f 9694 8749 8748
f 9694 8751 8750
f 8755 8754 9694
f 9722 8790 8789
f 8788 8787 9722
f 9722 8793 8792
f 8791 8790 9722
f 9722 8796 8795
f 9684 8797 8796
f 9684 8802 8801
f 8805 8804 9684
f 8804 8803 9684
f 8761 8760 9707
f 8759 8758 9707
f 9707 8766 8765
f 8764 8763 9707
f 8768 8767 9707
f 8767 8766 9707
f 8770 8769 9707
f 9707 8775 8774
f 8863 8862 9695
f 8862 8861 9695
f 8872 8871 9707
f 8871 8870 9707
f 8875 8874 9707
f 4639 8823 8822
f 9708 8826 8825
f 9708 8830 8829
f 8828 8827 9708
f 9708 8832 8831
f 8842 8841 9708
f 8840 8839 9708
f 8844 8843 9708
f 9708 8851 8850
f 9709 9337 9336
f 9723 9359 9358
f 9365 9364 9723
f 9363 9362 9723
f 9723 9373 9372
f 9724 9292 9291
f 9307 9306 9724
f 9306 9305 9724
f 9724 9310 9309
f 9130 9129 9696
f 9137 9136 9696
f 9142 9141 9696
f 9160 9696 9697
f 9160 9159 9696
f 9697 9164 9163
f 9165 9164 9697
f 9697 9173 9172
f 9697 9175 9174
f 9697 9177 9176
f 9178 9177 9697
f 9697 9188 9187
f 9697 9190 9189
f 9738 9214 9213
f 9738 9216 9215
f 9660 9228 9227
f 9226 9225 9660
f 9660 9230 9229
f 9660 9232 9231
f 9236 9235 9660
f 9191 4751 4754
f 9191 4753 4751
f 4754 9197 9196
f 9725 9202 9201
f 9725 9204 9203
f 9725 9206 9205
f 9052 9739 9725
f 9052 9051 9739
f 9725 9060 9059
f 9062 9061 9725
f 9065 9064 4754
f 9064 9063 4754
f 9005 4720 4731
f 9005 4723 4720
f 4731 9010 9009
f 9008 9007 4731
f 9740 9012 9011
f 9671 9086 9085
f 9084 9083 9671
f 9094 9093 9671
f 9671 9097 9096
f 9726 9106 9105
f 9111 9110 9726
f 9109 9108 9726
f 9116 9115 9726
f 9114 9113 9726
f 9726 9119 9118
f 9726 9121 9120
f 9124 9123 9726
f 9122 9121 9726
f 9726 9127 9126
f 9726 4725 4724
f 9727 8953 8952
f 9727 8956 8955
f 8954 8953 9727
f 9727 8958 8957
f 8960 8959 9727
f 8959 8958 9727
f 9728 8888 8887
f 8892 8891 9728
f 8891 8890 9728
f 8896 8895 9728
f 8894 8893 9728
f 8926 8925 9729
f 8925 8924 9729
f 9729 8929 8928
f 9729 8931 8930
f 9730 9427 9426
f 9425 9424 9730
f 9730 9429 9428
f 9730 9437 9436
f 9480 9479 9710
f 9485 9710 9672
f 9485 9484 9710
f 9672 9488 9487
f 9497 9496 4593
f 4587 4586 4593
f 4562 4556 4570
f 9474 9473 9673
f 9472 9471 9673
f 9476 9475 9673
f 4568 9562 9645
f 22 21 10
f 9646 9595 9594
f 32 34 9646
f 5559 9563 5555
f 9592 9591 9661
f 9661 5559 5545
f 9657 5578 5576
f 9741 5545 5551
f 9742 6797 6796
f 9742 6800 6799
f 6804 9742 9662
f 6804 6803 9742
f 9662 6808 6807
f 6806 6805 9662
f 9662 6812 6811
f 9662 6814 6813
f 6818 6817 9662
f 9662 6834 6833
f 5570 5574 9662
f 5605 5600 5599
f 9674 6782 6781
f 9674 6793 6792
f 5605 5593 5592
f 5628 6711 5624
f 9664 6649 5715
f 9664 6674 6673
f 6676 6675 9664
f 6683 6682 9665
f 6682 6681 9665
f 5614 5616 9665
f 5714 5719 5720
f 6440 6439 9647
f 5707 5712 9647
f 5697 5686 5684
f 6402 6401 5697
f 6422 6421 9698
f 6421 6420 9698
f 9698 6426 6425
f 6427 6426 9698
f 9731 6432 6431
f 5651 5647 9675
f 5651 9641 5637
f 6629 6628 9675
f 5650 6648 9675
f 5667 5673 5674
f 5674 9676 6587
f 9676 6589 6588
f 6583 6582 5674
f 5743 5732 5731
f 9667 6339 5762
f 6353 6352 9667
f 6366 6365 9667
f 6373 6372 9677
f 6372 6371 9677
f 6382 6381 9677
f 6399 6398 9677
f 5761 5760 5766
f 6310 6309 9658
f 6277 5789 9650
f 5789 5779 5776
f 5805 5810 9642
f 5807 5806 5805
f 5810 5809 5812
f 5834 5828 5835
f 5835 9668 6153
f 9668 6155 6154
f 6132 6131 9699
f 5821 5827 5835
f 6124 6123 9652
f 6130 9652 9699
f 6130 6129 9652
f 7004 7003 9638
f 5484 9631 9630
f 9659 9639 5467
f 9659 7115 7114
f 7116 7115 9659
f 5398 7083 5386
f 5398 7086 7085
f 9700 7091 7090
f 7096 7095 9700
f 9700 7100 7099
f 7098 7097 9700
f 7102 7101 9700
f 7101 7100 9700
f 9700 7107 7106
f 9643 7305 7304
f 9643 7307 7306
f 9701 7318 7317
f 9701 7322 7321
f 7362 9733 9702
f 7362 7361 9733
f 9702 7365 7364
f 7368 7367 9702
f 7367 7366 9702
f 9702 7375 7374
f 9702 7382 7381
f 9702 7390 7389
f 5368 5370 9702
f 9732 7335 7334
f 9732 7340 7339
f 7342 7341 9732
f 7341 7340 9732
f 9732 7345 7344
f 9732 7350 7349
f 7352 7351 9732
f 5444 5432 5431
f 9687 7164 7163
f 7162 7161 9687
f 7165 7164 9687
f 9687 7183 7182
f 9713 7207 5341
f 7222 7221 9713
f 7221 7220 9713
f 7226 7225 9713
f 9713 7235 7234
f 9743 7256 7255
f 9743 7265 7264
f 5340 5339 5352
f 5351 7454 9653
f 5320 5319 5329
f 5317 5316 5315
f 5329 5326 5323
f 9632 7455 5294
f 7540 7539 9714
f 7539 7538 9714
f 7545 7544 9714
f 7548 9714 9655
f 7548 7547 9714
f 9655 7552 7551
f 7554 7553 9655
f 7553 7552 9655
f 5283 5271 5270
f 7536 7535 9689
f 9689 7625 7624
f 9689 7629 7628
f 7633 7632 9689
f 7631 7630 9689
f 7637 7636 5283
f 5283 5279 5278
f 5247 5246 5260
f 7592 7591 9703
f 9703 7601 7600
f 7607 7606 9703
f 7610 7609 9703
f 9703 7615 7614
f 7616 7615 9703
f 7652 7651 9670
f 9670 7655 7654
f 7664 7663 9670
f 7663 7662 9670
f 5259 7702 9644
f 7750 7749 9680
f 7754 7753 9680
f 9680 5231 5236
f 5214 7706 7705
f 5214 7709 7708
f 7707 7706 5214
f 9734 7710 7709
f 7712 7711 9734
f 7711 7710 9734
f 7716 7715 9734
f 7715 7714 9734
f 9734 7728 7727
f 9734 7730 7729
f 9716 7773 7772
f 7775 7774 9716
f 7774 7773 9716
f 9716 7784 7783
f 9716 7786 7785
f 9716 7789 7788
f 9716 7792 7791
f 7790 7789 9716
f 7794 7793 9716
f 7793 7792 9716
f 9716 7798 7797
f 7796 7795 9716
f 9716 7800 7799
f 9735 7809 7808
f 7811 7810 9735
f 7810 7809 9735
f 9735 7818 7817
f 9735 7823 7822
f 7825 7824 9735
f 7824 7823 9735
f 8376 8375 9704
f 8378 8377 9704
f 5030 8328 8327
f 9744 8330 8329
f 9744 8333 8332
f 9744 8335 8334
f 9744 8355 8354
f 9690 8294 8293
f 8292 8291 9690
f 9690 8296 8295
f 8300 8299 9690
f 8302 8301 9690
f 8314 8313 9690
f 8317 8316 9690
f 8316 8315 9690
f 9745 8250 8249
f 9746 8208 8207
f 9717 8142 8141
f 8150 8149 9717
f 8157 8156 9717
f 8167 8166 9717
f 8182 8181 9705
f 8180 8179 9705
f 9705 8186 8185
f 9705 8188 8187
f 9705 8196 8195
f 9718 7983 7982
f 9718 7987 7986
f 7997 7996 9718
f 7996 7995 9718
f 7999 7998 9718
f 9718 8005 8004
f 9718 8007 8006
f 9736 7911 7910
f 9736 7914 7913
f 7912 7911 9736
f 9719 8047 8046
f 9719 8049 8048
f 9691 8052 8051
f 9691 8054 8053
f 8056 8055 9691
f 8055 8054 9691
f 9691 8072 8071
f 8100 8099 9720
f 9656 8390 8389
f 9656 8398 8397
f 9747 4979 4983
f 9748 8472 8471
f 9682 8479 8478
f 9682 8482 8481
f 9682 8507 8506
f 4956 4960 9682
f 4928 8448 8447
f 4938 8451 8450
f 9721 8454 8453
f 9721 8457 8456
f 9721 9748 8468
f 9721 8558 8557
f 8556 8555 9721
f 8561 8560 9721
f 8559 8558 9721
f 9721 8564 8563
f 8567 8566 4938
f 4932 4931 4938
f 4915 8513 8512
f 9706 8516 8515
f 8519 8518 9706
f 8518 8517 9706
f 8522 8521 9706
f 8521 8520 9706
f 9706 8526 8525
f 8532 8531 9706
f 9706 8535 8534
f 9706 8538 8537
f 8536 8535 9706
f 8540 8539 9706
f 9683 8574 8573
f 9683 8581 8580
f 8601 8600 9683
f 9692 8606 8605
f 9692 8613 8612
f 8615 8614 9692
f 8614 8613 9692
f 8620 8619 9692
f 9692 8624 8623
f 9692 8628 8627
f 9692 8631 8630
f 4908 4909 9692
f 9749 8679 8678
f 9749 8682 8681
f 9749 8684 8683
f 9749 8686 8685
f 9749 8688 8687
f 9737 8641 8640
f 9737 8643 8642
f 9737 8645 8644
f 9737 8647 8646
f 8652 8651 9737
f 8651 8650 9737
f 9737 8655 8654
f 9693 8697 8696
f 9693 8705 8704
f 8706 8705 9693
f 9693 8720 8719
f 8725 8724 9693
f 8729 8728 9694
f 8750 8749 9694
f 9694 4864 4868
f 9722 8782 8781
f 8796 9722 9684
f 8795 8794 9722
f 9684 8799 8798
f 9684 8803 8802
f 8801 8800 9684
f 4823 4810 4809
f 8758 8757 9707
f 8774 8773 9707
f 9695 8861 8860
f 8874 8873 9707
f 4823 8878 8877
f 4823 4817 4816
f 4639 8824 8823
f 8822 8821 4639
f 9708 8827 8826
f 8825 4639 9708
f 8831 8830 9708
f 9708 8834 8833
f 8850 8849 9708
f 9708 8857 8856
f 9333 9332 9709
f 9709 9339 9338
f 9723 9347 9346
f 9723 9357 9356
f 9723 9360 9359
f 9358 9357 9723
f 9723 9367 9366
f 9723 9369 9368
f 9372 9371 9723
f 9371 9370 9723
f 9724 9293 9292
f 9291 9290 9724
f 9724 9295 9294
f 9724 9297 9296
f 9305 9304 9724
f 9724 9311 9310
f 9309 9308 9724
f 4708 9256 9255
f 4708 9258 9257
f 9750 9263 9262
f 9750 9268 9267
f 9696 4673 4671
f 9696 9158 9157
f 9163 9162 9697
f 9174 9173 9697
f 9172 9171 9697
f 9176 9175 9697
f 9189 9188 9697
f 9215 9214 9738
f 9213 9212 9738
f 9738 9219 9218
f 9660 9223 9222
f 9229 9228 9660
f 9660 9233 9232
f 9231 9230 9660
f 9660 9235 9234
f 4747 9191 4749
f 9191 4747 4753
f 4754 9194 9193
f 9196 9195 4754
f 9195 9194 4754
f 9725 9198 9197
f 9725 9200 9199
f 9203 9202 9725
f 9201 9200 9725
f 9725 9207 9206
f 9205 9204 9725
f 9739 9050 9049
f 9051 9050 9739
f 9061 9060 9725
f 4717 9005 4719
f 9005 4717 4723
f 4731 9011 9010
f 9740 9013 9012
f 9011 4731 9740
f 9740 9016 9015
f 9740 9020 9019
f 9740 9022 9021
f 9740 9033 9032
f 9096 9095 9671
f 9105 9671 9726
f 9105 9104 9671
f 9726 9113 9112
f 9118 9117 9726
f 9120 9119 9726
f 9726 9128 9127
f 9126 9125 9726
f 4724 4726 9726
f 9751 8999 8998
f 9751 9003 9002
f 9751 4767 4764
f 9727 8947 8946
f 9727 8950 8949
f 8952 8951 9727
f 8957 8956 9727
f 9727 8966 8965
f 9727 8968 8967
f 9728 8885 8884
f 8887 8886 9728
f 8886 8885 9728
f 9728 8899 8898
f 9729 8913 8912
f 8924 8923 9729
f 8930 8929 9729
f 8928 8927 9729
f 9730 9409 9408
f 9730 9416 9415
f 9730 9421 9420
f 9428 9427 9730
f 9730 9434 9433
f 9730 9438 9437
f 9436 9435 9730
f 9672 9385 9384
f 9672 9388 9387
f 9672 9390 9389
f 9672 9392 9391
f 9489 9488 9672
f 4593 4589 4588
f 4570 9439 4558
f 9640 9501 25
f 10 18 9646
f 21 20 10
f 9594 9711 9646
f 9594 9593 9711
f 34 9624 9646
f 5552 5556 5559
f 5555 5554 5553
f 5559 5546 5545
f 9657 6835 5578
f 5551 9657 9741
f 5551 6896 9657
f 6796 6795 9742
f 6795 6794 9742
f 6799 6798 9742
f 6798 6797 9742
f 9742 6802 6801
f 9662 6809 6808
f 6811 6810 9662
f 6810 6809 9662
f 6813 6812 9662
f 5574 6834 9662
f 5605 5601 5600
f 6774 6773 9674
f 6792 6791 9674
f 5591 5596 5605
f 5621 5626 5628
f 5624 5623 5622
f 6675 6674 9664
f 5616 5620 9665
f 5720 5708 9647
f 5719 5713 5720
f 9647 6433 6432
f 5712 6462 9647
f 5684 5683 5697
f 6425 6424 9698
f 6424 6423 9698
f 6431 6430 9698
f 9698 5697 5692
f 5637 5642 5651
f 6587 5669 5674
f 6581 6580 9676
f 5731 9677 9649
f 5762 5761 9667
f 6364 6363 9667
f 5766 5755 9658
f 5760 5759 5766
f 9658 6309 6308
f 5789 5777 5779
f 6153 5830 5835
f 5827 6152 5835
f 9652 5858 5848
f 5455 5454 9639
f 7114 9752 9659
f 7114 7113 9752
f 5389 5388 5398
f 5386 5385 5384
f 7085 7084 5398
f 7084 7083 5398
f 9700 7088 7087
f 7090 7089 9700
f 7089 7088 9700
f 9700 7109 7108
f 7306 7305 9643
f 7317 9643 9701
f 7317 7316 9643
f 9701 7323 7322
f 7321 7320 9701
f 7324 7323 9701
f 9733 7357 7356
f 9733 7360 7359
f 9702 7366 7365
f 7364 7363 9702
f 9702 7377 7376
f 9702 7391 7390
f 7389 7388 9702
f 9702 5371 5369
f 5444 5439 5438
f 9732 7336 7335
f 7334 7333 9732
f 9732 7338 7337
f 7339 7338 9732
f 9732 7346 7345
f 7344 7343 9732
f 9732 7348 7347
f 7351 7350 9732
f 9753 7190 7189
f 9753 7195 7194
f 9753 7197 7196
f 5431 5430 5444
f 7182 7181 9687
f 9753 7185 7184
f 9713 7208 7207
f 5341 5340 9713
f 9713 7210 7209
f 9713 7212 7211
f 9713 7224 7223
f 7225 7224 9713
f 9713 7236 7235
f 7234 7233 9713
f 9713 7239 7238
f 9713 7241 7240
f 9743 7252 7251
f 9743 7257 7256
f 7255 7254 9743
f 7264 7263 9743
f 7263 7262 9743
f 5352 5348 9653
f 5339 5338 5352
f 9653 7425 7424
f 5329 5324 5326
f 5292 5297 9632
f 5294 5293 5292
f 7503 7502 9669
f 7551 7550 9655
f 7550 7549 9655
f 7556 7555 9655
f 5283 5272 5271
f 9689 7520 7519
f 9715 7623 7622
f 7624 9715 9689
f 7624 7623 9715
f 9689 7627 7626
f 9689 7630 7629
f 7628 7627 9689
f 7635 7634 9689
f 5276 5282 5283
f 5260 7579 5249
f 7580 7579 5260
f 7600 7599 9703
f 9703 7603 7602
f 7609 7608 9703
f 9703 7613 7612
f 7614 7613 9703
f 7654 7653 9670
f 9670 7667 7666
f 5237 9670 5224
f 9680 7739 7738
f 9680 7741 7740
f 9680 7745 7744
f 9680 7747 7746
f 9680 7749 7748
f 5236 5230 9680
f 7705 7704 5214
f 7709 5214 9734
f 9734 7718 7717
f 9734 7720 7719
f 9734 7722 7721
f 9734 7724 7723
f 7729 7728 9734
f 7727 7726 9734
f 9734 7732 7731
f 7733 9734 9754
f 9716 7768 7767
f 9716 7778 7777
f 9716 7780 7779
f 9716 7782 7781
f 7785 7784 9716
f 7783 7782 9716
f 7788 7787 9716
f 7787 7786 9716
f 7799 7798 9716
f 7808 7807 9735
f 9735 7814 7813
f 9735 7816 7815
f 9735 7819 7818
f 7817 7816 9735
f 9735 7821 7820
f 7822 7821 9735
f 9681 7866 7865
f 9681 7870 7869
f 9681 7873 7872
f 7874 7873 9681
f 9681 5185 5184
f 9704 8370 8369
f 5030 8326 8325
f 5030 8329 8328
f 8327 8326 5030
f 9744 8331 8330
f 8329 5030 9744
f 8334 8333 9744
f 8332 8331 9744
f 9744 8338 8337
f 9744 8340 8339
f 9744 8342 8341
f 9744 8356 8355
f 8354 8353 9744
f 9744 8358 8357
f 9744 8360 8359
f 9744 8362 8361
f 9704 8363 8362
f 9690 8261 5048
f 9690 8267 8266
f 9690 8278 8277
f 9690 8281 8280
f 8295 8294 9690
f 9690 8321 8320
f 9745 8248 8247
f 9745 8251 8250
f 8249 8248 9745
f 9745 8253 8252
f 9746 8206 8205
f 9746 8209 8208
f 8207 8206 9746
f 9746 8219 8218
f 9717 8143 8142
f 8141 8140 9717
f 9717 8149 8148
f 9717 8160 8159
f 9717 8162 8161
f 9717 8164 8163
f 8166 8165 9717
f 9705 8184 8183
f 8187 8186 9705
f 8185 8184 9705
f 9705 8190 8189
f 9705 8197 8196
f 8195 8194 9705
f 9718 7984 7983
f 7982 7981 9718
f 9718 7988 7987
f 7986 7985 9718
f 9718 7990 7989
f 9718 7992 7991
f 8006 8005 9718
f 8004 8003 9718
f 7910 7909 9736
f 9736 7916 7915
f 9719 8043 8042
f 8048 8047 9719
f 8051 9719 9691
f 8051 8050 9719
f 8053 8052 9691
f 9691 8059 8058
f 8071 8070 9691
f 9691 8074 8073
f 4984 8076 8075
f 4984 8080 8079
f 9720 8085 8084
f 9720 8095 8094
f 9720 8098 8097
f 8099 8098 9720
f 9656 8388 8387
f 9656 8391 8390
f 8389 8388 9656
f 9656 8393 8392
f 9656 8399 8398
f 8397 8396 9656
f 9656 8401 8400
f 9656 8405 8404
f 9656 8407 8406
f 4983 9656 9747
f 4983 8446 9656
f 8471 8470 9748
f 8470 8469 9748
f 8478 9748 9682
f 8478 8477 9748
f 9682 8483 8482
f 8481 8480 9682
f 9682 8486 8485
f 8487 8486 9682
f 9682 8500 8499
f 8506 8505 9682
f 8505 8504 9682
f 4960 8508 9682
f 4924 8447 4926
f 8447 4929 4928
f 8447 4924 4929
f 4938 8452 8451
f 8450 8449 4938
f 9721 8455 8454
f 8453 4938 9721
f 9721 8458 8457
f 8456 8455 9721
f 9721 8463 8462
f 8468 8467 9721
f 9721 8553 8552
f 9721 8555 8554
f 8565 8564 9721
f 4938 4934 4933
f 4915 4903 4901
f 8512 8511 4915
f 8511 8510 4915
f 4915 8515 8514
f 9706 8517 8516
f 8515 4915 9706
f 8525 8524 9706
f 8524 8523 9706
f 8534 8533 9706
f 8539 8538 9706
f 9683 8575 8574
f 8573 8572 9683
f 9683 8582 8581
f 8580 8579 9683
f 8600 8599 9683
f 8605 8604 9692
f 8623 8622 9692
f 8622 8621 9692
f 9692 8626 8625
f 9692 8629 8628
f 8627 8626 9692
f 9692 8632 8631
f 8630 8629 9692
f 4909 4914 9692
f 9749 8680 8679
f 8678 8677 9749
f 8683 8682 9749
f 8681 8680 9749
f 8687 8686 9749
f 8685 8684 9749
f 8642 8641 9737
f 8640 8639 9737
f 8646 8645 9737
f 8644 8643 9737
f 8654 8653 9737
f 9737 8658 8657
f 9693 8698 8697
f 8696 8695 9693
f 9693 8700 8699
f 9694 8728 8727
f 4868 8756 9694
f 9722 8780 8779
f 9722 8783 8782
f 8781 8780 9722
f 9722 8786 8785
f 8787 8786 9722
f 8794 8793 9722
f 9684 8800 8799
f 8798 8797 9684
f 9684 4843 4840
f 4823 4811 4810
f 9707 8763 8762
f 9707 8777 8776
f 9707 9722 8778
f 8860 8859 9695
f 8877 8876 4823
f 4816 4818 4823
f 8821 8820 4639
f 9708 8835 8834
f 8833 8832 9708
f 9708 8837 8836
f 9708 8839 8838
f 8849 8848 9708
f 8856 8855 9708
f 8855 8854 9708
f 9709 9326 9325
f 9709 9332 9331
f 9338 9337 9709
f 9346 9709 9723
f 9346 9345 9709
f 9723 9353 9352
f 9723 9355 9354
f 9356 9355 9723
f 9368 9367 9723
f 9370 9369 9723
f 9290 9289 9724
f 9296 9295 9724
f 9294 9293 9724
f 9724 9302 9301
f 9724 9304 9303
f 9257 9256 4708
f 9255 9254 4708
f 9750 9260 9259
f 9262 9261 9750
f 9261 9260 9750
f 9267 9266 9750
f 9266 9265 9750
f 9750 9270 9269
f 9750 4708 4696
f 9696 9129 4673
f 9159 9158 9696
f 9162 9161 9697
f 9184 9183 9697
f 9697 4696 4700
f 9738 9217 9216
f 9738 9220 9219
f 9218 9217 9738
f 9222 9738 9660
f 9222 9221 9738
f 4749 4748 4747
f 9193 9192 4754
f 9199 9198 9725
f 9197 4754 9725
f 9725 9210 9209
f 9725 9738 9212
f 9739 9048 9047
f 9049 9048 9739
f 9725 9056 9055
f 9725 9058 9057
f 9063 9062 4754
f 4754 4741 4740
f 4719 4718 4717
f 9007 9006 4731
f 9740 9014 9013
f 9740 9017 9016
f 9015 9014 9740
f 9019 9018 9740
f 9018 9017 9740
f 9740 9023 9022
f 9021 9020 9740
f 9740 9025 9024
f 9740 9027 9026
f 9032 9031 9740
f 9031 9030 9740
f 9740 9037 9036
f 9740 9039 9038
f 9671 9075 9074
f 9671 9078 9077
f 9671 9082 9081
f 9104 9103 9671
f 9726 9108 9107
f 4726 4730 9726
f 9751 8988 8987
f 9751 8991 8990
f 9751 8997 8996
f 9751 9000 8999
f 8998 8997 9751
f 9002 9001 9751
f 9001 9000 9751
f 4764 4763 9751
f 9727 8948 8947
f 8946 8945 9727
f 9727 8951 8950
f 8949 8948 9727
f 9727 8964 8963
f 8967 8966 9727
f 8965 8964 9727
f 9727 8971 8970
f 8884 8883 9728
f 8890 8889 9728
f 9728 8900 8899
f 8898 8897 9728
f 9728 8902 8901
f 9728 8904 8903
f 9728 8908 8907
f 9728 8910 8909
f 8912 9728 9729
f 8912 8911 9728
f 9729 8918 8917
f 9729 8920 8919
f 9729 8922 8921
f 9729 8933 8932
f 9408 9755 9730
f 9408 9407 9755
f 9415 9414 9730
f 9414 9413 9730
f 9730 9418 9417
f 9420 9419 9730
f 9419 9418 9730
f 9424 9423 9730
f 9730 9431 9430
f 9433 9432 9730
f 9432 9431 9730
f 9435 9434 9730
f 9672 9379 9378
f 9672 9382 9381
f 9384 9383 9672
f 9383 9382 9672
f 9389 9388 9672
f 9387 9386 9672
f 9672 9393 9392
f 9391 9390 9672
f 9487 9486 9672
f 4586 4592 4593
f 4556 4560 4570
f 4558 4557 4562
f 20 11 10
f 5559 5547 5546
f 5576 5575 9657
f 5578 5577 5576
f 6803 6802 9742
f 5599 5598 5605
f 5605 9674 6773
f 9674 9742 6794
f 5596 6772 5605
f 9663 5628 5615
f 6673 6672 9664
f 5620 6710 9665
f 5713 5717 5720
f 5697 6401 5686
f 5697 5690 5692
f 9675 9641 5651
f 6588 6587 9676
f 5759 5764 5766
f 5775 9651 9650
f 9633 9642 5812
f 6154 6153 9668
f 5858 5846 5848
f 7087 5398 9700
f 7087 7086 5398
f 7108 7107 9700
f 9700 9752 7113
f 9700 5398 5391
f 9643 5363 5361
f 7316 7315 9643
f 9701 7320 7319
f 9733 7354 7353
f 9733 7358 7357
f 7356 7355 9733
f 7361 7360 9733
f 7376 7375 9702
f 9702 7392 7391
f 5370 5374 9702
f 5444 5440 5439
f 9732 7333 7332
f 7337 7336 9732
f 7349 7348 9732
f 9753 7187 7186
f 7189 7188 9753
f 7188 7187 9753
f 9753 7192 7191
f 7194 7193 9753
f 7193 7192 9753
f 9753 7198 7197
f 7196 7195 9753
f 9753 7200 7199
f 5444 5433 5432
f 9687 7156 7155
f 7184 9687 9753
f 7184 7183 9687
f 7209 7208 9713
f 9713 7213 7212
f 7211 7210 9713
f 9713 7215 7214
f 9713 7217 7216
f 9713 7237 7236
f 7240 7239 9713
f 7238 7237 9713
f 9743 7243 7242
f 9743 7249 7248
f 7251 7250 9743
f 7250 7249 9743
f 9743 7258 7257
f 7262 7261 9743
f 9743 7268 7267
f 5338 5343 5352
f 5322 9669 9654
f 5306 5301 9655
f 5306 9632 5297
f 7547 7546 9714
f 5270 5269 5283
f 5283 9689 7517
f 9715 7621 7620
f 7622 7621 9715
f 7626 7625 9689
f 5282 7640 5283
f 5246 5250 5260
f 5249 5248 5247
f 7612 7611 9703
f 5224 5223 5237
f 9680 7737 7736
f 7740 7739 9680
f 7738 7737 9680
f 7746 7745 9680
f 7744 7743 9680
f 9680 5232 5231
f 5214 5202 5200
f 7704 7703 5214
f 9734 7714 7713
f 7719 7718 9734
f 7723 7722 9734
f 7721 7720 9734
f 7731 7730 9734
f 9754 7734 7733
f 9716 7769 7768
f 7767 7766 9716
f 7777 7776 9716
f 7781 7780 9716
f 7779 7778 9716
f 9735 7802 7801
f 9735 7804 7803
f 7813 7812 9735
f 7815 7814 9735
f 7820 7819 9735
f 9735 5207 5213
f 9756 7851 7850
f 9681 7859 7858
f 9681 7867 7866
f 7865 7864 9681
f 9681 7871 7870
f 7869 7868 9681
f 7872 7871 9681
f 5184 5186 9681
f 9757 7843 7842
f 8369 8368 9704
f 9704 8383 8382
f 8325 8324 5030
f 8339 8338 9744
f 8337 8336 9744
f 9744 8343 8342
f 8341 8340 9744
f 9744 8346 8345
f 9744 8350 8349
f 8353 8352 9744
f 8359 8358 9744
f 8357 8356 9744
f 8362 9744 9704
f 8361 8360 9744
f 9690 8262 8261
f 5048 5047 9690
f 8266 8265 9690
f 8265 8264 9690
f 9690 8272 8271
f 9690 8276 8275
f 9690 8279 8278
f 8277 8276 9690
f 9690 8282 8281
f 8280 8279 9690
f 9690 8284 8283
f 8291 8290 9690
f 8320 8319 9690
f 8319 8318 9690
f 9758 8322 8321
f 9758 5017 5022
f 8247 8246 9745
f 8246 8245 9745
f 8252 8251 9745
f 5076 8202 8201
f 5076 8204 8203
f 8205 5076 9746
f 9746 8211 8210
f 8218 8217 9746
f 8217 8216 9746
f 9746 8221 8220
f 8229 9746 9759
f 9717 8140 8139
f 9717 8144 8143
f 9717 8147 8146
f 8148 8147 9717
f 8161 8160 9717
f 8159 8158 9717
f 8165 8164 9717
f 9705 8174 8173
f 9705 8178 8177
f 9705 8191 8190
f 8189 8188 9705
f 9705 8194 8193
f 9705 8198 8197
f 9705 5063 5068
f 9718 7975 7974
f 9718 7985 7984
f 7989 7988 9718
f 9718 7993 7992
f 7991 7990 9718
f 9718 7995 7994
f 9718 8009 8008
f 5122 7892 7891
f 9736 7899 7898
f 9736 7902 7901
f 9736 7904 7903
f 7909 7908 9736
f 9736 7917 7916
f 7915 7914 9736
f 8042 8041 9719
f 8050 8049 9719
f 8058 8057 9691
f 8073 8072 9691
f 9760 8128 8127
f 9760 8132 8131
f 8075 4974 4984
f 8075 4975 4974
f 8079 8078 4984
f 8078 8077 4984
f 8084 8083 9720
f 8083 8082 9720
f 9720 8096 8095
f 8094 8093 9720
f 8097 8096 9720
f 8387 8386 9656
f 9656 8394 8393
f 8392 8391 9656
f 9656 8396 8395
f 8400 8399 9656
f 9656 8403 8402
f 8406 8405 9656
f 8404 8403 9656
f 9748 8473 8472
f 9748 8475 8474
f 9682 8484 8483
f 8499 8498 9682
f 8498 8497 9682
f 9682 8502 8501
f 9682 8504 8503
f 8508 8507 9682
f 4926 4925 4924
f 4938 8449 8448
f 4938 8453 8452
f 9721 8460 8459
f 8462 8461 9721
f 8461 8460 9721
f 9721 8465 8464
f 8467 8466 9721
f 8554 8553 9721
f 8552 8551 9721
f 8563 8562 9721
f 4938 8570 8569
f 4931 4937 4938
f 4901 4906 4915
f 8510 8509 4915
f 8514 8513 4915
f 9706 8543 8542
f 9706 8547 8546
f 8572 8571 9683
f 9683 8577 8576
f 9683 8579 8578
f 8604 8603 9692
f 8625 8624 9692
f 4914 8632 9692
f 9749 8674 8673
f 9749 8676 8675
f 8677 8676 9749
f 9737 8639 8638
f 9737 8649 8648
f 8650 8649 9737
f 8657 8656 9737
f 8656 8655 9737
f 9737 8660 8659
f 9737 8662 8661
f 9693 4834 4832
f 8699 8698 9693
f 8701 8700 9693
f 8727 9693 9694
f 8779 8778 9722
f 8785 8784 9722
f 8784 8783 9722
f 4840 4839 9684
f 4809 4814 4823
f 4823 9707 8757
f 8778 8777 9707
f 4823 8880 8879
f 4823 4819 4817
f 4639 4627 4625
f 8820 8819 4639
f 8825 8824 4639
f 8836 8835 9708
f 9708 8854 8853
f 9708 8858 8857
f 9695 8859 8858
f 9709 9320 9319
f 9709 9322 9321
f 9709 9327 9326
f 9325 9324 9709
f 9709 9329 9328
f 9331 9330 9709
f 9709 9341 9340
f 9709 9344 9343
f 9723 9349 9348
f 9723 9351 9350
f 9354 9353 9723
f 9352 9351 9723
f 9723 9361 9360
f 9723 9375 9374
f 9724 9287 9286
f 9724 9289 9288
f 9724 9299 9298
f 9301 9300 9724
f 9300 9299 9724
f 9303 9302 9724
f 9724 9313 9312
f 9724 4649 4648
f 4708 4704 4702
f 4708 9259 9258
f 9259 4708 9750
f 9750 9265 9264
f 9269 9268 9750
f 9750 9272 9271
f 9750 9275 9274
f 4708 4694 4696
f 4671 4676 9696
f 4673 4672 4671
f 9157 9156 9696
f 4700 9190 9697
f 9660 9225 9224
f 9234 9233 9660
f 9209 9208 9725
f 9208 9207 9725
f 9212 9211 9725
f 9047 9046 9739
f 9055 9054 9725
f 9054 9053 9725
f 9059 9058 9725
f 4740 4742 4754
f 9026 9025 9740
f 9024 9023 9740
f 9740 9029 9028
f 9030 9029 9740
f 9740 9035 9034
f 9038 9037 9740
f 9036 9035 9740
f 9740 9041 9040
f 9671 9067 4772
f 9074 9073 9671
f 9073 9072 9671
f 9077 9076 9671
f 9076 9075 9671
f 9671 9083 9082
f 9081 9080 9671
f 9107 9106 9726
f 4730 9128 9726
f 9751 8989 8988
f 8987 8986 9751
f 9751 8992 8991
f 8990 8989 9751
f 9751 8994 8993
f 8996 8995 9751
f 8995 8994 9751
f 9751 4765 4767
f 9727 8962 8961
f 8963 8962 9727
f 8970 8969 9727
f 8969 8968 9727
f 9728 8889 8888
f 8903 8902 9728
f 8901 8900 9728
f 9728 8906 8905
f 8909 8908 9728
f 8907 8906 9728
f 8919 8918 9729
f 8917 8916 9729
f 9729 8923 8922
f 8921 8920 9729
f 8932 8931 9729
f 9729 8935 8934
f 9729 8939 8938
f 9729 8941 8940
f 9730 9411 9410
f 9413 9412 9730
f 9417 9416 9730
f 9430 9429 9730
f 9730 4613 4610
f 9672 9380 9379
f 9378 9377 9672
f 9381 9380 9672
f 9672 9395 9394
f 4592 9500 4593
f 9673 4570 4564
f 9646 9640 10
f 5559 5548 5547
f 6801 6800 9742
f 6773 5601 5605
f 6794 6793 9674
f 5628 5617 5615
f 6432 9731 9647
f 5683 5687 5697
f 5686 5685 5684
f 5697 5691 5690
f 6308 9678 9658
f 5848 9627 9652
f 9700 7111 7110
f 7113 7112 9700
f 5398 5392 5391
f 9643 7269 5363
f 9733 7355 7354
f 7353 7352 9733
f 7359 7358 9733
f 5374 7392 9702
f 5438 5437 5444
f 5444 9732 7331
f 7332 7331 9732
f 7347 7346 9732
f 7186 7185 9753
f 7191 7190 9753
f 7199 7198 9753
f 9732 7201 7200
f 9732 7203 7202
f 5444 7204 7203
f 5444 7206 7205
f 5430 5436 5444
f 9687 7157 7156
f 7155 7154 9687
f 9687 7159 7158
f 9687 7161 7160
f 7216 7215 9713
f 7214 7213 9713
f 9713 7219 7218
f 7220 7219 9713
f 9713 7231 7230
f 9713 7233 7232
f 7242 9713 9743
f 7242 7241 9713
f 9743 7245 7244
f 9743 7247 7246
f 7248 7247 9743
f 7254 7253 9743
f 9743 7260 7259
f 7261 7260 9743
f 7267 7266 9743
f 7266 7265 9743
f 7424 9688 9653
f 5297 5295 5306
f 7517 5272 5283
f 7519 7518 9689
f 7620 7619 9715
f 7602 7601 9703
f 9703 5260 5255
f 9670 7641 5225
f 7666 7665 9670
f 5237 5232 9680
f 5223 5228 5237
f 7736 7735 9680
f 9680 7743 7742
f 7748 7747 9680
f 5230 5235 9680
f 5200 5205 5214
f 9734 7726 7725
f 7733 7732 9734
f 7766 7765 9716
f 7801 9716 9735
f 7801 7800 9716
f 9735 7805 7804
f 7803 7802 9735
f 9735 7807 7806
f 5213 7826 9735
f 7850 7849 9756
f 7849 7848 9756
f 7858 9756 9681
f 7858 7857 9756
f 9681 7864 7863
f 9681 7868 7867
f 9681 5187 5185
f 9757 7830 7829
f 9757 7832 7831
f 9757 7835 7834
f 9757 7840 7839
f 7842 7841 9757
f 7841 7840 9757
f 9704 8365 8364
f 9704 8367 8366
f 8382 8381 9704
f 5007 5002 5001
f 5030 5026 5024
f 8324 8323 5030
f 9744 8336 8335
f 8345 8344 9744
f 8344 8343 9744
f 9744 8348 8347
f 9744 8351 8350
f 8349 8348 9744
f 9690 8263 8262
f 8264 8263 9690
f 8271 8270 9690
f 8270 8269 9690
f 9690 8274 8273
f 8275 8274 9690
f 8283 8282 9690
f 9690 8288 8287
f 9690 8290 8289
f 8321 9690 9758
f 5022 5016 9758
f 9759 8238 8237
f 9745 8255 8254
f 8203 8202 5076
f 8201 8200 5076
f 8210 8209 9746
f 9746 8214 8213
f 9746 8216 8215
f 8220 8219 9746
f 9746 8227 8226
f 9759 8230 8229
f 9717 5141 5139
f 8139 8138 9717
f 8138 8137 9717
f 9717 8145 8144
f 8146 8145 9717
f 8163 8162 9717
f 9705 8171 8170
f 9705 8175 8174
f 8173 8172 9705
f 8177 8176 9705
f 8176 8175 9705
f 8193 8192 9705
f 8192 8191 9705
f 5068 8198 9705
f 9718 7976 7975
f 7974 7973 9718
f 9718 7978 7977
f 9718 7981 7980
f 7994 7993 9718
f 8008 8007 9718
f 9761 7940 7939
f 9762 7943 7942
f 5122 7893 7892
f 7891 7890 5122
f 5122 7895 7894
f 9736 7896 7895
f 7898 7897 9736
f 7897 7896 9736
f 7903 7902 9736
f 7901 7900 9736
f 9736 7906 7905
f 9736 7921 7920
f 9760 8115 8114
f 9760 8129 8128
f 8127 8126 9760
f 8131 8130 9760
f 8130 8129 9760
f 4970 8075 4972
f 8075 4970 4975
f 4984 8081 8080
f 9720 8082 8081
f 9720 8086 8085
f 9720 8092 8091
f 8093 8092 9720
f 9720 8104 8103
f 9720 9763 8105
f 9720 4984 4979
f 9656 4949 4947
f 8386 8385 9656
f 8395 8394 9656
f 8402 8401 9656
f 8474 8473 9748
f 8477 8476 9748
f 8485 8484 9682
f 8501 8500 9682
f 8448 4928 4938
f 8459 8458 9721
f 8466 8465 9721
f 9721 8551 8550
f 4937 8570 4938
f 4915 8509 4903
f 9706 8544 8543
f 8542 8541 9706
f 8546 8545 9706
f 8545 8544 9706
f 9764 8549 8548
f 8576 8575 9683
f 4892 9683 4879
f 9749 8667 8666
f 9749 8669 8668
f 9749 8671 8670
f 8675 8674 9749
f 8673 8672 9749
f 9765 8694 8693
f 4869 4857 4855
f 4869 8635 8634
f 8638 4869 9737
f 8638 8637 4869
f 8648 8647 9737
f 8661 8660 9737
f 8659 8658 9737
f 9737 9749 8663
f 9693 8695 4834
f 9684 4841 4843
f 8757 4811 4823
f 8776 8775 9707
f 8879 8878 4823
f 4818 4822 4823
f 4625 4630 4639
f 8838 8837 9708
f 8853 8852 9708
f 8852 8851 9708
f 8858 9708 9695
f 9709 9318 9317
f 9321 9320 9709
f 9319 9318 9709
f 9709 9324 9323
f 9328 9327 9709
f 9330 9329 9709
f 9709 9342 9341
f 9340 9339 9709
f 9345 9344 9709
f 9350 9349 9723
f 9348 9347 9723
f 9362 9361 9723
f 9723 9376 9375
f 9374 9373 9723
f 9723 4633 4632
f 9288 9287 9724
f 9286 9285 9724
f 9298 9297 9724
f 9724 9314 9313
f 9312 9311 9724
f 4648 4650 9724
f 4702 4701 4708
f 9254 9253 4708
f 9264 9263 9750
f 9271 9270 9750
f 9274 9273 9750
f 9273 9272 9750
f 9750 9277 9276
f 9750 9281 9280
f 4708 4695 4694
f 9221 9220 9738
f 9211 9210 9725
f 9046 9045 9739
f 9057 9056 9725
f 4754 4743 4741
f 9028 9027 9740
f 9034 9033 9740
f 9740 9042 9041
f 9040 9039 9740
f 9739 9045 9044
f 9671 9068 9067
f 4772 4771 9671
f 9671 9070 9069
f 9671 9072 9071
f 4777 9671 4771
f 9766 8975 8974
f 9766 8978 8977
f 9766 8983 8982
f 9751 8984 8983
f 8993 8992 9751
f 9751 9004 9003
f 4763 4769 9751
f 4800 4795 4799
f 9727 8945 8944
f 9728 4605 4603
f 9728 8883 8882
f 8905 8904 9728
f 8911 8910 9728
f 9729 8916 8915
f 8934 8933 9729
f 8938 8937 9729
f 8937 8936 9729
f 9729 8942 8941
f 8940 8939 9729
f 9729 4786 4792
f 9407 9406 9755
f 9730 9412 9411
f 9410 9409 9730
f 9730 9423 9422
f 4610 4609 9730
f 4593 4580 4579
f 9394 9393 9672
f 9672 9397 9396
f 4570 4565 4564
f 5582 5571 9662
f 5582 9657 5575
f 5615 9665 9663
f 9647 9664 5720
f 5697 5693 5691
f 5673 5670 5674
f 9658 9667 5766
f 5828 5831 5835
f 5877 5876 9626
f 7112 7111 9700
f 5398 5395 5392
f 5361 5367 9643
f 5363 5362 5361
f 7319 7318 9701
f 5375 5371 9702
f 5375 9643 5367
f 7331 5440 5444
f 7200 9753 9732
f 7203 9732 5444
f 7202 7201 9732
f 5436 7206 5444
f 5410 7146 7145
f 9687 7152 7151
f 9687 7154 7153
f 7158 7157 9687
f 7218 7217 9713
f 7232 7231 9713
f 7230 7229 9713
f 7246 7245 9743
f 7244 7243 9743
f 9743 7253 7252
f 7259 7258 9743
f 7518 7517 9689
f 5260 5256 5255
f 5228 5227 5237
f 7742 7741 9680
f 5235 7764 9680
f 5214 7703 5202
f 9734 5214 5207
f 9716 5179 5183
f 7806 7805 9735
f 9756 7852 7851
f 9756 7854 7853
f 9756 7856 7855
f 9681 7861 7860
f 7863 7862 9681
f 7862 7861 9681
f 5186 5190 9681
f 7831 7830 9757
f 7829 7828 9757
f 7834 7833 9757
f 7833 7832 9757
f 9757 7838 7837
f 7839 7838 9757
f 9757 7845 7844
f 9757 7847 7846
f 8366 8365 9704
f 8364 8363 9704
f 8368 8367 9704
f 9757 5007 8383
f 5001 5000 5007
f 5024 5023 5030
f 8347 8346 9744
f 8352 8351 9744
f 9690 8269 8268
f 8273 8272 9690
f 9690 8286 8285
f 8289 8288 9690
f 8287 8286 9690
f 5016 5021 9758
f 9759 8232 8231
f 8237 8236 9759
f 8236 8235 9759
f 9759 8241 8240
f 9745 8242 8241
f 8254 8253 9745
f 9745 8257 8256
f 9745 8259 8258
f 5076 5072 5070
f 8200 8199 5076
f 8205 8204 5076
f 8213 8212 9746
f 8212 8211 9746
f 8215 8214 9746
f 9746 8223 8222
f 8226 8225 9746
f 8225 8224 9746
f 8229 8228 9746
f 9717 8137 5141
f 9705 8172 8171
f 8170 8169 9705
f 8179 8178 9705
f 7973 7972 9718
f 9718 7979 7978
f 7977 7976 9718
f 7980 7979 9718
f 9767 5133 5132
f 5168 7954 7953
f 9762 7964 7963
f 9762 7969 7968
f 9762 9718 7972
f 9761 7931 7930
f 9761 7933 7932
f 9761 7938 7937
f 9761 7941 7940
f 7939 7938 9761
f 7942 9761 9762
f 7942 7941 9761
f 9762 5168 7946
f 5168 7948 7947
f 5122 5110 5114
f 7894 7893 5122
f 7895 5122 9736
f 7900 7899 9736
f 9736 7907 7906
f 7905 7904 9736
f 7908 7907 9736
f 7920 7919 9736
f 9719 8013 5087
f 9719 8038 8037
f 9719 8041 8040
f 9691 5119 5116
f 9760 8113 8112
f 9760 8116 8115
f 8114 8113 9760
f 9760 8118 8117
f 9760 8120 8119
f 9760 8134 8133
f 4972 4971 4970
f 8077 8076 4984
f 8081 4984 9720
f 9720 8088 8087
f 8091 8090 9720
f 8105 8104 9720
f 4984 4977 4979
f 9656 8385 4949
f 8476 8475 9748
f 8503 8502 9682
f 8464 8463 9721
f 8550 9764 9721
f 8550 8549 9764
f 8569 8568 4938
f 4906 4905 4915
f 4903 4902 4901
f 8548 9706 9764
f 8548 8547 9706
f 8578 8577 9683
f 4879 4878 4892
f 9749 8665 8664
f 8668 8667 9749
f 8666 8665 9749
f 9749 8672 8671
f 8670 8669 9749
f 9749 8690 8689
f 8693 9749 9765
f 8693 8692 9749
f 9765 4887 4886
f 4855 4861 4869
f 4869 8636 8635
f 8634 8633 4869
f 8637 8636 4869
f 8663 8662 9737
f 9737 4869 4864
f 4832 4838 9693
f 4834 4833 4832
f 4846 4841 9684
f 4846 9693 4838
f 4839 4845 9684
f 4822 8880 4823
f 4639 8819 4627
f 9317 9316 9709
f 9316 9315 9709
f 9323 9322 9709
f 9343 9342 9709
f 4632 4634 9723
f 9724 4651 4649
f 4708 9253 4704
f 9750 9278 9277
f 9276 9275 9750
f 9280 9279 9750
f 9279 9278 9750
f 9750 9768 9283
f 4708 4697 4695
f 4685 4680 9660
f 4685 9696 4676
f 9224 9223 9660
f 4742 4746 4754
f 9740 9043 9042
f 9044 9740 9739
f 9044 9043 9740
f 9069 9068 9671
f 9071 9070 9671
f 9671 9080 9079
f 4771 4770 4777
f 9766 8976 8975
f 8974 8973 9766
f 9766 8979 8978
f 8977 8976 9766
f 9766 8981 8980
f 8983 9766 9751
f 8982 8981 9766
f 4769 9004 9751
f 4799 4793 4800
f 8944 4800 9727
f 8944 8943 4800
f 9727 9766 8973
f 9727 4800 4786
f 9728 8881 4605
f 8915 8914 9729
f 8914 8913 9729
f 8936 8935 9729
f 4792 8942 9729
f 9755 9400 9399
f 9755 9402 9401
f 9755 9404 9403
f 9406 9405 9755
f 9422 9421 9730
f 9730 4611 4613
f 4593 4581 4580
f 9672 9386 9385
f 9396 9395 9672
f 4564 9645 9673
f 5545 9741 9661
f 5575 5580 5582
f 5598 5603 5605
f 5715 5714 9664
f 5692 9648 9698
f 7110 7109 9700
f 5398 5393 5395
f 5367 5364 5375
f 7205 7204 5444
f 5407 7145 5409
f 7145 5413 5410
f 7145 5407 5413
f 5421 7147 7146
f 9687 7148 7147
f 7153 7152 9687
f 7151 7150 9687
f 7160 7159 9687
f 9743 5415 5414
f 9655 9632 5306
f 5255 9644 9703
f 9680 9670 5237
f 9680 7735 7734
f 5205 5204 5214
f 5202 5201 5200
f 7725 7724 9734
f 5214 5208 5207
f 9716 7765 5179
f 7853 7852 9756
f 7857 7856 9756
f 7860 7859 9681
f 5190 7888 9681
f 5007 4994 4993
f 7828 7827 9757
f 9757 7836 7835
f 7837 7836 9757
f 7846 7845 9757
f 7844 7843 9757
f 5007 8384 8383
f 5007 5003 5002
f 5030 8323 5026
f 8268 8267 9690
f 8285 8284 9690
f 5021 8322 9758
f 9759 8233 8232
f 8231 8230 9759
f 9759 8235 8234
f 9759 8239 8238
f 8241 9759 9745
f 8240 8239 9759
f 9745 8244 8243
f 8256 8255 9745
f 9745 8260 8259
f 8258 8257 9745
f 9745 5040 5039
f 5070 5069 5076
f 9746 8224 8223
f 8222 8221 9746
f 8228 8227 9746
f 9746 5076 5063
f 5139 5138 9717
f 5141 5140 5139
f 9718 8011 8010
f 9767 8012 8011
f 5132 5131 9767
f 5166 7952 7951
f 5168 7955 7954
f 7953 7952 5168
f 9762 7957 7956
f 9762 7962 7961
f 9762 7965 7964
f 7963 7962 9762
f 9762 7967 7966
f 9762 7970 7969
f 7968 7967 9762
f 7972 7971 9762
f 7932 7931 9761
f 7930 7929 9761
f 9761 7935 7934
f 7937 7936 9761
f 7936 7935 9761
f 9762 7945 7944
f 7947 7946 5168
f 5168 5155 5154
f 5114 5108 5122
f 7890 7889 5122
f 7919 7918 9736
f 9736 7926 7925
f 9761 7929 7928
f 9719 8014 8013
f 5087 5086 9719
f 9719 8017 8016
f 9719 8019 8018
f 9719 8030 8029
f 9719 8032 8031
f 9719 8034 8033
f 9719 8036 8035
f 9719 8039 8038
f 8037 8036 9719
f 5116 5115 9691
f 9760 8110 8109
f 8112 8111 9760
f 8119 8118 9760
f 8117 8116 9760
f 9760 8122 8121
f 9760 8124 8123
f 9760 8126 8125
f 8133 8132 9760
f 9760 5094 5093
f 8087 8086 9720
f 9720 8090 8089
f 4984 4978 4977
f 4947 4952 9656
f 4949 4948 4947
f 9706 4915 4912
f 9683 8571 4880
f 4892 4888 9765
f 4878 4884 4892
f 8664 8663 9749
f 9749 8691 8690
f 8689 8688 9749
f 8692 8691 9749
f 4886 4885 9765
f 4869 8633 4857
f 4869 4862 4864
f 4838 4835 4846
f 4845 8818 9684
f 4630 4629 4639
f 4627 4626 4625
f 9708 4639 4633
f 4634 4638 9723
f 4662 9709 4656
f 9724 9285 9284
f 4650 4654 9724
f 4701 4706 4708
f 4704 4703 4702
f 9283 9282 9750
f 4676 4675 4685
f 4746 9066 4754
f 9740 4731 4725
f 4777 4765 9751
f 4770 4775 4777
f 8980 8979 9766
f 9751 8986 8985
f 4800 8943 4795
f 8973 8972 9727
f 4800 4787 4786
f 4603 4602 9728
f 4605 4604 4603
f 9401 9400 9755
f 9399 9398 9755
f 9405 9404 9755
f 4609 4615 9730
f 4579 4584 4593
f 4593 9672 9377
f 9672 9755 9398
f 25 22 9640
f 5391 9701 9700
f 9702 9643 5375
f 5437 5441 5444
f 5409 5408 5407
f 7147 5421 9687
f 7146 5410 5421
f 9687 7150 7149
f 5414 5416 9743
f 5269 5274 5283
f 5225 5224 9670
f 5214 5211 5208
f 5183 5177 9716
f 5179 5178 5183
f 5191 5187 9681
f 5191 9716 5177
f 7855 7854 9756
f 5007 4995 4994
f 8383 9704 9757
f 5000 5006 5007
f 5023 5028 5030
f 5026 5025 5024
f 9744 5030 5017
f 5053 9690 5047
f 8234 8233 9759
f 9745 8245 8244
f 8243 8242 9745
f 5039 5041 9745
f 5076 8199 5072
f 5076 5062 5063
f 5145 5134 9767
f 5145 9717 5138
f 8011 9718 9767
f 8010 8009 9718
f 9767 5134 5133
f 5162 7951 5164
f 7951 5161 5166
f 7951 5162 5161
f 7952 5166 5168
f 7956 5168 9762
f 7956 7955 5168
f 9762 7959 7958
f 7961 7960 9762
f 7960 7959 9762
f 7966 7965 9762
f 7971 7970 9762
f 7934 7933 9761
f 7946 7945 9762
f 5168 7950 7949
f 5154 5156 5168
f 5122 7889 5110
f 7918 7917 9736
f 9736 7923 7922
f 7925 7924 9736
f 7924 7923 9736
f 7928 9736 9761
f 7928 7927 9736
f 9719 8015 8014
f 8018 8017 9719
f 8016 8015 9719
f 9719 8021 8020
f 9719 8023 8022
f 8031 8030 9719
f 8029 8028 9719
f 8035 8034 9719
f 8033 8032 9719
f 8040 8039 9719
f 5115 5121 9691
f 9760 8111 8110
f 8109 8108 9760
f 8123 8122 9760
f 8121 8120 9760
f 8125 8124 9760
f 5093 5092 9760
f 4984 4980 4978
f 4961 4957 9682
f 4961 9656 4952
f 8480 8479 9682
f 4915 4910 4912
f 4884 4881 4892
f 9765 4888 4887
f 4861 4859 4869
f 4857 4856 4855
f 4869 4863 4862
f 9684 9693 4846
f 4814 4813 4823
f 4639 4635 4633
f 4638 9376 9723
f 4656 4655 4662
f 9284 9768 9724
f 9284 9283 9768
f 4654 9314 9724
f 9282 9281 9750
f 9660 9696 4685
f 4731 4727 4725
f 9079 9078 9671
f 4775 4774 4777
f 4793 4797 4800
f 4795 4794 4799
f 8972 8971 9727
f 4800 4790 4787
f 8882 8881 9728
f 4616 4611 9730
f 4616 9728 4602
f 9403 9402 9755
f 4615 9438 9730
f 9377 4581 4593
f 9398 9397 9672
f 9662 9657 5582
f 9687 5421 5415
f 5416 5420 9743
f 5214 5209 5211
f 5177 5181 5191
f 4993 4999 5007
f 5007 9757 7827
f 9757 9756 7848
f 5006 8384 5007
f 5030 5018 5017
f 5047 5046 5053
f 9745 5042 5040
f 5069 5074 5076
f 5072 5071 5070
f 5076 5066 5062
f 5138 5143 5145
f 5131 5137 9767
f 5164 5163 5162
f 7958 7957 9762
f 7949 7948 5168
f 5168 5157 5155
f 5108 5111 5122
f 5110 5109 5114
f 7922 7921 9736
f 7927 7926 9736
f 8022 8021 9719
f 8020 8019 9719
f 9719 8027 8026
f 5121 8074 9691
f 5099 9719 5086
f 9763 8107 8106
f 9760 8108 8107
f 9760 5095 5094
f 8089 8088 9720
f 4952 4951 4961
f 4912 9692 9706
f 9765 9683 4892
f 4885 4891 9765
f 4869 4865 4863
f 4633 9723 9708
f 9709 9315 4657
f 4662 4651 9724
f 4655 4660 4662
f 4725 9726 9740
f 9751 9671 4777
f 8985 8984 9751
f 4800 4788 4790
f 4602 4607 4616
f 7149 7148 9687
f 5421 5417 5415
f 5420 7268 9743
f 7734 9754 9680
f 7827 4995 5007
f 7848 7847 9757
f 5053 5042 9745
f 5046 5051 5053
f 5041 5045 9745
f 5076 5064 5066
f 9767 9717 5145
f 5137 8012 9767
f 7944 7943 9762
f 5156 5160 5168
f 9736 5122 5119
f 9719 8025 8024
f 9719 8028 8027
f 8026 8025 9719
f 5086 5085 5099
f 8107 9763 9760
f 8106 8105 9763
f 9760 8136 8135
f 5092 5098 9760
f 4979 9747 9720
f 8469 8468 9748
f 4880 4879 9683
f 4891 8694 9765
f 4864 9694 9737
f 4660 4659 4662
f 4786 9729 9727
f 9730 9728 4616
f 4584 4583 4593
f 5415 9743 9687
f 9653 9713 5352
f 9681 9716 5191
f 5017 9758 9744
f 5051 5050 5053
f 5045 8260 9745
f 5063 9705 9746
f 5160 7950 5168
f 5122 5117 5119
f 8024 8023 9719
f 5099 5095 9760
f 5085 5090 5099
f 5098 8136 9760
f 9682 9656 4961
f 9724 9709 4662
f 4696 9697 9750
f 5207 9735 9734
f 5119 9691 9736
f 5090 5089 5099
f 8135 8134 9760
f 4657 4656 9709
f 4999 4996 5007
f 9760 9719 5099
f 9745 9690 5053
f 9769 9770 9634
f 9771 9769 9629
f 9772 9771 9635
f 9773 9772 9625
f 9774 9773 9637
f 9775 9774 9636
f 9776 9775 9638
f 9777 9776 9686
f 9778 9777 9630
f 9779 9778 9631
f 9780 9779 9639
f 9781 9780 9659
f 9782 9781 9752
f 9783 9782 9700
f 9784 9783 9701
f 9785 9784 9643
f 9786 9785 9702
f 9787 9786 9733
f 9788 9787 9732
f 9789 9788 9753
f 9790 9789 9687
f 9791 9790 9743
f 9792 9791 9713
f 9793 9792 9653
f 9794 9793 9688
f 9795 9794 9654
f 9796 9795 9669
f 9797 9796 9632
f 9798 9797 9655
f 9799 9798 9714
f 9800 9799 9689
f 9801 9800 9715
f 9802 9801 9703
f 9803 9802 9644
f 9804 9803 9670
f 9805 9804 9680
f 9806 9805 9754
f 9807 9806 9734
f 9808 9807 9735
f 9809 9808 9716
f 9810 9809 9681
f 9811 9810 9756
f 9812 9811 9757
f 9813 9812 9704
f 9814 9813 9744
f 9815 9814 9758
f 9816 9815 9690
f 9817 9816 9745
f 9818 9817 9759
f 9819 9818 9746
f 9820 9819 9705
f 9821 9820 9717
f 9822 9821 9767
f 9823 9822 9718
f 9824 9823 9762
f 9825 9824 9761
f 9826 9825 9736
f 9827 9826 9691
f 9828 9827 9719
f 9829 9828 9760
f 9830 9829 9763
f 9831 9830 9720
f 9832 9831 9747
f 9833 9832 9656
f 9834 9833 9682
f 9835 9834 9748
f 9836 9835 9721
f 9837 9836 9764
f 9838 9837 9706
f 9839 9838 9692
f 9840 9839 9683
f 9841 9840 9765
f 9842 9841 9749
f 9843 9842 9737
f 9844 9843 9694
f 9845 9844 9693
f 9846 9845 9684
f 9847 9846 9722
f 9848 9847 9707
f 9849 9848 9695
f 9850 9849 9708
f 9851 9850 9723
f 9852 9851 9709
f 9853 9852 9724
f 9854 9853 9768
f 9855 9854 9750
f 9856 9855 9697
f 9857 9856 9696
f 9858 9857 9660
f 9859 9858 9738
f 9860 9859 9725
f 9861 9860 9739
f 9862 9861 9740
f 9863 9862 9726
f 9864 9863 9671
f 9865 9864 9751
f 9866 9865 9766
f 9867 9866 9727
f 9868 9867 9729
f 9869 9868 9728
f 9870 9869 9730
f 9871 9870 9755
f 9872 9871 9672
f 9873 9872 9710
f 9874 9873 9673
f 9875 9874 9645
f 9876 9875 9640
f 9877 9876 9646
f 9878 9877 9711
f 9879 9878 9661
f 9880 9879 9741
f 9881 9880 9657
f 9882 9881 9662
f 9883 9882 9742
f 9884 9883 9674
f 9885 9884 9712
f 9886 9885 9663
f 9887 9886 9665
f 9888 9887 9664
f 9889 9888 9647
f 9890 9889 9731
f 9891 9890 9698
f 9892 9891 9648
f 9893 9892 9641
f 9894 9893 9675
f 9895 9894 9685
f 9896 9895 9676
f 9897 9896 9666
f 9898 9897 9649
f 9899 9898 9677
f 9900 9899 9667
f 9901 9900 9658
f 9902 9901 9678
f 9903 9902 9650
f 9904 9903 9651
f 9905 9904 9642
f 9906 9905 9633
f 9907 9906 9679
f 9908 9907 9668
f 9909 9908 9699
f 9910 9909 9652
f 9911 9910 9627
f 9912 9911 9626
f 9770 9912 9628
f 9628 9634 9770
f 9626 9628 9912
f 9627 9626 9911
f 9652 9627 9910
f 9699 9652 9909
f 9668 9699 9908
f 9679 9668 9907
f 9633 9679 9906
f 9642 9633 9905
f 9651 9642 9904
f 9650 9651 9903
f 9678 9650 9902
f 9658 9678 9901
f 9667 9658 9900
f 9677 9667 9899
f 9649 9677 9898
f 9666 9649 9897
f 9676 9666 9896
f 9685 9676 9895
f 9675 9685 9894
f 9641 9675 9893
f 9648 9641 9892
f 9698 9648 9891
f 9731 9698 9890
f 9647 9731 9889
f 9664 9647 9888
f 9665 9664 9887
f 9663 9665 9886
f 9712 9663 9885
f 9674 9712 9884
f 9742 9674 9883
f 9662 9742 9882
f 9657 9662 9881
f 9741 9657 9880
f 9661 9741 9879
f 9711 9661 9878
f 9646 9711 9877
f 9640 9646 9876
f 9645 9640 9875
f 9673 9645 9874
f 9710 9673 9873
f 9672 9710 9872
f 9755 9672 9871
f 9730 9755 9870
f 9728 9730 9869
f 9729 9728 9868
f 9727 9729 9867
f 9766 9727 9866
f 9751 9766 9865
f 9671 9751 9864
f 9726 9671 9863
f 9740 9726 9862
f 9739 9740 9861
f 9725 9739 9860
f 9738 9725 9859
f 9660 9738 9858
f 9696 9660 9857
f 9697 9696 9856
f 9750 9697 9855
f 9768 9750 9854
f 9724 9768 9853
f 9709 9724 9852
f 9723 9709 9851
f 9708 9723 9850
f 9695 9708 9849
f 9707 9695 9848
f 9722 9707 9847
f 9684 9722 9846
f 9693 9684 9845
f 9694 9693 9844
f 9737 9694 9843
f 9749 9737 9842
f 9765 9749 9841
f 9683 9765 9840
f 9692 9683 9839
f 9706 9692 9838
f 9764 9706 9837
f 9721 9764 9836
f 9748 9721 9835
f 9682 9748 9834
f 9656 9682 9833
f 9747 9656 9832
f 9720 9747 9831
f 9763 9720 9830
f 9760 9763 9829
f 9719 9760 9828
f 9691 9719 9827
f 9736 9691 9826
f 9761 9736 9825
f 9762 9761 9824
f 9718 9762 9823
f 9767 9718 9822
f 9717 9767 9821
f 9705 9717 9820
f 9746 9705 9819
f 9759 9746 9818
f 9745 9759 9817
f 9690 9745 9816
f 9758 9690 9815
f 9744 9758 9814
f 9704 9744 9813
f 9757 9704 9812
f 9756 9757 9811
f 9681 9756 9810
f 9716 9681 9809
f 9735 9716 9808
f 9734 9735 9807
f 9754 9734 9806
f 9680 9754 9805
f 9670 9680 9804
f 9644 9670 9803
f 9703 9644 9802
f 9715 9703 9801
f 9689 9715 9800
f 9714 9689 9799
f 9655 9714 9798
f 9632 9655 9797
f 9669 9632 9796
f 9654 9669 9795
f 9688 9654 9794
f 9653 9688 9793
f 9713 9653 9792
f 9743 9713 9791
f 9687 9743 9790
f 9753 9687 9789
f 9732 9753 9788
f 9733 9732 9787
f 9702 9733 9786
f 9643 9702 9785
f 9701 9643 9784
f 9700 9701 9783
f 9752 9700 9782
f 9659 9752 9781
f 9639 9659 9780
f 9631 9639 9779
f 9630 9631 9778
f 9686 9630 9777
f 9638 9686 9776
f 9636 9638 9775
f 9637 9636 9774
f 9625 9637 9773
f 9635 9625 9772
f 9629 9635 9771
f 9634 9629 9769
f 9913 9905 9906
f 9913 9914 9904
f 9915 9911 9912
f 9915 9916 9910
f 9904 9905 9913
f 9914 9917 9903
f 9918 9902 9903
f 9918 9919 9901
f 9920 9835 9836
f 9920 9921 9834
f 9922 9923 9912
f 9910 9911 9915
f 9924 9909 9910
f 9924 9925 9908
f 9926 9907 9908
f 9926 9927 9906
f 9903 9904 9914
f 9901 9902 9918
f 9928 9897 9898
f 9928 9929 9896
f 9930 9842 9843
f 9930 9931 9841
f 9932 9933 9839
f 9933 9934 9838
f 9934 9935 9837
f 9935 9936 9836
f 9834 9835 9920
f 9921 9937 9833
f 9938 9939 9831
f 9939 9940 9830
f 9941 9794 9795
f 9942 9793 9794
f 9912 9923 9915
f 9908 9909 9924
f 9906 9907 9926
f 9903 9917 9918
f 9943 9900 9901
f 9943 9944 9899
f 9896 9897 9928
f 9929 9945 9895
f 9946 9892 9893
f 9946 9947 9891
f 9948 9847 9848
f 9948 9949 9846
f 9841 9842 9930
f 9931 9932 9840
f 9838 9839 9933
f 9836 9837 9935
f 9833 9834 9921
f 9937 9938 9832
f 9830 9831 9939
f 9940 9950 9829
f 9951 9795 9796
f 9794 9941 9942
f 9952 9792 9793
f 9952 9953 9791
f 9910 9916 9924
f 9906 9927 9913
f 9899 9900 9943
f 9944 9954 9898
f 9895 9896 9929
f 9945 9955 9894
f 9956 9893 9894
f 9891 9892 9946
f 9957 9879 9880
f 9957 9958 9878
f 9959 9877 9878
f 9959 9960 9876
f 9961 9858 9859
f 9961 9962 9857
f 9963 9855 9856
f 9963 9964 9854
f 9965 9849 9850
f 9965 9966 9848
f 9846 9847 9948
f 9949 9967 9845
f 9840 9841 9931
f 9837 9838 9934
f 9832 9833 9937
f 9829 9830 9940
f 9968 9969 9797
f 9969 9970 9796
f 9795 9951 9941
f 9791 9792 9952
f 9971 9779 9780
f 9971 9972 9778
f 9973 9777 9778
f 9973 9974 9776
f 9908 9925 9926
f 9898 9899 9944
f 9894 9895 9945
f 9893 9956 9946
f 9975 9888 9889
f 9975 9976 9887
f 9977 9978 9884
f 9978 9979 9883
f 9878 9879 9957
f 9876 9877 9959
f 9980 9875 9876
f 9980 9981 9874
f 9982 9872 9873
f 9982 9983 9871
f 9984 9859 9860
f 9857 9858 9961
f 9985 9856 9857
f 9854 9855 9963
f 9848 9849 9965
f 9845 9846 9949
f 9986 9844 9845
f 9986 9987 9843
f 9839 9840 9932
f 9831 9832 9938
f 9988 9989 9803
f 9989 9990 9802
f 9991 9801 9802
f 9991 9992 9800
f 9993 9799 9800
f 9993 9968 9798
f 9796 9797 9969
f 9793 9942 9952
f 9778 9779 9971
f 9776 9777 9973
f 9994 9995 9771
f 9995 9996 9769
f 9901 9919 9943
f 9894 9955 9956
f 9997 9890 9891
f 9997 9998 9889
f 9887 9888 9975
f 9976 9999 9886
f 9977 9885 9886
f 9883 9884 9978
f 10000 9882 9883
f 10000 10001 9881
f 9878 9958 9959
f 9874 9875 9980
f 10002 9873 9874
f 9871 9872 9982
f 10003 9863 9864
f 10003 10004 9862
f 10005 9861 9862
f 10005 10006 9860
f 9859 9984 9961
f 9856 9985 9963
f 9848 9966 9948
f 9843 9844 9986
f 9836 9936 9920
f 9950 10007 9828
f 9802 9803 9989
f 9800 9801 9991
f 9798 9799 9993
f 9796 9970 9951
f 9778 9972 9973
f 9974 10008 9775
f 10009 9774 9775
f 10009 10010 9773
f 9769 9771 9995
f 9996 9922 9770
f 9898 9954 9928
f 9889 9890 9997
f 9886 9887 9976
f 9884 9885 9977
f 9881 9882 10000
f 10001 10011 9880
f 9876 9960 9980
f 9873 10002 9982
f 10012 9866 9867
f 10012 10013 9865
f 10014 9864 9865
f 9862 9863 10003
f 9860 9861 10005
f 9857 9962 9985
f 10015 9853 9854
f 10015 10016 9852
f 10017 9851 9852
f 10017 10018 9850
f 9845 9967 9986
f 9828 9829 9950
f 10019 9820 9821
f 10019 10020 9819
f 10021 9805 9806
f 10021 9988 9804
f 9802 9990 9991
f 9797 9798 9968
f 10022 9786 9787
f 10022 10023 9785
f 10023 10024 9784
f 10024 10025 9783
f 10026 9782 9783
f 10026 10027 9781
f 9775 9776 9974
f 9773 9774 10009
f 10010 9994 9772
f 9770 9769 9996
f 9891 9947 9997
f 9886 9999 9977
f 9880 9881 10001
f 9874 9981 10002
f 10028 9870 9871
f 10029 9869 9870
f 10029 10030 9868
f 10030 10031 9867
f 9865 9866 10012
f 9864 10014 10003
f 9860 10006 9984
f 9852 9853 10015
f 9850 9851 10017
f 9843 9987 9930
f 10032 9827 9828
f 10032 10033 9826
f 10034 9821 9822
f 9819 9820 10019
f 10035 9818 9819
f 10035 10036 9817
f 10037 9814 9815
f 10037 10038 9813
f 10038 10039 9812
f 10039 10040 9811
f 10041 9809 9810
f 10041 10042 9808
f 10043 9807 9808
f 10043 10044 9806
f 9804 9805 10021
f 9800 9992 9993
f 10045 10046 9787
f 9785 9786 10022
f 9783 9784 10024
f 9781 9782 10026
f 9775 10008 10009
f 9771 9772 9994
f 9889 9998 9975
f 9880 10011 9957
f 9870 10028 10029
f 9867 9868 10030
f 9865 10013 10014
f 9854 9964 10015
f 9850 10018 9965
f 9826 9827 10032
f 10047 9825 9826
f 10048 9824 9825
f 10048 10049 9823
f 10049 10050 9822
f 9821 10034 10019
f 9817 9818 10035
f 10051 9816 9817
f 10051 10052 9815
f 9813 9814 10037
f 9811 9812 10039
f 9808 9809 10041
f 9806 9807 10043
f 9803 9804 9988
f 9953 10053 9790
f 9787 10046 10022
f 9783 10025 10026
f 10027 10054 9780
f 9772 9773 10010
f 9883 9979 10000
f 9868 9869 10029
f 9862 10004 10005
f 9828 10007 10032
f 9825 10047 10048
f 9822 9823 10049
f 9819 10020 10035
f 9815 9816 10051
f 9812 9813 10038
f 10040 10055 9810
f 9808 10042 10043
f 9790 9791 9953
f 10056 9789 9790
f 10056 10045 9788
f 9784 9785 10023
f 9780 10054 9971
f 9871 9983 10028
f 9852 10016 10017
f 9823 9824 10048
f 9817 10036 10051
f 9810 9811 10040
f 9806 10044 10021
f 9788 9789 10056
f 9780 9781 10027
f 9867 10031 10012
f 9822 10050 10034
f 9810 10055 10041
f 9787 9788 10045
f 9826 10033 10047
f 9790 10053 10056
f 9815 10052 10037
f 9912 9770 9922
f 536 9931 9930
f 1366 9930 9987
f 1334 9987 9986
f 1347 9986 9967
f 1673 9967 9949
f 2466 9949 9948
f 2453 9948 9966
f 3545 9966 9965
f 2804 9965 10018
f 1326 10018 10017
f 1663 10017 10016
f 1656 10016 10015
f 2438 10015 9964
f 1319 9964 9963
f 526 9963 9985
f 529 9985 9962
f 318 9962 9961
f 1642 9961 9984
f 1046 9984 10006
f 1296 10006 10005
f 517 10005 10004
f 201 10004 10003
f 1038 10003 10014
f 1028 10014 10013
f 1606 10013 10012
f 309 10012 10031
f 120 10031 10030
f 198 10030 10029
f 1986 10029 10028
f 1989 10028 9983
f 1979 9983 9982
f 3497 9982 10002
f 1588 10002 9981
f 1576 9981 9980
f 472 9980 9960
f 1262 9960 9959
f 2739 9959 9958
f 724 9958 9957
f 717 9957 10011
f 117 10011 10001
f 712 10001 10000
f 2330 10000 9979
f 977 9979 9978
f 185 9978 9977
f 188 9977 9999
f 280 9999 9976
f 182 9976 9975
f 179 9975 9998
f 948 9998 9997
f 428 9997 9947
f 51 9947 9946
f 112 9946 9956
f 405 9956 9955
f 261 9955 9945
f 67 9945 9929
f 61 9929 9928
f 64 9928 9954
f 35 9954 9944
f 42 9944 9943
f 374 9943 9919
f 1511 9919 9918
f 371 9918 9917
f 358 9917 9914
f 132 9914 9913
f 355 9913 9927
f 1494 9927 9926
f 583 9926 9925
f 568 9925 9924
f 346 9924 9916
f 557 9916 9915
f 72 9915 9923
f 1463 9923 9922
f 2703 9922 9996
f 3483 9996 9995
f 1454 9995 9994
f 1457 9994 10010
f 1853 10010 10009
f 2277 10009 10008
f 1846 10008 9974
f 3443 9974 9973
f 2669 9973 9972
f 1125 9972 9971
f 845 9971 10054
f 3803 10054 10027
f 3809 10027 10026
f 1833 10026 10025
f 215 10025 10024
f 222 10024 10023
f 1119 10023 10022
f 1443 10022 10046
f 1809 10046 10045
f 1114 10045 10056
f 4080 10056 10053
f 1800 10053 9953
f 2622 9953 9952
f 2616 9952 9942
f 3379 9942 9941
f 3365 9941 9951
f 2610 9951 9970
f 549 9970 9969
f 2220 9969 9968
f 2993 9968 9993
f 3337 9993 9992
f 3702 9992 9991
f 1426 9991 9990
f 2209 9990 9989
f 2212 9989 9988
f 2593 9988 10021
f 4008 10021 10044
f 1108 10044 10043
f 826 10043 10042
f 829 10042 10041
f 1407 10041 10055
f 2952 10055 10040
f 2561 10040 10039
f 3673 10039 10038
f 1772 10038 10037
f 1404 10037 10052
f 2913 10052 10051
f 2542 10051 10036
f 3653 10036 10035
f 3250 10035 10020
f 3247 10020 10019
f 3970 10019 10034
f 2539 10034 10050
f 3625 10050 10049
f 3620 10049 10048
f 3623 10048 10047
f 2536 10047 10033
f 823 10033 10032
f 3604 10032 10007
f 2167 10007 9950
f 2516 9950 9940
f 2162 9940 9939
f 818 9939 9938
f 1398 9938 9937
f 815 9937 9921
f 2150 9921 9920
f 1727 9920 9936
f 1088 9936 9935
f 810 9935 9934
f 208 9934 9933
f 2123 9933 9932
f 789 9932 9931
f 9931 536 789
f 9932 789 2123
f 9933 2123 208
f 9934 208 810
f 9935 810 1088
f 9936 1088 1727
f 9920 1727 2150
f 9921 2150 815
f 9937 815 1398
f 9938 1398 818
f 9939 818 2162
f 9940 2162 2516
f 9950 2516 2167
f 10007 2167 3604
f 10032 3604 823
f 10033 823 2536
f 10047 2536 3623
f 10048 3623 3620
f 10049 3620 3625
f 10050 3625 2539
f 10034 2539 3970
f 10019 3970 3247
f 10020 3247 3250
f 10035 3250 3653
f 10036 3653 2542
f 10051 2542 2913
f 10052 2913 1404
f 10037 1404 1772
f 10038 1772 3673
f 10039 3673 2561
f 10040 2561 2952
f 10055 2952 1407
f 10041 1407 829
f 10042 829 826
f 10043 826 1108
f 10044 1108 4008
f 10021 4008 2593
f 9988 2593 2212
f 9989 2212 2209
f 9990 2209 1426
f 9991 1426 3702
f 9992 3702 3337
f 9993 3337 2993
f 9968 2993 2220
f 9969 2220 549
f 9970 549 2610
f 9951 2610 3365
f 9941 3365 3379
f 9942 3379 2616
f 9952 2616 2622
f 9953 2622 1800
f 10053 1800 4080
f 10056 4080 1114
f 10045 1114 1809
f 10046 1809 1443
f 10022 1443 1119
f 10023 1119 222
f 10024 222 215
f 10025 215 1833
f 10026 1833 3809
f 10027 3809 3803
f 10054 3803 845
f 9971 845 1125
f 9972 1125 2669
f 9973 2669 3443
f 9974 3443 1846
f 10008 1846 2277
f 10009 2277 1853
f 10010 1853 1457
f 9994 1457 1454
f 9995 1454 3483
f 9996 3483 2703
f 9922 2703 1463
f 9923 1463 72
f 9915 72 557
f 9916 557 346
f 9924 346 568
f 9925 568 583
f 9926 583 1494
f 9927 1494 355
f 9913 355 132
f 9914 132 358
f 9917 358 371
f 9918 371 1511
f 9919 1511 374
f 9943 374 42
f 9944 42 35
f 9954 35 64
f 9928 64 61
f 9929 61 67
f 9945 67 261
f 9955 261 405
f 9956 405 112
f 9946 112 51
f 9947 51 428
f 9997 428 948
f 9998 948 179
f 9975 179 182
f 9976 182 280
f 9999 280 188
f 9977 188 185
f 9978 185 977
f 9979 977 2330
f 10000 2330 712
f 10001 712 117
f 10011 117 717
f 9957 717 724
f 9958 724 2739
f 9959 2739 1262
f 9960 1262 472
f 9980 472 1576
f 9981 1576 1588
f 10002 1588 3497
f 9982 3497 1979
f 9983 1979 1989
f 10028 1989 1986
f 10029 1986 198
f 10030 198 120
f 10031 120 309
f 10012 309 1606
f 10013 1606 1028
f 10014 1028 1038
f 10003 1038 201
f 10004 201 517
f 10005 517 1296
f 10006 1296 1046
f 9984 1046 1642
f 9961 1642 318
f 9962 318 529
f 9985 529 526
f 9963 526 1319
f 9964 1319 2438
f 10015 2438 1656
f 10016 1656 1663
f 10017 1663 1326
f 10018 1326 2804
f 9965 2804 3545
f 9966 3545 2453
f 9948 2453 2466
f 9949 2466 1673
f 9967 1673 1347
f 9986 1347 1334
f 9987 1334 1366
f 9930 1366 536

